tanggal,nama_media,tipe_sumber,tier_media,judul,kategori,sentimen,link,sumber_engine
03 January 2026,man1gunungkidul.sch.id,Media Massa / Pers,Tier 3 (Lokal/Independen),Guru Geografi MAN 1 Gunungkidul Jadi Narasumber Webinar Nasional Geografi Unesa,Akademik & Umum,Netral,https://news.google.com/rss/articles/CBMisAFBVV95cUxOWXNMem40RlNPY0JBejNUV1dIU0ZTS2lQQjZLRWdXRkJNNU95M1NRQlRBVlVaXzVURVY0T1JnQUpyS2UzQ3lOS3BNNkxHczVYTnpCSVFVZlRkYk9aQ1pIazY2VDRwM0dyYmZHZ0JpOHNEMlY2REdrdWxNMVlzQnpJWW5iS081ZVNSMXdNR3gwaDdHZXdQZnBUMVNXUGQ3R09pZTJ0cENWTkRVUFBjSEMxUg?oc=5,Google News RSS (10-Daily)
02 January 2026,kab-sidoarjo.kpu.go.id,Media Massa / Pers,Tier 3 (Lokal/Independen),KPU Sidoarjo melaksanakan kegiatan pelepasan mahasiswa magang dari Universitas Pembangunan Nasional (UPN) Veteran Jawa Timur dan Universitas Negeri Surabaya (UNESA),Kemahasiswaan,Netral,https://news.google.com/rss/articles/CBMirwJBVV95cUxNVExheTRkUU9LUDBLdWxqTWRMa2syQ0RFOENrZllvYUhUV3huMEIySS0wcmZIbjJacjJYbmZrWktIT1lIbHdtNm5OQ0I2OENpNUttemxkY2t4Z0lMQVU5V2RxQlNJdXZZQmFfVFRrRm5RS3huLTJLdFJZY3pDZUhZZnV0TDd5eFZ4am1tNDNUWUI1VnFMVW9sWjE1d2dQZnRpY04zTDlSY3F5SW1sU3pPV0haSkJLV0RHbVpXRlBmb3hQOEFoaEVKZTNVOE8yZHRPN1kzcjh4Y3hkOUZsNlkzeTlEN19UekJSQmJ6YTE0U2o4Y0Fyckg5dEllVFp0X0hHOGRFQXBqOHNta1FrWlhhV0ZFWW5TYk9OWVN6RGl4SHBDM0o0RVYtejdwNDVJLUE?oc=5,Google News RSS (10-Daily)
10 January 2026,"Kementerian Pendidikan Tinggi, Sains, dan Teknologi",Media Massa / Pers,Tier 3 (Lokal/Independen),"Sumbang 54 Medali SEA Games, Atlet dan Pelatih Unesa Terima Bonus dari Presiden Prabowo",Prestasi & Penghargaan,Positif,https://news.google.com/rss/articles/CBMiyAFBVV95cUxNbkRVV2loNHZDTHp3S1JJSjVKNUdyOC1PN3NhRjhEaGhSUm1xS0ZUNUpsb0tTSzZ2OElnbDhPMkxvenhsemZ1Rmt5QXhnMjVURkp6eGpWa3YzUzR1OGNnbkhYZ3h3UzF3WFRxTFJRS1BtMUlxWDkxRnFiNlJaM1MyQndVYTdPTDlndWZyeUV5Zi1EOW1JMzVmbzJPZlV5ai1zMzVweHZjbTNxQUR0UlhOOGNudVFuM0wyQnA0QXZ2bVRvR21tVXRrUQ?oc=5,Google News RSS (10-Daily)
03 January 2026,Kompasiana.com,Media Massa / Pers,Tier 1 (Nasional),Inovasi Mahasiswa Kimia Unesa Bersama P3GI dalam Menjaga Mutu Tebu Panen Terbakar,Riset & Inovasi,Positif,https://news.google.com/rss/articles/CBMijgJBVV95cUxQYm04dWsySzhyMDd3V3BWNUFBTUcwQXFsTXFjZnpGamhSRFZSOE1POWRWX0xUbmNTYWlLQjNFdFpydngxMlB3aTdQR1RvdnN2eG1PRGF6T29QOVhKMjRxYTVtWm8zNHB6UWZicUZ6eGtKcWJWRTZWSWpTWUFCM0N1SzRoQ3M0ZWk3VDB6Z1JDeTF1MEFYbW5Bc1BzekJQVmtIUU9aVG9yT19FRzRPVGI2eEtPTUFuaWRtOU8xS3ZWYmRBclVjSXZhR1E3TDB0Y0JlQU9QTUVHTkxhYkdmMHY5MGY2d2ZrV1JKRC1GVUlzVFBGSDNCSUZjQlFZV015SHdnZEozeVVmZURTYnAtR3c?oc=5,Google News RSS (10-Daily)
19 September 2026,Kompasiana.com,Media Massa / Pers,Tier 1 (Nasional),Teknik Elektro UNESA Kenalkan IoT kepada Pelajar Indonesia di Malaysia,Akademik & Umum,Netral,https://news.google.com/rss/articles/CBMi0AFBVV95cUxOQmdETjRrcDQzZVdReUNiOW5JeC1WWkpLQm9rRjhzSDlCLTlCMjhHWkFBelFiVEJta0FOT1JLUkd6RHBfVTNTT3Y5ZzR1STVDaTBORC1RLWVEMzgyclNuX0JWWXE5OWhZWWZmZUxzZmxLNk91XzBLU0pxckd1QS1rQnM4WkE3QkpUaDlhOFprR0hoVE9pcEZabUZwZTlUVC1VNzVQVUM4ZmljVHhCSVRrZm5QM3pzZXNuVjdyb3lCZl9NNExOdlNQdjZfZzJfMGJW?oc=5,Google News RSS (10-Daily)
18 September 2026,RRI.co.id,Media Massa / Pers,Tier 2 (Regional),"Daftar Lengkap Pemenang KKI 2026, ITS Surabaya Juara Umum",Prestasi & Penghargaan,Positif,https://news.google.com/rss/articles/CBMiowFBVV95cUxQR0gwWkhOV2c5YUpzQnN4MFhIYUV2VDFTQnpYenVrVU5OQ2g0RFFmeVlEc2lUX0NoOWxHbWhReWVsVjdUSndUeGwyOVNMb0diclJ0cHB3NzA1SmlNWDJQa1ZFVkdYQkE0a0FWYU1CcE5mZlMxT3JNVlF3TklHdjFyVW9oOVVZWFd3NWI3Z0ZpZXZFa3lHWHNwdHVxVFF4SW5qUDdv?oc=5,Google News RSS (10-Daily)
15 September 2026,PPID Kabupaten Jember,Media Massa / Pers,Tier 3 (Lokal/Independen),"Menunggu Giliran Wawancara Beasiswa Cinta Bergema Jember, Semangat Mahasiswa Tak Surut",Kemahasiswaan,Netral,https://news.google.com/rss/articles/CBMiygFBVV95cUxPazBxV09PbXVxcHVQSFpKSVJtUFVMMGVVXy1RNE44OENva1VwLVNENnJmZFQtd0xwOVBtMHVCNVd6cldUZi1GdXFwTVM4R3hoUVVNUzlnN184aVJoQXU5MTF1aHU2OW5XZ3hqTVVsdWF5TzdZV2dXVE9RU2Iyc19PdVJPajNYc1JkMWNKU1hBS3FITVU0OTYwckpuLXc5dDJoV0RuZThSUmRNYWVxdjlwckkwVlRJYXZSUzRtUUdfTUVhZEVHNjRQWHFn?oc=5,Google News RSS (10-Daily)
15 September 2026,Memorandum.co.id,Media Massa / Pers,Tier 2 (Regional),"Hapus Stereotip Standar Kecantikan, Sastra Inggris Unesa Gelar PKM di Pasuruan - memorandum.disway.id",Akademik & Umum,Netral,https://news.google.com/rss/articles/CBMiyAFBVV95cUxQTXBWRHpRTEtSc2tEdmlpZXVkUGJWZDRlSk0tRFdlNGdqdTZzYXZ2dUxGOS1Tc1hsSHBMZ3VneWFvVmc0Qmt2WDBKc0lVWHVYclJpbnN4UzZ2dHUtSVpEWVJGRTNoaTJOdVZHajlIMUxyak5kS1c2ekpYR25EZ2hXSC1td3pzaVlwWG12UUVHTnl0YmU2NENBd1E4YjYwMXpvTTQ4dmFfU2FHRnBaclBjbkxTdFdRNks1SXZOdDM1RWxNaXlyQm1TVNIBuAFBVV95cUxQa21kVXN1Y2xHV3poNnRBWVYxMGFhMFRleDdVcXdhc0F4VHRwalRZUlVuLUZjZHlCUnZ0cHdtSmlvV1B4MU5zQWdGcnNUUlhRMzRaZFZNVEVNdENIMkg2emZzZUFoaGxZU3hXLVJjNkdVbXhiQ1YwdzhEZGNQTllYcmoyZE1hc3dNZnVialpPRG03QnFuYjV1VW5yNjhsVF9uUFk4cl91X2pPRVNaMTFXR0NrYXNUX1Nm?oc=5,Google News RSS (10-Daily)
15 September 2026,"Kementerian Pendidikan Tinggi, Sains, dan Teknologi",Media Massa / Pers,Tier 3 (Lokal/Independen),"Pengumuman: 25 Perguruan Tinggi Lolos ke Pesparawi Mahasiswa Nasional 2026, Siap Tampil di Universitas Tarumanagara – Simbelmawa",Kemahasiswaan,Positif,https://news.google.com/rss/articles/CBMi9AFBVV95cUxQQU9xOXJ4U3RQRHN5SHdVUUpnejZNRERhV05nVjVhU0p1LTJOR1NYbjc4aWE1VGtZZ1h4YjdneC01WnFqeTQ3dVU3dG0yVlVMdm1iMldhLXd0MzBGVHNaeWlQMVVRMUV1M2hoRC1lbGJGbEwwNFdIUjh5UGZYNVhmWmY3OG9jekNHUWlVTDFGdTZFOFc5YkFfdlVpMGMyNC1hUVJ4OUlJOUxCd0thQ3Q0cGdZdmFyR0NDNXdjVEg0NnVtcHdwUnlGOElZZHZpMFJvQTl3UkVFRTR6TTgyTlVxOWF0OUgyQ2VSOWRMeWVHNDNBQWRQ?oc=5,Google News RSS (10-Daily)
19 September 2026,Kompasiana.com,Media Massa / Pers,Tier 1 (Nasional),LENSA#12 dan SIREC#4 Buka Peluang bagi Generasi Muda,Akademik & Umum,Netral,https://news.google.com/rss/articles/CBMixwFBVV95cUxOcFg5bUtuNmNEcEdVWXc5b1hpQkdLVWF3RFRYbV9SWld5OUEyVlF1Yzh4a3VGSFV3eXI4N3NiVUFoS3N3OWhwejk5SkdLYWFDZGZOSWlfN3owbmJhdWFJZTV5N3RyeURFNklSV3lyeUJjSjdNRnlmU29ycjI2TlNXMEt5d0xKejEtUUo4VWxJTDlVU1R5NlJrMlJoUVVfSFF3bzhfR2NDdF9sR3Q1QUprY2R0aGxhSkdGSWZRYUdJX185QXVPMTBZ?oc=5,Google News RSS (10-Daily)
16 September 2026,detikcom,Media Massa / Pers,Tier 1 (Nasional),50 Kampus Paling Berkelanjutan di Indonesia Versi UI GreenMetric 2026,Akademik & Umum,Netral,https://news.google.com/rss/articles/CBMivwFBVV95cUxNU0dVeDM0TGRqX1hmVTZpSjBpNmp1bFd3bVFtcjlRTWlYbnhtOXhiYlZ5RmxmWncwUWhlYjNqWnFfOHh3NmlLeEJQRHU1eU9maE1zd2ROMkV6dk1kaDB5aWF4ZVZKYmdIVzFqMGVhcHdySTlLMTdHNkNsRDBJREtlT0tKTmJOUi1wWHdmWU50UUFNdjgxQzVXc1RGMnhoMHlXS3Mwb21NQTJqa2pxckJXdFpNMTZySTdWaVRraU93a9IBxAFBVV95cUxNNXpPaVV6VTNaTUVYbXdZTzFfb0ptNVRUeDlwR0gzNENMRk9rcmNSeDV2WXg5RmFsWk9HVGNuMFJ0Y1h4bzZiUExHbE1MaEI0Wks5MTMzbWRnNmxhakJPVXhTQzlGSVpxSE1Ua2RzaWNWa0Vqbk9GMGphczRpOWFCUmJ3ejZqY1JVdWlQSDc0RmdCekhmcmhqeTJFcmROa3JuSkEwejZJTTg2bVJKVUc0OGRaSERpTFFlWHJRaVliODBvczZv?oc=5,Google News RSS (10-Daily)
18 September 2026,Surya.co.id,Media Massa / Pers,Tier 3 (Lokal/Independen),Puisi Sebagai Terapi Trauma untuk Kesehatan Mental Dibahas di AICoMS 2026 Surabaya,Akademik & Umum,Netral,https://news.google.com/rss/articles/CBMi0wFBVV95cUxNNWJWcFNySFpQSW1PdlBKTGk3bHpJQUEtUVhPX2lfanNSVDdra21fY0w4VDZVVjBWMFY5a1FTcFhDZTl3dWZtSEE2eFBOa2l2eDVrV1d3M3drcTFoanNPbUF5NTk0MzE3SFJBVlhKRmVYUF8tcHNoUjFvTGE1LV9fMFdzY1B3ajFxNEIxeUJEamdvaFFmdTBZVTlJcDhUMlRUcFgteDhGWC1aLTEwRGs3Q0lsQjVWWGdBckluTlVVdjh5QVRVMDZacS1reWpJdjRnZTI4?oc=5,Google News RSS (10-Daily)
17 September 2026,jatim.antaranews.com,Media Massa / Pers,Tier 1 (Nasional),"Acer dorong sekolah di Jatim terapkan ""coding"" dan AI",Akademik & Umum,Netral,https://news.google.com/rss/articles/CBMimwFBVV95cUxOWWo0WWZMN3dONHBkekpmbmd2Z2JibnRFU2s1cHh2VTdDZlA1N3ZZV24zQXVpRGMwX1NycldSd2U3UzdEeExEOEZVSnRiNFNyd0FpNjM1SmlkNk5NcEJpSkxYUlFEdVJBVXB1eDZueFF0ZmkyXzZTM0pFVnhjUmdGSGQxSTA4UXNXVWl6Wk5CR1FleXVDRmM5bklEc9IBoAFBVV95cUxOVzFFdGItU19MVjhxXzRNQ05taHAxWWoydXFmWlBVeXdnRHJVUWI0ZVo3RTdkbFliQV9zdXo0WnJZRW82SWF2dUNnNDlLNWttT2NGYk8xT1JUeWM5c2k3ZEd0Sm9Nc1JxQ0RWc3NCTVRKZUhhczlOMEZmUjg4dmNnanBfQjVGNlNTQ0JQbGpmd3NuV2hldjI5N0pxLTA4Tmdt?oc=5,Google News RSS (10-Daily)
14 September 2026,Kompas.com,Media Massa / Pers,Tier 1 (Nasional),"Profil Achmad Hidayat, Kader PDIP yang Dipecat usai Bertemu Jokowi, Pernah Nyaris Bakar Diri",Akademik & Umum,Netral,https://news.google.com/rss/articles/CBMi0AFBVV95cUxOTk56SHdIQTlHVTFxVlVnc1k0YkUybURNTWxKVU9YeGtxMWF4NzZqLWdNRVBnck5EMUR6S0ZXNUMwc3h5Mi03TlJsajA3YjJBaV9RZlI4XzZzNEgyZkVoR3pUdnprb084cXJhckZUQkk1TXZOY0pqTkZwUjdTTDJzTXllN0w1UzE1VGxZQktjaHFJekZfcmdQUzh4UFR1TVVkbWdDRGRIUzIwQVRCbk15aEVtUlJqS0F0MG03RzZ1WkY3Z0JBcWpYRTdjLWM1OGw5?oc=5,Google News RSS (10-Daily)
15 September 2026,Kompas.id,Media Massa / Pers,Tier 1 (Nasional),"ArtSubs 2026 dalam Batas, Ambang, dan Seberang Surabaya",Akademik & Umum,Netral,https://news.google.com/rss/articles/CBMioAFBVV95cUxPdFVBUmlvN25BeHdNRW5Ed3QwVzJlcmRWdk5HS2ZYYi15My13a0JYdkNXR05tSnNwVGxYWVlCSnozeHktdTFPMXYyWlZoSmUwZFVfbTFsMHR0b2JDVFlad0ZvNVJoRllseHk2eDZuN3VkUzdfUjh4NzFrZkk3akdjQVJ0UjI4dzBFLXBJZU5zU2h3WjBjdG5SajJZeElLcHBG?oc=5,Google News RSS (10-Daily)
13 September 2026,Mojok.co,Media Massa / Pers,Tier 3 (Lokal/Independen),"Jangan Cuma Tergiur Nama Besar, Ini Pilihan Daftar Kampus dan Tips Memilih Tempat Kuliah Jurusan AI",Akademik & Umum,Netral,https://news.google.com/rss/articles/CBMib0FVX3lxTE5JQXFzUlgySzBrX3lJUFJDTEF6bFEwTUVyY2Q3QkJYWDhxRm50ZHltNUdkaVdBMlN2c19xTjFVWTdMUVREdXdZN2hLd25NRmEtd2NpOTUteThqN3A5c1BTWnFGVU5vbC1ZeFVqLUZxQdIBdEFVX3lxTFBLZmtlaWRadmszVGdrWnRXOTFiOFFTVm1NTXZmeExuQmN0RTBoQnlEak5fbnJOcExkT3RhR3JRLUlBSWwyQ1RnLVA5Xy15emIxWXJiRFpaQW9sTDdFSTE5bUlYSkV6QWtId3RiT2N6MThfc2N4?oc=5,Google News RSS (10-Daily)
19 September 2026,iNews.ID,Media Massa / Pers,Tier 1 (Nasional),"Tak Sekadar Website, Gadisku Buka Jalan Penyandang Disabilitas Tembus Dunia Kerja",Akademik & Umum,Netral,https://news.google.com/rss/articles/CBMiugFBVV95cUxQOUMxZVh6RVl2SnNhYVU2WVIyc1FsTnlXY2Yxcy1VRURCMTE3ekVjWmV5Qkx0OG9jcEpDSC16VWZXOG9ZcnpDRXRYdDNQUDV3bUdjV1hxdzhoc0RXYTQxUkd5eVlOLWx0cUdlTXJIeWd3eE1iaWx6V0RCdmhyZEU5RExoTXpCNmI5dklsSkc2Z3JUbGNncFJRR3c2cUZzVlB5cHdLbFFWZDg5aDBfMHF0VmN5ZlA2aEo4SnfSAbgBQVVfeXFMT2J5QW5jODRkdFFhdzBULUp4a2ZNZUdrWEVZbVVfUlVSbTVtd2xQUkNVOGtCa0luNmloVy01ZEV4SGlPMjlGRVF5RUVGLU55aGFPQjFRaHAwZFFIVWVPS05yTnRVWnRyNVFKOVQ3RWNlN3B3ZWN2eVBldkpjUTBrenBDUXdTamR3bmVra01ldlNWRUZXQi1jXy1seV9Xd1pSWnY2VmFPd0RUYVg2UnhkZ0ZzSE0wUlZLVQ?oc=5,Google News RSS (10-Daily)
17 September 2026,RRI.co.id,Media Massa / Pers,Tier 2 (Regional),"Ciptakan Pembelajaran Berkualitas, Acer Indonesia Perkuat Kapasitas Pendidik",Riset & Inovasi,Positif,https://news.google.com/rss/articles/CBMitgFBVV95cUxPd2c3THBXanU5M0Y4Vldia3BfS1JpTFJtaFB0M0JvYmE1QlZGU0d0WElNVlA3TmhUeUJnMzBTMXFFdXFUSUFoT0F1ZmNaMXNUZkZBMDJMWWQzUkZGZ1RMTEQ0Y1RYWER2V21sTzVjRmRRQklmRVJ2cEd3dG9DakxuSW8tMzFQc2NUczRQdllQLUNWMVpmOTdmdXJiZ2U4NVdGZFUtdEhsbkRfUjBNWmxZNXVTalBsZw?oc=5,Google News RSS (10-Daily)
18 September 2026,Tempo.co,Media Massa / Pers,Tier 1 (Nasional),Ketika Satwa Liar Tak Punya Suara,Akademik & Umum,Netral,https://news.google.com/rss/articles/CBMif0FVX3lxTFBOVFpaYl9tVFBzT3Awa21zVHdnMi01VzNybFhUSW9iRnNQcVlrWUJsQ2M1bmVLYl9jQkNvV243MEFEZzRrYVZYZzY1WlZGeFUtQ0ZmVWxWWmhKZm9NUHRpZWlrNlNqdi1uM2V2QjNCb3NOdVROUG5lczM0UE9UUHc?oc=5,Google News RSS (10-Daily)
19 September 2026,RRI.co.id,Media Massa / Pers,Tier 2 (Regional),Prajurit Kodam XII/Tanjungpura Raih Perunggu di Kejurnas Taekwondo,Prestasi & Penghargaan,Positif,https://news.google.com/rss/articles/CBMirgFBVV95cUxOclFnWkFHOEk3YzFMc2ZtNEtUZXRHMWhPZ0JBNHg2NF9pRHc4ZVhLenRnejhOLWx2ck9GUVI4ZVc4NGhsMmhhM1ZfVzg0TEV2cHczRGNYaUJSNTFLM0R3S0ZPRl9BRWNHOGU0azZqLUJhVFp4QWNENlV2M1RldUpsV1Y0T2x6bU1HRnJVbl8zWVpLS0g5VkJjWDhxNVZuRG81OHRpUzdXTEVEMW1jQUE?oc=5,Google News RSS (10-Daily)
13 September 2026,Kompas.com,Media Massa / Pers,Tier 1 (Nasional),"Kalender Jawa 14-20 September 2026: Cek Weton, Pasaran, dan Neptu Lengkap",Akademik & Umum,Netral,https://news.google.com/rss/articles/CBMiwgFBVV95cUxOS0hZRTh5NmQtZDUzMThXTDRZYWVfQ282aTkzSXZBcVprQUluREdQdmxZaHcxNlp0TVNUN1BMMXJBMl9WcWtZTWlGaUJTSmtGek5IQW1yUnlmT0MwU3FPTFRBZGJaVzBfWmNSNm8tTFhuRW1RS0FOVWx5THZtSmNlRU5XVWdaakNhb1RRc2JkbzJfQVkzMFhfR1I2S09XaG94T253R1ZFWU1qamVabWFWT2xfTHBGTzBubmdSNGFiM2pSZw?oc=5,Google News RSS (10-Daily)
19 September 2026,beritajatim.com,Media Massa / Pers,Tier 2 (Regional),Acer Edu Tech 2026 Surabaya Dorong Sekolah Terapkan Coding dan AI,Akademik & Umum,Netral,https://news.google.com/rss/articles/CBMikwFBVV95cUxOTFo3anBkQ2lydzF0M1JlS2trN1lZMDFXMFpueUJ4MkY4eWRUcC1zZXVNUmw5bGVLcnlpc25iWEZpYW9vNzBzVDd4ZU91X3JpZHJiSzlhdTdBUnV0ZFhRZ0dydkhUWVRuYjBkeng5LW1QakwxZlFTT1ZhQ0V0NkdhQVFhZG9SVEVfUW9WVnh0dVNBZ0k?oc=5,Google News RSS (10-Daily)
18 September 2026,RRI.co.id,Media Massa / Pers,Tier 2 (Regional),Campus League Badminton Bandung Melahirkan Juara menuju The Nationals,Prestasi & Penghargaan,Positif,https://news.google.com/rss/articles/CBMisAFBVV95cUxNVVJmajVjUmtfRDUwQ0tKWVhfcWVKTFZPYl93MGJTZWd5XzVvZjZVZFpPSGpTZnRjRWt6ZEhhZ0FSelZDbG9OSXEtVXFFbUE0WFQ5MkNHMkpEbFdsUjV1cEptOG80S1d4NUFUZWRjVWR2bFliZ3BIcjlKMXQ0ZlN4ZjdvSXE0eXlKWHl2M3FfdFBSczcyTnNhdlgybUdiU1lZaElza3BLbDA1Z1VBTEExQQ?oc=5,Google News RSS (10-Daily)
15 September 2026,RRI.co.id,Media Massa / Pers,Tier 2 (Regional),"Dari Kelas menuju Layar Interaktif: Kisah Guru SD Ciptakan ""Ruang Bermain""",Riset & Inovasi,Positif,https://news.google.com/rss/articles/CBMisAFBVV95cUxNdGx2bHpOYlk2bWNNdVBzM2hRYU1hcmVMRHNkR1VYWXBtQUJaMnV2eFpkaVh3N1ZDc1lJdjRPZENhRW8tVzRsVWFaaEFoNUJRR2J2NS1OclhuYzZRYzdiQ1dycEpjNHljYUtadzRrdjRiQTVLMC1kQ21nQ3dJaFBFZ3ZrT1JFN24td1ctNktlaGh1VDNISkl6RFdLMnREMWNJLThnQUtNSnNBMnY3QXUzTw?oc=5,Google News RSS (10-Daily)
15 September 2026,HARIAN DISWAY,Media Massa / Pers,Tier 3 (Lokal/Independen),"Diskusi Publik Jadi Pemanasan ARTSUBS 2026: Seniman Perlu Berpameran, Berjejaring, dan Terus Berkarya - harian.disway.id",Akademik & Umum,Netral,https://news.google.com/rss/articles/CBMi0AFBVV95cUxONjBScGp0VWN6eW1LUm1SNFAwcGl4OWVJM3BUc2JfZFZnTzB0RS1FZndQanRzMWltdjJVbWM2V1BFTHU0bi1NbE81YXEzTXVTRW5RVTJYWHRnV2NzcUFoTzhkX3psOTdTZHh1bE8tcmVSQkRDVmhkTVh0NFpSMmlWWERldGtWTjVQajdDbmhLc2ZhQTZHNHJUd25TU3Z4RUZLRXhqdGYtZi1qZ2tZTlBOOHI0Q1FYRk1NQVFWWkFBNE1OdFpOcXpKcHktN1hiMi1J0gHPAUFVX3lxTE96OXZCSnlOR2hQYXozSF9zaVZieHpTcjNFSEdCSkd4M3MzamR4LXQ3R2xrTkJTaDFLUktma1JkaEZIekZ4UEQ5NWlKNGJMRXRGeVJGRVFnTTlhR0RsUXp0T1ZmUmVYZEVvZHB3bU82SDFLR2Z2cTlGNnl3Y095UmJHZ2lsUFJQVzJLQTVTTVQ0Yk5tNkJEOGd4MmN1bVprallGNTFkZWNjQWh5QzZMZ21vdGJ3S0tzbTNvSG40cWhYVjlmN05KTUxoMnFBYldGVQ?oc=5,Google News RSS (10-Daily)
15 September 2026,detikcom,Media Massa / Pers,Tier 1 (Nasional),"25 Kampus Negeri yang Berstatus PTN-BH dan Akreditasinya, Terbaru Unud",Akademik & Umum,Netral,https://news.google.com/rss/articles/CBMivwFBVV95cUxObmpaUzUyMGhKckZfNFI0Qm5DNTg1NGVPZzhxZEtVRFBqQ1l3YUtqaVlId1JfTzliSDNMOUNrWjhIbElWWlNpOVk5aTFydGU2R01RM05BNkFPT2ExNU5WejNHb3J1X2tqNDVTc0ROU3VzemVjeVhySjdOV29SRHN6eGVSNE1nWFVXU19xc2t2cGd2cVUzLTBBN21FemhvRU1uLXpTNWFfRU1WUWlnU08yYUF6Z0NIdEtvbHVJZzNqZ9IBxAFBVV95cUxORTJPaFZqMzFkLUNhX3ZDeHhPU3RXMHphUTJpRHNzVnBNY19rNkZCMURmTkJObTE3Sy1WRXJnLWluU0VIMzBsdjU2TUxBRHE5aXNTMzVudy1uSnV6OF9NWVlKRTAxU25xWXlfaWlwOXlOUnU5cFZwX0tlY3RXNWpwQ2oxUWxGbjAwRjdLV0lndVhQTjhZTWZYUWtMdWliYWpXWGpZSldsZjlrTUFGWDdGU0xHS2JlSlprN29ydDhNVU5GRkdU?oc=5,Google News RSS (10-Daily)
18 September 2026,Kompas.com,Media Massa / Pers,Tier 1 (Nasional),6 Aktivitas Fisik Sederhana Agar Tubuh Tetap Bergerak di Tengah Kesibukan,Akademik & Umum,Netral,https://news.google.com/rss/articles/CBMixAFBVV95cUxPMXpzeUJ0RFh3VkE4UlpsQ0pYdUszV0dmVTJUWW1NaU5HV25McElMYktNMERlTjV5S3c5NlJqbXFRWngzSlRwT200VHJZM2NYbFBmMkZkZF9iSlF0VHQxdDVBbV9hd0w2bGJoN3F6SThKNjFsbnhsa1JObkc3VHFXbTF4SV9PMGM1Y1A0UDhjM0tfbndjb1dNcFVQM1lEWGZza3BfUnJYa0F3bUZtSUxVQ0p6VWM2ekFHUFZONkpaRVVYNGY5?oc=5,Google News RSS (10-Daily)
14 September 2026,Mojok.co,Media Massa / Pers,Tier 3 (Lokal/Independen),Habiskan uangmu di Jogja karena kalau mau cari uang dan hidup mending pindah ke Malang atau Surabaya,Akademik & Umum,Netral,https://news.google.com/rss/articles/CBMiiwFBVV95cUxQcVZrdFdNaGR5R1d2eWxoejJrMGpsRzhGYTZ4bnpvcGUxY3hWM0Y0Zkl2N1pBRTFtcXlTVHFGdjZhYncxREdBYlFOdHVac3hWM0piMzJaMTZxZU1sb0JlMVAxazlzMVJmaU4yeUswbWJ6V3JoZnJuLTY1ZnEzRjQ5czhRMnFHMTNhckU00gGQAUFVX3lxTE0wVGFnU1lKU25yd3VqZG9UMFdERFlDTlN6bXRJaGlXVVZlS1dZR011NXo5dzVXczFmZTB0by12OWxfRnpOTVhsOC1kX1gwSWxPOURPMFZXU0lpeDN4RklKTVp4bkQwX29XNXRJRzVOTGFGTXBDSm5CczN3TzhLTWRUR3FXY1ZGVkJKZ2dIT3drWQ?oc=5,Google News RSS (10-Daily)
14 September 2026,Tirto.id,Media Massa / Pers,Tier 3 (Lokal/Independen),Siapa Achmad Hidayat yang Dipecat PDIP Usai Sowan Jokowi?,Akademik & Umum,Netral,https://news.google.com/rss/articles/CBMijAFBVV95cUxQVTAtUDNUeC1pTU5IT2w3SExON2hKdjhRbzZiOHluTFVfby1Xd0tPbGMyUFJEZ2EtX0FvRGpiSnRvUG4wa3ZFSEhsZnFKZHNSX0lGSHhaNUJUT2xBTmJFc1NjR1g5b2NLaFFGeW5rTi1DMEtRZ2Z2TURKUl9jWEtFdnZ1cDZsRlpxb1VlaA?oc=5,Google News RSS (10-Daily)
19 September 2026,Memorandum.co.id,Media Massa / Pers,Tier 2 (Regional),"Open Tournament Taekwondo Piala Panglima TNI 2026 Resmi Dibuka, Cetak Atlet Berprestasi - memorandum.disway.id",Akademik & Umum,Netral,https://news.google.com/rss/articles/CBMi0gFBVV95cUxPOHljOXNWbTJkOHpaX2RjYUZ1S0pfVmtwLXBzblpGdllWUHpoTm00MG5UM1AxWkVITTJhQk96VFF1MzNjUVFwM1ZyVTZidC1ZZnNGSWI2T3pfOG9pNDM3c1BIYVB6bEhIMkVIb1ZCN3lfdFlxNUhKR3huSVItamRHeGh3YlgtOU5pOEhUTl9JcDVhamR2QTk2RWFGYUJkYnliT1lOa0p0cnRTQ1pOaFJCd3FGZnEwN0NXRUNISjJ0QzRzcmFyenVSQkJPa1l0ZkFWa2fSAcQBQVVfeXFMTzNfUmJHcWQxaVNFcTdvRFlkQWN1YTRuaUJwWEJUR0xIclNjOHdmRDY5S20xaGpoTjM2VGRSUWtzTHZURmxkY0RhdW85ajlQZ3gwZjNXMjgyb1VBbVA4T04weVhNWDFBS1d4MTRqRkM4akJTeE1tYjhQYkFnV3VmZ2pfandjcUJ6cktTV0VtSWp5RFhYVlV3Z255c01mMEpvbVAtS0UzSWJxcHpZdEo5T1N0U0RqQzhJYWQxWkNYRDZoQ09KOQ?oc=5,Google News RSS (10-Daily)
19 September 2026,HARIAN DISWAY,Media Massa / Pers,Tier 3 (Lokal/Independen),"Belajar dari The Mentor, Buku tentang Keteladanan SBY: Menjadi Pemimpin yang Sadar Nilai - harian.disway.id",Riset & Inovasi,Positif,https://news.google.com/rss/articles/CBMiwAFBVV95cUxQcldXcmtrY3NjOXdjVi1Xa1pVWFc2Zy1fdVZWaU5mNFdmZTNNQldoaHg0VjZDUXU4dHRZbGhaRVdWbWI0YWtvaFpYMXRFNk5QeFE0Q3lHSU0tcV9FbmkwN240U1h1VXlReEJkMlphR2liOW1wWG0tV3I0a2VtMEcwUEVsa2dOQUhaNmJCN1duLUh6NEdGNlhOVGJPSm1PWXRERmJVcmdha2RmeFNoRXpfd285ZXQ0NDNwQTZDbDhqTmXSAb8BQVVfeXFMTlV6RHRnbHA3NUljSXFobG5zX3docUVUMVlZT29UX29LXzB4azBSMWNrRk5oWThrTjVaZDU2b0lnWnVZTmV0S09xc0tpTFNLeXZfM0RmWndoQjBTak5pb1hVTmRHa0JWdDY3a2ZaMjJWM2NVTkpPYmVpb3c1MkNpX3YybjJXQU5HWXlJMWhYQWRDd1RNZlVyRXpBUHlvUFpTTm03Q2hmekN3V2t5ZFRfWHRUcGVfNlBhWnhfem4ySzQ?oc=5,Google News RSS (10-Daily)
15 September 2026,Memorandum.co.id,Media Massa / Pers,Tier 2 (Regional),Ketua DPRD Jatim: Pencopotan Purbaya Dapat Perbaiki Hubungan Keuangan Pusat-Daerah - memorandum.disway.id,Akademik & Umum,Netral,https://news.google.com/rss/articles/CBMixwFBVV95cUxPaWdGVWUwQnV6T0Z0aGNjUFpzdzJidzNVSGNKSVFvTjFRdnkxc3ZPbGdFcXNndjVhOTNXT3BmbWFqclAtZkdMZ213NWRwRXVxYWkzZXZFNEg0dVlLLS1pR05HMW1CcGVaRmg0cmZuamxySUtuRGUwb3k5YTJJd2tTaG5QeGN5T0tRWU9nalVLbUhta041TkJpS1hJQ3BqYVdLUUJTVURwdV9CeHctZG5lOXEwZURfa2I5OVlNems3VHI2cHNOMDFB0gG-AUFVX3lxTFBrTndCSjU3d1p0eXpjRTJtV1BPZDBHR3gzSHg4c094cjNBMVpnbUxCZjVuQk4yc05lcXE4Qll4cjdnM3YwRTE5anFjaUhJUERvZ1pGVGxCbVJhOTlIT2dKNG5GNXNzX29aUEMzWkpVazZUTTZ1RTdCTDdOcU9wWHU5MFpEZVVrTlF3RHVUcmtLY0ZEUDdCUEJubW9peGx1NDV2S3lBN3ZsVG5Kc3FmOHV0eTN5WURteU5BRTIwZmc?oc=5,Google News RSS (10-Daily)
14 September 2026,Memorandum.co.id,Media Massa / Pers,Tier 2 (Regional),"Purbaya Dicopot, Ekonom Unesa Soroti Sinyal Positif Pasar - memorandum.disway.id",Akademik & Umum,Positif,https://news.google.com/rss/articles/CBMiqAFBVV95cUxOT0RfX3paWEdyRy1mV1gwUlZUV1cyRTJTREFnWHA4TXlYLTE3NFhDUVllZ2RzUW9XbXJuaVVtZERveTlkb3ZiN2l5eUFCLTFIcGVISnhwa0RmMWVDQUZlSmxKTXpOS203YTc2d3FabUYtR3p3LVBaRE8wZXhlWFdISU9jSHJ0a1B4R2ZCdFA2YzV3WXo5VThCNXZHaGJZZExhZ1QydkQ1WljSAZwBQVVfeXFMUF96ZU15NFhPMUtILWxwRU5CTU52WmlNa0g5NHRXSEZXZVN6TG5hWXZ2dEhydGR3WGROcUMxdVJ4VHRPTGRub0pUNFJFWkR1bHhUU2ZhdGNJS1A2Mi1ic2Q4SmtqQVF4Wmkwd3llTHVWZXVlWXQ3aFk1MFNPd2pUME5faTc0a1FZTkNEU0RxVDZlM1gwbFhWbEZyTmFa?oc=5,Google News RSS (10-Daily)
16 September 2026,VIVA Bogor,Media Massa / Pers,Tier 1 (Nasional),"Acer Edu Tech 2026, Dorong Transformasi Sekolah melalui Implementasi Coding dan AI Menuju Pembelajaran Berkualitas",Akademik & Umum,Netral,https://news.google.com/rss/articles/CBMi9wFBVV95cUxNNkJBX2lyLWE4TUVTSEtzRDk1cEx3QlNZdl9sajI3R0xDdDJqb3JyMGhNX3JsYl9kNFl4YmpnaHRseGYyLWdDRjlnVUlJT3REOS1rS1JYWUR4TjFuYXlFZnlaTm9fMUtpek5MQUZncnhucXJHSXFmaC13a3Fkbkc0ODVpV21yQzFnRk9nc254NWtyYWNTX3luZUc4TzFLWnVVbWRRaVRFSkdXal9hX2U0cFE5djRlVGlxLXNhLXV0RFIyUUVoWklaQ2NtNFBiQ3FjNDdmVFRwalJWX01OdnUwVEFuLTZ4T29DV3dJcGdTVnNKU2xBNGJJ0gH8AUFVX3lxTFAwUnpWS2pNbFRfLUdIQkFNbHJOaFo0TFQ1M1Q3OWdTazBCME1sT1B0eWNwbDJ1VVN5Mno1X1NvYnVWQWxQaDktblJwSkUyZTZWZTFmcjU1MVpaOVlmcWRiM2hBTGtid01XU2pOTGFFaXJqaVBGY3JNaFA2N1dPNGI2SEVWN003TUg2alFlbUxxUlBwTGhGWFVKMnZLOXlUdHdxNWNKOXBQSXFCSml1SFpXXzVFcmhsSnhyWWRmaVNFOXpHdmw5cWpld2xYOUNaamlKVTJwbXNaclFKcm9taXJuQXNRT0szeWFlMUk5TjROWkZxeUhDRXFEZTJFRg?oc=5,Google News RSS (10-Daily)
17 September 2026,Media Indonesia,Media Massa / Pers,Tier 3 (Lokal/Independen),Dorong Transformasi Sekolah melalui Implementasi Coding dan AI,Akademik & Umum,Netral,https://news.google.com/rss/articles/CBMiqgFBVV95cUxPdXhVVGxLaFRrdWFldnRIcUF4X3J2Xy1oZmZPNzMtZkI0NU1INDNmeTVzb3pvaUlsMlVHaGVQcGNNRHZ5MnpMaWh2OG0xSUtFMUhkOHF4WFg4VjBQZGJFT2lxTDdtU21hRWhSSHgxVjdCRlhDVE5DWkZ5bkJCSGZvak1rUTR5bFhLOW95dVdXYlRsTmFhdUNlWWh5UkpYekQ5U1RoeXZKcEdYQQ?oc=5,Google News RSS (10-Daily)
15 September 2026,HARIAN DISWAY,Media Massa / Pers,Tier 3 (Lokal/Independen),Macklemore Dipecat dari Tur Ed Sheeran Gara-Gara Serukan Free Palestine - harian.disway.id,Akademik & Umum,Netral,https://news.google.com/rss/articles/CBMisAFBVV95cUxPQjhRTjZUaFJDalBSWmNrUm9CdnJUcnV5YnJOUHgybkRaSV9adjd1QzNNel81Ym0zUzRZenFfdFJOU1BWaThIM0JwT1k3b01ERXdabVdlaFNQNXlILUJiNThxOEYyNXotWUJWbUJaVUwzUlBWY3JZZ0s2bXp1XzgwTktLVEZ5RkdFUHRjazRjaGttd2pOSUtFNVNVdmpsdkl1VUcyTXRreEpRclRtM0tmNtIBqwFBVV95cUxON0xWTGRGNndTM1A4cThzOEE3NEtkdkE1ZlBHWXBlbGJLV3pSZ0toaGd1Q0ZLbDdzMV9udTdQN1J4bl9xUUp4Yi1Ddm9xOU1ucjNpMEFSSHdWYWJsdHJCSFpJWmlYQ1JrYjdUVlN0VXRtcjhrVGZiWHFLWUFKQmxmQUhGclpfejRQUTJsN1UzNzkxUWFjMEJuN3FWbVZ3VTZXQXNtRzhEM29rM28?oc=5,Google News RSS (10-Daily)
16 September 2026,HARIAN DISWAY,Media Massa / Pers,Tier 3 (Lokal/Independen),"6 Ciri Gula Darah Tinggi, Sering Haus hingga Bolak-balik ke Toilet Malam Hari - harian.disway.id",Akademik & Umum,Netral,https://news.google.com/rss/articles/CBMiswFBVV95cUxQUUxMUW56Q0hTd0NiRUdBQmYyUzMyREJKbFI5M1VLcjM1aUI2T080dExVaXNBOC1XSW9XNFdJcllTSjc3QXZmT0RTOHRiUVI3dTBYdFlRR2phbXRIb2Qtb3JvcHJYMnNEa0NrV3JXbHRhOTMwZDZTMmVOTnRYbkxxSWtGQTVWSVJmeVlnVU5SMnR1emI2U2lISmk2bUhJYnZyWjgxeGJJWUZXVVJvQnBRWmI2ONIBsgFBVV95cUxQSnhseHZndmtjNVlVckpmdG14amJHaTlLTWllb283czlvRGpIcHNtZUNFWDBBSDFidlFBcEw4ZngzVDB1S2hBYzV3MFZacXB4QkF6blBvQ2JnTS05NWpzbGxwRVB3SXZnUzNidDducnRHRWswa1QxVDZsaWxwNEpxeDd1a1QyQk55RVFONDM3NWVqM0Z6al9VRU5FSTZSZjVOUU0zc01BLTY4Vk9YMjVhMmFB?oc=5,Google News RSS (10-Daily)
19 September 2026,RRI.co.id,Media Massa / Pers,Tier 2 (Regional),"Tepung Singkong untuk Padamkan Api, Fakta atau Mitos?",Akademik & Umum,Netral,https://news.google.com/rss/articles/CBMingFBVV95cUxPQ2NyVGZWREwyNlpydVdiSzU3NFYyUkVHOW9LblhFWHN6R1IwMjZnSjhFNGRiR0FtX0ZCOHhkd21YUWEwa0ozZ1JRdTJUSURWcWFjN3h0eDdSQW9NeDBzWml3OGhLYlI5Rm1XX1JyTlhwalZNSk1pVUNGVnBZYUZmWmMtNUNONkF1b3FsRUJ6OVhlaE5yWkZ6TkFGRDhMZw?oc=5,Google News RSS (10-Daily)
16 September 2026,HARIAN DISWAY,Media Massa / Pers,Tier 3 (Lokal/Independen),"Perbedaan Vertigo dan Pusing Biasa, Jangan Remehkan Gejalanya! - harian.disway.id",Akademik & Umum,Netral,https://news.google.com/rss/articles/CBMingFBVV95cUxPT1RzT2ZmbTZSNXVJb2I4ai05bWVEVm81SVhrRzZlOFdIQTVwYWMwZDhCZ2wwMEw1aHVZaF9tWk5IUGhUcTRoREttdzhtdzRPelFwcXJKR2VuN29pb0padHhXYkNtRkM5aUxCVVhGXzFVaHRSdE9ubTNVLXlHTGs0UGpmSkRYQlRRQUZtQ2Y0NXMzNlhyUlRsYlBrMk11Z9IBnAFBVV95cUxPZGIybkJQUHRLeldQWWQ2MDZGWmJsUFhTOFJuaFpXZHAzNWZzVDQ2SGl4dXNNNUxicHdUSV9QSGtCMzBsS1dheWdEenVhZWVMME1YQTRrVWRBdlVaeUU5TEtYeXdDVUpnSURXN09fZzBkZmpSNEZwcFR6U29EOE5BdGRqNlRkWkw4aVFnSFJkMEtoUGVhLTFFZzBVSC0?oc=5,Google News RSS (10-Daily)
16 September 2026,HARIAN DISWAY,Media Massa / Pers,Tier 3 (Lokal/Independen),Bahaya! Infeksi Gigi Berlubang Bisa Menjalar ke Jantung dan Otak - harian.disway.id,Pikiran Pakar,Netral,https://news.google.com/rss/articles/CBMiogFBVV95cUxOWUU3YzNLVmQtLS1HZTkyX0RzRlk5NGxKNEZsb2M0LWxpZjFERHNVREZjbWw5VXFQTXgxeFl4NlQzMmhGRzltVURmd3cxUkVrV0NQX1dkSTY0bUtBSnU0bWFWSEhPNFFzbUNKaU9yYWtWUmlIZ3NPZ3VVRlVMdGZJMjAwSHN3eEJvRnVKTDJKOG5oYkVVNng1RHFKRlBZT1RxanfSAaABQVVfeXFMTXJQY1FJZzk4TkRPNlV5OVk4NVdZbzA0WXpsb0pucmduLTdPSDFPUzhLNEtqRXRsZEM3WDlWVllaOXRCQWprcW82QlpYQnhxNEpySUxvQV9LQWQ1M1pDYXJSMXNlbWFFalZWbjV3WDhaNnZiQ0R3R3R3QVVuQXlydnJaNWp0c29DazNReWNBblNfMXRlLTJ0YUI2TUJybVF1dw?oc=5,Google News RSS (10-Daily)
14 September 2026,IDN Times,Media Massa / Pers,Tier 3 (Lokal/Independen),"JKT48 Siap Gelar Konser Anniversary ke-15 di Surabaya, Catat Jadwalnya",Akademik & Umum,Netral,https://news.google.com/rss/articles/CBMiugFBVV95cUxPaWg3RUlTSEs4eFRnZ1NQWmdGZlZKSnljRnpJY2liYmZjYzZsSnQtbURscTBXS2ZTSGNXVXFiMjNPZy01bldMenlPa3Rob1AzbW1ja3JVYk1Da1pLTmxTLWVqckk1YzB0Si1EVGFuMnpaSUJFUXczOVMxYjJnc1ZGQm1pRk5EcFFMdnNZcDRIQ0t6SmFyQTVXbERiSnlJV09rOHZUcl83NHFicUZWZk1hNDR4U3VyaTBaMUHSAb8BQVVfeXFMT1hWdHdWbkk5Q09wQXlhSXZWbTh3MndpN3JQZTVYeDZqQk1GaGxGUHplX0dMaXRySkhfMjc3cENtcC1TZDNNNERuNTVicU5oQjduVDNRZ1A4LVdMV0NfbGhMSW1MTzVlczlRbHU1SFNST1VlM2QydXEtVlpQdE9wSG9qS1pPVDRMZ1dLdlBubjl0SGdqTV9XM1RxWjBwWTkzVXpTT0wzUWlzVEtDVmVQMV9IeG1FOHpRMGtkSVhnMEE?oc=5,Google News RSS (10-Daily)
12 September 2026,"Kementerian Pendidikan Tinggi, Sains, dan Teknologi",Media Massa / Pers,Tier 3 (Lokal/Independen),Berita Universitas Negeri Surabaya,Akademik & Umum,Netral,https://news.google.com/rss/articles/CBMijgFBVV95cUxQazBuV2VrM0c1NDltYXlXa1BXNHpMWk5VY0VnaFQwOXlQUnkwRVpmN0pHY01TUFdMVmZWQWNIWHNYREZlck9Dd1VUSGRhRkUyZmIzUEw3OHljN0d1TElCLU80UmtJRzE1S2ZHNUc2a1c3STEtR3hGQU85R0dWZ0U1bEkyR0hSTDY4b2FkUHZ3?oc=5,Google News RSS (10-Daily)
01 September 2026,Universitas Islam Makassar,Portal Kampus / Akademik,Tier Kampus Mitra,Universitas Negeri Surabaya Arsip,Akademik & Umum,Netral,https://news.google.com/rss/articles/CBMia0FVX3lxTE4wSGMwcGdGWUt3Vk5TYVFSaUg2YUdzc2U2V20tMVdiSW1hY3A4V3Q0LTlIMmRVRUV6RkRENmV1cEd4SEwzb1FrOGM0Y0ZSZjVmY3JpRXRHcVBTNmVxcVpybUhFcHpVWEdBOVZ3?oc=5,Google News RSS (10-Daily)
03 September 2026,SMK PGRI 2 SIDOARJO,Media Massa / Pers,Tier 3 (Lokal/Independen),JUARA II POSTER DI UNIVERSITAS NEGERI SURABAYA,Prestasi & Penghargaan,Positif,https://news.google.com/rss/articles/CBMibEFVX3lxTFBYM2xoNkRDcHNoRUMtcERxWUZZSEdXWGlXZFhRRV9UX3RvaHdndnB1bjg1M0luOE5VZHEtMXpxX3FuYUttNHJVbGpUejlBV2NCX3ZHMkphNUFtdm5kM1NETDk4Q0VYU3UzcmViMw?oc=5,Google News RSS (10-Daily)
19 September 2026,iNews.ID,Media Massa / Pers,Tier 1 (Nasional),"Juarai Campus League Badminton Regional Bandung, Binus University Siap Berlaga di The Nationals",Akademik & Umum,Netral,https://news.google.com/rss/articles/CBMi0AFBVV95cUxPOXNCaThxcHluenVJdFJRU2dERzhCNkhQRmZwUVVNMHptcTQwYnpSd0M1eE5OMklqQ1o1NGZRMzBOQ25nX3cyOFhCQU5sblZVcmRUUVE2cTdFczdWWmZGaWtXV1Jxc2hENXlvUXlJcFpUcWVyYVRUT2ExRmsxTzFyd2NqbVFfRmxZVHFxbUIyNU1odmJrbUpGT0RrX0IxakwxMkNiUHpxeWNTT3BIdlNKaUJzekFNWU52TVJNYjZqZXV6R0NFVXE3UHEyY1pCbnJi?oc=5,Google News RSS (10-Daily)
12 September 2026,Chess-Results,Media Massa / Pers,Tier 3 (Lokal/Independen),UNESA CHESS TOURNAMENT 2026 KATEGORI U 25,Akademik & Umum,Netral,https://news.google.com/rss/articles/CBMiW0FVX3lxTFAxby1UX0Q3RzZXZldFbUVzVDZKRkZvNW83cUN3bXNDaXUwdDRUVGtjcFpJSjJwSElSN0ZLazVQOFQybTVEbjFyMVlpMnF1OHVjNE95MkFyLVZRaGc?oc=5,Google News RSS (10-Daily)
17 May 2026,Apple Maps,Media Massa / Pers,Tier 3 (Lokal/Independen),"Universitas Negeri Surabaya - Program Studi S1 Sains Aktuaria in Surabaya, East Java Indonesia",Akademik & Umum,Netral,https://news.google.com/rss/articles/CBMib0FVX3lxTE1pbUxpOTJMbjN5QmVuTURtT0pvejUtVWFNSVd5SWN1Q1hQRlJCTWJ2Y1NKM2d1cEt4RTFkMjY0eENSVFE4cmdLdDhYdkUxTVlIanpoM0lSZ2I1eXpEZHNieWxxOWdrMHJ3U1lRMkdGYw?oc=5,Google News RSS (10-Daily)
02 May 2026,PPKn UMS,Media Massa / Pers,Tier 3 (Lokal/Independen),"Kaprodi PPKn UMS Menjadi Narasumber Utama Kuliah Umum di Universitas Negeri Surabaya, Pertegas Kualitas Pendidik Berstandar Global – Pendidikan Pancasila dan Kewarganegaraan",Akademik & Umum,Netral,https://news.google.com/rss/articles/CBMi6AFBVV95cUxPS1MwVjY3TExMSXNjZjRqYTFJZldiai1SRGxzYjVGNGROcDRUUHdBdGF3dm5GbERfYlBNVm5nN3VrODRFMjRpQ19jVi1kVE53ekN4UnBQVlk2ZXJOdWt6ZVZuX1d1a1FZZ3pQdGdmV2pQUG52MVg0OUF5eVgyX2NtZGp0aVA5VV9KTGFKeHAzRFZmS2ZnSTlTZDh4amVWdHlEMHBYeUtWLWc3MVprUzFBQVFsQUJxRk4tcEt2RTJiVy1BZHJTcW1zbU0td2lKek4xazJWcDBTM1F5cUx6cVFtVUZCOC1YdWlQ?oc=5,Google News RSS (10-Daily)
23 July 2026,SMPN 24 Surabaya,Media Massa / Pers,Tier 2 (Regional),SMP Negeri 24 Surabaya Sambut Mahasiswa PPL 2 PPG Prajab Universitas Negeri Surabaya (UNESA),Kemahasiswaan,Netral,https://news.google.com/rss/articles/CBMi1AFBVV95cUxQMmhuOExPRmJXcHJnSl9Ed1N2THIxMHdkdXBSWU8wRGRWbl9rZzZ3VzQ1cml4QlVZVWtDLV9iaE83RGVhN2w3X093YmV1cFJpaXR5OWJjMEEyQXgwQk9nOUhUeklLZVRabUlWQ2lvdVZfclRpZmY3SnBoVjMwWDhQTldHMnAxaU9QclZFR0YxakpuN2dfVkJqTXdtWm5WczFoR1FxYnBtRHh4WXpwZlZJVmxqUDBQb2l3RHJnUXBOOXJxZFp4VHBqZFJOZURRNW9mWExNZQ?oc=5,Google News RSS (10-Daily)
15 March 2026,Apple Maps,Media Massa / Pers,Tier 3 (Lokal/Independen),Universitas Negeri Surabaya - Kampus Ketintang in Surabaya East Java Indonesia,Akademik & Umum,Netral,https://news.google.com/rss/articles/CBMiZkFVX3lxTFBrOHVTWmlvejdkVUxFenF3ekFuOERvZjh4T1RFZVdUSWRIZHhDbExCQWtLUEhxd3puN1BjeDZkd2RJSEJlNlppcm5JdmRVSG9vMDdzbWZac05UbTFFX2oxcDg2aVN0UQ?oc=5,Google News RSS (10-Daily)
10 April 2026,"Kementerian Pendidikan Tinggi, Sains, dan Teknologi",Media Massa / Pers,Tier 3 (Lokal/Independen),Tentang PDDikti,Akademik & Umum,Netral,https://news.google.com/rss/articles/CBMiwAFBVV95cUxPTFRjM1hjZGh2M01IOGtxVmtVZUlfanBSVjBUa0o1RlVWU2hMRmV4MnJBMGRzejVUTF9kblNYVFYyUklET1Vubi0tcGtKVUIyc19uamFTSldjNVJqbHZSamtFc2NIZ0IyZUZSQUZYei0wa0Ntdjl5a090VXpPcWw1VnJjclQ4ZnFtSHRQU1B3ejdWZWxVWmtFelk5ZjVoTlA1eHMzZ0pnenl6eGdXUVVsVnljRktkdGFPRzdOZmlyX2c?oc=5,Google News RSS (10-Daily)
01 April 2026,kew.stekom.ac.id,Portal Kampus / Akademik,Tier Kampus Mitra,Biaya Kuliah Kelas Karyawan Universitas Negeri Surabaya 2026,Akademik & Umum,Netral,https://news.google.com/rss/articles/CBMijgFBVV95cUxOYXR0VWdCZ1IxWTMySVhkVHlTaEpsNF9JS2kzWDJFMzlXTWZtS3JrNHREWmNPZnJzVDZEcExIZ3dFb0U3dG1PS2lTRFc3M3RWSjYzd05aNmZwZm0tczlSLUdxdUZwMVQ2TVV3cTFrd0FtS0hwcVVRZS1rd2RnZ2hWeFRLMTU2eENRZlowRmFR?oc=5,Google News RSS (10-Daily)
31 July 2026,"Kementerian Pendidikan Tinggi, Sains, dan Teknologi",Media Massa / Pers,Tier 3 (Lokal/Independen),"Ini dia maskot Universitas Negeri Surabaya (Unesa), Si Prio, akronim dari Progresif, Responsif, Inovatif, dan Optimis.",Akademik & Umum,Netral,https://news.google.com/rss/articles/CBMi_gFBVV95cUxOQkJ6YmlCV0E0WkhkTmxLeUYxdzNhTmEwaTNVRTJHMU52eVRBZEpKSWdDcU5fSFYwVXRJNnBrT1lpV3Z5eWRIclk3Y2dzbUMwN2hlbGxGamRpVlVRQVhmYTRWY2lhUXVlcjFSZzBJWUx2NU9sYjQtUWpVUDJsQmhVRmRXVmRlVDltMm5aSmozWU0tOVpkdk1VbG0wakRmTlk4czhWcEJRM05KdVRxVGd2WjJ2Q0g0V3hyckRHQ1g5dXdOdjNSc2ZuVmpVQlhPVTdQRG5UTW9VaU9mYW9kYVlHTzJCWW1BQWVHQWRQUV9LR3RVZHlFcUx5QUJzdHVhQQ?oc=5,Google News RSS (10-Daily)
25 March 2026,Universitas Sains dan Teknologi Komputer,Portal Kampus / Akademik,Tier Kampus Mitra,Beasiswa Kuliah Universitas Negeri Surabaya 2026 / 2027,Akademik & Umum,Netral,https://news.google.com/rss/articles/CBMihgFBVV95cUxPa2c5WUZjNlNKak5mN0JHbDU3SkJKalBjNVhtSjJYcDdpdnlxdGtIdzVCMVROWE5NQ293QnkweURJcVpHRkNURFlCVmQ2cnZUNWVkNGdwWXVzWVFnWnBtRndqMWdZM01Xeld5WnZTRnZWeWcxcko5ZmVDR21zLVhvOHBveVNZZw?oc=5,Google News RSS (10-Daily)
09 February 2026,smk pgri 1 jombang,Media Massa / Pers,Tier 3 (Lokal/Independen),Penerimaan Mahasiswa PLP dari Universitas Negeri Surabaya,Kemahasiswaan,Netral,https://news.google.com/rss/articles/CBMiogFBVV95cUxNa0NBb2J4bW5lbUNRZlpQYmdISGFlMkJLdHVVZVpGdkRGNlBJSWJBNlFlemttSWN5VzE1dFQ4SkliMk9lT1dkVHhuUjVBRGh5dDlrUFVjV2ozRk5qeWtORGY4RmZaRnVrWFhibXJoMXpNU0dmb2NfdGZMbzhNeTJFcGxzNWNnNmVmUjdyOUoweVBxYnpDSjNYZkE1STVXT0hDZ2c?oc=5,Google News RSS (10-Daily)
17 June 2026,Brain Academy,Media Massa / Pers,Tier 3 (Lokal/Independen),Informasi dan Profil Universitas Negeri Surabaya (UNESA),Akademik & Umum,Netral,https://news.google.com/rss/articles/CBMidkFVX3lxTE9VZWRtMDVuZUpLUnlLWFBhQkVKc1oxa21UbE90YTlJM0hveXFVMXNvVDNJZHV4TXM1eExsWDZxUWhveVV1MUxfYWRIQ2gyWl9nd1lvTVRCbTg0ZXBNVXctT1pRdkstaUlZN2ozYUY5N1dsajZINXc?oc=5,Google News RSS (10-Daily)
17 June 2026,Yuk Belajar,Media Massa / Pers,Tier 3 (Lokal/Independen),10 Universitas Termurah Di Surabaya Bagus Berkualitas,Akademik & Umum,Netral,https://news.google.com/rss/articles/CBMiigFBVV95cUxNZ1Z2ZDhSY0ZQWGdNbm82eXVYdExDc09jTDlZVUlxcGRkRUNhLUMwUkNnRWRrdnhZQVFQcFVjSk4yclpIMmo2ZllRU1lpeFhOaGp0M3N6cHgzSVVBcUo1UFlVaHZwZFV1anJURnlGTDVHTWx2ZHBlcGtxX1d3S3UzUV9FWFVsZ285MWc?oc=5,Google News RSS (10-Daily)
18 May 2026,Mahkamah Konstitusi,Media Massa / Pers,Tier 3 (Lokal/Independen),Mahasiswa Universitas Negeri Surabaya Pelajari Visi dan Misi MK,Kemahasiswaan,Netral,https://news.google.com/rss/articles/CBMinAFBVV95cUxOZWlXWmw5TUIyZVJwVGhaVWw1XzROU01YejR1SjdGOHg1YVphX0VOeHlhWTg4MG4yN1d1QjZka3lWcWotdjN5X1BRWDRiYWVnOF82eTItREFXc1NlZDdxUFo2NV9GcjF3VVRPS1YyMl8wd0NaY2UzZ1BfWjgxczVlQm1wN0ZYeGxZWXlHWV9GTFhPWGZhNmx0WExPaVA?oc=5,Google News RSS (10-Daily)
29 January 2026,amnsurabaya.id,Media Massa / Pers,Tier 2 (Regional),UNIVERSITAS NEGERI SURABAYA,Akademik & Umum,Netral,https://news.google.com/rss/articles/CBMiSkFVX3lxTFBBeGx3dWJTYUNjM2d5WjBpSGtYSGhhelNPVUNBWThmR3NDWUFlOW9fakNNV3had0RoVXFneTNPQ203SGNSdVRJWTR3?oc=5,Google News RSS (10-Daily)
13 June 2026,Threads,Media Massa / Pers,Tier 3 (Lokal/Independen),"loker guru,dosen,staff (@loker_guru_dosen) on Threads",Akademik & Umum,Netral,https://news.google.com/rss/articles/CBMi0wFBVV95cUxQU0hzWmwxcmh2Ml8wVzlUbUZhcldHT2VrSXFKLUJGSzFJR0h3a1VJUEk5TG9rcV9FZlg0Y2x4ZU1RUXRickhGd2RHeVF3MUJ0bUlKZmxTcWo0TklBMm5kVHdtMGhvaWhqZ3AtZzUxVkhaOTBrSV9aRTh5R1V5OXhLZnZsc1F4R2dZc21JaHB0dmNlZHRZVjZ4NUZhQlFvZlZodzJLLV9vQ1hJems5VVdHS2d1NXRLdUZvM0VLWkNUNmFrQThmTjcydWpGaWhrakt6b2dB?oc=5,Google News RSS (10-Daily)
19 June 2026,Universitas Gadjah Mada,Portal Kampus / Akademik,Tier Kampus Mitra,[Lowongan Kerja] Tenaga Kependidikan Waktu Tertentu – Universitas Negeri Surabaya,Akademik & Umum,Netral,https://news.google.com/rss/articles/CBMiyAFBVV95cUxOSFk3dm9Qd2F1RVZSLVVlc2I3T3lhLU1VOF9EcHBVNWZCUXdheEwxXzZ3cGtDdXpXY1JwYTlTTUpGdm9LdTctclFORlV0NU9udUwtT3hOMzNHY044NzE4dnpLbVNoZWFuSEVYSjFrckVVMlpUQ0tzOXJLcnZpa1Bva3RlREotOTlQVVpRblNmSi1yX3doek4zSHo3ckxrSVFZNEJGcXJTZkFxaVFjdkd2SWpkcVhQYWlwZnVCRm9BMFVqTXdneUxMZQ?oc=5,Google News RSS (10-Daily)
20 July 2026,Kompas.id,Media Massa / Pers,Tier 1 (Nasional),26 Anggota Sivitas Akademika Universitas Negeri Surabaya Jadi Korban Kejahatan Seksual 6 Mahasiswa,Isu Hukum & PPKS,Negatif,https://news.google.com/rss/articles/CBMivAFBVV95cUxNaTMwbkVJaU9aYWtDSWpXRnp4eVNQQmExdms1cW95SUtNZ1k2MHJjcG1JN0Y1RnhIVXJ2dkNJYUNMOTlvLUlabFJQS0puTDYyeUFUUFVrUDNvR3pWOEkxMEI5RU1IbDEyU3FrWTJMNHJUdW5vcUt6QV9UYkNWVGRVRzAzdXEwVWpRWlc1Y1ZuanR1RnloZWJjUU1mZ3R1RU5laUg4X1dhMGl3NlhxdzBzV1RXY0tCWDFaVXZJdw?oc=5,Google News RSS (10-Daily)
01 April 2026,kew.stekom.ac.id,Portal Kampus / Akademik,Tier Kampus Mitra,Kuliah Kelas Karyawan Universitas Negeri Surabaya 2026,Akademik & Umum,Netral,https://news.google.com/rss/articles/CBMihgFBVV95cUxQU2k5dzk4T0lMQ0FlN2w5bllFeW9ObmZZRWVtMWlaNWJGMWVhdktqTEZPdkg3bkFKa0VoVlRjdFBXemJNRUNDWDR1TjBPOHhXM21OQ1Z1NzB0eEYySjJOQnlmV21PZVB4T1ZrZlhnNlFuemdxdnJUZnZQUWMtcnBTZjJKSEFyQQ?oc=5,Google News RSS (10-Daily)
11 February 2026,SMK Negeri 1 Cerme Gresik,Media Massa / Pers,Tier 3 (Lokal/Independen),"Penerimaan, Mahasiswa PPL, PPG dari Universitas Negeri Surabaya dan Universitas Muhammadiyah Gresik",Kemahasiswaan,Netral,https://news.google.com/rss/articles/CBMiygFBVV95cUxOVmxUdDkxRjFNU0pXTmZ0LU9Ma0ljV3U2OXI1ZF8yU1U1LVVnR3hMMERXMGQ2RFdIdDNrTUVVSE5vVHFJbmV1YW9VdTJqNVduYW52REZMQXB3X1ZjWllHcHdYN3VOT2NRSEJyX1NCam1mdzhub1lhdzZXODRTRTVHYWJGZ3Njc2V2TWY2UURyRjFGdndRT2hHaFN6dlpWM3RoVmlqa0FsVnBaemlVdjBfNUZPMVUyWkRTVzZEZmo3XzFWWXhLdXlvLXVR?oc=5,Google News RSS (10-Daily)
22 June 2026,Universitas Bangka Belitung,Portal Kampus / Akademik,Tier Kampus Mitra,Pertemuan Forum Dekan AFKNI 2026 di Universitas Negeri Surabaya,Akademik & Umum,Netral,https://news.google.com/rss/articles/CBMiYkFVX3lxTE5uakRUWlVjTExaYkIyWVFsUVJObVRfWklCdFZKUGtEUnJmOWRIelU2S1djeVlqcFI1QXRsal93a1ktQzZXNVF1X0FLRmlJMHZLNFM1TEJlRHBxUEpZQXFRVW5n?oc=5,Google News RSS (10-Daily)
24 April 2026,uigreenmetric.com,Media Massa / Pers,Tier 3 (Lokal/Independen),Universitas Negeri Surabaya,Akademik & Umum,Netral,https://news.google.com/rss/articles/CBMiXEFVX3lxTE5teldqQUFqeHdBaEtpdW5VQ2pMUXcwdDQ4SlEtR0YxR2N1N2dUQWZPdHl3eFdEbXBnbGpUdDNZRUtDc1RsQ2hxX3kyYXZOWHlSaGRkTkdrZDZ5RE9S?oc=5,Google News RSS (10-Daily)
12 September 2026,abetterresolution.ca,Media Massa / Pers,Tier 3 (Lokal/Independen),Universitas negeri jawa timur🏆 Universitas Negeri Surabaya atau UNESA menjadi penutup dari,Akademik & Umum,Netral,https://news.google.com/rss/articles/CBMia0FVX3lxTE5hWl9Sd1ZWVEN1cjdiZWY0OHZKN0drdkJSNHVvVkh3ak03aENLSDdWTWxtSFd4QjhvQUpNdGNUS19Vc2dPYW9aRWFLVmxyWm1iWnl5N1l2OTVRWmtpMXFGcGNpb3FLc0czNEtB?oc=5,Google News RSS (10-Daily)
08 August 2026,WordPress.com,Media Massa / Pers,Tier 3 (Lokal/Independen),Islamic Community of Economic – Unit Kegiatan Mahasiswa Fakultas Ekonomi Universitas Negeri Surabaya,Kemahasiswaan,Netral,https://news.google.com/rss/articles/CBMiSkFVX3lxTE1QTWd4R2pPMnpFWGZUSFNObGUyVUY0ZEJ1X0lCRWJWbGN2dDR6TjRKckVPbFBpMEhQWUZtQkc5R3NWWHhvbEp0S2pn?oc=5,Google News RSS (10-Daily)
01 April 2026,kew.stekom.ac.id,Portal Kampus / Akademik,Tier Kampus Mitra,Kuliah Online Universitas Negeri Surabaya 2026,Akademik & Umum,Netral,https://news.google.com/rss/articles/CBMie0FVX3lxTE9WRjhKdmlEdUUtRGVtMnZfMWY2NE5IUGdsQWVNRWJFTTRCTEpCQ2szQUw1dHB1a2RReXNXaktoVEpHdHdyckpHX0M0R0U4ZnpYQkQxQjRYcHNNQVlsODRfTnhxY2ZvSGlMNFZYbm1XZ05rN2xHSDlBUEVMMA?oc=5,Google News RSS (10-Daily)
01 April 2026,Kompas.id,Media Massa / Pers,Tier 1 (Nasional),Persaingan Ketat Menembus Kampus Negeri di Surabaya lewat SNBP,Akademik & Admisi,Netral,https://news.google.com/rss/articles/CBMilwFBVV95cUxQRkkyMkl1Y3dVRW5DLUZMZTVUMDFCbF9GeFZqY3pwUi1SY2RxYzdHbWlXWHRid2lzenBfU2NybG9FT0NEMS1KcWM2azJjVjRYM2hJbGhsWElKclZBU0RLdjM3Q19jMmJDbFkxOE5idjhmSUU4Q0h0YWVuN1FGVTVaUG0td25VaWxXdnBQUFBiZTJqeVJvWFRn?oc=5,Google News RSS (10-Daily)
20 February 2026,INOMATEC,Media Massa / Pers,Tier 3 (Lokal/Independen),Hubungan Antara Self-Compassion dengan Loneliness pada Mahasiswa Rantau di Universitas Negeri Surabaya,Kemahasiswaan,Netral,https://news.google.com/rss/articles/CBMickFVX3lxTFByZmhLZG5xcVNLbkVfa04xbXZWa0dSdWY0Z0NQTHdhLXZhMDh5dFVnR1ZGZk4wT0pLRzJIYUVQMXMzZEx0YU1iOW5VRFF1QllZMFpBejlySmtPZnBtU3VUSXlUZ3Y3UU5KenFnX09tME91QQ?oc=5,Google News RSS (10-Daily)
03 June 2026,Universitas Jember,Portal Kampus / Akademik,Tier Kampus Mitra,"Guna meningkatkan kualitas pembelajaran dan lulusan, Prodi Sarjana Keperawatan dan Pendidikan Profesi Ners Fakultas Kedokteran Universitas Negeri Surabaya (UNESA) Gelar Benchmarking ke FKep UNEJ | Fakultas Keperawatan",Akademik & Umum,Netral,https://news.google.com/rss/articles/CBMivAJBVV95cUxNY3dkb3BkMVhzODR5d3NrOFhXdHh1N0RBdEhqNE9XOUl2Nlo5RU83elF1TW9CRnpxWngzSVd5NjNRWGtIZ3dzcmZibDItT1lpcVoyTHlzSFVFbFZIamRJWHladkxJSHllRHloNW1SQkVRdmVWcnplMFNpZzh3YWdqbnRCamlqQkxSVGJjUVNkdzhJaWw3UDl2WWtOYWF4S2tuamNrSFdsUTVqcS11V2lEbm9SdTNzSUhzakRCUU1xVVZ2cnJxOW8wSjJOcUlWaExGVXEtX1REbURuckdhbUctZG1FeWx3ZDVObkk4OUoyaXYta05XbGQ4M0pVOEdBcGVhMWJrbmZaUG8yTHF3Nk5HaWlQaTg2amg3T0thbURWS3pwVlVfXzNvWVBLWE5sb1ZsYkJJMlNFa2dMR2VG?oc=5,Google News RSS (10-Daily)
29 January 2026,"Kementerian Pendidikan Tinggi, Sains, dan Teknologi",Media Massa / Pers,Tier 3 (Lokal/Independen),Biodata Dosen,Akademik & Umum,Netral,https://news.google.com/rss/articles/CBMiwAFBVV95cUxQdTdIaEdnWVRldWZDUmZ3bHhZamtVOGV3YkVwSGZRRFBBM2FtWUI4ZjFSUUQxM0JXdnVCMjY5eFdjN0RoSU83RVl1eWljeU9NRFBnd3hCZnlSYWxBSWZPWk4xOFZNTm5NcGZhcjFoa0g4ZEU0cENTbDhHZlpBQ21nWk1OazAwLVpfd0VuSTVGX3FEb25uZTQ2SS1aamYxTTU4T2l0OVFXY0szVk9jS1BYb3E0WnJQQWJSbmdDSjZmZ0Y?oc=5,Google News RSS (10-Daily)
25 February 2026,Fakultas Kedokteran Universitas Brawijaya,Portal Kampus / Akademik,Tier Kampus Mitra,Benchmarking Program Studi S1 Kebidanan Fakultas Kedokteran Universitas Negeri Surabaya ke Departemen Kebidanan FK Universitas Brawijaya,Akademik & Umum,Netral,https://news.google.com/rss/articles/CBMi7gFBVV95cUxQWGJUQk1mZ2drQjRVakJWOWxjZkFzQXRPYmRoaGRuTmdsY2M5QnY3aXhMTFUwcVpiRTF1dWJlTUwwX3JNMVo2bTZKYTF1NE9IQm53Ty1WRUdXSkl3NVBBV3pzYnJ0Y1lERmE3Z18wb2hkYWREbmViLXpMMlk4Y20yVTAxR1dnMVhJQmozdEZ0dkRvUjBuejRkeWNGUHpDWWdBakZDdy11R0Vra21VQUhuNXdqN2dyVGFzZUNhWEdlajBHTWR0eDRKX0RoamtHY3BTYU5DYTY5cks4dzRBak9sZVhkWDBrS19nT2l3NlZB?oc=5,Google News RSS (10-Daily)
07 May 2026,mescc.gov.tl,Media Massa / Pers,Tier 3 (Lokal/Independen),"Ministério do Ensino Superior, Ciência e Cultura",Akademik & Umum,Netral,https://news.google.com/rss/articles/CBMi4AFBVV95cUxPbEZ4dUdiZEV3QmFGRkpldHZYZXBNOEpyV3RoWEpXcXg4Sk12ZUFwcWYzRXZYUEMyYjRFX1llcGxZSjJFVEUyWU5kcEtYV1BFZDZjRmNnN1BkYzVkUi0xNlpvNnREdnlrSGYwdzRLOGRIcTc4b0NMbURVeW9wZ1A3RFBVdEs0THFfdWpib0xJY0hPRXB6b1gwZWlpd2pZWXRxb1V5RjdtSU15cGVQZ2tsTnR2TkM0ejNXREYzWTgzS1FzdFlfM055TkZxbnljdEUxMHVGQXRsLXVrZS1aSnhMVQ?oc=5,Google News RSS (10-Daily)
08 September 2026,"Kementerian Pendidikan Tinggi, Sains, dan Teknologi",Media Massa / Pers,Tier 3 (Lokal/Independen),REPOSITORY DETAIL,Akademik & Umum,Netral,https://news.google.com/rss/articles/CBMid0FVX3lxTE1kZWhzdWFEd2hFb2wwYlRTU1VjSnFJcV9UM0ZIZHc4WkVXUXZhNTliU1RlOXZWRndvdkpGemQzV1VLN1FxNkYwRmg4ODY2Sl9ZWFUxUWxNOXJuNUZFR3ZVVFRUY3hzaFQ1a0Q5b09tUmNDbVlKR2Fz?oc=5,Google News RSS (10-Daily)
20 August 2026,Kompas.com,Media Massa / Pers,Tier 1 (Nasional),"Disebut Desil 7 Mahasiswa Unesa Ini Nyaris Putus Kuliah, BPS Beri Penjelasan",Kemahasiswaan,Netral,https://news.google.com/rss/articles/CBMi1AFBVV95cUxQenZZVFZvQjdLN0lXRW9oNzVLRmg4NXJ5R2xnMHkxN0dsWTFiSWlPSnF6NmRPRmJJcHU4RHBISEJaNDVLWXJpUXlFRUlmMkRXUXd4YVBIU0ZSb2hTWEpmVmIydncyRmJiM3NNTk5NYXhBTFJhc2lUR1pDTzJicFFieWpuaXBneGozN3BLSUMxcVdKRDFqS2ZJNGFWd2RWd29nMXhCQUI5OFBmdWVTU2R2NFd2dlNITURLN2M0ZFlOUTBIMGJhbHFiamswb2h6UDZTcXNSTQ?oc=5,Google News RSS (10-Daily)
12 January 2026,Universitas Negeri Malang,Portal Kampus / Akademik,Tier Kampus Mitra,"Syarat Golden Ticket PTN 2026: Unair, ITS, UM, dan Unesa Buka Jalur Prestasi Tanpa Tes",Prestasi & Penghargaan,Positif,https://news.google.com/rss/articles/CBMiugFBVV95cUxNUF9FUVdGNnZrbHpGN3RWekhoaTBRZ2tuOXBNcmJBdzdNdWFmSjE1NVdhRGMzMThuVGgxOFBRWTFrcVZTRW5FY1VXX2xxR1hPbktnMUprV2pMWEVYWTdDOG5QdElYa2ZZeVJIdG5ld3FKc05WQjRJV2d5WTN2X21PVV9KQko3OUNVUTh1dzI1cDFWTHVLWGVxYnZTSC0yV3JNZ2RfLXRhOUUwYzBXY2dJNjRzNmdUemFpM3c?oc=5,Google News RSS (10-Daily)
23 February 2026,stiebulungantarakan.ac.id,Portal Kampus / Akademik,Tier Kampus Mitra,Posts Tagged: unesa,Akademik & Umum,Netral,https://news.google.com/rss/articles/CBMiVkFVX3lxTE5mdlI0UzB3VW4wcGZVU1pfeXZmTUlCWkRyNDh1UWZDcEZaRGUzSlhJTVlkQi1xeGxZNmQ2Sm1VSTdwak55T1d4c1VlNUc1V05MQkZZQzln?oc=5,Google News RSS (10-Daily)
18 January 2026,Kompas.com,Media Massa / Pers,Tier 1 (Nasional),"Pelajaran IPS Harusnya Diubah, Pakar Unesa Sebut Jangan Hanya Hafalan",Pikiran Pakar,Netral,https://news.google.com/rss/articles/CBMivgFBVV95cUxQQmF5RC16bmJveU5oRXFkWjhpd1JBU0ZlX2VNY284X2VlcTVDWGJkVHlMcWxmNzhFU2IzZmhjbUlDZGV2LW1lYUNHN1pYSVBIaXhGajdzWnowUGVCdWZ2emRLd0RrWFRVb0JYalhhSUJfdGZCRERBY1JsRi0weUNDcXAtbFZsYUJzSHRFTlBHMDBvUFdmblhYMGFGR19ZajNPQXN6YnlEcnU0dlpVYnE0VUxTLThFSXp3X0dCeGFR?oc=5,Google News RSS (10-Daily)
20 February 2026,lihtr.unair.ac.id,Portal Kampus / Akademik,Tier Kampus Mitra,LIHTR Memperkuat Jejaring melalui Kunjungan Kerja ke UNESA,Akademik & Umum,Netral,https://news.google.com/rss/articles/CBMijgFBVV95cUxNLU1feVNhaFc3S3Nta1NxNG4zV3RWdlBxVncyaFFmX0h0a0RiZzh1MkJWcDhMQVBvRHhxZUxoaXlrZk01LWJfb0E0NE1ndDlwWjFRRS1HMjlKcGRkMzlmTHlxMk1uaHZQWF9zQ0FjWXRNUEphcXRwaTA2d3BrYUNpTnF6bGpOMlJRTURTSWxn?oc=5,Google News RSS (10-Daily)
14 January 2026,kk.sains.ac.id,Portal Kampus / Akademik,Tier Kampus Mitra,Unesa Kuliah Malam,Akademik & Umum,Netral,https://news.google.com/rss/articles/CBMiWkFVX3lxTE5PczlVVzVVR3YtN0xTcGNHcHBlLTVXY1d0clJMaVhmSUhwYkxyT25KQUJzMFExVlNDdW9HZ0NpTkVoVXg3RlY4bVppMDEyZndZS0VGekVBUlgxUQ?oc=5,Google News RSS (10-Daily)
20 January 2026,TNI ANGKATAN LAUT,Media Massa / Pers,Tier 3 (Lokal/Independen),ANGKATAN LAUT,Akademik & Umum,Netral,https://news.google.com/rss/articles/CBMivgFBVV95cUxQcHVnQWdTREIxNUhhVzVWUnAzQ0MzWEUtanVBMVBhUFhmTWJLQW5mQ3ZNa3ZoclowbWc4SDN1Wk9aYmJMZ1NpOUdwQm12NUpuczBXdVpWajRuY0FrOUhvSUUyRnJkdTY1My1OX05TV1RZSmpTVHdvV2NmeUVPd2pqVUxFMXlDLTk2MWJUQktlNGxrbDJsRy1xeWxZVFNzQUh0S0RjbldYOWRvcC1XWUYwSHlwTTV2ekxSbm1tWTBR?oc=5,Google News RSS (10-Daily)
16 January 2026,Kompas.com,Media Massa / Pers,Tier 1 (Nasional),"Golden Ticket Unesa 2026 Dibuka, Gratis Biaya Kuliah atau UKT",Akademik & Umum,Netral,https://news.google.com/rss/articles/CBMiswFBVV95cUxNVXBkUEhXRTFCOWFYXzFfeUVGTENOcUZyUzdyMUNuZUtzR005SDJqTGh1RzUwbVpoUW1uSDFZYjZXZ3RWemJ0Zy13bW5nZUFYOXlIczh0MVZzbF9UM2RUc1VhZVFUZU5nSWdzNUZHTV8xVVRhbV9EQ1JCM2V4MFMwVUpxWkZMeTNZLXNVRkczVjVDRnphRVRkQUR6a3JNNkpiOTJjRnlQdkUtSFNqUFd0NjNZNA?oc=5,Google News RSS (10-Daily)
20 January 2026,detikcom,Media Massa / Pers,Tier 1 (Nasional),Golden Ticket SNBP UNESA 2026 Dibuka! Ini Syarat dan Cara Daftarnya,Akademik & Admisi,Netral,https://news.google.com/rss/articles/CBMisAFBVV95cUxOUUQyQVZUZGg1eXdOeTFaRF9BV3RBd1NpV3VqYWtxRkJLMGVoTkxDZ21BZ0VJRGhQV2hhTGtMSDlyZDBobVpSMWhQSUF4VkV4bi1HU3cyR0N0QmlnSld4dERCTngwbWd5VnJJTXNidGdJczJ4aTBQWGVOOU1CbVpIT1hiVW1DcVlRM25rU2NydnN1UldkeUlLZzRFSFRPYXd6M0gzNXJfdlA2QUVTYzNIX9IBtgFBVV95cUxOZEh5MzZ2dUgtVXBsRFhTV2lEdFBKR2NlXzJQSXE2Wi1RdUtkR19TdWp5ZEJwSXl6X3Mtc19QU0M4c1BRRlNMdkV6dDExN3ZFZ0VfWUlSdFBuT05hbm5ZVmdnSTlZQmZZWkhNSGNfWERVY2daQkQ0M1NycUJQRGZQUlIzdndOMlFqVVNoTEMzQUJnYTZVaE0tUnc3SENpeW5ZakRldGZOUE5ra2J1SXhkd1drelBEUQ?oc=5,Google News RSS (10-Daily)
18 January 2026,A&A Indonesia,Media Massa / Pers,Tier 3 (Lokal/Independen),"Dijual Rumah Kos–Kosan dengan Penghuni Penuh Area Unesa, Surabaya Barat",Akademik & Umum,Netral,https://news.google.com/rss/articles/CBMirgFBVV95cUxNX2Q2TWk5WjNObVlqLTFGT3pyUERMN3Y3SmwyWV9EV2ZtdWpNMW1naDNKVkxTbXFhaTY0NE9iREtqa1dtei1EdlpIR28tUkMzNUdiUnV3T1RvbnhZMlhEN0hkbGNKY1RxcFFqT3F1MDl5eWVRMFVqQkp0T3VHV0ttNWNqbjBaNmI1R0xCLWZ0TXhPQ2Rwb0lSR3dlWU5yc3RHc1N2NG1Qb3dNWVpBTWc?oc=5,Google News RSS (10-Daily)
18 January 2026,kampusiana.id,Media Massa / Pers,Tier 3 (Lokal/Independen),"Terima 21.821 Mahasiswa Baru di SNPMB 2026, Cek 20 Prodi dengan Kuota Terbesar Unesa",Kemahasiswaan,Netral,https://news.google.com/rss/articles/CBMiuwFBVV95cUxQUEJxZWpOYkJjZm52LUtxSGNsYVR3a0x6X05JTzhLUE1qQlFHUW1kQU1zQmZuY3pnaWM1cUY3LWl6RmJKWmprWF9Ka09YNFk1M0h0QjRtTGJSUmkwaVE2REVFMU9jOUNkd1dQUEJFeGRuUERLRFUzbTBrWE5oa2h1RmlxbzdHc01Ebm1lQ0ZKVnhacXN1MUVKQnJoVmZrN0dTbHNLWE1BTHNxdmpyc2U2UGc3VmMyUG0waGxz?oc=5,Google News RSS (10-Daily)
13 January 2026,Wordwall,Media Massa / Pers,Tier 3 (Lokal/Independen),Cerdas Cermat Kelas 3 SD Labschool Unesa,Akademik & Umum,Netral,https://news.google.com/rss/articles/CBMiigFBVV95cUxNVzVLUWFmbk54QTNObXNVdkxFZGtnVjVrOGt5NDRrSWJGaGZmMWhlR01oVkNuanFhdjR6dkd1NWlOcDVvT0hEamRjTFN3WmhseW9kRzJsSWtUUzFMYWVhSWMzMDhFTUlma2ZkMWlhaVVBcDE0Y1dPN3ptejRfaUhLdVlSLWRhUmdhT3c?oc=5,Google News RSS (10-Daily)
20 January 2026,zcampus.indozone.id,Media Massa / Pers,Tier 3 (Lokal/Independen),"Kisah Yosi Ariel Firnanda, Mahasiswa Unesa Sabet Medali Emas Voli Pantai di SEA Games 2025 Thailand",Prestasi & Penghargaan,Positif,https://news.google.com/rss/articles/CBMi2gFBVV95cUxQdUpYMEpwN0xrTmhJU0hOVkY5RlJmVUZwTWJxRnl5UG9WcjlqU1B4dUJVWFVIZnBaNGNpTm9hdzFpQVRZR2ZTdDI4MEx4NXJIbGpJMFFkdHV6eEZROGVkQUpuRVZEYW5fTDR4N3B5WjVwUElLb3oteXYwTWtza1VheEpKUVlST19iTnV6R2k5Uzdid0UxUHhrazFFZWE1QzZwRl9weDdRNlhDUVlWVnZsbTNmNE9HbUZpdExSMXlNalYyOEl0blg1NVBkTkpGd2xBeklfRHpNbnVFQQ?oc=5,Google News RSS (10-Daily)
19 January 2026,detikcom,Media Massa / Pers,Tier 1 (Nasional),"Pakar Unesa: Pembelajaran IPS Perlu Dirombak, Jangan Terjebak Hafalan!",Pikiran Pakar,Netral,https://news.google.com/rss/articles/CBMisAFBVV95cUxPT3czN3I2bUszLXcyb19IRnM0TnEycFloczdhdFFCeS1NRDJ3VlFRQVY2eXhUUGdHT1dzZVVMQldObXNSeW9oZWRMSVhUUEVyZ1FVS0tJWlZ4RjlSUzRBbklsQWo4ZllKdnhDVmlEazNpdmZpcjJhSW52ZDhUcTJZT0EyZXltRE1lS3B5ZHRxd1pnUmtKZHNlandmSngxZUtJMFY3OXZ1c3JiNWJwRWJ1UdIBtgFBVV95cUxNb21SY0R4ZXdiUDdvM2RZRV9HdlVXSDRpRDc2bUNBOUFlZldFOG5hVGFNREZmOWNNeDU4a3Z6Vnk3bDRXcndBeVphZE85V2NlZGwxOW9JX3RjenZESnJzaUZyLThoZE9TY1piZTVzbGo1NVk2VTVWbDNtRFNQd1lfTTY2bGZnZFhPOTlLNEZHMlJxTXFFX1FLYVl4c0VHSzEwTEJZWkpadEcwMHFNbS1LSWlFY3Nldw?oc=5,Google News RSS (10-Daily)
20 January 2026,detikcom,Media Massa / Pers,Tier 1 (Nasional),"Mahasiswa Unesa Peraih Emas SEA Games Bercerita, Ini Proses Hobi Jadi Prestasi",Prestasi & Penghargaan,Positif,https://news.google.com/rss/articles/CBMiwwFBVV95cUxOM2VSLWxlV3phSDBaVVRPMzhGS24xY0R2RlFOaHdnank4OHlhMXhwRElELW5ScXJZb1hHODlwQ3hROVU5a2tYck51dmowR0M2Z3FVUXhHN3VoakNuREZQejZ6STBKeUhlak1ONHZPQXJDbUtaNDhCYzNoalBlOG1yMEI1Vml5M0J6d2NPQ19aakNjWGktUjBaUnVZVmQteG82SGM3SG9aN0drTFROdWs0emtFR2JuY1VRc1RnQ1hYbjlKQWvSAcgBQVVfeXFMTzVuSHA2TjVRUWFrZzZkNG9MTEV3X2dZbjNLUWtrTjZueVlQdWxWeFNvZHNiaGE2d19NdlNrSGFGaC1ERVpmOVkwdnNUdjRhZkh6SEprbldCV3U1Y0puMWUzX3BxWldMSEs3Vl96Y1JDcHBXSHRnc2pYU2lPWmNMTnpaTFpmSzhVXzVnUDlrc2FsakNYU3ctYms1aWpQMzljU1p0d0JGMFpTMUJqYWhYck1rTWNGU1lkZzlLdFEyekpXSWRfTGp5YVU?oc=5,Google News RSS (10-Daily)
17 January 2026,Suara Merdeka Surabaya,Media Massa / Pers,Tier 1 (Nasional),Tim Jaguwar Unesa dan S1 SMAK St Louis 1 Juarai iForte NDC Surabaya - Suara Merdeka Surabaya,Akademik & Umum,Netral,https://news.google.com/rss/articles/CBMixAFBVV95cUxPUEFwME5SaXNidE92UkJHT0lKaE5xaVZUWW1TdE1EUWJHZER6bEZWVVNOOTlFTkFIZVBUdFFqRlF4VzZncEY0anUybnZSdm80OF9OQTJZMjBMLWQ5VXdBQUZNT3FybFlPWnZ5UWtvc3IwYWdRU3JnNnFLdThrekNkMDVYeVU5N1g3QlNBd2htRWtQWXJwRXJWODlmRWF1VkU5T0Q0OUJILXFaNEpab19nX08tNlpGVWlxTzNuQk1yZW1GdTVr0gHKAUFVX3lxTE9VbDlzbTAxUkxfWXhhcE16U19RUVBZNVU5VjZma1dXd1hLcGc3STgxM1Q4dFpsOVZmMGdxMTJTeFU5SUZOaDFUTUFWS3dNaHQwYU1TcGh5YUJCSzBjLTJHdV9XZVdMNXJmWC1KMTJ2RFM2VHlOVDFySV9mTnQwak13dGZKNEtNNDZKQWdjVUhLUmRTN3N5MUZjWkY5bDF1SnZMZWdpb3c4WEtPZ2I3dDFLSUE3MVluU2FESGFudWgyYWszbW1tYzgwZ0E?oc=5,Google News RSS (10-Daily)
18 January 2026,HARIAN DISWAY,Media Massa / Pers,Tier 3 (Lokal/Independen),"Rayakan Dies Natalis ke-1, Prodi Akuakultur Unesa Membedah Prospek Sarjana Perikanan dalam Aquaculture Fest - harian.disway.id",Akademik & Umum,Netral,https://news.google.com/rss/articles/CBMi2wFBVV95cUxPX2dNaC1DLWdhaFQ1OHVselhRS3Rjb25SM0xDX0lOQkxHeUh5QnBrRUZ5a0tDTGVOcWEwa0FkbDZmMjEtVHhERFIxRTdTMHhKMXE2REZ2cG1KUC1WSzdFS1d3UWJQNTZYb3RnTU5DdzlPcjg4NkRzblhyMERqN3ZFTnVZaU5hUF9mTUo5YVBaNDExWnN0b1A4R3lBTlk4WkxaeFFyb2YtdS1sVXdZMFE0RU1uUUhBeEZIN2lSRmZ5UlRCSlpKRGxiNU5EMVFlMHpsRHY4cmd4S0huZHfSAdoBQVVfeXFMT3Jtd2JDNVR0cEZVRjk5WjJUNG85UnlCbFlhMmVzTTVpNWhJekwyUG5IbWREMDhRWk1OcmlNZ05wMmg1d09NNTJPOENmeTJIWndMcHQ0bUgxLUdja21JdnRyTThiWHVDa25IWnA0Qk9IYkh2SWNNemlMcER6LUJGM0E2eEhReXBjV1hiTm9PNHRQcDFrTF9DV1NNQUV6UW1GcS1GSVVEWmVDY1pNV2JNcHFzMi1oWEdtV3lGQjNNYzd0U1RLRU05SkdtemNPSGhlcXBRU1Q5am1UVnc?oc=5,Google News RSS (10-Daily)
19 January 2026,kampusiana.id,Media Massa / Pers,Tier 3 (Lokal/Independen),Mau Lolos SNBP 2026? Ini 20 Prodi dengan Kuota Terbesar Jalur SNBP 2026 di Unesa,Akademik & Admisi,Positif,https://news.google.com/rss/articles/CBMioAFBVV95cUxOdTN0MVMzZHpzbjAzX3dwWG15QW5LT2NIOUN1OGllcXNRTFNVYnl4YzF2ZUpSR3JHbC1qdXpUQUk5OTc5YU1lUWtUamhMNGlwc0ZHNEVtMjNfVll4M2lkdTZua0haMFVCOGg0WUhtZHN3REJKa1hIankyem51M2N5Zmd1d1IwMHZhNl9KYmdsSDhlOXFoWnFNS0lmYi05Q0NK?oc=5,Google News RSS (10-Daily)
12 January 2026,id.scribd.com,Media Massa / Pers,Tier 3 (Lokal/Independen),Brosur - Unesa 2026 v2,Akademik & Umum,Netral,https://news.google.com/rss/articles/CBMibkFVX3lxTE1RTkdkei1aQktyN1h1UVk2YllxWVhnWUVOdm1Ga05iWl9XM25hcmhya3dOOENvM193VzdrN25zNEJqYUFSckFidEtGSW5vRXlLV1A1ZDJsUlhreFhOVU5VZDZ4RThGTjFpWkFiZlhB?oc=5,Google News RSS (10-Daily)
19 January 2026,Radar Bromo,Media Massa / Pers,Tier 2 (Regional),"Laskar Santri Mbeling Langsung Bidik Kemenangan di Laga Perdana Lawan Unesa FC, Mampukah Pertahankan Clean Sheet?",Akademik & Umum,Netral,https://news.google.com/rss/articles/CBMi-gFBVV95cUxOZ25pOGdOVllLZlF5aDRhd3R5cFdtNVBYcjRqQk5WbWhBTnNwYU13N1lVZWwtaVNpYTJ5VTBodkRScHphcGZjcmlyMGJabzVXeHNHa1phQTV6MHlja3FzX29WV0otWWZOMXZ6M3RXUXRvNU1SVTRJOHV0azU0MkxSeHlxeFhmaWZGZVhTa2g5SlRZelJuX194YjdFWHFGaWk2SGlrTTNtYVhCMy1Ham5Fbnc0aEF6YWloODRJcm1xWXZ6Zjl6V1lXS3pVRy1TRkM5OVlQSVBfenZ0WlVlZWZwcndKdFk2d0Q4RFRtUE9wRjFJLXBiX1JhWXVn0gH_AUFVX3lxTE1QY1gwQTNUSEhFdWl2VWpSaElrWU83aVViWVpyRjZaSEY3RFl1elFORl90eTl5TkdIRVR1MXFQRFZ1YkZxZXpBaXJtUjIzVjJ3NkV6VnhoQjNpQnp6Ukc4c2tzYl9FUndyME01UTlRbG5hNHNSOUpDYllCcjA5VmJjSlNQY29UcWd4TEY1ajhMVHpsU0czXzUxYnhnaElxa2dpSGVjbkFzeDM3ZUR4VFlqdDd0MER6RDhwTzNjODlRN2t1WjJyOS1wcVk4S0QwMHk0a01adUxaRkRtTGxDVUt3eno1VnZtRzRMQTkwNHRFZXZBY0UySXpuTkpSNGxoTQ?oc=5,Google News RSS (10-Daily)
15 January 2026,indonesiacollege.co.id,Media Massa / Pers,Tier 3 (Lokal/Independen),"Resmi! Daya Tampung UNESA 2026 Tembus 21.821 Kuota di Jalur SNBP, SNBT, dan Mandiri",Akademik & Admisi,Netral,https://news.google.com/rss/articles/CBMiuAFBVV95cUxNRndQSWdvOUxreUJwWjlPT2c1NDlIc0ctaVVRQTNIQjdzVDFGNzRmZkx2NFRMYmt6Qms5MUtVZ0xjSjY5X0tSSk55MVB0Qk9pTUxUQVRSTFdvc1JIdExxRjZGLUdaaUVQTDdabFF3cE5xeG1Md254RWRGRmoxQU9NaWNjMVhwWVA5LVJWMjhBRGVMdVQ4V0JrMVMzMWk5SkdnV3BJdlBFUlhWZnlCa2ZMdmFDTFp5ZlZz?oc=5,Google News RSS (10-Daily)
19 January 2026,Radar Bromo,Media Massa / Pers,Tier 2 (Regional),Pasuruan United Bekuk Unesa FC di Laga Perdana Babak 16 Besar meski Gawang Tak Lagi Perawan,Akademik & Umum,Netral,https://news.google.com/rss/articles/CBMi3wFBVV95cUxNeDNwZ2RSNmxtOUtPbHJjTG52LTBGNGVWSU92TFZmaFF0ZkJnVEVwWGhFVmw4QmFaOTV4dWNhZDBkbE53V01kRURlQjBVaFgxTzdSVU1tc0hSZ2xUUEJaTDBvVXgzc2VxZ201Rmt5eGxOeGZ0emFKa0JHZEt4MmRCMnZDSHlmSElCTnUtV3E5Q3d6cGxsVWlPS2JVOW5YdThpMm1fSVI4NG9aYWNhcFJCV3BTSzM3MVNGNHN6bWxQMmIyTTZ2eVhhM0JGTnJNdVpNV25YUTlxenJZSjF1MDVZ0gHkAUFVX3lxTE02bTBHY0Rpc3ZYc2FNVnlJXzdvcDgxYW12MUp1LURfRmtJRU9lR0R5ZkUzNGt2dDl2elFzODZsOUoyOWJtcFZid2RoandqZU9CZzk5Y0pOaW5kZE1jcHpGTFZFT3gzRU94RHhNRFNZcm9NM2VIWWhWdTNQNXptdjFMcDJrTEp2WWNRRXp1UmVVcHc2cko1QVNRUG1sVlRqdXlHM0dySUxQeUU0LUdSYVhDZ2xKeTdXRi1mY2Uwd21LX2VIY2ktTEh5b0JKQ0ZXY1FDMVIxa2J1R2FWVnBybUdLNVM4NA?oc=5,Google News RSS (10-Daily)
18 January 2026,HARIAN DISWAY,Media Massa / Pers,Tier 3 (Lokal/Independen),iForte National Dance Competition Surabaya 2026: SMAK St. Louis 1 dan Unesa ke Grand Final - harian.disway.id,Akademik & Umum,Netral,https://news.google.com/rss/articles/CBMiwwFBVV95cUxOWVAwTkFPUXlobEJpWFU5NHVXX2lMeWNPN2ozaVRtY1huSTBrLVQyVmVTeHJGMUtMMXc3WDhRcllPaHFPRGxfZW5udjNXWHQwVm01S3RnbkY5ZllhQThmRjdxVGo2bVRXbnBjSEdNVnhJY3dZVzl4ZmJ1QVlNc2xpR3Z3QjcyenFhUTAxQnAzd091dDI3dENyZEFwajNkUU0wTDl4VkxHbWo4Z3NYdkVXV3hVT1hUTFZtZE4wR19YNjY5Q0nSAcIBQVVfeXFMUG1EZHFNVGMya0VQZDZsNm50RDY2UzBNaGx4TjRoeDQ2QTN1Si1vdnY3R3ktRkxNdTlVWXpmUm5oVHRNcHZ6bl90UjNQdWZsZjJuM1FlclpISFRYMUZiUkJZMzRzQ0dDMFJVcFVIUml0X3VxbE9TSkhOUHZ4aVlqRDlIMDNtMm1Vdmp4NFFJalhZUE9HMDZNSGF6S18tS3dWbHE5STRmdVRGdWp4T0IwZERvZG1BUGt0ZlAxbVNsbDdpQmc?oc=5,Google News RSS (10-Daily)
13 January 2026,Rasi Magetan,Media Massa / Pers,Tier 3 (Lokal/Independen),"Buka Pendaftaran Mahasiswa Baru 2026, Intip Kuota untuk Pelajar Magetan di Kampus UNESA.",Kemahasiswaan,Netral,https://news.google.com/rss/articles/CBMirAFBVV95cUxPTE9EU1MyUklYYXBJRzRwcGd6UTJqYThyaHZCUEN4ZTRHTWUxeks2b2VYU1dtbVJ6VUZaQUpSQjVEdlJVNWlEdy0wWGcwNmZjV0VNaEZqWkZOSG9GeVZZNVJUNWJXR2NTY2ZWczBoQVFyYlVDZjRLV0pTUU91LVh2MDZCLWQ2U0N2WHp6a1diTC1POUxTRkZpMmJXMFJxQXFWS1FNRDRoUm9sNndB0gGyAUFVX3lxTE5ybFZyVjNXXzRxX3RBd0RqNHFiSWlSaFJxTDVlSDlxNW9aZ1JiSGJ5cExKaml5ZVZJNGYtbkZUeGRDajk4aEpKcXlvNXRxRkZSLXh3WFRwcDgxTk1vdExUcHRKT2U4bklfb3BiZEprVkQ1bmxJakQxWGRVcXVaM0w4bEt5NTdwdXpLSGhCbElmdzQtZXNzRlBGeVg3RFNhYWF6V19vZTFvMEpPWWc0WjVRQmc?oc=5,Google News RSS (10-Daily)
19 January 2026,PSSI Jawa Timur,Media Massa / Pers,Tier 3 (Lokal/Independen),Pasuruan United VS UNESA FC,Akademik & Umum,Netral,https://news.google.com/rss/articles/CBMia0FVX3lxTFBZT2VjN2V0VTJnVnRTVUVXdlJySmZscHA5WlVLclh1QUlSS0o1TldfT2JJVWp1eWlPdlhyUHRYQnlJRUtQckVlY3pkbWFOa2haZENkU21talN6bUd2UzZ0cnhJLTRJSTl1elVj?oc=5,Google News RSS (10-Daily)
20 January 2026,Surya.co.id,Media Massa / Pers,Tier 3 (Lokal/Independen),"Sosok Siswa SMP Berprestasi dari Sekolah Rakyat Unesa Surabaya, Pernah Dapat Piala UNESCO",Akademik & Umum,Netral,https://news.google.com/rss/articles/CBMizgFBVV95cUxQN3U5ZFFVbWlPaWxvTDFEcl9tZWJkSGUxUmFGWDhJeDdwbGpHejAtUEVpVmlxLXBoUDRjbThJNEo4ZUMzLUNQVGMtVVJITnhZR2JCZlZwZWxyZ0tkbktCa3BydHJnZXBlVGl0VHhpRDZHTmZ3dE4yM09EZzExVzRyYmluRVp2SV9lYnZxeWFDUlZRNV9INmJEVUF6UHAxZG1DWjM4MkY4M3lxVTM0T2NJWmhwaVZIVVgxM2RtVW1oTUVNOTlNYmVyajEyOURUdw?oc=5,Google News RSS (10-Daily)
18 January 2026,Surya.co.id,Media Massa / Pers,Tier 3 (Lokal/Independen),"Revitalisasi Stadion R Soedrasono Pogar Selesai, Pasuruan United Siap Ladeni Unesa FC Besok Sore",Akademik & Umum,Netral,https://news.google.com/rss/articles/CBMi3gFBVV95cUxQVjdyVDlKQzRiemdEQmtVV19UbElEYngzd0NfMlFyT3gxV19MWHo2cHVuNnBTUWhEc090WTVPVENhenMzNE9iV3RzWXAwb3k5YTdSMlpHV2xGaW41eWR1MVhZaC04azV6TUVvZXhlT1RXenpaMGZEdzdxQUljTl9oM3dYeklZSE82OU9NYTcxeVpPeWpiektMV3dwMUJvMXhaeUV1QkowZG9BN1c2UGNDNjBZYnN3ZFROaHRKeXhGT1d1LUxIN2dZYjRna2NvWm9tWXJKNkUzSW1JaUE1SFE?oc=5,Google News RSS (10-Daily)
16 January 2026,detikcom,Media Massa / Pers,Tier 1 (Nasional),"Daya Tampung SNBP 2026 di Unesa Per Prodi, Ada S1 Kecerdasan Artifisial",Akademik & Admisi,Netral,https://news.google.com/rss/articles/CBMiwAFBVV95cUxQNldqSE9adEp2Y2ptX2VRUE9hUEp3djZIZjFJUU1vbmI4S2NBVHZPX2lSNmpveVVEeVBSM000bndtQkh6V0loLWZJVzVEZ2k5dnd4S1VzZG1sV29rV1NTVkVseGFSbC1mN1dpTDB4OHlyNTAxcldnWVZMX1BIZVdnaEhmeFFubENXSFFtRWxzUlFmYWpFN2RVVS1yT21RNDRHZU9ZU0pnNW9hYnBBbHJoVDNPQjFaRXEyMTBsS2l4OE7SAcYBQVVfeXFMT3ZyVkphQ0J5bGQ0Z0FqOGtLOVp6bHNFaTl6aGgtcDFiSzROMTlhQlRoRC1iSGZSd2ZSeVRCUWlrdmVwQUhycWFfUU5wY2VpVEJMc0U0QUR1OEJPSUxaRm9PYlFyLU0yaFBqb2hfaGFueVdZYlVlV2NTTV9zdkRBZkdLaXFKRDkycTMxdFFLcER3d3M4Yk9MVDlOYW1tVmxGajhEaW9JY0hPTEhfWkRwVVZwS3NpZTdtY21ITkZlSDFBQWg4VDhB?oc=5,Google News RSS (10-Daily)
16 January 2026,Tribunnews.com,Media Massa / Pers,Tier 1 (Nasional),"Syarat Dapat Golden Ticket SNBP Unesa 2026, Gratis Biaya UKT hingga Semester 8",Akademik & Admisi,Netral,https://news.google.com/rss/articles/CBMiwAFBVV95cUxORE5sS1dOQ3I5SGx6dmtLNEtHWkQtRHduajhCWW5LMzZfaEtwVTBkSTBaeEpiNGxCQ1pFR09aRzYwV0VQVUc5ZmdOYUhrSUstUW9yZ1cxNkJZXzJSU1hsNlNWZlplNmVjczJlakRIVERPVjFJdWtDenhOUUM0VVdVYU5LWkE0U1hfRzV2aThnU3duRWVZek9yc29Wd1dzdlBCb2Y1WjJVZ1lMQWs0TzhTbUhxUEVMQmtxMDc5a3o1Mk8?oc=5,Google News RSS (10-Daily)
20 January 2026,detikcom,Media Massa / Pers,Tier 1 (Nasional),"Unesa Buka Golden SNBP 2026, Kuliah Bebas UKT Selama 8 Semester!",Akademik & Admisi,Netral,https://news.google.com/rss/articles/CBMitgFBVV95cUxPQUtGTnJuYVRBV2RKMVZOVkhyVnpaTFFrWXd4dGpKUXQ4ZWpwWndDYXhrbnhLdFBqRUhMTU85X0k1X2dEMjVNX3JySUM1WnRFa2JlQ3lJZG51WmlDVEF5ZkZDd2tfZUN0dWd5M3JqVUtYUkxfUlhEa0l4b2p6MmFBeW1hTTROZGhTVkpJQ2xTY2dxMEZtVzdsajR3UzFvSnlQaG9XQTZYOVhYNFJUQ2FGSEpuMGZ2QdIBuwFBVV95cUxNMG9kYlNPbUNmWF9mQmU4XzAtWTBQOWQxb1cybDNYdWNJcjk0eGFKLWlzY0N5NmZ4V3U5aGxVU1d2akxVZ3lBME1oQ3N6dkRzdFNjVkdKTWRWZkstcUl4Y3d5V0R0QWEwUmdGOEZ0bTJtaEh1eTFqY0RJUWN3dFVUcjROT1RWVHAydFdfWWUyTzkzNWJNU21kZklYUjBtd0ZOUjJ4NFFGa0FEcjE0RExyS1F2SEpDUjNMYlVB?oc=5,Google News RSS (10-Daily)
17 January 2026,VisiNews,Media Massa / Pers,Tier 1 (Nasional),"Strategi Tembus Kampus Rumah Para Juara: Unesa Siapkan 6.690 Kursi Jalur SNBP 2026, Ada Prodi Kecerdasan Artifisial! - VisiNews.net",Prestasi & Penghargaan,Positif,https://news.google.com/rss/articles/CBMi8AFBVV95cUxNU0lQWnMyb21UaG1mSkhqZEt3WlBtbDMtaTNxVTYzcjZvaGJ0ckJaNWtaeVNuN1JPdDJqbXE1LU9qNzlTNHJqdVFRN2JjZ0N2YW9GWldVSi0zRWxGZ1ZxVmFqQXRhbGdYT3ljNHczQWxOV0NvX0RwTE9pTUJLdkdrQklLeGhVZkszUjdwdFJ5NFZaeml2eGZMa2U4VWVmV2RaaU9fTklqeWs2eU1sdXNhLXI5YXFvWEZSR2JFV0Nwa01vNEVWUVlBdW9Ha3V0THBLSWx0R2hxNUtxVjhOMDhCYXAtRUJod2RHTGMzaXBodGjSAfYBQVVfeXFMUHNrRFNUSGpvd2RHeHQxaU9hMGNHWVZmYjhVNTdSTVJobGVVbDJra2o2eUdxVUZiZFFVNUE5RFJPdS04TS1GMmVkN1JkcmxLYzNIdnA0YjNKYXJncHR3X01tdG9FSExJSEY5WXU2X1otelVzZHB3VERqWlpKRkpVaWpqZG5jWW5sbm10amZfM2pSQVltZmg2YU5hNVR1Wk9RT1hrWHpGNzU4OWIwMWdIbDh3ZThnQzA0RVQ1eW1FX1lVUWEycDZXM3JMaDlweE9Yc0VyN1hpS0N0czZ5YWlyMzliS2JfcHRpbkFaYWZkV1pTR1JndTRB?oc=5,Google News RSS (10-Daily)
13 January 2026,Kompasiana.com,Media Massa / Pers,Tier 1 (Nasional),Mahasiswi UNESA Asal Madiun Raih Juara Duta Pemuda dan Olahraga Kampus UNESA 5 Tahun 2024,Prestasi & Penghargaan,Positif,https://news.google.com/rss/articles/CBMi7gFBVV95cUxPeU9HYlJUcmE2dWdLRWkyU1ZCU3JLRGtBTm5Ua256Sm9EQlFjemlhRDZleVpsQTNleXY5QlZPdGU1S1hlY1BjbnI4VkJVRllGdktLYnpYSDBGZmZuYkdvdDlBSXY4cm55TjF5WkJWZTRJcktaQlhWZDM2VGktaDE4cG5oSlBKQkJUNmQ5TXN6Yjh4TDYzVXRadXZXZUlwY3BreEN2Sk91Z0VfTWIwVzJFTW5oUDBUQnFQVE8tRHhrMzFtM25QVmV6N1JVM2pvQndGajc0Vlcwa1VNTEMydk9Ea2Z3b2IzVVIydzF5dERB?oc=5,Google News RSS (10-Daily)
20 January 2026,MalangTIMES,Media Massa / Pers,Tier 3 (Lokal/Independen),"Kesempatan Emas! Unesa Resmi Buka Golden SNBP 2026, Bebas UKT Hingga 8 Semester",Akademik & Admisi,Netral,https://news.google.com/rss/articles/CBMiyAFBVV95cUxPVHFiVXFoUmRrSUxtMUNrWFpIVVlSMnJ1dUxpNldnWHRTc0I4MC1UazNIWWVxcFFpYU5UUjBVMEVIM3ZoN0o5OUpkdFpNaG5qdUxnbHMwQTFBQ1I0bHBRX0MtZmFhN1hJYXNnd3hHcmhfYnBfQzhaZkltN0xRZjIzczVsMkdhR2plb0pfRDBpa3lNd3VTSzR0aVdzNVl5R1h5UTFFVDVOU05EMUtxLWxCc1hNMGZGd1FMRXh2T2JFOVlIbXZTYzZ3etIBzgFBVV95cUxNckk4VEdwelJZdllyelhWdENNYUJ5Vjh4NW50UDdoakFKc3FtaERXSkFfcnY4UTlEUEZnQWJqVWo4aFlCWURZTXUwNllGZjZqRzdNT2R6WmlOTGJSbVA1QjdVS1JxOUNlMFk3ZVdzYXIwRGRjSGtVZ3NjbHY5akdQc3ZwVFlJak5hdlFuOVVKWFFkcThvTjhJT0ZXRW81RnE2ZmZVMC1CaW9vR2lBN0JEdGQyYnREMXNMY3FKS01rbzNuZnFDTThIT28zWHNSZw?oc=5,Google News RSS (10-Daily)
02 September 2026,cekkampus.me,Media Massa / Pers,Tier 3 (Lokal/Independen),Universitas Negeri Surabaya — Akreditasi Unggul & Profil,Prestasi & Penghargaan,Positif,https://news.google.com/rss/articles/CBMiZ0FVX3lxTE12OEV4dXBSaG1la2NGd0t3T2hsZnlTSnFvYXVzTTFoQkk2aXduVlBlczRrQUR0R21Uc2w1dk9UaXcwMWN2a1hvMmtMVUN2eWQwbGxKSlMxZ2ZsTkkzTWlpYzRVMWFkT1k?oc=5,Google News RSS (10-Daily)
22 February 2026,Universitas Krisnadwipayana,Portal Kampus / Akademik,Tier Kampus Mitra,Implementasi Pemerataan Akses Pendidikan Tinggi melalui Program Beasiswa Adik Papua di Universitas Negeri Surabaya | PANDITA: Interdisciplinary Journal of Public Affairs,Akademik & Umum,Netral,https://news.google.com/rss/articles/CBMid0FVX3lxTE00WnRfU3AtZDlWRDFKOU44bndQNWtDN1NXVXE4Vk9NeTF6WUQ5a2ttSWNFSE9GbnJGV0FBTGd6OUJCcE51a0d6UHJiWEI2MkhkbXp4bzMzVWMyS2dsNS02UjNReTZVMmF5NTQtN2NkcXpERWVWTksw?oc=5,Google News RSS (10-Daily)
18 June 2026,Kompasiana.com,Media Massa / Pers,Tier 1 (Nasional),"Implementasi Pengalaman Magang Mahasiswa UNESA di Dinas Sosial, P3A, serta PMD Kabupaten Tuban melalui Pelayanan Publik dan Inovasi Edukasi Masyarakat",Riset & Inovasi,Positif,https://news.google.com/rss/articles/CBMi2wJBVV95cUxNVFNxSnJqSHFmNUdPakU0WHh3WklMNkdNLWlnT0tiaWt2VnctaVVlWk1KV2lBRTduU3dicFV2ekhCdXcta1h6YmFHbjhQc1FZdHJwMWc2aldRR0lVM0liTUp6ZW1zZnFzZll4enV6bFNOUWJXQVpNWmFRcm5naUNPaHZEY3l2cUhvckFtZlRjQ2RFeWZGN2ZxY29QTWExZ01ldmItY3hiOGFqcS1mWlJKM1ZQZjcyWmVuLXB5bGJEbHp1UVYxWU45aTgtaU1YdUkxR0Z4cnM5b0pybFV0aXZWWlhoMkg2UXBxSUNHX3ZQVGU2TlpCaUhOTXZjSi0wS2xqMGNYMnVmQ29Ed1c3UEdxS0lLb1VVbERyNi1vdThkeWdnd0xVRkkzM0IzNG9haXU3dkJDVDE3LVNFZGNQbjlwVFB5dE9zdVhJWnpwb2RCWjVxcWlNay02bjNVZw?oc=5,Google News RSS (10-Daily)
11 August 2026,Tiket.com,Media Massa / Pers,Tier 3 (Lokal/Independen),Hotel dekat Universitas Negeri Surabaya - Kampus Ketintang Mulai Rp 45rb - Halaman 2,Akademik & Umum,Netral,https://news.google.com/rss/articles/CBMivAFBVV95cUxNckxYS09NbWF5WDNWaURDaHNqTUFXNzBVTnRkNl9yaDNWX0hDNnpzTk84aGRKZ0tvck5FU2d1THFwNk5JWUNzX3ZQeXN6a0FXUEdkalBiOF8yUWY3OWgwTzF6QWdGQ0FoTHdEZ1hRdGNfZFpFSWhyQ1BwMEhoaG1uV0s1eEE4bGwxbXE3UTlYZUJrNzg1UHltZnN4czFIOW1ubkpZQjFmbnpBNzBvM3g0WjhwckJFWF90R3hWZA?oc=5,Google News RSS (10-Daily)
03 June 2026,masuk-ptn.com,Media Massa / Pers,Tier 3 (Lokal/Independen),Belajar Online Interaktif Terbaik di Indonesia,Akademik & Umum,Positif,https://news.google.com/rss/articles/CBMiogFBVV95cUxPRC1JTGxaX0dNUC1IM19SeTdlazNPeVRwX1ItRFlYWVZsOThDb2hmYVAzMU1NZmhvRFA5ekdlc0Rad1Y2b3pGOU5qMDd5cmVLVDhIS243aGhlZ0xxend3VU95cWNKQnUtYnRCMDBmLWdZZzVkYWpoWGtEYTdvbEgtZXliX3BnUVNueWVPS0VmVk9QSVB2TS1SYlRKMFA0aHVYMFE?oc=5,Google News RSS (10-Daily)
10 March 2026,Universitas Negeri Malang,Portal Kampus / Akademik,Tier Kampus Mitra,"50 Jurusan Sepi Peminat Unair, UB, Unesa, UM dan ITS buat UTBK SNBT 2026",Akademik & Admisi,Netral,https://news.google.com/rss/articles/CBMiqAFBVV95cUxNcU13Q0ZtV0FtNEtiNUxvMk5BcFlIMVBwQUxJTGN2bkcyZ0tQV2U2eGFPX1ZFYVIyOGFJdUNSQVo2bEJxQVZfVXFCVzNoeEFfRTNZX3ZXMmJzZGFPYi1HRkZydVlDbFZjUHBTUEpWdXp3Tkl2WHp4eDFlLThPcGFWd0g1cFdRNkl1QnVjOVpIOVhHT2NqdXBXMlRHeUkySmItUmsxNjNTWUQ?oc=5,Google News RSS (10-Daily)
17 June 2026,prokopim.magetan.go.id,Media Massa / Pers,Tier 3 (Lokal/Independen),"Tonggak Sejarah, Peletakan Batu Pertama Pembangunan Kampus UNESA Di Magetan",Kemahasiswaan,Netral,https://news.google.com/rss/articles/CBMirAFBVV95cUxQcHdtUmV4SGdxRVNQdEJOWGFSUHY0R3ZpZTFFTEdVWGUwbzloWGw1VlpTN0xndXBMZHo5RjZKNWNweDZGN1I0XzhIS0NGMTF5OFhxeUYxcm13WnlteEwtZE5ES3RBR3J2UXBiVlhTd3p1N1d5MktNbHdaZWstWjZqV2s1bHVKNi0ySjRrLVo2OFdzN3RBUl9PUW1ldndYaFQ4Y3dBV2hEd19WMmE4?oc=5,Google News RSS (10-Daily)
22 January 2026,unidayan.ac.id,Portal Kampus / Akademik,Tier Kampus Mitra,"BINCANG SANTAI UNESA UNIDAYAN BERSAMA DR.NANI CAHYANI, RUANG DISKUSI RINGAN PENUH MAKNA",Akademik & Umum,Netral,https://news.google.com/rss/articles/CBMicEFVX3lxTE1xZWk5SmJZc3J6TGpzcXoxS0kzRGlmMG9BSElVN1RWVFcxUUdRamZRWUpWck9kVFotVTNmQkZkUE5FOFRYbEFMOU9wQnVILW4yMlQ5VG9zZUJwVmdQV2UxWWE1ZVRlNTdHazVCUGlwem0?oc=5,Google News RSS (10-Daily)
28 January 2026,unnes.ac.id,Portal Kampus / Akademik,Tier Kampus Mitra,UNESA Tuan Rumah Temu Nasional VI Jaringan Penjaminan Mutu PTN-BH Tahun 2026 – Quality Assurance Office,Akademik & Umum,Netral,https://news.google.com/rss/articles/CBMisgFBVV95cUxPT1pmdWZ1M25OcnRmZXVvS2FYTkhNX2JmM1hvYUVlY1AxS19ERFJiUFBUb2V0TWx0bm9PaDFzUWFoTmhMMEhXTVhVRXA3OGxMbXpsZ0c1dWNJblhMSTB3a1piTkhFWlVUU0FRMlFmMl9xZXZPczlXT2FHTlJvMUJfWkJEM1JReC1KYnA0cUFRLXRDTnFabm5IcE9vYUFPaHlTUHpWcFFTT0ZocEJHeWhpZlpR?oc=5,Google News RSS (10-Daily)
30 January 2026,kejati-jatim.go.id,Media Massa / Pers,Tier 2 (Regional),Audiensi Kajati Jatim Bersama Rektor Unesa: Menautkan Perspektif Akademik dan Praktik Penegakan Hukum,Akademik & Umum,Netral,https://news.google.com/rss/articles/CBMixwFBVV95cUxOV0VsNmVBRi12Q2Z3aGlsaXRQcG14RDF0cXh0X3hIZWE1UXA0bHZxb2xBVE5ERHlpaFJZV0U3MkVrUXJRREF3THB0ZmdFbnJoZk5YbVk3WFEzTjZLMWE5QW9NNEJXZUgwckU0YjhJWkNsQUdzdFRHaFNSamdxdDZta3lzcUZFN2RKanhRLVlkSFRHblNabzAxYXZ3b3dZVkdMVktWaVR6ZklrSDFZRlVadnV0dGVlVnVUY2FnS3p3bmhDSUNhU0M0?oc=5,Google News RSS (10-Daily)
28 January 2026,unsoed.ac.id,Portal Kampus / Akademik,Tier Kampus Mitra,"FH Unsoed dan Kampus 5 UNESA Tandatangani PKS, Perkuat Kolaborasi Akademik Berbasis SDGs",Akademik & Umum,Netral,https://news.google.com/rss/articles/CBMirAFBVV95cUxNNm1MQ2dGWG5NcWZwT3dsZDRTMXo4VXc4cWNGZDQ3cTRjTFNYN3kyZ3V5VEdXb0pNdWZxS3ZGVEhXbVgyVDUwYl9wMGtreWNZNzlXWVdpZVk5aGNVWEVLTjJFMDZ0NW9JMDNnZS15b2tYOXB2MFhxT21NNlY0M2tRUW1wc3IyMW0zODZqN0RCOFlCMjdQektpbk12ejhrMF9qVl8teldRcGluNEFn?oc=5,Google News RSS (10-Daily)
25 February 2026,Universitas Negeri Malang,Portal Kampus / Akademik,Tier Kampus Mitra,"BK FIP UM Terima Kunjungan Benchmarking BK UNESA Kampus 5, Perkuat Pengembangan Kurikulum dan Jejaring Akademik | BK UM",Akademik & Umum,Netral,https://news.google.com/rss/articles/CBMizwFBVV95cUxOVWduZjk1TGtzRW1ZM1g2V0RjcWFVRFBiN0xnam9yckZXSTdCcVM4RExSNldIMGtuQm5zVVFBWDFPa0NXOEI0ZXdycXI0R2FoZGwxMUJKYTRtckNZYnFjTDZITklvZ3hra0dOUGtEM1l5VFRvUmlzdEliaVg4dTJaT1g2Zjc3RnFLT3ZheVdvMDVjOTBzejRWTFlmcHN4ZnBDTll5YmdVdXN4S04wTWVQT3JjWU80Tm5oOVJzLUhxNVhWWXRCOGxtQ010ZU1aOVU?oc=5,Google News RSS (10-Daily)
26 January 2026,gofood.co.id,Media Massa / Pers,Tier 3 (Lokal/Independen),"Ayam Gepuk Pak Gembus, Unesa Telkom University",Akademik & Umum,Netral,https://news.google.com/rss/articles/CBMiwAFBVV95cUxNbFI0ckhCOUpaMGZHcEpqYlZUTEVCZVhuNGhxR2hyLXBhSm1NUTA4VDY1WHZ2OE11WmNWaWJTY1ZEdkZRb3ptLVFraGhud2JrWmc4WmxMbjZvc0lUV0NIYkl6OXVsQ0RlSmhDWHpEd2d1YVR0UGJXYzVScW5OVlY1YzVuVk9rSVR6RVl5S1JTa3ZCME5ycWZpLTZCZHctRk5ON25RZi1NVGU1LXpPV0s2Wl92dlF2U3VLU0FWV1lJZHY?oc=5,Google News RSS (10-Daily)
26 January 2026,feb.uns.ac.id,Portal Kampus / Akademik,Tier Kampus Mitra,"FEB UNS Hosts Benchmarking Visit from UNESA, Dean Emphasizes the Importance of Inter-University Collaboration",Akademik & Umum,Netral,https://news.google.com/rss/articles/CBMi1AFBVV95cUxQRTdSSE5nYW5tYXNhMS1DVm1lcTVqelV2SldFRDhfUUV1Vi02UDJ5ZDN2QlhHd0ZpZHJ4cjQ5blRoalZZVkZEVy1wODBVREVpNTRGN1pBZjVjT1I2MWhlT1pnMDd0c0hkQjRlV3JEbDhfOVUtTFl5ZVo4cFNRYW9wbDBxeUl1QzRFUE9LX2RGV1pRa1c4aElNSXY2THdWUFBJSXZISHYyNUJ1WWJ4TTlEaWVNTmg4NlBnNmhqekIxLS16dWw2S3JqcmgyaG1PXzBBYVRGMg?oc=5,Google News RSS (10-Daily)
24 January 2026,Kompas.com,Media Massa / Pers,Tier 1 (Nasional),"20 PTN Punya Kuota Penerimaan SNBP Terbanyak, Unesa Salip IPB",Akademik & Admisi,Netral,https://news.google.com/rss/articles/CBMiswFBVV95cUxQTmFHQ3FkOWlYZGE4Nno3czVOdU1KN09lcmhzWk50LTNoWkl4ZlRPb1pVOTVTX25teGZWTlZBSGRRb3Q5cG9VY3IxZm1YLWxVV2hOSEdsRjJxbzB1b2tDaFhKMjhGa3Y2RVRFdlJOYWc1RXY4bjAwSnVhMHRxdXd2cW5hVl9vclFmdFplcEoybUZDLTdSTnMwWjBCLTRuckJLQTZiMU9JOXh0UGhVNm9RTjExSQ?oc=5,Google News RSS (10-Daily)
26 January 2026,Universitas Udayana,Portal Kampus / Akademik,Tier Kampus Mitra,Benchmarking FH Universitas negeri Surabaya ke FH Universitas Udayana,Akademik & Umum,Netral,https://news.google.com/rss/articles/CBMingFBVV95cUxNNWtRZlR3TEUzRmhfcF8tel9tQXlNVUNTZ3BaaG5ZMUFiaUxjbXVYUmREQWNhMHN4dU1EQWEwMEk0NmxZNnBZR0ZhNHpOVExPT0c0YTNCdUtIRnJwa2FreG16bXo1bktfa3k2WW9DVXppaEJCSmhPQk1VY3AwbzRZeF9sYnZzZ1BSQ2J6ay0wVE1xSUw5RFFzMXh6a0hxZw?oc=5,Google News RSS (10-Daily)
27 January 2026,smutusumenep.sch.id,Media Massa / Pers,Tier 3 (Lokal/Independen),TIM FUTSAL SMUTU RAIH JUARA 3 AJANG KAKTUS UNESA LEWAT DRAMA ADU PENALTI,Prestasi & Penghargaan,Positif,https://news.google.com/rss/articles/CBMiowFBVV95cUxNbXMybjVXREFKSjRNVTBDSzZpbzJXRjBPVXBxVVhzemprNU9DNVRfOTNBNUpsRDlnUnF2R2xONFJQUXZpaDRPV0JmOGdIUXZoaUhVSmpka0ZKbktZZC1hNHlfTHV1czR2MHBDREY3YWFHakpjMmhoeDVSQk1uWXdSS0d6d0RsekJKa2hNdm1STnZ3TFR6UkxPZFdGVkpzV2ttR3Nj?oc=5,Google News RSS (10-Daily)
31 January 2026,detikcom,Media Massa / Pers,Tier 1 (Nasional),"Begini Analisa Pakar Unair, Unesa hingga UTM Soal Pilkada Tidak Langsung",Pikiran Pakar,Netral,https://news.google.com/rss/articles/CBMitwFBVV95cUxNejVXYU9abk5mUk1aQUZvY0lCOElrRmhnRkZjOGU3UXNHdUxJa3dLQ2Q3ajV0N2d3WENmeXozNkdES01kZWhrX01DNGg4TWtGZnpaTEl5Q1lPTDJobDQzRVY4TU9NVzVfQnJTYU5HamNIZzhzQjhiQmstc3hsSjVqSncxcGlkakYtU1VIRVR2elNQQWlGY3dkR3NWTlNlbjA0NWVRS0ppRmt6NkhyUE5jRjN3VkRsLU3SAbwBQVVfeXFMTmtETFNwdXlXdnBqTjAzRUZzWEZvRElEYUk0SmNFTGdla0NIZ2FmMS04Z0I3cHR6Xy11MkNObmVjZ1FBYzB0eXp2by1Oa2hhXzlTSUlaRkFjUGlteVR2c0o2MGs4dHd2TWo2ODJoN1I1a09JMzFyM0lQa2ZmVkRiTXpzUHNwWW1POGRkVUN0cWtwTkJwYk9lN3pXVjYyc2JId3dsOWJFRVFISXpFNkNsQUxVN0dSTi1TR3VPS08?oc=5,Google News RSS (10-Daily)
26 January 2026,cerebrum.id,Media Massa / Pers,Tier 3 (Lokal/Independen),Nilai Lolos UTBK UNESA Biar Nggak Kecewa di Pengumuman!,Akademik & Admisi,Positif,https://news.google.com/rss/articles/CBMiVkFVX3lxTE9NeUJrVm5LTFNGOWxFMFlvYklKdllBU1Y2THY0TE52M3phQWZ2ckhlTWxJeDdRTmJUNHFXcXBrLXhiN2FqR3dEWVNRdVd1UDdHeEFCcHRR?oc=5,Google News RSS (10-Daily)
30 January 2026,iNews.ID,Media Massa / Pers,Tier 1 (Nasional),"Polemik Beasiswa PTS Surabaya Memanas, Mahasiswa Unesa Ini Bongkar Fakta yang Jarang Terungkap",Kemahasiswaan,Netral,https://news.google.com/rss/articles/CBMiywFBVV95cUxOSkNYSjJmRXpQQjJfRHZSSUlOejlFSFU0MEM1Mlp3UVJ1bUE4NnZaZ2FRZWt6dVY2aXh2Wnh2VnFrT2NDS3h5X2FQWVZBNFU1N0U4UmJPcW5GSmdVdzZIang5V21ldEUwaGVYTVFLdHpzUW9oXy1qSC05QWtCcnVzLXAyUzJCZ3ZPWGxWcFZhLVhnWHc5MDV4S0p1RlJrSk1fdWZDNGJPQTN1SVh3NUNPOGo1ZmFpaGZzck91a2k0aXAwOTlPdktUc3lJTdIBygFBVV95cUxNX05rWHN1Y1U0VGVhcnV4NDJXaTBMUFB0bXNqWm9KX3pOR1dfRjVVY1ZCMnRhM3ZWTnQ5TVh6YTJYYzRYbHYtY1RHQjU4SUxMdWlIWFp6dzNFMm1wWE96a1czNHVFMEp0SmJTN2h3c29rT2ZMYWJNSm5MclJCUHRVNnZEczV0cjhzc1RfLThLYXJELVFnbjRmME0za3hUVDlxdk44aUF3ZVZBQzVYZ2F3ZFpjRGZ4aHJVWjlTZEItS19NaGxPdzMzeEJR?oc=5,Google News RSS (10-Daily)
23 January 2026,Slideshare,Media Massa / Pers,Tier 3 (Lokal/Independen),Brosur - Unesa 2026 untuk diperlukan di snbp,Akademik & Admisi,Netral,https://news.google.com/rss/articles/CBMikwFBVV95cUxQb3hka2ZRWGNIX3BnVmJ2Mk5IVUVua1F5b29nb19ZUU9MdXRRNXVpTmJGaW1oU1VHS2dpTTlkR01JTGVER1doZGpyY2s4UmxSM2NxUHAzNGtrWDM2M0R6R2RiSElJbmdzazAzZHZtMFRkZ1VaLWlnbjI4TTB2bFd1Z2F3TksyY2V5Z1lGS2hJOWtraG8?oc=5,Google News RSS (10-Daily)
22 January 2026,ranbitv.com,Media Massa / Pers,Tier 3 (Lokal/Independen),Unesa Masuk Peringkat Internasional THE WUR 2026,Kerjasama & Internasional,Positif,https://news.google.com/rss/articles/CBMihwFBVV95cUxQVXBqeXByUVVBSWJnbHVCTUlvNjRkaHFNdkRGZ0VqLWlrOUI5MHI4c1BmdVFoYUNIY3Qwel8yWUFrbE9meHNwMC0zWHplS19GZGV1SjdEQ0ZZRHV5X1hOR0UyWklrWmlBR0dHUEhzaUVNSkJQd2lKQUJzMkhmQVU3Z3VSX3V3VzQ?oc=5,Google News RSS (10-Daily)
24 January 2026,detikcom,Media Massa / Pers,Tier 1 (Nasional),"Unesa Buka Prodi D4 Rekayasa Multimedia Edukasi Digital, Sudah Bisa Dipilih di SNBP!",Pikiran Pakar,Netral,https://news.google.com/rss/articles/CBMi0AFBVV95cUxPRWtSZGtPQWNKREo4SUlMMXlGTXRDc3AxeS1YYlBVY2tWMDBoZzFDLV96d2REMldYNjFWX2htcEZ1Um5raDdwRGZyTGxRc0lDRTVVejRpMUN4U2FpN0JuLURkUGh2a1VnZ3FxNXpzVFA2Q2NTSVJzRnh2MG1ZcnNUQTZPOEJNM0lKZFdFYkpzYnRoUFZHVWF3M1k3Mm5NMFhNX3lHUVQwd2lma0lQSkFWLTlPaEVzTnVpWGVXOFNiaTNsUGowZGU0elNfaG1VQ0xG0gHWAUFVX3lxTE5PU0JLYkx1aHJVSVQtYTNlOTZUWGxhUUpBVDZFUFBTNDVuMnl6dDNmQTVYVC0yTm5LaTUyZGtUd0hQQnhzaXVSc0xDdXM5MmFCNWRFR0FTN0dBMDlmenQ4ZG9zMC0yZm03Z0JndENiTU5vVzB0elBhczJhYUFuZlFtdzhpZ283X083NVpZdjZCRDlYWGM0SW40VkItWnUxRVBBMGdHV04zcHFVSV9GZGNGaE1JRGVFNldqYnNwQjFrbHh3WENHckUweHAxUnlHckJWakdIX0E?oc=5,Google News RSS (10-Daily)
28 January 2026,TIMES Indonesia,Media Massa / Pers,Tier 3 (Lokal/Independen),"Prodi PPKn UNIPMA Hadirkan Dosen UNESA, Kupas Peluang Sosioentrepreneurship bagi Mahasiswa",Kemahasiswaan,Netral,https://news.google.com/rss/articles/CBMi2wFBVV95cUxPNGFhTGdVZHdmWmdYVVZTUThVZjBmRWcxSF8xQ3dKLVNGNGROYXVqVnRLdk9xMGhuRlZjMTlvWmFiSTVGNGpoQWR5NFFxYXNXSGRxNjFZbldkbEIwWHpiUXNsNG1WZERZQWxZZ3FrMGJidlhBUHRHb0QtVENRUGFzS2RrQTJ4U2xuNERkVDlkM2VJMFk5OGdQNm5JVjNmZE1ZWGV2Q0xQM3phSE1zMHJ1TzRpQXRxemJQLVRfZlMtLU5manVpTVpES0hhVVRZT2RRV3FoUFJ1TkdzWW8?oc=5,Google News RSS (10-Daily)
25 January 2026,unpriedu.id,Media Massa / Pers,Tier 3 (Lokal/Independen),Prodi D4 Multimedia Unesa,Akademik & Umum,Netral,https://news.google.com/rss/articles/CBMiX0FVX3lxTE43dG1TZ1ZoT2xNMXBoWmpVcGNsbXlKdnlIOFZKejl5SVFlQXdlMS1uam9sVENrVzd1T29NTHpnS2VvVGllS1laREdpaXAyZThWSlFRZ25VR0ROZTlrOVJz0gFfQVVfeXFMTjd0bVNnVmhPbE0xcGhaalVwY2xteUp2eUg4Vkp6OXlJUWVBd2UxLW5qb2xUQ2tXN3VPb01MemdLZW9UaWVLWVpER2lpcDJlOFZKUVFnblVHRE5lOWs5UnM?oc=5,Google News RSS (10-Daily)
30 January 2026,Atjeh Watch,Media Massa / Pers,Tier 3 (Lokal/Independen),"UNESA Kembali Sambangi Wilayah Bencana, Jalankan PKM",Akademik & Umum,Netral,https://news.google.com/rss/articles/CBMijwFBVV95cUxNcmhmYmhGT1dOVnYzTDh1V2h5amFLXzY0V1phN3I4bTY0dV9XMHNNX0Ewdnp1b2RCUnRJYS1odmhxeG9laGJqUlBXTUo4bC1JRnpuaXhpckx0cFlYcFlKMjNhY0x3cnRLVlZQQ1IzYUR6QUdGY3NuVUVUNExhSjBnc3MzdUg4U09Mc3FGaFFSMA?oc=5,Google News RSS (10-Daily)
23 January 2026,JPNN.com Jatim,Media Massa / Pers,Tier 2 (Regional),Empat Bidang Kajian Unesa Masuk Pemeringkatan Dunia,Riset & Inovasi,Positif,https://news.google.com/rss/articles/CBMimgFBVV95cUxPdlI1cmo2cWE1cHV0aWZwdk1zeU5mbEU5RXNJWWJkalZaeWxXWTRSQkNiZG56bG9OZGZvNU1wWl9nQXpiTXZ1cm1PMERmNFpOR3Nib3EyRHhoVHFSLWcyOEktTUYtTUc5Ujgyd1oyY2kySGVBMDBqVHVmWjhZVVVfTVJXUU5sVS0ydWhRVkF4UWlZcE44MHpmSnBB?oc=5,Google News RSS (10-Daily)
23 January 2026,superradio.id,Media Massa / Pers,Tier 3 (Lokal/Independen),Graha Unesa jadi Lokasi Konser Westlife di Surabaya,Akademik & Umum,Netral,https://news.google.com/rss/articles/CBMihAFBVV95cUxOSHo4azNhbnBEUkVwcXBzMUt2M1Nsc3FyWE4tTTU2MnBNRmkxcFo4UFltaldQUWRjNmJzcGpCRUhjNThIZU1fa09Fd2k2TUYtOGdUemZxX3VsZkQxVm5KaW9UUTF3MXpvekVzN2tHcDBzNHdUY29pVnFnX1Q4ODhFdVVYbkU?oc=5,Google News RSS (10-Daily)
22 January 2026,Harian Bhirawa,Media Massa / Pers,Tier 3 (Lokal/Independen),Unesa Tembus Peringkat Dunia THE WUR by Subject 2026 di Empat Bidang Kajian,Riset & Inovasi,Positif,https://news.google.com/rss/articles/CBMipwFBVV95cUxNdVhST2hYV3F0MlZVQzhZSmhMdm9zSkFVeVJpNEg0cVlPeHkyTHhBVkg0RlRjaXpxRTZ1SWdSZ2Iwc1BfUzkycDYyOTBKMHVlUURULVljUHRPcWNHbzR6Q2htLWpldllKRWh4Z1FMMW9zcTJIaEIxSjU4QlhjOXk5MmVabU9fTm9FLVNKNzkzZm9TM3pTTUw2Y1pwVF84aDR6LTNiTG5pUQ?oc=5,Google News RSS (10-Daily)
22 January 2026,Detektif Jatim,Media Massa / Pers,Tier 2 (Regional),"Persepam Pamekasan Puncaki Grup JJ, Laga Penentu Bertemu Unesa FC",Akademik & Umum,Netral,https://news.google.com/rss/articles/CBMioAFBVV95cUxPbEgxZ2o4dUlXRzhxOXV6cHRPRzhqU1lDbHNwNVFrVXNXMWNyeWhSQURITkQ4TUxOZDlBeGVYdEhza3lyNlA5c0J2TXBtQTBqZGV1aldTUzlmVEFTN2k1cjVkYXNSenRLWXdONENJTkpqMEN1QU03ci1nQkJRYnVEcjlDTUxsVnYtNDFOWUZYdGh4am1yczA1cXV4RnNkWUk1?oc=5,Google News RSS (10-Daily)
25 January 2026,sibernews.co.id,Media Massa / Pers,Tier 3 (Lokal/Independen),SMPN 2 Tulungagung Sabet Juara II di Kejuaraan Rektor UNESA Handball Championship VII 2026,Prestasi & Penghargaan,Positif,https://news.google.com/rss/articles/CBMitgFBVV95cUxQa2dLelViVFV0dGVWc1pfcHBoR1JlbXBIeGFnYXpZYzM4dDY2aHJqT2FEODVpWC1nMkhKTEs5WHdjd0NEZ3BkQ3FHM2hBcTVaRGRPd2VxblpHTjdlcUd0d3dYMnJSVFRoU05pV1lBclpiRDZxLTBvWl9qRzdEa0JxOEppbDk3Tks0MjhVdUJfakRhLWNvcWt3WjAxVzJPRDRaTnRPcldHMU5jUXRpVVhFaVJOTVNIZw?oc=5,Google News RSS (10-Daily)
29 January 2026,kumparan.com,Media Massa / Pers,Tier 1 (Nasional),Daya Tampung SNBP Unesa 2026 untuk Semua Program Studi - kumparan.com,Akademik & Admisi,Netral,https://news.google.com/rss/articles/CBMipgFBVV95cUxNS01XMDFtOHBCMWt0dzM5QXVTME5SNVF3Wkh6T2h4VWFjWkVqNTBES2xnN0EzY0dOZmF3ajBMZERUVkZLcndnMnVxeWZ0T0NmMl9CMldXLWNBSmdjTGJIVy1ld3ZBY3JJM0FrTGdQX2xwNDc5Y3RZd0VyQkdVNVpSdWNyVC1SQ3dOVVNwa0ZWaUpjdmlSZXN1LXR0Vml2VHNFbEZfNXFB0gGuAUFVX3lxTFBJTWh1UzZJVUwxQ0pPenBzSFRFbl91cHNwR1piQURzTDQxcllrc2pqZzIwd0NNSmlfaTlZUHBqLVNCSnN5NWNKaWZ2Q2dDYmJFdzVzejdMN2hkckxqVFdFUzMwZVlTaEphbG5yM2ZjZENUV0NkZHhSTlhRYVJqOFZxckxOWFNVLWF4dlFCN3VyVENmM3NVZzlMc2dtaG5oRS00VnpKamhKTXFFbWZMUQ?oc=5,Google News RSS (10-Daily)
21 January 2026,kabarbaik.co,Media Massa / Pers,Tier 3 (Lokal/Independen),Unesa Jadi Kampus Kontributor SDM Terbanyak Proliga 2026,Akademik & Umum,Netral,https://news.google.com/rss/articles/CBMihAFBVV95cUxPVXNqLWo2VFZDUU53R0lGM1p5REw0YUk3UGQxdXZ0Zzc2cW9KSllhenBIdXpPakNRSHRra2hoZVllWWV3YVB0akJ1X1VJOGFURTZVT05QbklXNFNrRnphRWhwYzNxUVB6X3RUVEJ2VGVlZXZqMG5tcDNoWXBjTkpHWEh3d1Q?oc=5,Google News RSS (10-Daily)
23 January 2026,Radar Surabaya,Media Massa / Pers,Tier 2 (Regional),Unesa Borong Peringkat Internasional The WUR 2026,Prestasi & Penghargaan,Positif,https://news.google.com/rss/articles/CBMipgFBVV95cUxQVDVzRGZGcVMyd1FWanBsR0gxWTFqWDJMc3MxdTd0bkpxUDFueW9RV05RLTFTUE95QkdKWG9VU3ljRGpIZkZhUzFrYjdmOXI1TzYyVmxRc2MtNzk3dDl5VnpOS3k0TWVaR2JYMjVmLUFjalFoZ2c2am1PaWZCRDVCUzZWczJrcFJSX2FjcjlCdDRoSXE5cWtMY2FXbThaZE9mbXlma1ZR0gGrAUFVX3lxTFBLRjk5R3kyTWNNWWF3Q2NOQW00TFZjUk5lblY1ZzBCMVZ4Vy1VYjBROHRRbEktN1dKT1l4YkQ0MFRhcURrbVViNVp1U2hobkRIT0N3NFBJcGtYQm82dWM1c240TThLRFN0YVNlRUZYdDRhOFFvYlFyR0JKalFyZ3hCRUpFMzlvS3F4VDhOTno3MGJ4bU9lOW84eG8zTFZ4MDJIWXRDVlZrdEFBRQ?oc=5,Google News RSS (10-Daily)
22 January 2026,Pikiran Rakyat Jatim,Media Massa / Pers,Tier 2 (Regional),"Melesat di THE WUR 2026, Unesa Masuk Peringkat Dunia Empat Bidang Kajian - Pikiran Rakyat Jatim",Riset & Inovasi,Positif,https://news.google.com/rss/articles/CBMiyAFBVV95cUxQWlhXZTBtaWh4MHNBS3Q5cUgwdG5DYmltVjE0QVFBSU94bEpFRFBRcEVhY09ZN1lOU1NiVFNJcjRPamh0TWVrNnRzLU85YXRvMmhyOEVRODBpRms5WUxCNi0tOVpjZl9BZzVCZnRDem5wN0dDSGpuZHkybGxldHQzRVRuS09pTUo0dUo0R2daV1MwbEZlajJfNDVOcTlrNWlWOG1Yd2dsOE9VVFBqU1RXdGFXWjVTYzQ5WHNPVWh6bDUzeGRZUTZVSNIBzgFBVV95cUxOQUllZmh4T0ZySkx0QzFKbkxKWWJnVDJPdjk4ZC0wNGFfZ2ZOZ0paczJaZkhWMjZkTmI0bDBiOG5qekJkSDZfUDRkN0hFN2lrUWtzcG02UFBmZm9YcUYwdVc1c1hUUktrazFZZVZMOC1sNkFUWmt4aUJLM3lLQzZlRGxCVVc0Vm9UYVlpaVhNVTF2U2FTZl9QN3hpeW1TVU43R091bE5mMmhOS0IxLWZpUXRZSzBjaVRuOFN6WHEwTHVJWmZWak9sMVM0QVJaUQ?oc=5,Google News RSS (10-Daily)
02 February 2026,PropNex Plus,Media Massa / Pers,Tier 3 (Lokal/Independen),Disewa Ruko - GRESS Ruko Raya Babatan Unesa,Akademik & Umum,Netral,https://news.google.com/rss/articles/CBMiXkFVX3lxTE9Ta1ppbEd0ZFdNWWc3YkFIOU1BcGFYOGZUdnltcVd6ZDEzMVlnZW8wZXB5MXUwX3RyX0dzanhsS0M3QTdTRlpOZ2FKaVZXbXJYd0RLbUFzbjUyemtzamc?oc=5,Google News RSS (10-Daily)
05 February 2026,Pemerintah Kabupaten Bondowoso,Media Massa / Pers,Tier 3 (Lokal/Independen),Kolaborasi Bondowoso Dan UNESA Pada International Community Development 2026,Akademik & Umum,Netral,https://news.google.com/rss/articles/CBMirwFBVV95cUxNbWlzWmV1SWZ5eW11d1hlLUVJVUtrdmFFQno5NDNIN2IzUDAwVDd3TmozckdLZi1FSHl3bjMwTDdybm9QX1NqVTFtVVdtb2RoeXBuNVBjVnViMk93YXdYV2dEencwVnB1dndHLURCYVh2M09SXzdLcUU4TlQyYTJhelhWVTR6YjlFSWcwMjBROXZiN25jSjJvSjZzOFlrbjdxRUN6YWp6ZC1MVWl2LTZV?oc=5,Google News RSS (10-Daily)
06 February 2026,Shopee,Media Massa / Pers,Tier 3 (Lokal/Independen),Jual Jas almamater unesa second XL Logo lama,Akademik & Umum,Netral,https://news.google.com/rss/articles/CBMijAFBVV95cUxPODFzY2w1dzcya1lFQVpfYkNJUTlCY2NETFpGVFh3SFNRblJyNFFWMm84LWh6cGRIRDN0T1o3NjNtdU5odUNLUDhJd005Z082MjZWME9TY2M4Tm9hQlA0N3doUm1tZ2hwQ0ZoeVQzeFVFc0dORVFLUGVPX2d0bk9PUGJkMkRwV2dFamRPQg?oc=5,Google News RSS (10-Daily)
07 February 2026,Badan Pusat Statistik Provinsi Jawa Timur,Media Massa / Pers,Tier 3 (Lokal/Independen),Pojok Statistik UNESA Sosialisasikan Layanan BPS dan Sensus Ekonomi melalui Festival Mobilitas Akademik,Akademik & Umum,Netral,https://news.google.com/rss/articles/CBMi6AFBVV95cUxPTmtTV1JyVFJEYWdZcm51MGN4S3dyald1NWd0MDFQVUNybWVXcXc4QnBFOXVIaHY5cFNXOXMxRXBMWnNqN1hHUzc0VGVhUjNUbjk4TzNNRVZRd2VIZzEyc3JOUEpkdDg1dWg2WjFlLUJQazJaVHZlckhIUE9DUVVCQUEya1M3VkFVc1dCRmljUkN4VW9LY09oZGlrZm43dGhlZ1oySDlCeHM2djRVRk9TOXdHSndxNWtseFVyNGxCdmVVVGVZb2lpR21oR3dhaUZidUlTRUF1RTlNaE1Ra3NaV1FhM1JNWDBZ?oc=5,Google News RSS (10-Daily)
07 February 2026,SMAN 1 Bululawang,Media Massa / Pers,Tier 3 (Lokal/Independen),Ini 10 PTN Terbaik di Jawa Timur Versi EduRank,Akademik & Umum,Positif,https://news.google.com/rss/articles/CBMihAFBVV95cUxONFBZQjAtN3k0RGxURENCMWlCZk15TDhFUHVWLWZESTdMWlNJa0p3UVBaT28wcmxtYlhqWE5CaGl4SjAzcTUyVzlDUDYyV1g0d01vNXpMU2U0TEpiSDN2NkhlUlJxRkFCbkZkU0pCRUt2WllRZUVjdFlmMzE5WlItbGRRdnU?oc=5,Google News RSS (10-Daily)
03 February 2026,gofood.co.id,Media Massa / Pers,Tier 3 (Lokal/Independen),"FamilyMart, Unesa Ketintang",Akademik & Umum,Netral,https://news.google.com/rss/articles/CBMipwFBVV95cUxPTS02ZWMxZm1LbUh3ZTZsNXRmTGxVcDhiQjdEaUxhU0hWM1Z5Q3RwM21zWFFLcUNMRlFEYk9POWpTczVoNC13dE1Cc1FsdVJEc2tvLXpBMDVGNjVqdngxeDNPQW1sb2g0RmF0ZEtrTVR5dGMxR1drc2ZNS2xsOV9tcGhhU0Z2dXhQY2daUmlWX3lKbTJWTU5oYlJjZHloZ3hXWEE3ZVhvQQ?oc=5,Google News RSS (10-Daily)
04 February 2026,Universitas Ciputra,Portal Kampus / Akademik,Tier Kampus Mitra,BAJU: Journal of Fashion and Textile Design Unesa - Library,Akademik & Umum,Netral,https://news.google.com/rss/articles/CBMijwFBVV95cUxOYnpaajZPUFNpQ09OYUFhdjhLd0JBbE1pcEFkSnpkNWJuUmdRWks1UmZxRGlIdU5MVnRHUm5sNFkxd3ZhUUcwV3V6OWJNS0F0V01IWGFZREd4N0JRUXVwUjB0aXdDZnhEa01FUU5JUlltdUlVb1ppS0pJTktYT2J6MWJ2YnZJUHI2UHBUNm9FMA?oc=5,Google News RSS (10-Daily)
03 July 2026,Data Referensi Kemendikdasmen,Media Massa / Pers,Tier 3 (Lokal/Independen),DAFTAR SATUAN PENDIDIKAN (SEKOLAH) DIKMEN PER KEC. LAKARSANTRI,Akademik & Umum,Netral,https://news.google.com/rss/articles/CBMihwFBVV95cUxNR1A5b0lkbmlIdFBwVWFyUkxWOWMwemljT3JseG5PWlN2RlNlSTBLSk92ZGZjS0QyTE5NQU9IWmxNTV9xcW9xZWo3bjZMOVJPcm5nNndXZVUxUXpTRmx3YjVOeVJ4N2w0dlJsek5fSjV2OUg0LVREV1paWW1uNjNjaDRCbXpUTUk?oc=5,Google News RSS (10-Daily)
07 February 2026,Properthy,Media Massa / Pers,Tier 3 (Lokal/Independen),"Rumah Dijual di Surabaya Dekat Kampus UNESA, Lenmarc Mall, Pakuwon Mall, PTC Mall, RS Mitra Keluarga Surabaya di Surabaya, Jawa Timur",Kerjasama & Internasional,Positif,https://news.google.com/rss/articles/CBMiqgFBVV95cUxQdWFlYktkUUlFU1JQZWNtYkt2TkU1QVcyM1kxakstc2NDcGpLbjRBQU1TajdybmoxZklHOTl2V3JObGpnNWVxWXdRc04yeVg5OUZtX284dkNxckExVlU0NDNEdXBKaERPTkstQjk1dFFPTzdSS1Fkei0yMGZaWUlPWVpNQ2pyX0t0dEFtLXZ0TkhZT3NObnFwQTFLUm1hcTVrUkNvZmI1bzNiQQ?oc=5,Google News RSS (10-Daily)
10 February 2026,aceHTrend.com,Media Massa / Pers,Tier 3 (Lokal/Independen),Tim PKM UNESA Edukasi Mitigasi Bencana Berbasis Permainan di Aceh Tamiang,Pikiran Pakar,Netral,https://news.google.com/rss/articles/CBMitgFBVV95cUxPbHR1NHpiTXlJOW9GYkVPcDFqWE5Cb1UzMF9OZjhheWZydXZzSU96anpaUjRwNTlQY0xkQ2xkY3c3Zm9WT3h3dWlfXy1xNmVZZnpFeGQ1VlY5UF9CSkxGaGR3cjFNR3pqRlRkc2lBZGJoTnExYkdpeW5FUU5SdDVFS2pFb1lCSk45N1VGSzJ6R3N0LTgtOEZYcVRVTGF4S2Jtdzh6cm9zVGpEeWtkdVkxWVF4MU03Z9IBswFBVV95cUxPWkdTdFRpb2NkbmpQR3dJLW5WUHdBanlhaTBKWGlpUDk0bE1qWHF4Wmptd1ZLR3FWa2hUYTBralFXNnlEekVTa1lnbjlQQ3kzVko5cWR6QzU1dklDZ2VOaXB3V3gtUnFiTERJdlhIQU1fUDM0UVZRbFZveEhqZWZIUVl6QkU0YUI0YjlkNXNEaUxYNVdiTGdnVkhuWFBKYlptNmZJbXB1ZGVsa2JOYXoydjg2NA?oc=5,Google News RSS (10-Daily)
08 February 2026,Kompas.com,Media Massa / Pers,Tier 1 (Nasional),"10 Jurusan Sepi Peminat SNBP 2026 di Unair, UB, ITS, dan Unesa",Akademik & Admisi,Netral,https://news.google.com/rss/articles/CBMisgFBVV95cUxQRjU1UDR4UzZHSWw5UnF2akdnanFmWlluQ2FldzRKUHlFQ3hzZjdDVFI5SDA2Z2hCci0tZF82MzRaUlFNYktpamlfNUxQYmVHT3BmeHJFd0NnM3ZnTFZ3czRHTWVoUW84d2dzV1dwY0FQdzF3TTR5b09jQkswZEF3ZVpsSzhsaGxETXBhM3R3YzI3RnVBU3M5WjQ1RDhDaGktTVl6cTNLcTliXzBLdTJpbmt3?oc=5,Google News RSS (10-Daily)
10 February 2026,detikcom,Media Massa / Pers,Tier 1 (Nasional),Inspiratif! Prof Prima Jadi Guru Besar Disabilitas Pertama di Unesa,Akademik & Umum,Netral,https://news.google.com/rss/articles/CBMisAFBVV95cUxORUhYVGRMS0dPTk9lc2FrclFHOUtOTlZtOVBEYnRMTWlGekNUZ2ZlZXlzVldoZUo3bGs4VHFVbktQQTBoNTlvSTFpUndpRU9mRXpna2M1eWNIWDdoMUQtbUV1YloyTGhnR19SWW5QcEhXbDdOaF9OUllFRTlxcFBybE9mUFVBbXZTTlpPZF9zdHRzcGlyT2xJRnE3Z09nVjg2d3Ywbm9mcjA2a1FoQVJCN9IBtgFBVV95cUxPWWRhczAzdUV3cjJwNndwQTF6bGZLQjRSUVVqNTJFWUNxbnVKdjhIeHNmdHZCR1lhcmE3QkZyLUdTVV9nTTJ4RldRbTRpZTBBQm43YlczOUlqYWc3TkM0QmM2Zm1wU2RpX3NmNUZteXFiT3psZFdhSzRRd1R1S0dZeGJ2ek5JemZlVEtndWJDbmQ0UFZ4aVpmX1M4V0phd2JmNEUzY043TjAwQUQ0WDZ4V3J0QWVTZw?oc=5,Google News RSS (10-Daily)
02 February 2026,hukumonline.com,Media Massa / Pers,Tier 3 (Lokal/Independen),Uji Materi KUHAP Baru ke MK: Mahasiswa Persoalkan Batas Kewenangan Kepolisian,Kemahasiswaan,Netral,https://news.google.com/rss/articles/CBMiywFBVV95cUxOcWhRUmlWWWExWERQZU9jbmxSYmo4bWdDMk54M2JZak5vNEpVWG9mblJIcEtGZThhNS10M1d6NlVmdjY5Zl9xSHFVYkRObG1Md3Rpb2xxYTJzWmdQWmpsUHZpQmV4YWJOOHdXdWZPbDFELUtNNUUtU0R0cHo4cFBxSklqZ2hLbThMZ3VfYVlwdk9kRTBYMHRZQmJBNTFUTXlOMGRuRmg2aHVWVEdSTjgyVE9NdkdqODFyMHNJOEVXcGNfRFZEVlZuWUxkdw?oc=5,Google News RSS (10-Daily)
02 February 2026,TIMES Indonesia,Media Massa / Pers,Tier 3 (Lokal/Independen),"Bukan Hanya Prestasi Akademik, Konten Kreator Bisa Masuk Unesa Lewat Jalur Golden Ticket",Prestasi & Penghargaan,Positif,https://news.google.com/rss/articles/CBMizwFBVV95cUxQdUd5N2ZUcy0wRzRCOEZDczR3aFh4MjBDNnlsUVZmcGtqdzRIaUpjQ2Fzd25hWUJGaDNRSXVJMUFKbXNBU0dXV1FFa282RGRheWxONnNnUms4Y3haQVJsTlNmTEhWdEhxdVF4cF90Ym1LcEllVzlXcEdTc1E1Z1h0Zl83OFBrNDFfRXVrVk9YdUNRYmZ3Yi1rUXNtNW9KZm9OZ0N6c3JLMVB1aElYV0k2aVpFeWw2TkVoVGlzczlPQlh1cko4WEVqTjYxbl9ZVUk?oc=5,Google News RSS (10-Daily)
02 February 2026,ranbitv.com,Media Massa / Pers,Tier 3 (Lokal/Independen),"UNESA Day Dipadati 5.000 Siswa Jatim, Berburu Golden Ticket",Akademik & Umum,Netral,https://news.google.com/rss/articles/CBMilAFBVV95cUxQbEdqTW94ZVJzU2FFOXlfOTFBdEZ2dmd4aDFac09mRDdRZ09sbDdydHpTY01pYktKTjlDcEtpSmhFV1lMaEM4dG45QXptaGo2Ty1mR0tQRVVKbS1adnRjMXF2cjdzODNvbkdUM1J0M3d0bkVrNlVfUDdnZHpxMFE3SEJXcTVuMXZnNHdYMVVsZDRPSjNx?oc=5,Google News RSS (10-Daily)
10 February 2026,syntesa.net,Media Massa / Pers,Tier 3 (Lokal/Independen),About The Lab,Akademik & Umum,Netral,https://news.google.com/rss/articles/CBMiPkFVX3lxTE80b3dXTFpfTmRsWEFJd284Y3lKbDVSRVQ0LUNLSkpyNXJmLXAybkV5cFQ2LUhSdmhOWk4wc1ln?oc=5,Google News RSS (10-Daily)
08 February 2026,kabarindoraya.com,Media Massa / Pers,Tier 3 (Lokal/Independen),Pakar Psikologi Unesa: “Sekolah Berdaya” Lindungi Siswa dari Tekanan Struktural,Pikiran Pakar,Netral,https://news.google.com/rss/articles/CBMipAFBVV95cUxNVG1oZENSTnZTTDlfcHNUZXZPT09SR2ptYU8yQ1N5RFVVY2Z0dGlfdFl5TkJxdldzTjk1M3ZFR2JlcHVVd3BLaXA2ZGRqLU4xbHpvc3ZmSFZiN0N1dFp4TDE5N292Q2tuM0h1cGdEbW5vQmVJYy1wRDZiTU1nSTZ2MlBCT2RLZUhsWS13YWx6TExfV3luM000UFJaSnZrYUFlQUFtTA?oc=5,Google News RSS (10-Daily)
07 February 2026,TIMES Indonesia,Media Massa / Pers,Tier 3 (Lokal/Independen),UNESA Dorong Pemberdayaan Masyarakat Berbasis SDGs Lewat International Community Development,Pengabdian Masyarakat,Positif,https://news.google.com/rss/articles/CBMi3gFBVV95cUxQcDh5WWhMMDZpN29YdTUzNVY3VnNWQ1NkZWNhSlRkV0NZQ0t3aWJYSjBSZ0R2YkloZ2hTMmhmSzlMU08yMmhJX2tLbXVSZF9CSzFkbEpnekliTDh3cE9WT1k3ZzNIVEg1X0dvNlNqUFctUGh1QThWMVNPSGRYU3JqbUMxdFhPWTB5SlFzdFR4NEdJal84Skxpa1c1Y1N0US04YjFLYjhfbWcweDZqWFkzdVY5QmJVNDB2ZTNqQUQtOGJTRG12cVg1R1h3Ujd2Q2tUTmdVbFl4NWVPcFRCREE?oc=5,Google News RSS (10-Daily)
06 February 2026,Suara Merdeka Surabaya,Media Massa / Pers,Tier 1 (Nasional),"Unesa dan Kazakhtan Kolaborasi Riset dan Double Degree, Perkuat THE Impact Rankings - Suara Merdeka Surabaya",Riset & Inovasi,Positif,https://news.google.com/rss/articles/CBMi1wFBVV95cUxNREMwaUktb3NQQkV3YzdnQ1hLak9xWEQzUTN4REVmVDM5NmJZYkJUTkZHc2tKYmcxdVJ1eFJ2T1hCb0lIVGpINGdqeHlGY0dackpIOWQzNkZHa05rMmJHaUJvVWo3NGpxWlBhem0wWUN2RDBhNEM5ZHIyODhoNFdWUWtBWlZ5dUNYMVdjNHJ4QzMtbTgwWDdDUEFGTmVPWDlwQldMU0xtMTdxd2loc1BYRUNVdklTdnlJeGw4VTBaWGFjWEZkVlBfTXRYZzZCd1N5X3piZHJpVdIB3AFBVV95cUxNMWNTWGdOTGgzQjhMb1RCWG4tMVU0bDZac3JHUERaSGgzV1QxTlp0aUlWa3JWTkh5cDNyYmJrQlk0a1ZxampheGlMWUtLMzVkT2VGaWpIQ0I4WVBHRTF0cW1qbEJwQUN6QkRsQzdTbHcyaTJraU1LVzFuVHQ4YkJDQzBQYjRBbzdBRGxEZ0FCWXRRdDMzd1NjVnRjdWpJRll2MVM2RkxjM3oyaDlnLW11NlBZcDRHQXdxN1ZVOGQ5eGVOeGdNdmFsOFgzV2JlUjNTRFg3a3VBOHNZVy1V?oc=5,Google News RSS (10-Daily)
10 February 2026,TIMES Indonesia,Media Massa / Pers,Tier 3 (Lokal/Independen),"Unesa Kukuhkan Sembilan Guru Besar, Prof Martadi Gagas Harmoni Teknologi dan Budaya",Riset & Inovasi,Positif,https://news.google.com/rss/articles/CBMiyAFBVV95cUxPSlp2OV9WdHR0eld1TmFwN2VCVGQ3RW5MYzdaRTNaakdrUlozOXVRenVBMlJlSGpsTkZhWTVJdU1SYTd5ZWIyaEI0Nk12TWJUMm1XSUxNZy1Yc09Zc0xDTGQyaXhOLTdBY3pZUWlHM1FMV2tHUkpMeDJXbEJjQjNCaDFVSFB3S3MwNVR5TThCR19YYnM5Z1BsQW5NQW9CVUJCWUZZbnZoRTFzRzRtWlpwQlJyYUd4eU9kRmVQOVdKOVZPRmpqWW9pVw?oc=5,Google News RSS (10-Daily)
10 February 2026,HARIAN DISWAY,Media Massa / Pers,Tier 3 (Lokal/Independen),"Pengukuhan 9 Profesor Baru Unesa, Demi Menuju World Class University - harian.disway.id",Akademik & Umum,Netral,https://news.google.com/rss/articles/CBMiqwFBVV95cUxQcTVUb19xZHdDNEpaWDROV3pvMUtwVmpTMW9fSnVSNmFBbDFJM0JaVWhuZWY0ejQxQWJfQlYtS0Z6WFRJNlVUdDhad3RGSVk4cTVuY3RtM0pDTmc3cEs5UlNHM3dENEEwc2lfRkxnR3czSWxHTENiWTd5QmdtUnhIMXRZazZSNFl2dlhRY2JrLW90QVBTOTdVYmNoa0pLLTl4cFVUeVU3MHhMSknSAaYBQVVfeXFMUDRNY2ltVTAyX3dIbkdLbDVQT0JiN29NX09DRHlFajZoUUduZVhGQTdUZzlZcHJQaUV5ejY4cS1mU2RiMmE3MkJ3SHp2NDdjSHBXeFN5U3ZIMHlIUFc1a09RMkJTNy1vdHF1aHpVSkJPaWR4Y190YXctOGZtNnZfUU9raUdWTUJqckxMUjRMVVY0NEpZTWIyVnlKLThObXZxc0Fod2JvZw?oc=5,Google News RSS (10-Daily)
07 February 2026,Kempalan.com,Media Massa / Pers,Tier 3 (Lokal/Independen),Rekor MURI 2026:Pecah Rekor MURI! Mahasiswa Unesa Berhasil Ciptakan 11.524 Karya Inovatif dalam Setahun,Prestasi & Penghargaan,Positif,https://news.google.com/rss/articles/CBMizwFBVV95cUxOemR1ZGxmS2gtS292OEJ4MEJxakE3c0FHcVBqSmRYSkcwU1RfQzRJcTZ3YVZONUJ5WExpWThROFNPbE9BVjdNdXotOXFHYWN1NGNFYkZ4RmN0cnQxTmVYNjhoQ2JDYjVMUmZHNjJVQ1NvQmJXbzVJNHdjTWlaU0NyTzBmSVJQakNRd3dRT1RNT2E3TlpMV29HODk2UklhNzJBYmhubVN3eUNycGVuUTMwejJKWW03aUJ4Z0xKa05PeWNZLVVzMGwyZDM3ZWRkQms?oc=5,Google News RSS (10-Daily)
07 February 2026,Kompas.com,Media Massa / Pers,Tier 1 (Nasional),Unesa Pecahkan Rekor MURI Program Mobilitas Akademik Mahasiswa Terbanyak di Indonesia,Prestasi & Penghargaan,Positif,https://news.google.com/rss/articles/CBMi1AFBVV95cUxOWE5mT1ByWHlrUVVwZkpKbGZIVDRKcnpIS2UzNW11ejRENDZHNXhQOUR4ck03aFVZSDJHeEdCYVZWQlEzOEQtRDVsY1V5NkNfMDBNcFZnR2V1N1FRSmVEOThhalRhNXRvSUFTd3ZocnNxc0VtTVNWQTYxRnNndzJRdEdKVFg0QzBmazNDU2loaEpXUTdMRFVjZzVFRHdCVDNEQWhVTmlWQjdWR01FeFhOa1RZS2czODNfc01tb0FMLWpReGptZFlEMEwyQ3YwNWJHWUNITw?oc=5,Google News RSS (10-Daily)
10 February 2026,SURYAKABAR.com,Media Massa / Pers,Tier 3 (Lokal/Independen),"Unesa Kukuhkan 9 Guru Besar Baru, Targetkan 50 Profesor sepanjang 2026 Menuju World Class University",Akademik & Umum,Netral,https://news.google.com/rss/articles/CBMizwFBVV95cUxQc0ZMS0dDLUdHVWVDWEN3dHlITl9rdmttdFprQ3MxRFBfNmVZSUNYM1VrbVp5RExBTnZhM1FCM2ljSXZpOGpmSm1oaVh5YUJSREtkS3ZPQ1R5VlZWMXNjblR4eHE0QTJpRWZDeTRqME9TSXdENjVMbDVnenBkUFBTQzdBNEljZ1R2Q3ZfNVV6YWxCYzNSeWlpT2hNelBlSmFxTTVWUHJuOUVocUwzRVZzMkdyVkxzVEJWNHpzZkJ5Wi1GT25reHpOREExd1dHZGM?oc=5,Google News RSS (10-Daily)
07 February 2026,Memorandum.co.id,Media Massa / Pers,Tier 2 (Regional),"Hasilkan 11.524 Karya Inovasi Mahasiswa, Unesa Raih Rekor MURI - memorandum.disway.id",Prestasi & Penghargaan,Positif,https://news.google.com/rss/articles/CBMisgFBVV95cUxQSl9sVDVlWnQ3dmg1QU5nN2NIMEFaSk5CamZVRzhXT1ZCMnRsOGRyWlJPb3NHaWZhUGFRSEd2RHhNTDFzZ05FT1Ryb2EzdUtUSnBqelFLZkU0UkFYaW91aFlGUFhNM29td1NXQV8yRjVpTlFvbXNacWZ3RXN2WldCS2RuZ2p2SmNrWnYyV25LZHdmYXRaZEl4YlpyMi1CeDZTaWpZeU5HaFhoWm80LTZuTXFB0gGiAUFVX3lxTE1CN0NPdnFwTlNXeE0tcFMtT1RRUVpTZ3VRMU90OUs0QlNQNndDTlY5Mk4xd3FpMHI4NWprRzlPVmYtVllfZDhYOV91ajBFdnJ0enZkR0lPbHZIVU1QZFhxWWRsSlBfN1NsRV9GTVdqbldmRXBkd2NoSy1mOUsyU21Rd013bF9zNjhhTkZnZVRKdzRKMGVVUUx3LUtIYVVyYW1Odw?oc=5,Google News RSS (10-Daily)
07 February 2026,jatimupdate.id,Media Massa / Pers,Tier 2 (Regional),"Gandeng UNESA, Pemkab Bondowoso Bidik UMKM Berbasis Industri Olahan",Kerjasama & Internasional,Positif,https://news.google.com/rss/articles/CBMiogFBVV95cUxPY0RwRThIQlhHU1NPaWhpRWtfa3UycVNUNlFVZGZCa1VyQUREcVA3U1FoakZmbkJfN0NIQ0xuZDBlY1BqOXpsN2hjZnhFT2tMRUJtY3lmOFZhamYzakk1SXQ3TWJSVjlOYm14SmZiWUdWeVowMW9xekhZRFFCQzlpRFdOaUJGc2toZ2YyNHEzU2NkbmRfTkM3TDk4NldCd2x6Q3c?oc=5,Google News RSS (10-Daily)
03 February 2026,Kompas.com,Media Massa / Pers,Tier 1 (Nasional),"Unesa Targetkan 150 Ribu Pendaftar Mahasiswa Baru, Tawarkan 9 Prodi Baru",Kemahasiswaan,Netral,https://news.google.com/rss/articles/CBMizwFBVV95cUxQVVJBdGRzRXZSdy1rb3lGYzFyd1hZV1pfdHFfNUQ1cFAyNDdiR3dYaG9NZVUtb1M1MVFjUFpHMDBkbktSSzBXWHlRVUVPSWRyVnVoUEp6dWx4a2o2NGQ0a3VCZUM2V3pOcXY0ZmRGRWk1LVBvdmtCTk9XR3EtX2hHVlRyMzhWQmdVN0VuYnlwUS1seGZkOVhwWVJkaFFzYlVsMERmYjZ2X1dtSGVRWmtDS0hWVkFzV1JZRUF1bDVMZUVfV2NaUW5DbFdmd1RsVm8?oc=5,Google News RSS (10-Daily)
10 February 2026,Radar Jatim,Media Massa / Pers,Tier 2 (Regional),Unesa Kukuhan Sembilan Guru Besar,Akademik & Umum,Netral,https://news.google.com/rss/articles/CBMiZ0FVX3lxTE5jenRkZ0lINF80dEY2cmxBb2pFTnlBMndJNU94cjlmVWRydkk1MmtRQWxXeG5jaDFVaVYwZC1SME03eUd1bWR0Q1hsU3dWLXFCZHlpdW81UWU0VmtwRmY0bWRDYnpQV2s?oc=5,Google News RSS (10-Daily)
05 February 2026,Tirto.id,Media Massa / Pers,Tier 3 (Lokal/Independen),"Daya Tampung SNBP-SNBT 2026 ITS, IPB, Unesa, & Link Cek",Akademik & Admisi,Netral,https://news.google.com/rss/articles/CBMiqgFBVV95cUxQZ0NSRTYtQWhlVEp5Yk56WlkyUlZUUkRxUFJnQjFwaXB2bk9oVEI0Nm40Vl84OWk5c2EwZThrb3dDVTAwVksyQVl6QWUxcXdFd19NSnNZQ09uUnRHcFFiZmRlRVJWdFpwOHNodEFWSDg2Qnc5dURsV1lGOURhZy0wVmVrX0tzeGs3Y2xseHY2OV9PQ2IwR3ROUUdOWnIyNWZhVHNFSWUxandMdw?oc=5,Google News RSS (10-Daily)
13 April 2026,Bappenas,Media Massa / Pers,Tier 3 (Lokal/Independen),"Bappenas: UNESA Cetak Guru Berkualitas, Kunci Wujudkan SDM Unggul",Prestasi & Penghargaan,Positif,https://news.google.com/rss/articles/CBMipgFBVV95cUxPS2N0Y3pCOFZramV2WjhlWVdkS3BsUXBiRnB1Sm4ySFZ6c3ZsMnpvZ3JKNmt6VEdHeEtQTEhoc1lJQTBGTTlDYjJiVnVubmVVdUl6MjlTb0wxeGZ6WUFDLWNCMEJpSDdEMG4xNzlEaGU0Mk1KYTBvV3YzYm1vNlk3dTRseTRvckFBMlBoSnpKTnlXZURoaENwaXFNTXY5LXYtbVoyelpn?oc=5,Google News RSS (10-Daily)
30 August 2026,SINTA,Media Massa / Pers,Tier 3 (Lokal/Independen),Science and Technology Index,Akademik & Umum,Netral,https://news.google.com/rss/articles/CBMifkFVX3lxTFBtLUthVl9lUDgzRVJ1dXNBTUNaNTBEWURMSW5pU0hKdHhCNWxNZTF6NDdrektIVmlKOG94UDRXWUNFTGpzQXhFaUQ2by1lMEpHTEMtTVlIanRfUHBYZTBrSDI3eU1xSWRhYmpjYXZGbk5seVlxbWFiRlhtaFktdw?oc=5,Google News RSS (10-Daily)
07 March 2026,magetan.go.id,Media Massa / Pers,Tier 3 (Lokal/Independen),"BERBAGI TAKJIL, BERBUKA PUASA BERSAMA DAN PEMBERIAN SANTUNAN ANAK YATIM DI KAMPUS UNESA 5 MAGETAN",Akademik & Umum,Netral,https://news.google.com/rss/articles/CBMiuwFBVV95cUxQLXloczFCR3lWM0x3SDZEQ2hYV21qcjkxR2x5Q3FUdHV6Q0Vvc0x6c2lRclN0SlV0OXFsWFlaWUNDTjdlZ2swa3VCd3EyYlZ6VDZBbGdWNWVSRXBDNnplWmF4Y3VRLUZ3UGlpd01pSFBYcGhXal9KQmxwcG53RHlaRXhZMGZKX2xSZFlZZEVBTHBiZlVkbEFmTjdjVnNMU3Q2RGYyQWxzUmVUYmlGSFJaVnpxMWZ5ZnRWRDN3?oc=5,Google News RSS (10-Daily)
18 February 2026,"Kementerian Pendidikan Tinggi, Sains, dan Teknologi",Media Massa / Pers,Tier 3 (Lokal/Independen),Guru Besar Unesa Temukan BAL dari Pangan Lokal sebagai Kandidat Antihipertensi dan Obat Diabetes Melitus,Akademik & Umum,Netral,https://news.google.com/rss/articles/CBMi5AFBVV95cUxOcTlqZ3hqbjY4Mng1NThvMTlIMUNXYnNIbnNLUTBfWEJWdk92VTJVU2dNTERZamhIcndJYTJGTEhBS3NPelZabm5uYzJianNyUVJpVVBjUFhIU2ZtdWlZZXZ5Y3FMOGkwbFZOMWdnMkNDdWw4RUJtRTRkYmpXT0QwSGh0NGo3c25XM2E0a0dTTDhFSVV0clpJdlUybEc3Q051WVlmSmd3dmxzZG9aYVJKTVVTVDdCWXF1SW4wNkFuaEJWWHNndHRuUks5Uzc0b1B2MTJZTjY5V1N3S0dzazVxZkQ1LUI?oc=5,Google News RSS (10-Daily)
12 February 2026,Brain Academy,Media Massa / Pers,Tier 3 (Lokal/Independen),"Jurusan Favorit & Daya Tampung SNBP UNAIR, UNS, UNESA, UNSOED, UM Malang",Akademik & Admisi,Netral,https://news.google.com/rss/articles/CBMijwFBVV95cUxQbUlRM195UEZnZWZCR0M2RDhBaXlrSlN0LUx4Tlo1NkFvSVgtVjI1UVNWYVdVWmxmQjNLQzRrRFVrM2R5U2F2UF9MRllKUUFmMlBGYVJjRmRPd1M4V0ZZbDFLR0hWdnZXZmJyVUk2eUdwU255UkNOSjBsOEY0aE9fOG1ZdkN4ZWhMUkh3elRzcw?oc=5,Google News RSS (10-Daily)
20 February 2026,biome.unair.ac.id,Portal Kampus / Akademik,Tier Kampus Mitra,Penandatanganan MoA antara PUI-PT BIOME UNAIR dan Fakultas Ketahanan Pangan UNESA,Akademik & Umum,Netral,https://news.google.com/rss/articles/CBMiZkFVX3lxTE80YjBjUkc2bmc4Q1prMmJzSHF0ZVlIdmJLS3ZwSTRoRTNuTHZ5Z21VZ2k4ckdvRW5lT0YwU3MyOGxkS0MtWEFKODRreGoxYnFJelM0V0VJczI5c3BIVUh1RGtlRVRSZw?oc=5,Google News RSS (10-Daily)
11 February 2026,KPID Jawa Timur,Media Massa / Pers,Tier 3 (Lokal/Independen),"Survei IKPSTV 2025 Capai Skor Tertinggi, KPID Jatim dan UNESA Komitmen Tingkatkan Kualitas Penyiaran",Akademik & Umum,Netral,https://news.google.com/rss/articles/CBMi3AFBVV95cUxQeG5RcGdfekN3ZzJNOU5NRzZjaE1lcE9FU3FZMnBxTkgwdUtwY0tPTDhFTTdEMlUzeC00RXpWclFxck9hNE9XQUdBaVJaUm4xamkwNVJQNmgwZ2VPWDJzQm5oS0N6TENiNFdJZUl2TGhHaVp0TnF0SVNudjZHbWo5MHlrU3BwdzRzTW5hTi1TeHdTWWcwcWNYWnhTa0tXeUdIRGFra0VIX091UVJZaXpWemRrY0ZBRmI1djJ1UEM1NExIV1MtWkVWcjNZb0VMQUNsQ1hscU5jVlZybzJJ?oc=5,Google News RSS (10-Daily)
14 February 2026,SMP Negeri 2 Buduran,Media Massa / Pers,Tier 3 (Lokal/Independen),Pengenalan Lingkungan Persekolahan (PLP) UNESA 2026 Resmi Dimulai di SMP Negeri 2 Buduran,Akademik & Umum,Netral,https://news.google.com/rss/articles/CBMiyAFBVV95cUxNTjRUcnAxcnJFQ25zMWl2TF9sWlhzSDAzcDNsOWI1RlVDeFRYTlBraEIwLUE2MHRnNHpTNWNkYVZsaXhVNV9WdmNVdThaakJOMk5wbHB1OFIxcFh0ZGI0QmRFZnVUVE5DcEZmaDNnai1ib3Q4UEEtSWI5alFlR1huc1FualRQT3l0cmx5ZGR2bHpockE2Rzd1SUVLVUpiWUlQQ2dzQkF1MDh0dDUtS1J1UkFaM3VSbDFfb0lPVUtkbjhESXVCN1ZMNg?oc=5,Google News RSS (10-Daily)
20 February 2026,Dinas Komunikasi dan Informatika Provinsi Jawa Timur,Media Massa / Pers,Tier 3 (Lokal/Independen),Jumlah Pendaftar Unesa Jalur SNBP 2026 Tembus 53.237 Pendaftar Naik Signifikan,Akademik & Admisi,Netral,https://news.google.com/rss/articles/CBMiuAFBVV95cUxOcmtVZldGNDVvcXhZYjY4YW44LTc5aDBtRk0welEyb1ZKV253SXhTX0hhcE8xT3Y2TWFjOHJxalJWeUoydzdjdUJUM3FtUEhIZFdtMkRkdGdQUWFDVEZ6YVgtNHAwczZiSnFRR2NOX0RtTVM3LUszRDFMeFlSOXNuam5Wb1FkQjlRRlJJYnVrdFhYYURJRnhBV19rSGY3TzNVSnNnaHJwLXdWOTNWcVVHamRKbnZZZFp4?oc=5,Google News RSS (10-Daily)
13 February 2026,Data LPSE,Media Massa / Pers,Tier 3 (Lokal/Independen),Bangunan Khusus (SALURAN HDD PIPA HDPE (JL. BABATAN UNESA)),Akademik & Umum,Netral,https://news.google.com/rss/articles/CBMinwFBVV95cUxQSzdkS3lIM2JXbXp0d2VkMGw5R1A3NTI4UzVBb1BqMjZHRTFnVEZTdXNfdnlzTXgta3VXa0pNVHFIWTA1eHIxRm1FbUI0SVNleGdjZUZ2VjZ5QjJTR1dST2JXOWZvQnZLR2NUdWd5VWtNR0VzSFZDRWZtZ1NMOW5iQnJiUm1xcVZpX3dQMW9VVUJINE92ZldqaC1mQU13eGM?oc=5,Google News RSS (10-Daily)
12 February 2026,"Fakultas Hukum | UPN ""Veteran"" Jakarta",Media Massa / Pers,Tier 3 (Lokal/Independen),Kolaborasi Strategis FH UPNVJ dan UNESA Dorong Implementasi Tri Dharma,Akademik & Umum,Netral,https://news.google.com/rss/articles/CBMingFBVV95cUxPeFZxTTRpdGRoZjMydUJkSGt5RVhSV0htcVppRTNjbUhXNnRTNjQ4bUZhVGpnSFhCYUN6X2FjS0VUcmNuNzhBUjlnMGtKU1E1cHViTDktbTA3TlF5azh2LUdkdzdZZ1JJYnphRjBzaVNBaDN4QjZVU3FWa2hyZmNRSVcwX2hDWURDUnowUFg1UDNQMUdnRk9COExWVlFWUQ?oc=5,Google News RSS (10-Daily)
17 February 2026,Universitas Paramadina,Portal Kampus / Akademik,Tier Kampus Mitra,Kuliah S2 Rpl Unesa,Akademik & Umum,Netral,https://news.google.com/rss/articles/CBMiY0FVX3lxTE1lOG5IeHZGczcxa1M1c2R0WThkNERrNG4wU3RfcDM3SGowOGdJMnRiM2c5Y0c3VHpOMi03V1g4dWR5QUNGbHNxdmM2U2FzWHlIZXhDcVczTnB0d1FKZExuMXk3VQ?oc=5,Google News RSS (10-Daily)
20 February 2026,"Kementerian Pendidikan Tinggi, Sains, dan Teknologi",Media Massa / Pers,Tier 3 (Lokal/Independen),"Kementerian Pendidikan Tinggi, Sains, dan Teknologi",Riset & Inovasi,Positif,https://news.google.com/rss/articles/CBMi2wFBVV95cUxOUFBWVHhlMjJicUxZX3NMNEhUbTQtSHQ0QlZueVExRE5ZdU1qLTBVOTZTWXI5Qi1UOVgtX1VkbGZTcE9MZTVQSURiN2xFUDUzenRvMTdMel9nT1pUZ19UZUVjN3d3ekx3enNIX19hLWN2cU5pYkgtMms5Sm8ya0xfRTgzSnRaTFRIVHJ3Qm5BTGNPMUFqY1FsV3lhdXNGX1h4MFRQODVWTlhXbVRzcVlWN08tOEZPY0tsZUtlOWlRZG1wb2FCckc1bjhYb1R1a2pydjhmR1JlbTV0T1k?oc=5,Google News RSS (10-Daily)
14 February 2026,Kompas.com,Media Massa / Pers,Tier 1 (Nasional),"Daya Tampung Semua Jurusan D4-S1 Unesa, Ada 6.000 Kuota di Jalur SNBP 2026",Akademik & Admisi,Netral,https://news.google.com/rss/articles/CBMixAFBVV95cUxNd0RFS0l1Q3luMm5OWEtndmpWbktvOHBKcndDY3hBOXlQR3J0TGtOX2haTFd4XzQ3d1FXYUxZYmxEMkc0emtya0lISGczV2tHSnRDdmFWNG5tRGlDNVNvMzZCelpkcGlyU00ydFVqQkQ5anhXeDY5WXUwOGdlUy02bzZyTUhHR1hMcE12M0wxNnFFOUxVZC0wY19wSmRUSlcwZVFxNVpZcFJnbjB5OVRZMUhXQ2RRSFBLZUZBYzhibVFJRDFf?oc=5,Google News RSS (10-Daily)
20 February 2026,antaranews.com,Media Massa / Pers,Tier 1 (Nasional),Unesa catat 53.237 pendaftar jalur SNBP 2026,Akademik & Admisi,Netral,https://news.google.com/rss/articles/CBMijgFBVV95cUxPZE5ZS3VDWW4yc1AwQkRtajlfSVJHNjRnV3V0NWl1dUpINWNUVlkxNzFtVWgzcEhldVRPd2QyY25ibkliZ1lmTVhCc2YxaDIwY2c1R1JqdHh4SG1pRTJJa2dQWkIwaWhHMmdTekRCZ2NlLV9pMUxYbUVzZERKaFI4SXpXZXdmNlB0cXRvMDVn0gGQAUFVX3lxTE03TF9sVERvQndfMkRhaS1ZSW9zZWNpNGlFa0oydDJKZHpmdHVXZzliSlRqRlB0cG8tbkVDeHNsZEdialRmYVJBZTVJVGhFS191d0c3TkhucXRhQ2RzcXVpNWd4RENhVkRMUUw3VzZnWU5EWjlldmw0TjN4d3ptVDBObzBKUURwQ1lBU2IzazlDMw?oc=5,Google News RSS (10-Daily)
18 February 2026,timeindonesia.co.id,Media Massa / Pers,Tier 3 (Lokal/Independen),"Lomba Mewarnai dan Menggambar Meriahkan Festival Durenan Rek Unesa 2026, Ini Daftar Pemenangnya",Akademik & Umum,Netral,https://news.google.com/rss/articles/CBMiwAFBVV95cUxPU1RJRnA0WG0wai1UT2VQQnJCWS01TENDRGJfVkZSbHBPUUtSRlowQzBnWVdYQW9NUG15V25jT2Nlb0ZodXNZbVFUUjR5OHVMZHJkYjhzcUVXaGpRLTU1cUh0MkFhUl9rLU40QXJ6M0U4eVY4dlRyRUNoYllUTUdwbU1SOUpEeVdnM3kyc0NzLVBkMlRHYWlYNGRzM1MySzRWb09FQTk2SFhFWW0wSTExRWg5dTBFeWRKemFkYUNQNHA?oc=5,Google News RSS (10-Daily)
16 February 2026,GoodStats,Media Massa / Pers,Tier 3 (Lokal/Independen),"10 Program Studi Unesa dengan Peminat Terbanyak di SNBP 2025, Simak untuk Persiapan SNBP 2026!",Akademik & Admisi,Netral,https://news.google.com/rss/articles/CBMizwFBVV95cUxOR3kzaXFfSy1ld3h6Z0c3U0k1ZkMycmdsXzJvUjhzOEV4NkZtWWgtaGVkTmFPRHRVU2JGOUJaemR6V3Izc003cUx0VFczeGd4V2hyZ05wYUVBRTZoSzFHMnZLOU5QRU1YOG96QllHcnhGSnVfQzJ4eFF6aXZQQXBHTlVraDR6ajdQOTRsdDdMaEd6SEdRTTg1OXRkcDJLQ05uNjFCSTRqd2ZxTXU2aThpSjByOUZUMjgxUnhyQThKUzRyYlN0TENGamo0OUo0ajQ?oc=5,Google News RSS (10-Daily)
13 February 2026,detikcom,Media Massa / Pers,Tier 1 (Nasional),"Kemendikdasmen-BNN-Unesa Luncurkan Program IKAN, Apa Itu?",Akademik & Umum,Netral,https://news.google.com/rss/articles/CBMioAFBVV95cUxQc1VDeHNHQTlqTHE1SlVsd3d4Y25iaVpDVGFyWXJoY1UwVWhZczg2bWxzYVpJR0J3azFTbTNRLWN3X1V3anpvUXlNekNvX1lNRUNZZWFnQXZ5cHpNdEkxMWlJNHh0bXZZYXJDVTFMVVAtQVo0dGgySHFQTXVtVzVPYUVheVlZUEZvMzk5WlkzZkJkcDlwbTNnUThrZ1VNY3l10gGmAUFVX3lxTE5UamlPUEtkSnZ6YXh4SFc4R2lxYUNwYzJTRDlIaE5DMGdaWWJTRGRTOXBMdTlUUkZjQmJKQWs0eTVmcFZaRmpzdy1JbEpRYWxpQkVrczNQWTRpX2JaZl9hc2V2Qk5OZ2IzenkyTVdsdlpSenVwNDVoUEpQYTlVdnZfNUozeXNYVGhMNHhHeGFGWGw1YjI5VXFTRVdIY0xUTDJwQ2xEbUE?oc=5,Google News RSS (10-Daily)
13 February 2026,aceHTrend.com,Media Massa / Pers,Tier 3 (Lokal/Independen),"Tim Dokter UNESA Turun ke Wilayah Bencana, Layani Pemeriksaan Kesehatan Gratis di Langkat",Isu Hukum & PPKS,Negatif,https://news.google.com/rss/articles/CBMiygFBVV95cUxOSHVPRmdmakV3Nkd6ODZnQTdkdkNWUE1ENnpEVWFySUEtdUNYTmtCUGs4Y0JKdUJnTDV1bXRWOUVRNHV4bUw0cjlwRk1PQXFVUV9nU2RHWTV6RWh5UXZBQ0h5VlV5LWk1RWJ3R1FuMkVWU19hY3JOWko4eTZ1QVkzZ2dqekw5dUdlakY2b3NtcEN2WnBiVG5GUERYOGtaNVYzbXpIbWlRVFpIZldCVncxQUVfOThEYWR5d0ozSzBRZnJBSV9CcGVUU2R30gHHAUFVX3lxTE1WUmZaZjF3MVYyUldZNVI3WnJ3UGM2SGlQM1VBTXJwUjItVkQwRE9DbE84M0piQXRDWXBxVHN4VFB5QkVOMm51ZHVPd1hGdUhzQnd4Y1prRDU1clF1NTlsdGlUQlpuV3dNYk1nVEdncm9scFp6T1RULUt0TDVDR2hnMHpVOHZfUkRCcXlDYmhPTFRFVGRrbmxfY3dSanZBS252UzBSNHFtczkwM1FraGhscnhCVHdjb05Jell3eGRqUDY3MS1QNlU?oc=5,Google News RSS (10-Daily)
12 February 2026,JPNN.com Jatim,Media Massa / Pers,Tier 2 (Regional),"Unesa Percepat Distribusi Ijazah, Lulusan Wisuda ke-118 Terima di Hari yang Sama",Akademik & Umum,Netral,https://news.google.com/rss/articles/CBMivwFBVV95cUxNSHc1cUloWFZoU3p3ckp1ZjJxaFdLamoyRGpBVnR5OHV4SC1nNWh6RTZLQmp4OFY1WkFxelNRd3pZN2hDTHIyVmpFWThPVEZocUNSMVY2Tk1UWDBBSVFBdVdOZEkwdUdhaEswdW5SUnhoUUVZM1QybkJ4WnJMamZUNnVQMnFTMERDVDB3bXdJN0xvV05xT1JnRU0tRXdDTmtmS2xsOVVuRHBld21LNXAyenV0dlpuUzktenNCMXdGaw?oc=5,Google News RSS (10-Daily)
20 February 2026,Radar Surabaya,Media Massa / Pers,Tier 2 (Regional),"Pendaftaran SNBP 2026 Ditutup, Unesa Catat 53.237 Pendaftar",Akademik & Admisi,Netral,https://news.google.com/rss/articles/CBMisAFBVV95cUxPLThkUFpJd1BNY2hEeUV0NmRPMXAzbDd0d1hlR1VZdkpYZ1BEUFB4bVRTdi1Ubk12dDR4M0NwSE5OZ2NOUHR0WHRhTHU2QVJxZ0JvS3VjOC1TMEJaVnVuelgxN2dtNVVOemthVnIxOFBMZjhnZWNhNmVaMGNMRnV2MG1fLVVldDVYdWJJbmtJWVdvOXBrNFdPMkJmaDVWNl83YWVkT1RDOF85WWNFXzNMRNIBtgFBVV95cUxONkZ0Uy1kNVVVTWZVYnJPLWxCVnBQLTh6UDJCSVIzSHgyMm9zd09TZnZSNGNCYlBwOWxlbmpsS0xPYkRtU0xkb19JaUtlcy1RWGJ3ampxZlZOSl9aalZMd1k3TkVyNGlyS3E2ZjluZHdxVFl6TUJGbWVRSDREQnFtSWs0SUR2RHRBclhILVY3d244RkZ1NnBIQm1sUENsYS1JVk5TTlBMcmlLOFdmbVVDUXBocFd0QQ?oc=5,Google News RSS (10-Daily)
20 February 2026,Kompas.com,Media Massa / Pers,Tier 1 (Nasional),"Pendaftar SNBP 2026 di Unesa Tembus 53.237 Orang, Naik 26,2 Persen dari Tahun Lalu",Akademik & Admisi,Netral,https://news.google.com/rss/articles/CBMixwFBVV95cUxPS3lFRWlhNUxIN3NXUnR2WTB4RTFndlVXTi1pT0NqN19HOXRoNjA2cjNvdEg1Y3RDUDdHYThZazFLM0k1cFBSb1AwTll1YU1oX3FPSEdKUmZES2dHWkJhLVMtRVF1MW9DdmtDeG50SEl4RkotYm9MSEhSenRGU0Q4WVBBeU80UnRvbGZ5U0FRVjNhNHpHckQxZEZIWF9xQU1oOTJSbHpoUDVHaVpsOXY3bEhwZ0pjcGYzNXViZkpIb0QtZWpnUko0?oc=5,Google News RSS (10-Daily)
17 February 2026,Lentera Today,Media Massa / Pers,Tier 3 (Lokal/Independen),Akademisi Unesa: Mekanisme PAW Ketua DPRD Surabaya Harus Ikuti Aturan,Akademik & Umum,Netral,https://news.google.com/rss/articles/CBMirwFBVV95cUxOa2I2N3hfaXZfRnJTSURoR1p5Zjg2TW5jLU53b0lzaGVpcDE2Nms4TzVFeWZFcFMtRTRCMlJLVkZYZE1SWWNEMGVORGstZXktVVI4RWFzdDBBNEF5aVVrNFpZZFR3aXB6cnhHNUVONDZ2LVNaNWFLODR1dW9faUVwUGltMmswbWJpRUI0RUVQaFZBVjRNaXR4bVRTZ2RVWUZxR0N1YmVpbWpnTTVadllj?oc=5,Google News RSS (10-Daily)
12 February 2026,detikcom,Media Massa / Pers,Tier 1 (Nasional),"10 Daya Tampung Terbanyak Unesa pada SNBP 2026, Ada Jurusan Incaranmu?",Akademik & Admisi,Netral,https://news.google.com/rss/articles/CBMivgFBVV95cUxOSXZCRHlTWU5uSW1PczQtbVdiajkweW1HSEdWRktjT04tT0ZKMFJEQ3kyaEFGLWxqR3o2SF8wcE1qUXRvY0p2M3NEZkM0WDZnTFZFU0pZbkQ4bEExcTdmaHVFLUFTLU13dzlKdU90TlVpdzd2RTJJRkt3ZVFpbWtJb2dYVXNpUXNSQm9xanpjSXFLZnMwOXpHRDNTcG1GZThNWmFyYmd1eldVYThlUHEtY2dON0ljeXZsOExLaEpB0gHDAUFVX3lxTFBIOU53a1VvdzRISHk0QVAzalY0bnA5YmZDR0o1UjBOcGM2U3VUV084THdFUmdwVnJhVm11UkVZRmpVdE1VMmk1cUJZR2hZRGNESUY0Nk5VWjlBWWM2OTd1UzdrQ1djX0p5RWs5TFJpek1uTjNRNHZjN3pHcEZTazh0dFljNWwtRlJqWWVETlRiWDd0SWFlUkN3dGZEZmhqZWlXTDNmSEZYaFoyQUh6ajhvR3NFZVhRNzVLQjBTRFB2VFRVbw?oc=5,Google News RSS (10-Daily)
13 February 2026,educate.co.id,Media Massa / Pers,Tier 3 (Lokal/Independen),Camaba UNESA Harus Tahu! Segini Daya Tampung Tiap Prodi pada PMB Tahun 2026,Akademik & Umum,Netral,https://news.google.com/rss/articles/CBMiWkFVX3lxTE5CSy1DUnJvaUs1el9ZR3NiNkUwOUJRZkZMaWZVU3ZHaFNaMDB1R1NNLUptMUZkMUJfSGo5YlpwdHg3MXREV2tsdWVQZS1qWk5JVjYyYUliZF9nUQ?oc=5,Google News RSS (10-Daily)
12 February 2026,Memorandum.co.id,Media Massa / Pers,Tier 2 (Regional),"Bentengi Generasi Bangsa, BNN RI dan Kemendikdasmen Luncurkan IKAN di Unesa - memorandum.disway.id",Akademik & Umum,Netral,https://news.google.com/rss/articles/CBMivgFBVV95cUxOTmdPWUR0Zk5xaTREcUhlMnRjVHZ6LXIxeUYya0xGZ18tSUs3eUNrRjhWcXRVdXlyempha3FuTkR1VkEtUWRtWm9aU3prNEJDZV9wb3V2TFJYemkzSlhLLUNrV1l3amQtRkFzN2t0VGZleWRYbVIwWGtBWlNmZHhoWjZiTFpYRWY4OUJicDdzaWZvMzRkYWhCMHAzalk2ZXphNm95NWpnQkhKSDRTOGRFOTNmblN3MGthUUw2ZFRB0gG0AUFVX3lxTFBCQi1TbmQ1X1hlb2tMWGxsQlpFVjk5a2Zva0pLTEl2TWNxQURET211VWF1RmRzVTJSTHhka29HSTAwbHFRMjAtMlRvQ2lXSG83QmVPeHpNVEJPdjJIQWQ2ZVQtd25BZTRqeFJod1JkZ3JUV0h3QWRHXzdpZW00ZEY5Z2U3anBiTTNMaEtQVEpjMlJOWV92b3loa3FLbXVTT2xRY1pYTVlOb0ZLdmdDS3R4dVBTVg?oc=5,Google News RSS (10-Daily)
18 February 2026,ketik.com,Media Massa / Pers,Tier 3 (Lokal/Independen),"Segera Daftar! Unesa Perluas Pilihan Studi, 9 Prodi Baru Resmi Dibuka di SNBP 2026",Akademik & Admisi,Netral,https://news.google.com/rss/articles/CBMiugFBVV95cUxQekVPbG1sZFpJOFgtQ3d4Q1l2RjBjWW9UVElyU1NZd29MSndfMmhOV0tPQkplazJRd2VDZGk3NzVJbkdzQWRIZUVZSXB1bnJEM2xnS2xLb1Bid1hzWnY2ZllWbHBjQk9nU0MtUkFFemZhQ1hFZXBkXzd6QWpTR2lfZk1WcUxQSHQyMzhMQmNYS1lyZzREaUszS3RqdTFKQVdJaFFjNVBKc3A5Nkp4VEYyWEpCeHZNTmVyYlHSAaQBQVVfeXFMTk9IemdUaHZva1k5bDhlejlXLWRObzcwMXA4c1I4dXpfYkdSOXc0bG9Sa0d3ZmVNWndxdFF1TllwSDNyQkRZRWpTTkpUVjBidXhkSWk1VzZTQk9qaEFzY1RXcmY1alpKRE9MTWdHekVUOFZqdTdoZ2hybjA5NTRwMlltSzI3QWlaVzN4Wm9CWjZfdm9nOWhkWWRJTkpWQ19KbHNfRFk?oc=5,Google News RSS (10-Daily)
18 February 2026,Good News From Indonesia,Media Massa / Pers,Tier 3 (Lokal/Independen),Mahasiswa Unesa Laksanakan Kegiatan Kampus Berdampak melalui PLP di SMA Kartika IV-3 Surabaya,Kemahasiswaan,Netral,https://news.google.com/rss/articles/CBMiiwJBVV95cUxPM3ZwNHBfZWtKbFRHbGtZMFpVeHhrSWw0Tm9TMHgzM0JXM184Z3ZYUGFwMXRqSEpPMzhNajJaaWdoZ183cHJmdnoxNFFBcEJZRTlwSjlEY0JVdUZNYWVqeHVydkpfejI5bXROVGt6RlgtNGVCQ1FrMXBUSW5yQWlMdUhTS3laRTV6RGFVcFQtUjRMWG9oQ0Iyd2RCZ1NBRUJzWko3S3lwZFYtaXVYMnBJcjRhaVU3aVVLcTN3eUowR3g4V2VxR00yZzlLMmUzVk5QRlhpWUNFR0VDRGRPenRwTDVpZENjS1lIcjFJTWF1VkV3Y1NyX1A1ZGZFQkRudmNaMHdXNVQwc2Yzams?oc=5,Google News RSS (10-Daily)
11 February 2026,Suara Merdeka Surabaya,Media Massa / Pers,Tier 1 (Nasional),"Jadi Guru Besar Unesa, Prof Martadi Sebut AI Jadi Alat Vital Konstruksi Seni Tradisi - Suara Merdeka Surabaya",Akademik & Umum,Netral,https://news.google.com/rss/articles/CBMi2AFBVV95cUxQdjlQMHNTQ01xQTNUNEw3dUZiWFUzT3Y4ZzE3QmVNc0xmTkJ1UkJ4YWxPOGdieVBsVkFaa0dMQnVTQXg3SDdjdnNzQVVTVVNaYUU3ekU5QkF5REhMaTI2YndyMG8zWlF0WGFQOTV6RUVaLUV5U0k5ZkVmQmdwcldoZU9GRzNSUHFpaW96RmhleUluM1liNHN6SUEtejRxVXBWckxoNTR0WTg3TDVyOV9GWDFWNUgwdDdmQ2JxUXVDZ25TVGpPdkp5eThvWU1objZEem5tWHZCNHrSAd4BQVVfeXFMTVFsV2RQdGVaYXdvX0NhUUNQbk9tay0tdmJOTl93UFotUUdjMzFsUm51R0hjeDRjSVlIZE5IS2tBaTJ1MTJ1bjRFdmxQUllvVndfUEUtZU15Y1VzaE80UEN1U3Y0YXljT0FEV2ctNzZiMlFFSVc3ZUtyX3FBSS1sb0p4VGRhVDJTOEUzUnFzUk1Mb21oUTZOc2MxN0t1dHkwcU9TYU9NMXVRb1hLTE5Pc0k5cDdVQ1g0eTQ2R2pJOXphdU1ycmJmYW5wU0VaaTVFQ29SdUtCTFo5N3VObGZn?oc=5,Google News RSS (10-Daily)
13 February 2026,medcom.id,Media Massa / Pers,Tier 3 (Lokal/Independen),"Intip Daya Tampung Unesa, Maksimalkan Peluang Lolos di SNBP 2026",Akademik & Admisi,Positif,https://news.google.com/rss/articles/CBMivgFBVV95cUxPTk5sUFdVWkUwYmNiRDNtYzlYU0ViVXFSS1Y3YkFHTXl6QnZuQTJqdG0xQTluRmlmYTRPVEZBUmFNTVdENkJ3TEdtTElTNHdaMTdjT2JBb091NGxnZXB1NTY3Zy14Zm9wTkdaY1pUMUJZWnU0bUdpYmdXTElLN3FDZFlveFBsZ3NXYy1VcTAzaXItRXlMdDZYQTRvUWVmaG5rMlJDNE53d2lSeW1pVE5saXpwVExEcm1JR0V4SUFB?oc=5,Google News RSS (10-Daily)
12 February 2026,Radar Surabaya,Media Massa / Pers,Tier 2 (Regional),"Unesa Buka Jalur Golden SNBP 2026, Beasiswa Penuh untuk 25 Siswa Berprestasi",Akademik & Admisi,Netral,https://news.google.com/rss/articles/CBMiyAFBVV95cUxQV09pX205aHgtVW10LV9TZDdPdllLWUNVelctMlM5RkNSVFczZTVCdVQ5dlZHWEh4SWtMU2ZJdUtSX0RMOGV3M2R6VXlRekFhYlRNbzRqQzZtbmZnWXhkRWNGZTV5UzhiN3JtVHhneHJlM2h2RFFBZV9KZDFheHNabXM4OXdaRVpIU25NT2ltSFVZbXRHM3YyeWFKcGcxc0xSY2VINzJvRkltbGtucG9yZnZzSWxKbG9FX19jTDU5b0piX0FoTUFOcdIBzgFBVV95cUxNSllwU2pQLVQxNzFWa3ZZT1dSUWNaS2JnbGJCMVJEb3RqTXVhXzMzbzR0OXRpTVBYZ1JibTRMMWdISlAtTUR4ZHh3QUJvQmRJTzBOb21oYkkyb3BEMk5PaENKb0Z5ZGpMaVU4cEJqRXVMaDdmQnFHRm1yMWtVOHg2Ul9PNDBSN2M1cDM4YnR0ckxsU3ZUMkxjTmNnbllNRjdPakFhY0Z5clFrV1Zad1ZPNlVNNkc1TzhBbjJaTmxIY2dhZHNYMHByaXpxeXlqZw?oc=5,Google News RSS (10-Daily)
19 February 2026,IDN Times Jatim,Media Massa / Pers,Tier 2 (Regional),7 Pusat Kuliner untuk Bukber Dekat Unesa Ketintang,Akademik & Umum,Netral,https://news.google.com/rss/articles/CBMitwFBVV95cUxOd0ltdThjTl9ZYUpsLW1xaDBVV0JuSGRITVlJdzh5WE5fRGM4ZFdRSVFQOXNJUERGaHMtbWZ6Q2FsUTk0OFZOVURnT3hBb3gySndRNWxtUGVaeDBEZUpxU0hRSVhVYzhfSWZhYk1xRnF5ZWRRSU1VOTRKMkQ3djQwVzAyOVdRb3NPRllBRVhBRl9hTXIwS19KRTcwVE1rdUdLcnU2cm05eHBOeGYxdWFud0tXRjR2VUHSAbwBQVVfeXFMTjdmalppLUhFdnl2SGdtQXF5TGVaa1lsM3pwQ2Y5V0txS0VxdWdzTlZTdm82eFdHaVJIYi1mOGQ1aHJneHd2S2p0QzBGOGM3RHYxUzdQVDJzdURvV2pQZEJCREstcC0zQndSd09oWnBmdnpsemZValNSQ2ZuLUVXT2JCa0tXcUw1b2IydDBoMUdEVzFyR245YWFjbVhhYjA5bE1IV3AwV3NwalZ3b1B6aDNrRDUwaG9ycjFVYTY?oc=5,Google News RSS (10-Daily)
20 February 2026,Surya.co.id,Media Massa / Pers,Tier 3 (Lokal/Independen),"Kuota SNBP 2026 Unesa Bertambah, Jumlah Pendaftar Melonjak Hingga 54.237",Akademik & Admisi,Netral,https://news.google.com/rss/articles/CBMiwwFBVV95cUxQRVBoaExLalZlS1c4STktMzd2Y3lDazdxUHlUeDVqRzlfSjJ1d2pOc2xLSXRVR0djcXl0bFBQdFdwWWdyOC1yUUZPS3h4NWhZcW5Ib1UyTFgxMHJlSS1HbTVjSW9IV0pzM2t5c0dVZWs2SVpuOHZYVUlMM0lxWDVjVDNQRkdQa3J6OGpac3kxNzJNckp5S01jVVVDMEY2ejlJS2ZYMFBMdWdmT1phb1drd2toR3MwYThPRXZtY1NaWEtPeWM?oc=5,Google News RSS (10-Daily)
16 September 2026,campusleague.id,Media Massa / Pers,Tier 3 (Lokal/Independen),Profil Selvyra Khalishah - Universitas Negeri Surabaya,Akademik & Umum,Netral,https://news.google.com/rss/articles/CBMiigFBVV95cUxQdk95NjRVcElraklCNW5WejkyNTZNb3lmeURTNlVXNVMtMV9JQmt0QTVoSTZQdjZlaENOb2FYOVF2dGJuRnFCY3dvSmtrRnBHQWRoOGQ3OXJmVDFON3lUN2hpdElqRWgxck9GTFlBblZqUUJIYXVMWmtrSW4yaUpoQk8xRzdtTkQ3M1E?oc=5,Google News RSS (10-Daily)
09 September 2026,Involuntir,Media Massa / Pers,Tier 3 (Lokal/Independen),law-for-dedication-himpunan-mahasiswa-jurusan-hukum-universitas-negeri-surabaya - Profil Organisasi,Kemahasiswaan,Netral,https://news.google.com/rss/articles/CBMipgFBVV95cUxPNTFFQThBaFF5WDh1UVlNdkRtYTFldGJMeDgwWlROUWh1blFCVTdUekpvRFFpQ2I5b0ZxZFNIMmFQbU5LVWJWTF9vUWd2YnVpSHk5YXp3d3BRWTVDT0h0aUxtQTcyeFNrSFNITkFySUo1QnBrd1VkTVJ1MlMtZ05JN0ZzUEs1S0dfVDdxcUp0MXlicmk4VWFvcFdHbUZ3VW01NzJMWmhn?oc=5,Google News RSS (10-Daily)
24 March 2026,Universitas Negeri Malang,Portal Kampus / Akademik,Tier Kampus Mitra,"7 Kampus Terbaik di Jawa Timur Versi UniRank 2026, Mana yang Paling Sesuai dengan Minatmu?",Akademik & Umum,Positif,https://news.google.com/rss/articles/CBMiwgFBVV95cUxQMmFySENzVmdHZTRMQmhieFAxS25aZFVFaVp6V2hJQ1RDaHlRWEIxT3daMzl1VEFJYnk3Qll2RkhyTGh6QlpucnpLbUJLS0NUQWRsTEEwMXdkVjhXcFhxYjhWUVZCcUUyZlpTeGdTb1dmZFZVcDJVQmdJQWNKZFpsQ0paeDB4bHNrQ29nS1RzQlpySDdXUlM2ZkNLcFJNZnQzekFYOHZZaEgxQm9pZ3VJbWZDWlBnNWU0ZHFpbncyWXVNUQ?oc=5,Google News RSS (10-Daily)
01 April 2026,Apple,Media Massa / Pers,Tier 3 (Lokal/Independen),SIDIA UNESA,Akademik & Umum,Netral,https://news.google.com/rss/articles/CBMiZEFVX3lxTE00T3F6SGZDT29mUGVaNDRVRzdkZnFOZjhLcm9VWW5hRF9hdmt5TUhhcldUT2V3QTFiYzE4WUdHelQ0MXlaWTNmMDRmTjFHZGpkX3NJNXZGN2pPUmJwWWtoRThVZGI?oc=5,Google News RSS (10-Daily)
23 February 2026,grand-elephant.co.id,Media Massa / Pers,Tier 3 (Lokal/Independen),Unesa Ketintang,Akademik & Umum,Netral,https://news.google.com/rss/articles/CBMibEFVX3lxTE5vMndnczU4UllJLVpVWHB6dy1xZUZSeXc1ME5jcnppd3NaYWhLaFJrU19Kejl0dVJfSTJ1VEYxcDlNM3pxMU4wT1RRejdhRm54c01iVXF0SXlYT2tDVUlLSWx1VVZDdmpMcmE2Sg?oc=5,Google News RSS (10-Daily)
27 February 2026,Garba Rujukan Digital,Media Massa / Pers,Tier 3 (Lokal/Independen),Garuda - Garba Rujukan Digital - Garuda,Akademik & Umum,Netral,https://news.google.com/rss/articles/CBMicEFVX3lxTE9EQnZfakd1M3dSMVJIWFdLOW1UY0RVcjR0eVpDOThQVkJCbHVWLV96SXBxVGFqY2F2SmZIS2NLZnM5QnNWdmZiTXh2cExmT01jUzhMWllQNzhuNGpwcHhfVDhIUzZqX2hoUDBUMUxReUw?oc=5,Google News RSS (10-Daily)
25 February 2026,Universitas Brawijaya,Portal Kampus / Akademik,Tier Kampus Mitra,Benchmarking Program Studi S1 Kebidanan FK UNESA ke Departemen Kebidanan FKUB,Akademik & Umum,Netral,https://news.google.com/rss/articles/CBMipwFBVV95cUxNNEJDZWlUbE1RMDN5bWlWMW91c2tCUk9lN3JqM191VzJMbTBCV2JKTS0za0RqUml0TnRCNDFtUmlNV24zbWp3aG5pOWpQRTM3WDdkVXZZTE93UlZtZGlYdTd3NDJEbS1nSllNaGx2cmczUEg0cllUUEkwSGpLZnBRNHBKU0ZsZFYwek1xdzRfaG1HdW9MdEU4WGp0M1JnaHZCelVReDlwYw?oc=5,Google News RSS (10-Daily)
23 February 2026,Fakultas Hukum – UPN Veteran Jawa Timur,Media Massa / Pers,Tier 3 (Lokal/Independen),"Teken IA, FH UPN dan FH UNESA Laksanakan Program Pertukaran Mahasiswa",Kemahasiswaan,Netral,https://news.google.com/rss/articles/CBMinAFBVV95cUxQUnRYYkdJYTJDdnVXXzRScDhuLVMySW1yOW1xUEg1UUNfLTFVQmxJZlJnRWVNbmFDM0ZZdmhtUGNpY1RmOGY2M0Y4RkZWdUoxaVVfd0NOSVNFSGlma2p6b2I4ZF9KZjFLTmZMaGlZMFFYUldiMU5WLXlBdUliZkxBaDAyRENxZUxUak5VcmFhVlVkY3A0eHFMdHB6Tmc?oc=5,Google News RSS (10-Daily)
26 February 2026,gofood.co.id,Media Massa / Pers,Tier 3 (Lokal/Independen),"Bubur Ayam Bang Rossi, Babatan Unesa",Akademik & Umum,Netral,https://news.google.com/rss/articles/CBMizgFBVV95cUxPeXRlWW83Yl8tbzZRMjBGdE9hWGtEcmV6em93ZnhfZ1h6WmFpbUw0LVZ1c2ZKVGV5LVNfNkZmaFZSS2I5R1BnVDVMQnJyakhtdFB1UW1uZ2x1SUNsaHN6U3Zna1B5Z0RuZm1uUlM5OGtCM21qNkJOeEJZd3ZQTGhsVWVtSF9uSjMtUW5GSU0yTXFmWFp4akE4UUhBa2JmSUtVYVVSMUFfSVozbXZfYndCX0dUVzlaMnNZOWJWZUY4LVhrdXd4NUpEUDdzRDJwdw?oc=5,Google News RSS (10-Daily)
24 February 2026,Kompas.id,Media Massa / Pers,Tier 1 (Nasional),Animo Tinggi Pendaftar SNBP Kampus Negeri di Surabaya,Akademik & Admisi,Netral,https://news.google.com/rss/articles/CBMiiwFBVV95cUxObldnczNWRWFQMnZnS0F0TWd4Vy1wbGdRSGtjSkVHYUF6dFJTUkFYdndkQ0lILVlCZmdJVHNQUFBsNFZVY0lONXd5dDEyeWwxdUlfT2RBTkJfV2liem9DaW1adjZET2NrT0dtUENWd1Roa283V2ZUSGdBM05HZmt2Unl0TUh5RkdablU0?oc=5,Google News RSS (10-Daily)
21 February 2026,aceHTrend.com,Media Massa / Pers,Tier 3 (Lokal/Independen),UNESA Hadir di Aceh Dampingi Guru dan Siswa Pulih dari Dampak Psikososial Bencana,Akademik & Umum,Netral,https://news.google.com/rss/articles/CBMiwAFBVV95cUxQZ3Fxdm9kQlljc1FrSTd1aVdiVFJFRDczOUZpQ3ZoX1V2TXY3ZW41QzVMQ2x5TDJ3WnpndkEzdklzSmJPWHJ6V29PZnFoQmxGVVFhajVmd0tpbE5kNDREYllsRGViRmJTUlgzUW40UU5hX2dlcnc4NTBTc0xHX2hqemM3cjBHMmFWZGhDYXplU0JvMThxOWpEMmJzWkxTX2ppamhHbkRHc2FvTHBWd0NXNjQ5ZUtxYXVKSlY2Qkp2eDjSAb4BQVVfeXFMTTFINXFHTmNDN3ljNXIwUTMyaWxLYjQ5MWdRMnZvaDBtVkE4cENxZ1lfTy0xLVRQNHIxZG9HQ0dKellnT3lOVTd0eE9aVGkxVWJNSlhoVFZReHBJSE1DMkFKa29wN3hlaVVFODRQX2twM2s3NVhVZUQ0QlYtemsxSnZ4Zzluak5ScmRHNUdqdkNvWXhLQVBIN3ZyLTZ0RHJBSmJ0WEs1eC0yMFdiUFFMMnQ5d1YwU204V1FLbTIzQQ?oc=5,Google News RSS (10-Daily)
22 February 2026,detikcom,Media Massa / Pers,Tier 1 (Nasional),Mengenal Lebih Dekat Sekolah Rakyat Unesa,Akademik & Umum,Netral,https://news.google.com/rss/articles/CBMijwFBVV95cUxPek05a3hUMTdZdFdYS2hzR0ZQalFHLTV1UUFVX0ZIZHhLLXk1T0hlRE1qOW5fVmJjODExMmIzOHN4VVBXdEx2U0RGT1paRFJPNlRtNUhYa0sybzNnVENPTGNGd3BPNDBTVUlyLTd2c01pSC10TmM4cU0ySW9UZ0RjbHc3b3BWZXpZUFZ6ckRBb9IBlAFBVV95cUxOTHJFenJ6UEhqUjI4QTd3VWhnZXdMbDY5c0FuT0ZhanBhS1ZfZTRFNEViRmdzT1EyTVNfOThvMVFEOS1vbWUwdzlkRm1aYVhoZm05SHRacWwwN3cwTWJlYmNfSlh6WFh0dnJRMmJ3UFVPWUExd09TOGhOMFQ2NTJiaUpoYkMzYWpCUmNOZFB4M2cyNUY2?oc=5,Google News RSS (10-Daily)
03 March 2026,Wikipedia,Media Massa / Pers,Tier 3 (Lokal/Independen),Templat:Wirawiri Suroboyo/FD8,Akademik & Umum,Netral,https://news.google.com/rss/articles/CBMia0FVX3lxTE1QUkdsWFpock92Rl9GekFjUm1weG5vZEkzMzVXSkNjWTZ5LW9ZQjRyX0xlQ0VVc0xYdFRkY0dDZEo4dTdJTXlGNzQ1OG12RTZlczdNaXR6VUVTVDZKa0xiV2JQT0RueU1GY0NR?oc=5,Google News RSS (10-Daily)
25 February 2026,Universitas Muhammadiyah Malang,Portal Kampus / Akademik,Tier Kampus Mitra,"Update Webometrics 2026: Inilah 50 Kampus Terbaik di Indonesia, UI Masih Kokoh di Puncak!",Akademik & Umum,Positif,https://news.google.com/rss/articles/CBMiqwFBVV95cUxNV0FUeDJEbGVDb1JOYmdZb2tKLUZYaU80cllvbUp2WW1URHNnaHZKSVhNVVF6MmxISGJ3VGtuNVAyZ3oxbXI4MUU0WVhaLXJ1N1NhZnhYQXFweHVzcGl1eFpfbmhfc1doWnYyNncweHI2NDNmQTJzT1BRLUdURFpnN2FOcTFMU1ItY3ByMUlSdHZRS0VpdS1SUzFaVTFyY3psRGlWd1ZaMlpXZUk?oc=5,Google News RSS (10-Daily)
26 February 2026,lihtr.unair.ac.id,Portal Kampus / Akademik,Tier Kampus Mitra,February 2026,Akademik & Umum,Netral,https://news.google.com/rss/articles/CBMiSkFVX3lxTE9uNUs4MVlScXpDdEpMVE9ldEFYWEVtb3d1OUl1OXJLRDZtTnFDdHNndUZDRkpwVjY3NXcybnRwc3B6cEZJOHh1WEFB?oc=5,Google News RSS (10-Daily)
28 February 2026,APPISI,Portal Kampus / Akademik,Tier Kampus Mitra,Pergeseran Makna Tradisi Megengan di Masyarakat Jawa di Era Modern,Pengabdian Masyarakat,Positif,https://news.google.com/rss/articles/CBMicEFVX3lxTE9ob2k1RjgwX21aZXRXa05EdHpNZUxxekJjcXpkTjh6Rm9vRjlPbHFLRnBNODc0enFjNE5QcWk3WlRiQWFWRmhRa21DcURZSjNBTFpLWlRjLXBXMTZSeVNrcXNwZnZlbDBwdTg2NjNoSlc?oc=5,Google News RSS (10-Daily)
25 February 2026,detikcom,Media Massa / Pers,Tier 1 (Nasional),"Raih IPK Sempurna 4.0, Lulusan Unesa Buat Pembelajaran untuk Atasi Trauma Matematika",Prestasi & Penghargaan,Positif,https://news.google.com/rss/articles/CBMiywFBVV95cUxPZ0ZDdUg1dE1WLVBjMkZKaXZsUVJkM25SV2dTdkJLRWFhMlVnc3l0MVlvRENaSFFOQjE5bEgwZnM2ZDNuR3JYUHFBZlhVUnVHbHJxVUtlQnFMYkhNSmttUzdUVGU3Z0lFNnpXZ1RqeWtEanUzcE9neVUzTkd0blQyZUxCakZhd3FDYktMcFM5dC1mLThGTTN2Um9QcElzVGUzSzZGRXprbHVQdXFrU0dYQXVDV1BhTTRvSGJBSTZnZHRaVmdiRGdNLWw2VdIB0AFBVV95cUxPMG15a25qck5LLWZkWmNxaWtmU2ZrbnVTUWhnZzNFQ2pMcHRleXBrY0dfcVpIUktHNUlXUWI3bzcwbnRhcFAtOUhFaVUyRHo0X1dUQXhOTGxCRHR2a09jenJpLW1JVl9saVM5WWktREt2UkwyVkdkenh1ZVpsNlgzYm5MMkFaU1FDdHVzd19xU3hqb2JLYnJyeWRoWWVQa1BDcUg1M0VuMG1qT25reWtxV1pKRnFqTjlKVDJiSTFkV1l3aTBfYXBOQXlWRndDRHZW?oc=5,Google News RSS (10-Daily)
24 February 2026,Nata Solusi Pratama,Media Massa / Pers,Tier 3 (Lokal/Independen),PORTOFOLIO,Akademik & Umum,Netral,https://news.google.com/rss/articles/CBMiSkFVX3lxTE9OZ3BuRDg1OUxlazRMY2tkTDNCc2ZsVk1zaUdJeThoUVR6V3lyTWJGWEF0UVFmYWt0c3FkUFhhU19tbzRidGNYOXd3?oc=5,Google News RSS (10-Daily)
23 February 2026,unair.ac.id,Portal Kampus / Akademik,Tier Kampus Mitra,Kabinet Cakra Vidya Resmi Nahkodai HMD Ilmu Sejarah,Akademik & Umum,Netral,https://news.google.com/rss/articles/CBMiqgFBVV95cUxPaGNSRV9fZDVYS2JFYk1RbGNyaWtrSFUwQWRHWU5sb0NvazBOYzMwWG1wc1UwaUVicnZYTmlvS1hHSzVTTUF3SnB5QUhfZkViYll3THlVYW5XS2RjQzItcWFteVF3djdKblFLdXkzZzh1YkpxT0txUlNLYS1QMFRfUGFLSjkxbDRremR0eGlZLUJTYzhfZ09iQ19iYlUyNmhLUTNDT3RCYzUydw?oc=5,Google News RSS (10-Daily)
24 February 2026,Brain Academy,Media Massa / Pers,Tier 3 (Lokal/Independen),"Jurusan Desain Komunikasi Visual (DKV), Buat yang Nyeni!",Akademik & Umum,Netral,https://news.google.com/rss/articles/CBMieEFVX3lxTE1lT1pNYXhLMFpiYTFodngyZDN1UThNUmlOSDZ0ZkpjVHF2VVhfY1VXanVlcFRIZnlIdE1GbXZpZXNkZ1N0anpZUkc4Uk4wMU9PN0hkOUxhcnRydTRiazQ5c19VbnlaWmRKVUp3eEUtRFpacnJlejVhSg?oc=5,Google News RSS (10-Daily)
24 February 2026,Universitas Negeri Malang,Portal Kampus / Akademik,Tier Kampus Mitra,Kerangka Konseptual Peran Guru Bimbingan dan Konseling sebagai Fasilitator: Dekonstruksi P5 menuju PL8D dalam Kurikulum Merdeka | Ilmu Pendidikan: Jurnal Kajian Teori dan Praktik Kependidikan,Riset & Inovasi,Positif,https://news.google.com/rss/articles/CBMib0FVX3lxTE9RcVQ0S2hlOUY2YmN6cVRhTV8xWHRTNDJiR1dXaXJhcUdjdDE0SkpnMEtpRldBSmZMZ1o5eFFfdnk0VENORXNFOThmZmdjWmR2elRSYTgyTVRBMnNielhSeFc5aF9kdEJScFEwMHJWbw?oc=5,Google News RSS (10-Daily)
24 February 2026,Infokost,Media Massa / Pers,Tier 3 (Lokal/Independen),Kost 500 ribu Surabaya Murah - Halaman 3,Akademik & Umum,Netral,https://news.google.com/rss/articles/CBMiX0FVX3lxTE9zaVFkME5OZXhKNER0ZG54S214a1k2b0dZenctdkM0MDliN01pcUROZzktRC00SGs1a1hKRFdpV2h0NDRvUk1KU1hLNk9NYkQ0SGd1Si1GWGUySTEzOXNj?oc=5,Google News RSS (10-Daily)
22 February 2026,Suara Merdeka Surabaya,Media Massa / Pers,Tier 1 (Nasional),Unusa Siap Lahirkan Dokter Spesialis Berdaya Saing Global lewat Dua PPDS Baru - Suara Merdeka Surabaya,Akademik & Umum,Netral,https://news.google.com/rss/articles/CBMi0AFBVV95cUxPU1dST01wVWd0Ym5aZW42bUVUa09iXzNveW9kMjVVVUtIOFJjaHZ4aE9Oei1qTHNKSThWREhWdU1OYmFVb1JWUkhFaWozVlhiSEhkTTQ1UGE4c1BianlGMUs4d1Awemx0blpTb2ZueF9DS2FYeXp3a1EzUkhJMDJVajNpUERWd0Y0Q092UGJNSXVTQ1I5QUpqN3o4YkttdExwak5fQVRmdTdTMnlCdnEycUxFbDctQmZpX3ZTeVpveFBMLXpETXlDVjhpUWprbUM50gHWAUFVX3lxTE1ZWDFjWjNPaWF2bHFZTUE5d19wTTFmUWw3eWdoclVCS2dzcTgxUC11aFVSSFNvcXNINFUxOGw5ZnBOeHZYR3dhYmdGeDNLbkJNZEs4TTBJTXFZd216ZnVRcUNRM0dCcDIyY21tRUR1Y1JCUlpadi1IRDN4M0xjZEFBWUpkUVBzbkRoNFlLZ1g5OVBzeUVtRXJnQVZpVm9JaFgyNzdnT0NHYWlMVk00NENmLWxfQlNXTl9wZHVUYlZJNm9pbk1HVnUwMVZuUTMzekxMaFZmYUE?oc=5,Google News RSS (10-Daily)
25 February 2026,detikcom,Media Massa / Pers,Tier 1 (Nasional),"Puasa Ramadan Bantu Kurangi Stres, Begini kata Psikolog UI-Unesa",Akademik & Umum,Netral,https://news.google.com/rss/articles/CBMirwFBVV95cUxPckZHWmlaUVJmZWxsRnZsSTlsY0Q4akczT3phYVEtX043MFdfOGdULUJYckM5U3BFZmlzU2lBWU5BZFlOS29jSUp5TEJVSkk0RFpPQzZZUE1FUXpaTzBYN1BmMVF3OGJ6MFotaHJwSUV5QmtzbUJTSXBOZ0hISUdEN3dKWHdZOE1TQzNWOEtUWWtBeU1CakM5c1U0b005b3pUNlVCYmpRMC03OW0yYVpZ0gG0AUFVX3lxTE1UVTdNMnFLSjFhVk9EZWFjc05mUHY3VFhHaXVnSHhla2VLakY1R2lpQjNYWFBvOUs4bkZqeHpWeWdUSDVUYVdiVG9pdU84aWpzdGRUQm5RR0ZWME5QSF94TU52ckMyWkN6aDE2U3NVZy1zbE5hUWZsSTJlcDBHbWdxc2xxdzQ1NmMwNE42NnBOclFQWncyWHpaVWg0SXFhUFlPdWF2cHJKaTRVeWFSWjhzWFdMLQ?oc=5,Google News RSS (10-Daily)
27 February 2026,Infokost,Media Massa / Pers,Tier 3 (Lokal/Independen),Kost Putri Surabaya - Dari yang Murah sampai Eksklusif,Akademik & Umum,Netral,https://news.google.com/rss/articles/CBMiVEFVX3lxTE02TC0xQVBMWExiZThCQ0JZOFJvYWNSU0Y3QUlHQUljdzd5Vm9VRlRmX3ZGWXFFSkRNV2NJbUhyTEd3MmZ5ZVJZRkdQcjJaU2xjRUhVWQ?oc=5,Google News RSS (10-Daily)
25 February 2026,PKBPI,Media Massa / Pers,Tier 3 (Lokal/Independen),Succes Story,Akademik & Umum,Netral,https://news.google.com/rss/articles/CBMixAFBVV95cUxOWmJhd0FKR3hFdDJVaVhuTDNMYUpLYzZrX1pxZ2NoMnExS0UzUHlPYkFZS3FvQ0hwRVdHVjFjckRLRUd5b0cxYU1uVVJMU0M0WFNOOHNvOWV0al9INWpjR1pUWTU0MEF1aVg3SkZWWkU4bFdaM3UyODRiQm1VZ0RkamFTOUtKRXJ3dTFabUlZY21MalVBTFVIQXZMaUlWRzV4aHlzVVJ4ZVAxNTZIQ0g2eUtWWFBFU1FhVUp6cVdkel9yM1Jh?oc=5,Google News RSS (10-Daily)
28 February 2026,lppmunsera,Media Massa / Pers,Tier 3 (Lokal/Independen),"Psychological Empowerment as a Mediator in the Influence of Perceived Support, Engagement, and Fit on Commitment",Akademik & Umum,Netral,https://news.google.com/rss/articles/CBMidkFVX3lxTFAyS2xOaUVPRGdIZzZfMXJ6ZXFvWExkWFVqakc1eE5Fa0lRSnhCZ2ZZRnc0R3kwUHJOaE5kNkNRSlNJWU55ZGJfNmtDaXhJZExxWk4xR20wcURySlU2aEFoaFU4b3RuZUNvNlQydUFSM2k4c0VMcFE?oc=5,Google News RSS (10-Daily)
21 February 2026,jatim.antaranews.com,Media Massa / Pers,Tier 1 (Nasional),Kemdiktisaintek jajaki kolaborasi riset dan pendidikan dengan Rusia,Riset & Inovasi,Positif,https://news.google.com/rss/articles/CBMisAFBVV95cUxNMV94MXpmdWQzdG1tTTFxUTNsUjVBdDV4RHZQSmtCbURCWUJpT2V1dWlra0wzdDZyTXNkaTZxM1NRQ092RWZRTXFhdzlVa0d0bFpqQjByeHdvbE1oU3NkVjRSa3ZnTXVNWmVkOFN1aWZmOVVPV2lMWjYzZUZVbzJORm4tMi1fYXFFeEVFZHUxcDhycEVuRGd0OVdsNmwxUXppOGxCelZEXzNMZkNqTmh1ONIBtgFBVV95cUxOaDUtbkh6S1BhUTNGNkxjWkxUWlBqTllUSjdEMnlwckU3OF9VUjNIU1pOZEZGV0sxZW81TUpuQlVvZTIyVmxIXzNTVGtnQ1Rnb3I4czFCU2tzb3FyS3FPUF9KRjZkeG8zSGZSRFFldmxmLU5JTFJFZVViVElWbnFfWDI0Vkl0bWlVNmx6NU5xaEFCcTVsZXcwNnRrQklPTTVZcWRaVlMzemp6VmR2RGZOQWk5NExMdw?oc=5,Google News RSS (10-Daily)
23 February 2026,Telkom University,Media Massa / Pers,Tier 3 (Lokal/Independen),"Pengaruh Komite Audit, Kepemilikan Institusional, dan Ukuran Perusahaan terhadap Manajemen Laba (Studi pada Perusahaan Sektor Infrastruktur yang Terdaftar di Bursa Efek Indonesia Periode 2019-2023) | eProceedings of Management",Akademik & Umum,Netral,https://news.google.com/rss/articles/CBMimgFBVV95cUxPUm1xV1ZYZEp5Y3JpQ2F5M2RENW9pT2tHSl9DamlCVzVxX1ExdXVZYUNtS2FLY3VDR1kzUXBxUTZoUDl1YjBxbEpBUGdra1p6UGtaN2ViMHo1dUtyTXNjaXdFNS1xb1FhMnBfX3BXd1Nfa0tHbTJvWklLZjBZVkdxQjNhck1ZTGVQVkJhR0MyUzdEYlA0QWwwZUxn?oc=5,Google News RSS (10-Daily)
28 February 2026,unindra,Media Massa / Pers,Tier 3 (Lokal/Independen),Eksplorasi Faktor Psikologis yang Mendorong Remaja Terjerumus dalam Gambling Addiction,Akademik & Umum,Netral,https://news.google.com/rss/articles/CBMieEFVX3lxTE9mQ0tMeHY3eWxEUnVvbjJqSDJBM0lfTE1CVnRuZno0RVZmcUlXTGtHampybzdJdUpWM3FSeUVuRktkV2FpU2xHUW1qX1dta1ZVSDhZV1lpLVpOY3FjdTlKbmlkRGMzdEVGdVNWb0xJNlRRWHRGZXFXbQ?oc=5,Google News RSS (10-Daily)
27 February 2026,UNIVERSITAS ISLAM NEGERI MADURA,Portal Kampus / Akademik,Tier Kampus Mitra,UIN Madura Hadiri Sosialisasi Panduan Riset Kolaborasi PTN se-Jawa Timur JATIM MELAJU 2026 di ITS,Riset & Inovasi,Positif,https://news.google.com/rss/articles/CBMi0gFBVV95cUxQMmVPVllNd2pseVlFaGhnakFiV29SWHVLVGFOMHprT0NzVGtrN1hvTzg1em1xdHNYblZELWdoQVhqWDZ3M2Y2YXJlNkhXUmRneGpZZVdLaFdOaGg5OV9YX2hWVHpMWGRfMDNtaEpvMEN3SjFRUVluYWJfcGdGbnZWbkJwak1JclF6cXcwOXV3cUZVMllHX2VMOFRsR0VDd0R5NmdXbG45VGt6M25Hd05GWnYzamZxY3owM0lKRUwyWkRxWklzU19NbFBZWWxONHFoWFE?oc=5,Google News RSS (10-Daily)
27 February 2026,LP2M UIN SATU,Portal Kampus / Akademik,Tier Kampus Mitra,LP2M UIN SATU Tulungagung Hadiri Sosialisasi dan Koordinasi Program “Penelitian Jatim Melaju 2026” di ITS Surabaya – LP2M UIN Sayyid Ali Rahmatullah Tulungagung,Riset & Inovasi,Positif,https://news.google.com/rss/articles/CBMi5gFBVV95cUxPcGd0OVV2aHZRdnVyZ1FyUjFody1OZzl1X2RNdDhOUGI5N0ZQR3lGTnlheDFIc0hSNzB5WVE4Ri1oMVdPQWl2Y2JoZnpVY2lidlhCczZ3S3Z0THF1ZzNFSlJYQkpyc3ZwaEVGeGtYc1JNdk8wN1ZzYmlCQzRlQzYyODE1UFdLRDIyeTRIWDY4dDNXcVgzZXF5dGtNTXE5dnZSa1NuNHlYZTM5ODV4TnN0NTBvaERKbkV3aWhHUEFjejBsd2w5MkhlSUNya3dzbXZ5LUVKUnd2YTNvWWtNNUVoZk92dmNtUQ?oc=5,Google News RSS (10-Daily)
28 February 2026,ranbitv.com,Media Massa / Pers,Tier 3 (Lokal/Independen),Kepala BGN Tegaskan Insentif Dapur MBG Rp 6 Juta per Hari Bukan Pemborosan,Akademik & Umum,Netral,https://news.google.com/rss/articles/CBMiqgFBVV95cUxPVy1RaC1xZW5hRVRxM09peURQMFVpamtJQ29USzhXU0I3RDV2T0E0MGpXcDVGYVVJOFVwSDJPWEtUSjJ6NWJsaldXcmVxYTdxNFBiQl9XbU5aTk9WU1dmQmU3d3J1U1JNNVgzdTlYM1JRWEVyaUw2SWdVVGJxNWNDZG9UUml6Wm91RFNpTGJOQ2RuMjI5aEpuNUVPWGppaW9ua1hSTXBJcXhwQQ?oc=5,Google News RSS (10-Daily)
25 February 2026,"Kementerian Pendidikan Tinggi, Sains, dan Teknologi",Media Massa / Pers,Tier 3 (Lokal/Independen),Daftar Pusat UTBK • Balai Asesmen Pendidikan Tinggi,Akademik & Admisi,Netral,https://news.google.com/rss/articles/CBMiV0FVX3lxTE02cHprc0NaM1VBeXM1VmVCQ0F5NGRjRkpQekVXY2oxbm51Zzc0YkFMVTJGbkMtdGpLTnhMdGhPbFRaT1puQUZLVjV0Ry1ySWFJYjVfNE5Bbw?oc=5,Google News RSS (10-Daily)
25 February 2026,UMSIDA Preprints Server,Media Massa / Pers,Tier 3 (Lokal/Independen),The Influence of Self-Determination and Self-Efficacy on Career Decision Making among Vocational High School Students in Sidoarjo: Pengaruh Determinasi Diri dan Efikasi Diri Terhadap Pengambilan Keputusan Karier pada Siswa SMK di Sidoarjo | UMSID,Akademik & Umum,Netral,https://news.google.com/rss/articles/CBMidEFVX3lxTE5NNVN4Z2l6WWY0UFJnTjQtNmwwOHBmSnNkSmFuRmFpZVJvbU5VRUg2QnloZXFrcG43SF9hSTVWbWdqZV9Id2QwdzZKWDc1YnNxWWVnZGNSSWV1cnRNSXBYRzI3dTVROFE3YVppbmJwVzhTbWcx?oc=5,Google News RSS (10-Daily)
28 February 2026,Universitas Balikpapan,Portal Kampus / Akademik,Tier Kampus Mitra,IDENTIFIKASI BAHAYA DAN PENILAIAN RISIKO PADA HOTEL X BALIKPAPAN,Pikiran Pakar,Netral,https://news.google.com/rss/articles/CBMiggFBVV95cUxPUlhYX01YRmc5bG9VVmZ4SEdhSjZTLW9OU05kZ1UxX181Wno4U0pNaHFmdlRSQzliTkgtWm1GUXpHMTBsdjl0U1doYXdOOE5jTGVUR0xZcm1wU0tCbXJ0M0VlRl9ScnlUeXhrYUlEZmlGMUpob2VfVjcyQlh3c3I2emV3?oc=5,Google News RSS (10-Daily)
28 February 2026,Universitas Udayana,Portal Kampus / Akademik,Tier Kampus Mitra,Carbon Accounting in Practice: Determinants of Emission Disclosure among Indonesian Non-Financial Firms,Akademik & Umum,Netral,https://news.google.com/rss/articles/CBMidEFVX3lxTE5VX21XQ3RKcG1NbnVKemZ0SXF5WFVkYmRlb0dUdFUtbHg2eDlFcElBWlNYcUhaMnhzb2ZjdHZLMnROQVJKbXJWc1g0OG9XdkNGZUJjNmI0cGlBODJPNkhTZkZnNm5TX1ZaajYwSkpXVldocTdV?oc=5,Google News RSS (10-Daily)
26 February 2026,pesatnabire.id,Media Massa / Pers,Tier 3 (Lokal/Independen),Optimalisasi Pengelolaan Arsip Digital: Implementasi Sistem Berbasis Web dengan Metode Waterfall di DPPKP Provinsi Papua Tengah | Jurnal Teknologi dan Informatika,Riset & Inovasi,Positif,https://news.google.com/rss/articles/CBMiYkFVX3lxTE1wdTlPVkt3UXNjUENsVHY4ZXZBMENnZDN5VkNlUlhmWWFDR3YyZ2VuOFBFaEo5N3FYUGwtd2M5a1EzcmF2Q3cwMW5WUmpySXl3Z2RKRlFESlI1MERwQXQxeDBB?oc=5,Google News RSS (10-Daily)
24 February 2026,UMSIDA Preprints Server,Media Massa / Pers,Tier 3 (Lokal/Independen),"The Effectiveness of Village Fund Direct Cash Assistance (BLT-DD) as Social Protection and Economic Recovery in Supporting Rural Development in Sumorame Village, Candi Subdistrict, Sidoarjo Regency: Efektivitas BLT-DD (Bantuan Langsung Tunai Dan",Akademik & Umum,Netral,https://news.google.com/rss/articles/CBMidEFVX3lxTFB1OERNWi1JdmZ0WGNlemtoVGZKaUN2U21aVm8xb25qZ2ZlNHJqQkx6UDQ0eERydzRfRTJ4dGM2N2taRTVDOXRaOGlobi1sOGg5aFhTcllLNnM1cjRrU2dkX0RfVFE1SDUwaHhyRnVDMGpqT3I0?oc=5,Google News RSS (10-Daily)
27 February 2026,detikcom,Media Massa / Pers,Tier 1 (Nasional),Benarkah Menyemprotkan Parfum ke Leher Bisa Menyebabkan Kanker? Ini Kata Pakar IPB,Pikiran Pakar,Netral,https://news.google.com/rss/articles/CBMixwFBVV95cUxNT0tsLXY3eE1hWkloeFRnR0tQNEtuSGdxQktQVFk4S1dsSmM0ZHdYcWd0WFYzdXpxVlNoUDQtamJrMEpnTjVzc2NORE02cWh1WU16S3NoM0ppQ0RkVHRxN3gtSXVvMnRRUFRFNzNDNDByX05hZ0hLUmR4eEt3dVktbkViaFhJdmhONnduX29qa1NMT1JvWlgzUl9NaDdIR2g0dHRremt4b1p1dlpwLWRpLTJfWnpJR0NlSGluVThwRS0xUWlRYzF30gHMAUFVX3lxTE5VRGFsVGw3ZEtka1Fpejk0SnM5a1dFenp5SUVsVWNNYTZYVlRSbm1ZbTB1TFRyZHAzMWlmMmdnMjhGWXVFX095RllCb0FfZVpoZkpDT19wMUJJTmI1R2JwQTRQZkIydVRyV1hvLV9FOWFXdmllTFpoc01wS0VWQndmSGp1REk3dlQ4S1NJVFRxUFZRaTZpeDBBSGxZQl9DMDllcnI0Qi1uLWg4dzRPUU4tZkRsS0h6TUZER2F1RDltZnZ5MWdzN2ZnVGd1RQ?oc=5,Google News RSS (10-Daily)
25 February 2026,Dinas Kominfo Kab. Malang,Media Massa / Pers,Tier 3 (Lokal/Independen),"Ruang Digital Itu Luas, Tapi Tidak Semua Aman untuk Anak - DINAS KOMUNIKASI DAN INFORMATIKA",Akademik & Umum,Netral,https://news.google.com/rss/articles/CBMimgFBVV95cUxQXzVtaG53azdCNDNRbVJFMlJab253OUQyUU9qeF9LRjdFVVBhbmYtaUVYLXJ0TzRRN2VTMXU5V2NZU0FmeFVGTDZuRlhydmFWZi1raDVId1Fqc1BWOWhBX2dqaWlSRnZ5QUhkR3ZVbUNwU3FpQ2V0dG9OSXNOcFlCamx5dV9zSk4xY3dtc0tFaDdtSmlSU29ZVHV3?oc=5,Google News RSS (10-Daily)
27 February 2026,Telusur,Media Massa / Pers,Tier 3 (Lokal/Independen),Komisi IX DPR RI Tekankan Pentingnya Gizi dan Keluarga dalam Program MBG di Sidoarjo,Akademik & Umum,Netral,https://news.google.com/rss/articles/CBMiuAFBVV95cUxNTEtxTXVtOEIwSkFSY0JSakxJb1ZqVHVuNHRpcnZCM3NBNGQtYS1PN0hyYktFUVMyMVowNmlqM21jRmxsdU1OdTFfX2NZWmtJOVNVWEhlRXBjWkFQNnl1ODVRVXozTjduMzdjWE1fVDgxZ1A5VW93NW9jZWN5Vmw3Um1CV0VBZmtxcVBCZS1zWldfc19VMGVzMFBQTXB0SS0tb0tQSWNILTFpODNrbzR6SVFLaEFMSXZz?oc=5,Google News RSS (10-Daily)
24 February 2026,id.scribd.com,Media Massa / Pers,Tier 3 (Lokal/Independen),Template Surat Izin,Akademik & Umum,Netral,https://news.google.com/rss/articles/CBMibEFVX3lxTE41TGQydV82N2ZObUt2TldldlFEcDdLSmtCblVFN1BnVjVpX2JRQVljTUc1cWxvaGZZeWlEdGNCcG1yallpblVKOXF0Nm9CeTNnS3JGYnNTbnVkT1RrLUtnOW9BRHV3MXdCMUF0Ug?oc=5,Google News RSS (10-Daily)
24 February 2026,id.scribd.com,Media Massa / Pers,Tier 3 (Lokal/Independen),Rata-Rata Nilai Rapot SNBP,Akademik & Admisi,Netral,https://news.google.com/rss/articles/CBMidkFVX3lxTE9jRVE2MTB1dkRuOGpjM2MxcmVTZ0NVSVZvREpWS3BaUzlGczliZWhUNEF0UnZLdjUwN3lUbC1sOHZJeUYxTjZ1UTBHX094QUZKRXdUODRHUkRNb01KcWJBOHZFbmhVVlR5Q2tFWU85Ty1tMWtQa1E?oc=5,Google News RSS (10-Daily)
26 February 2026,Moovit,Media Massa / Pers,Tier 3 (Lokal/Independen),"Rute R2: Jadwal, Pemberhentian & Peta - Unesa (Diperbarui)",Akademik & Umum,Netral,https://news.google.com/rss/articles/CBMikwFBVV95cUxNV2REUzhEQ0J3T1FIOHZJemFCWTZhYmFkQXVwWEE2dWs3QXQxX1lGVTFvZDFOUk1OVldWZ21Fc1dRcE56ekR2WDNSS3d0RURwVVVTSjc3X2lZUHBvX1FJUkxfVVVHRFBYOE56clVDUFVSbDBXbEdnWUJWTjc4YXltQ3dWSWlMc0VLX1RqNXZFTWNqRE0?oc=5,Google News RSS (10-Daily)
25 February 2026,Telusur,Media Massa / Pers,Tier 3 (Lokal/Independen),"Newcastle Singkirkan Qarabag, The Magpies Melaju ke 16 Besar Liga Champions",Akademik & Umum,Netral,https://news.google.com/rss/articles/CBMiqwFBVV95cUxQT0U0NElVQXo5SThnekh1SVcyRWgxWnQyR3VHY0Z6eElYN2NzbW9qWWpWa2I0VXRoeEVXMFVrSW02eVJYa3pTUWIzNloyVXVsa0pqTGg0LXlqRzJrTk9MdWpQcVlwTndOTFlqcVBvRC12WlBzZG5qSjhUT1NvZVBtWnFHaXM5d2JjVW4yM0lEY2licWhaRGxhTmxvYjlnbkVzZlJRRXEtWTgxVGs?oc=5,Google News RSS (10-Daily)
26 February 2026,Radar Surabaya,Media Massa / Pers,Tier 2 (Regional),"CitraLand Vittorio Tambah Fasilitas EV Charging Station, Siap Dukung Mobilitas Ramah Lingkungan di Surabaya Barat",Akademik & Admisi,Positif,https://news.google.com/rss/articles/CBMi-AFBVV95cUxPNnpmWmNPdzNwSURRUW4yb0U2b2NrTnVFMTdnbE5GT2pGMkhRUEU4ajYtWjBGVVhhNzNQeUNLc1NHWkVpcDBPSDdkTm04UWJXdkE3ZVc3ZW1Mam51el9yTHlBeXMxSVAzQjhDS3dORV9JRWxxRFdJR3ppLW5uZGoxVEdCMmF3V19ncEY3VWpWZExBMlRFXzJMMHZNRGVGUTVscG1VREgyUXdKekpMWGtxQ2JlTlROQmpKQVduRUtISnlVMG9yR1A5RGNyTlBvNW81cWh3WGRxRXhLbEtDMHBFQzJDVHh2clA1dnZRWTB6LWdGWklJTENGSdIB_gFBVV95cUxNeThPRm1YRjVMSWNucFFCRjlEeVdBSjczLV9COUktbWRfenhJUm1USU0ySmFxX1BacTNlQVQ4dlJmNVltcklPMmt6bjVZbjJ3ZnFfSnQyMVJFOVRPUzFUQVZySHBJaGVFQ291S2Jab3dLUnl1VnhhWkdmV3ZyckFLOFRNUzJlaU4zNlZRSmxqQVdZZW92TmppN0thMVMxUXBUbG5vZG1XOXYwOXlCdUc5Qi1PeHo4UHlZU09mdlBWbmQ0alVab3JnOVRGbWF2OVYzclZIZUNoSFczNmVNZWoyXzl4SlZHSC1MbEFpeWYtS0VfMUhQRXdMQ29ScVVndw?oc=5,Google News RSS (10-Daily)
22 February 2026,kampusiana.id,Media Massa / Pers,Tier 3 (Lokal/Independen),Unesa Buka Beasiswa Global 2026 Tanpa Biaya Kuliah,Akademik & Umum,Netral,https://news.google.com/rss/articles/CBMijwFBVV95cUxNVHNpYnJuY214US0wZWExZmlhMnR1c0k2dkZaeXpramxIRHQyX0pPY0szZUJTUXg5OVl4cG5RTDl3NU91RVd0dXVaOUJpSmVQTTFFeTdkN0FUM3RpdzhKVlgxX2lSMWs1a1NlZUhxLUlEQk1YdE9NaWQ5OFRNakJ4Qmk3OEU1WHpCWWhKSE9lSQ?oc=5,Google News RSS (10-Daily)
28 February 2026,ketik.com,Media Massa / Pers,Tier 3 (Lokal/Independen),Unair Gandeng Kejati Jatim untuk Perkuat Sinergi Pendidikan Hukum dan Tata Kelola Negara,Isu Hukum & PPKS,Negatif,https://news.google.com/rss/articles/CBMixAFBVV95cUxNeDNhNDRoNTQ3cnd3dnJqOHl5a1VLRTNMaDM3NGNrQU9mdXBzYWRDdGMxNEZ5VUVBSTZLQWhqVHkxb2VyemhnQUxWaEpZaU4yMTR0NTQ4dFVpUmhVSXRhQTJDOUlrUkxHOFd6dW1CNDE0VU5ZOXFPVm9Kczl4SkdhUnR5TUk3Wmt1ZFZWTTBRU25xbUtCOU1qc01YLXVjRGkyeENOUmMyOUN4cW5kQWtXbldpN3JPNjJ4SGRJajE1NDVVRkNz0gGvAUFVX3lxTE9qLTV1MnlZemx5Q0h2TnFrVFZQMDdGRW1KUGlmZ2NnWTBFZ0dnV2dCVEFrckFNYmhzSWRpeElMa3Z3cFo5S0NiMEhhS2pNOWRGRjY1WmxPU0xjZk1LWlFnM2pFUkotbC0zcU0zZ1pkQnp0d0RuTThtNTY4SlZ1QW9pY21UVDBma1pDamw3c1RtUTlFVzhmdDdlYzVFQm04R2J4cDBpZnNGQ2FMYUIxM2s?oc=5,Google News RSS (10-Daily)
21 February 2026,TIMES Indonesia,Media Massa / Pers,Tier 3 (Lokal/Independen),"Pakar Kebijakan Publik Unesa: PBI BPJS Kesehatan Nonaktif, Alarm Data Sosial Nasional",Pikiran Pakar,Netral,https://news.google.com/rss/articles/CBMi0gFBVV95cUxPNXhTQjVrdXBHNTdjeXJkVnJkUHFMN0RFdG43cDhMTnVyS3BrYVJhYVF6dzVWYjBXX1hlNlBvclQ5SEZORnd0cGY1ZDZycmVmaVZyZ3NPMC1HN01EM2ptZDV2Y3BJQnRvdUVUamFOejY5YkZMR0RzMkFZVHVQSmN2Q0F4RTZBZm1uWmxHMHJhT05rMi1uY0tIV0Rwd3loa2hsTlhQNThGUGlwMTNVY25KbGtyMFk2N2cwR1dGNWdHTkdKaVV5VzhhMTdZSks4eGNzTFE?oc=5,Google News RSS (10-Daily)
26 March 2026,Radar Bojonegoro,Media Massa / Pers,Tier 2 (Regional),"Alumni UI, UGM, UNAR, UM, Hingga UNESA Segera Klaim Diskon Tiket Reduksi KAI: Modal Ijazah Bisa Mudik Murah!",Akademik & Umum,Netral,https://news.google.com/rss/articles/CBMi7wFBVV95cUxPbEliTnZrb2ZaM2prY2NLM3JfdDZGbjR0Qzh3Mk9aOFctYzNoSzBKakgxSlJnSXRQV0p4WERlV3FrdWFWdjNjenhLNG9NYUM0SGE0MXU5c0VvNlVDcWd1ZG1HNGFlOEVlU0ltekozQVI2OG9qTm92NjJmTXctLUt1Wk5BQ2Y4d2ZxNmFfaXZXWFhLaXlzcUR3UWZCMjlDVTl5ek5GekI2UkhiZ2gyUlpXNEtkOTlSMEw4YmRsbUFheURJNFdvYlRBSmpWTW44R01NUDF1OERkOTliMmZydk1tZjF4SlB5VUhQYUQ0ajNCcw?oc=5,Google News RSS (10-Daily)
25 February 2026,Kompas.com,Media Massa / Pers,Tier 1 (Nasional),"Setiap Hari, Unesa Bagikan 2.500 Porsi Buka Puasa Gratis",Akademik & Umum,Netral,https://news.google.com/rss/articles/CBMirAFBVV95cUxOaXpudGRIeUR5bGd4V2NEc3puUXp6dEhOWGZZbUl1YjN6WE56MVhITndTTDRGQy1VYXhCdDZVZ1g5QVhXQkNlV0ZoMjFnbGRBZ1F6aURxb1ZHekxreEtXcm5oOXJSSXpEbnpmMVA1Nk5ZR1FURFdaN1AzN203aE1OU3JOTmppN0dLT0JBSl9GYnREZ0R0MEo1NjFxQWZXcHNMbnlEMDJZS3ZDTl9q?oc=5,Google News RSS (10-Daily)
22 February 2026,detikcom,Media Massa / Pers,Tier 1 (Nasional),"20 Prodi S1 Unesa Paling Favorit pada SNBP 2026, Referensi SNBT Nih!",Akademik & Admisi,Netral,https://news.google.com/rss/articles/CBMiuwFBVV95cUxOc1F6RGl5Q1ZEQVd4ZHJnT0hucjR6UE1xUV85THROaFdxclN5Z2xLbGJpREZvYnY1VFFnN21FTTRtRUlIekVRUGFpd1pSTmpxUUhzUTI2ckNuMmNSaWVXUWJ6Q1NsUGxPQk1oUHJhNlcwcVg3QzdMbXlTejBFSklySlhNTGNxTGdrM3p5VDE5dHY2TThhMXdSZzY0U0ZCRXdEY29ONldIQ19SMzZNbzlyLXVITmVFbXBnN1V30gHAAUFVX3lxTFBHYUR3aWlZNWdOR3F3ZHNUZDROdWlxR3Q1bDJsYjJQU0hTU2xpUE90R283bW92ekZteE5SQmhpV3JKVFc4NUZKZlZxZGZILV9fSS1VUkFsMlFGdThjQ2xKZUlzY2F5cGU2WENxbXdYUG13U3FkaDA0X1Z6Y19YOHZWWkZKWHVyeGF3NVJOS1YyakxHNWkwYTg3LW1mUC1Bdm5EZXBEdFk1NW9maGQyeVpUemRmWGxsVVF3RFh1RUJwQg?oc=5,Google News RSS (10-Daily)
24 February 2026,Mojok.co,Media Massa / Pers,Tier 3 (Lokal/Independen),"Danau UNESA, Tempat Pelarian Pekerja Surabaya Gaji Pas-pasan dan Gila Kerja. Kuat Bertahan Hanya dengan Melamun",Akademik & Umum,Netral,https://news.google.com/rss/articles/CBMimAFBVV95cUxPVC1leEtvRXc4THpodU9ON2lreTBXM3BpajBwR3M2MUVObU5UZnFHbF9DVWFwME9mWTVfN0d3NlkzUC1idENqdnVoeW5KaXVjbzRSQklpU3VxeGdvN2F6M21sWmpzZUdTTE1DUS1yWGZPZzlTbU9YNnZHSElCRnZLTEM2V3hmVjZiVDhLbVJqTU9xUmFPTWpadNIBngFBVV95cUxOejV0aldUSndjbEJ1SXgxMFdUdTRRYXAta0kyTEpRNDIwcUU1bkdTVGJkOWVYT1B0MnZPdTAtRDd3S2Nla2dXeGZFSktRaV9jZG9yNUZ5UWFFTlVYTkNEUEF3dzM5TU8zand1X3oxRVl0NXRxUGhpWWxfdU5TUFZna2g1SGk1S0RrR3h0a0xiQm01c2NncjB1MkxHODJ4QQ?oc=5,Google News RSS (10-Daily)
28 February 2026,redaksi.duta.co,Media Massa / Pers,Tier 2 (Regional),"Annas Solihin Ungkap Strategi jadi Wisudawan Terbaik: Disiplin, Produktif, dan Konsisten Berkarya",Akademik & Umum,Positif,https://news.google.com/rss/articles/CBMiuwFBVV95cUxPeG9qTy11Qy03V0pvYlg1QV9ERTlKalEzQmZhLWQxQnN6UTB4MlpNWHhFU1VCOVA3UTE5N0FUZ3J1MWE5aDVCTnBsVlF4MjV3YmFQa181WlFQaVJSc3RvNkY3bjZ3Uk9sS0RLYnVwczRjMkxma1d3WXlwRTlJLTh6Ym5ZSjlGVGZISm5uTU9EQVptWDNmZVU2aGsxakpvMUpYWlkyRnhrMDBsSXFHbjN3YXZSMkhMUktaNklj?oc=5,Google News RSS (10-Daily)
26 February 2026,ketik.com,Media Massa / Pers,Tier 3 (Lokal/Independen),“FOMO Bukber” Antara Silaturahmi atau Ajang Flexing? Ini Kata Pakar Unesa,Pikiran Pakar,Netral,https://news.google.com/rss/articles/CBMiqwFBVV95cUxOMGFjNGIwWFVTMTRfLUNkQWdmLVlLbGlwcFJCbFhsbGc2WklBZDdIVTJBRjdna1N0YjBJcHQyeGZLbUYxcDZNeG1McXZZUzVWV1I2SVFOOFY1aFhiWTFEQXBOQlAtRndMZm9PSDAzVTJaWmlTcW0xNEpvTDlpd0F0cFNJMUtMaDVXVUNlV1JpLXFKWEp0bXJmaTk1MWtQd2F4bXk1czhYbHgwVWfSAZcBQVVfeXFMTjd6NmFFMEViOFhZa1R3Q2t6aEI2Si1EUlFtcXpsRHhfQUNibHZHLUlFaUJwUTh4MHhGVS1zNHd3LVljY0x1N1dELWI0V2J5bFlLZmFHUDJlVk9nTE5FTzYxemk5ZkRtVFJURzNxQ0w0Z0NnNGd1bkFGSjZLM0p3akstQndwN3dpX01WTmtyWjFiVFVlcmFuVQ?oc=5,Google News RSS (10-Daily)
23 February 2026,Narasinfo,Media Massa / Pers,Tier 3 (Lokal/Independen),"Amankan Ramadan, Polres Magetan Lakukan Patroli Skala Besar",Akademik & Umum,Netral,https://news.google.com/rss/articles/CBMiekFVX3lxTFB0RnE4N1V5SnEtSDNQNDlUMFg2UE15TGROUG5iR3UyTm1BeU54RUFSa0d1UjhJMnVraXAyVThMZGxqcHFWajRBM2tlc3BCRURDd0VOSkc1YnNuU1Z2dVU2Sl9rbjgtNU8zWnFyNHZsSzRsU0hzcXdiWHRn?oc=5,Google News RSS (10-Daily)
25 February 2026,IDN Times,Media Massa / Pers,Tier 3 (Lokal/Independen),7 Tempat Beli Dubai Chewy Cookie Recommended di Surabaya,Akademik & Umum,Netral,https://news.google.com/rss/articles/CBMiowFBVV95cUxQQXRqWTR3OXB3LUJfLUlrSUVKdHVOTEhnelF3cW9COGwxSUN5c0lmaFRubTdfcVZtbjltWUc3YVd1YUhydWxQWVB1THJ5SFcweXVheE5pbGo2eUJvb2tmNU1fODdxRE03cjkyUjJQQzRYZDBuZUp5cXVKMHZwZWs2aUVIMGtLZ251RkQ2dGJHTFVBd3BtVzRBYWViaE8wZm5nV1RZ0gGoAUFVX3lxTFBCVDF6TWpINXdQLWVvLUVWUDkwU0V4ZjdMSFFYOFBObHZkTFloQ3pmTGdnVm9mLUR3MS1BbW02T2NaXzdqSjYxa1pyVnMyQlowTmFzLXB4U2phMzBxNWRPbW85emZyYmI3ZXpHWmFOd3NRTXd2RGhDVGI4aUdCOTlWelJoSmpSRXEta1ZIVzJYOFp5NWVSUlczd1hSVlphQnEtYXlNeW1MZA?oc=5,Google News RSS (10-Daily)
28 February 2026,ketik.com,Media Massa / Pers,Tier 3 (Lokal/Independen),Fenomena Langka Parade Planet 28 Februari 2026: Enam Planet Berjajar di Langit Indonesia,Akademik & Umum,Netral,https://news.google.com/rss/articles/CBMizwFBVV95cUxOekZ3RjVSWi1Ga19SNnVBZ00yV3pRcHNmRkNRVElSd3hEUUlVZEJ0X2dITFJuVVRGSlIwLUpRLS1lS0ZERERtRGFNOUhCYVZHdlQ4NGRNMVhuMjA3bEItb2NBeE52QWhvR1pZSjdNVGJrTWltc3lrbkhxeUotNVBJb3FQWUp6ZWdpT3ZoS3E5cUliWnJ3Nk1IRTVCVWR5QU03RmdlQkMwN2RsRXlMVzV0RGtjcXJnaDJ0UkRSaHoyMkhXWFUyTEZaR1k5dlBxcnfSAa4BQVVfeXFMTmdOYU9KX2RBbWxmekFLRkJjRkg0VVNoYTRweE1uSWZXUG9JLUpUXzRSXzhoZEI1SXBJcHg3RjQxWUpOQWxheVJ6NzU3cDRjZGtLSlctZnZuNUhMWi00Z0wwTlJZeERCYXpoWlZhYWlqNjNvT20tRUlRWmN2RDZwaHgtU21YSUxRUmlaMXpXbDIzZnJYbEsyWF9uTGRFbjVmbTI4R21BUll6WlI0cnpB?oc=5,Google News RSS (10-Daily)
28 February 2026,Rukita,Media Massa / Pers,Tier 3 (Lokal/Independen),"7 Universitas Negeri Terbaik di Surabaya, Selalu Jadi Favorit!",Akademik & Umum,Positif,https://news.google.com/rss/articles/CBMidkFVX3lxTE16U01ldEhPY2ZLZ0JvdEJjb2FzWnFQZXFlSmVrZmZwNDJFZW5ORmN1clJvSHk2TU5tcDFUTmRvM19zV2d3VG1IWGRxSlZVNmRncVRyYzlXdmNRWmFOZlUwcVdDdERwN2FIc2JQeHY3UEwxMnVNZGc?oc=5,Google News RSS (10-Daily)
25 February 2026,buletin.co.id,Media Massa / Pers,Tier 3 (Lokal/Independen),"SPPG Khusus Bondowoso Sajikan Menu Bergizi, Lengkap dengan Rincian Kadar Gizi",Akademik & Umum,Netral,https://news.google.com/rss/articles/CBMioAFBVV95cUxQeU9vOFVQM1doSGtJakdpbUNOSjF0U0lOSFhBajZMT2dIQzJRdmY2QWJPSEJHTVlPQjNVSVlxM2hkSW9zS2Y5RDdwOHpoclczdk83V2ExQ093LWFENnVhcDcwTEhUallkbXFBbXFIb1VKb0dtZTJZaEw1clZCenVhX2VMQVhqQU9PMzFKUk5wTmJOZ1RHcW1kdGx3ajl5TjNK?oc=5,Google News RSS (10-Daily)
28 February 2026,pintarindonesia.com,Media Massa / Pers,Tier 3 (Lokal/Independen),"Siswa Cita Hati School Wujudkan Kepedulian Lingkungan Lewat Karya, Ini Hasilnya",Riset & Inovasi,Positif,https://news.google.com/rss/articles/CBMirwFBVV95cUxOM1ViVGQxeUNTVFNTajNNNDhIRUR0dlNYWEdNZURRam9vdDlpLXBqNTNNd3RMdFhxb2daa1Q2SEF5bjZXQlVsOWN3TDAzMFB5SS1ld1dyWUs2Sjk2TVRjWkxVT0h0bzFUNi1UdEVOQXA5RGVJRVo3R3VVa0ZUN1ZDamlhUjNIYUtobGxsUFgyeFVQdlg2Yy1ZamhTR1B5enNneUtLN3I4S2ZTRTJySGRV?oc=5,Google News RSS (10-Daily)
27 February 2026,Suara Merdeka Surabaya,Media Massa / Pers,Tier 1 (Nasional),"PLTA Pumped Storage Grindulu Pacitan Dimulai, PLN Siapkan ‘Baterai Raksasa’ 1.000 MW di Jatim - Suara Merdeka Surabaya",Akademik & Umum,Netral,https://news.google.com/rss/articles/CBMi4AFBVV95cUxPdExyS1MzdWZ4YS15WUd4SlZoX05ObGJ6LWFES2JrZWxmaFJTeVhVcjhBODk2bVZQWFZqQnNXTHlFZ2QwR0otZV94ZDJ1OTY4MGRPME5UTFZmZXlvbXVXSGgtRGZOWndudG1ld3J5Yk9DOWJFYV80eUFpYjN3TkpZNVdIMzhEWU1GajJHRHNFU0RheGxXeThOMTdMcW1JTjFhZkVldkNMMmM2YXlfcUp1cVN6WlJIaGNPaGQ0V1lvUzNla3VSNjlYa0hoX09KWW5FUHlMcl9SdDd1LVpmdEpmetIB5gFBVV95cUxNUDVJd3JYNXNhd1A4bWlpb09TbkdkdkpnakgxZnl4ZHVhU0NUTDRHNVlrcHYwSERDMzctdTdCcW1oWTZTODhFdlAyQW95WHNKU0FaT3NvQnlNbXpmVHlheG1EeGZnTURFTjRnUFdYNHk3TU0wQVI5dF9mcE1LYjE5UkVDaG5HUkRjbHp5MVp3QVBsUFV1aDhFRTJNdS1kZHp2eHJtSGV0Y0tBZUFoa1BoWjB2d09wM1hkUmNfdHU2VjNQM0dXc3ZJZDhfRzk1QlRpZHNpV1VXZXlpZU9mQ2d5ZmJleW1JQQ?oc=5,Google News RSS (10-Daily)
21 February 2026,Info Pendidikan BIC,Media Massa / Pers,Tier 3 (Lokal/Independen),Penutupan SNBP 2026: Fenomena Lonjakan 53 Ribu Pendaftar di Unesa dan Ancaman Sanksi Blokir,Akademik & Admisi,Netral,https://news.google.com/rss/articles/CBMigAFBVV95cUxNM2JoNjViZkQtNnk2dm9ONTAxOW4wenhhc010M2hCUE9NZS1GYXgxNkloZHBGc0hnYVdiNmxhUmZJZVQ4VkV4SnRMbnZzLXBjWVNMUFBOSDJoOUlyd3FSRS1GNFpyR2lRVUIwZDZoczNVMkg2NkFnVGVQMUFJdHFXeg?oc=5,Google News RSS (10-Daily)
23 February 2026,Suara Merdeka Surabaya,Media Massa / Pers,Tier 1 (Nasional),PT Bandeng Juwana Gugat PT Bandeng Juwana Indonesia Soal Hak Eksklusif Merek - Suara Merdeka Surabaya,Akademik & Umum,Netral,https://news.google.com/rss/articles/CBMi1AFBVV95cUxNdXNCdmE4UllnakhYcUdOUDRFLUtkWFdoNE9waWxoN21NalJhN2dwbjJuVjhkVEJBa012bUstSmVneWVYRWxVaVVOZXNyQThCUk02SXNIRUVaUWNqam5DVnlMWmdseHFHSVZGVTJUUnFfVklBMTFHdWNyWTg0NlFwR2dVcEw3SlVuZUNmbE5Qdm1aNkthaHpueUc5eHZlMHRHUndWYWphN0FJRkRLdlhmbktTLXZPNlhMM1A5WEFxN21WaXQ1S2drNWRBRlJEQUZBTzdwZdIB2gFBVV95cUxNT29HU2FjVFNVUWtQZ3VfUVhqazlWNzBLa2xOVFdTTTRrTDlJTWFXRHFIaVNDSXV4QkQxNFUzS2NlQkRVNFMtVml1Z3dGeTBNc0pSQlpNcmdUdXdLQTlLYno4SWF0Wk1tZlI2NF9vYTlfRWw4VUNISkVaVGM2cjR1NWNra1RoeFhiSDJUMC1yc3dySGxMelp3eVFlUXBLa0g1WHM0Ni1iWWgtQ05uWTlpSDdhOENXNzdSbjdfVXluSVg1eFhqZkIzRUUzR2poMjBTdVhpS2VFbjVxUQ?oc=5,Google News RSS (10-Daily)
28 February 2026,Suara Merdeka Surabaya,Media Massa / Pers,Tier 1 (Nasional),"Bukan Sekadar Olahraga, Padel Jadi Ajang Networking di Surabaya - Suara Merdeka Surabaya",Akademik & Umum,Netral,https://news.google.com/rss/articles/CBMiugFBVV95cUxPWXZlYm1SamtmaVNXRXVfS3dUalRMcXBQOWUyRjJaaVBILU5GWGhUN0k1bGZaRlI4MFdXWWhOY1haR0dKSXNTODZnLUFGUWVjSGdYaDEzQVlnODNydmpsQzFzZGdMdEYybHVaYmVHTnlkcUthRVRuRWZfT3dYZ2VVd19CVklHMEtYaUozMGNqXzJuNGl1N3FuaDJsdzdvczFTbGNIb3hJTFdxbVYyZzZ4T00xbGliMWtKOWfSAb8BQVVfeXFMTUhGQlc1Z25qS0ZkYTZ4UHIzMElyQXVIdWgzc19RQWdSOGVibkRuTjVsUjhXcjNXY2J6VGo0ZFNwSi1Tc1N0V1VtdHhQUmNqMEpaRzF2bE1JbHprVDE5Q0Z4cGh6ODM2TlVMTllvTmdLc1BMLVJ0YVZaMmh5UXY5WnNSSnAyRFVESWEyRkk0bGN3QXlqQkR1TmRYLXd2Z0dDMkw3dE1qLXo2LTJLbDFVcnZsbkV3QjdrbHdHeld0cFU?oc=5,Google News RSS (10-Daily)
28 February 2026,Radar Surabaya,Media Massa / Pers,Tier 2 (Regional),"Prakiraan Cuaca Surabaya, Sabtu 28 Februari 2026, Peluang Hujan Sore dan Malam",Akademik & Umum,Netral,https://news.google.com/rss/articles/CBMiygFBVV95cUxPOWc4WUlucGQtdExPclJkU3ZfcThUZnBkeTJXQTlsTUR4cHV4dXhVXzZla0pXNVQzR1BsRXA2U3VPSjFwY0d1N0ZLLWk5VEVqelBha20xdGVBa3pyaXEwdG8wNFF0b01WVnhGMTkwWjBobnZDUkRkcnRGVEZEVkFnU2RWWXpobGcxVEYtVTdRQjJOZjhTX0JTNUppMjEwWG96MlMzVGxVUVhyUHFpZG1nSlRhcERNTTFMZ0JLYWptQmRiY0twZ3VvX2dR0gHPAUFVX3lxTE9fNktYUVd6Yjd1U0IzTW51ZVNKNGl3RGZtMVlCXzVJLUdnN1pIV1lvSHVBMGowQzNrS090WG1BMHZnZi1naWVzZ19iSTNmTmp5T3BTT2pnODhiOHBEQ0prUVBSZWZVTC1YcUJJR2k3cWJ0eDFrTTJsYmFFUFM4LWwyOThqa1E4M0xSaTNNUmZSZjZwdk5EbHBYTVBNd1ZFOTJoMkZhNVhTaDJHZkZHNTItQW1La3BFNWxuczZQQzFjTC1sTnBiQmxFMGlHdUNDWQ?oc=5,Google News RSS (10-Daily)
25 February 2026,topmedia.id,Media Massa / Pers,Tier 3 (Lokal/Independen),"Resmi Dilarang! Naik Gajah di Tempat Wisata Sudah Tidak Boleh, Apa Alasan Pemerintah Melarangnya?",Akademik & Umum,Netral,https://news.google.com/rss/articles/CBMitgFBVV95cUxQd3V0czFoOUdXZkxmZHRCUGlQeTlKS2tyR3VfQXYyY2xhUUJORUlwVkY0TzZ4ME1RVVpxWXFfcUpqa1pPQmlqSUR1d2UwcGNXMmNzYTZBVkZxWV9jZ2k5aEVOLTNPWUJOZ09Td0FqOHY1UnFBbm9tOVFJZmlNYWhLMlYtbkp5NFZZR1dUQTlCUmQ4RFlYcmhYRTZNRGJyZ2NoRjNBT3d5VzF6SDEtS2RxQXRFWTR1Zw?oc=5,Google News RSS (10-Daily)
26 February 2026,Radar Surabaya,Media Massa / Pers,Tier 2 (Regional),"Kasus Dugaan Penyelewengan Anggaran di Kebun Binatang Surabaya, Kejati Jatim Ungkap Kerugian Negara Capai Rp 7 Miliar",Isu Hukum & PPKS,Negatif,https://news.google.com/rss/articles/CBMi_wFBVV95cUxPeHhXWjR5aTEwT1Q2amZuZTVjUU9NSmNxbi1USzg3NERORk1WakFwWUQzN1BFTWVCREtkY2E5UHY2cXdUS285aF9yR3NuQVJQVlNNMTZLRWx5dk4xRllDMDRBbVlXWFJXV1pTVlFfNjZMZVY0cWd1OWdfT20yZnZkOVJFb2tucEVkdHZuNnpJSVBWdkZYM2RqdUVKa185SzhJdE00MDJlWk9GZVY3aUNPdGJIbWJzRWNqT0toeTE2c3NBZWZUTFc5VmMweEpXeTVOTW9FT2lwS1N5c0VHUHBRTGtNWGFaVDQ4LXhLbHBjZnE3UjgwVUtCOUdpc3ZGNDTSAYQCQVVfeXFMTmxiSVpYZ0RQS3RUVjBqRGVxVGdicGN1RDhIV3VWaHo4T3d3eEo2OFlBUkk2bUd4c0o0cHRSSXhzOVQxdmxWSFJFaXB6TUJWNmZUNEtFeVYtYk1hT3Nvc1FkZWNqSUxKUjN2b2hJWTdSZzdHRkVZdmlvS21Ib0QtN3hhQ19WczRxMm53TWtiUUs2VGtESmM2aHBhM3E4VmZPMndRQTA3aGNjOGtweGNEa090Q053Q1FPb0JQTFdFZTNUbzBxV2lpWGZudjByNkJVdExlY1RqSm1HVEVITHBqM0hFWjFuem1EQVVrVlFzMnNyLXlCMXgzNDFVbnF4cmNrRDNJbHY?oc=5,Google News RSS (10-Daily)
22 February 2026,Radar Surabaya,Media Massa / Pers,Tier 2 (Regional),Unesa Bagikan 2.000 Takjil Gratis Setiap Hari di Kampus Liwet Surabaya,Akademik & Umum,Netral,https://news.google.com/rss/articles/CBMiwAFBVV95cUxPLUppNGl1aFN4UGliZF9sU0FRTHJZS2FqN1JuZThNTG5jMWNXc3RQbzJVbjZwbHZWdEpJRzdQUHZmVEUtWC1pbGFjN2Y3dHZLN1VrN1preTJLQ3JDZ3EwZC12ekR4SHhrLS1temdhLXJuTlZIV2RDRENXR1FLaFg4dG1yUWJ2NGpPSVEweGlhOWgxaDJfTWp2LW9yZ3JkYTdrOGVtUy1pU1h2RnF5cVp4alFhV2c4aTZHcVVZZTFDOVTSAcYBQVVfeXFMT0FDZ1gxeS1kSXNzWlNKbXl1T1pqbzdtcXdwT2FxQm1sZGNHaHZBU2hjOFVkQldzM1NWb3dKM2lKODBnTEF2Zi1tYTlTNWtMLUY4UzI3eUNxbW1BRVMxcjd1N3RjYzZtUjZNS0JOT3AxcDRySkd5YkRRaTFySWJHenZjR2xETmlhaGdQSXhFWDdUZzUybHFUQVhEelNYcm91cGFMajh4STlxM3piaXFVdmF5YkYwUXNFNXlob1FyQ1VBQnNFUkNB?oc=5,Google News RSS (10-Daily)
28 February 2026,topmedia.id,Media Massa / Pers,Tier 3 (Lokal/Independen),"7 Koper Turis Thailand Hilang di Bromo, Siapa yang Harus Tanggung Jawab?",Akademik & Umum,Netral,https://news.google.com/rss/articles/CBMilgFBVV95cUxNWDkzU2JxWWY3U28zZmhQeVVaVExKYWJSVHJhbjdBNzdrZnBUdDZRakdVeFgtRGlCZExjaGFQSVRLVEVZWFdEMVhfeFYwSHRrREtOaWZjejYxYUlrQkgyQTZMT2ZqMDRRSTJmRWhTdmtSTEt1amNBZmxqcXpoMjk0Nl9HOV92ZXNGdDFwTnVSTThUYjNXT3c?oc=5,Google News RSS (10-Daily)
23 February 2026,Radar Surabaya,Media Massa / Pers,Tier 2 (Regional),"Prakiraan Cuaca Surabaya, Senin 23 Februari 2026, Peluang Hujan Intensitas Bervariasi",Akademik & Umum,Netral,https://news.google.com/rss/articles/CBMi0wFBVV95cUxOMDI4ZXJVMldFNkNLSV9XUnJJWFJSMlE1S1lwUGRSdnYwNmwxWDdTSW4wTTNKczAxd1FkUnZLcmoyMzE1TlpLc0ZFenVyLWJ0VHBfWWJ4ZVFwandRWE1na05KRFcwWlByVU5NSFJXN1A2aGl2Rm9TRGNmTmJJQkM5SEZidlVCSXh2WFEtb1ExNFhLZUIwRTFJek1mclptaENNSlNFY1hlR1REc2FqRkRnSHJscHZzTFlKRktocm9vcUE1ZTY5bXNBekIycEVzTFNUSXI00gHYAUFVX3lxTE53eVNvR08xZ18xNFIxUnNoUC13b1FuaXBKa1JlaVg3WGd5ekZRbGIzT3BXMkhqYU9uYjZ3TndWQmVfMHRFalJxZDhLVW4xeEZRYzc5WEJTWHpMUFI5QTJ5OFVUV3J0bnY5cnhTeVpPVjNvSEh5MS1jT3QyUG1xblhDdHNmLTB3RmVSWjF0cEl4LUZWRXdoN0ZXZ0ZtSGQ1cVRTdGpkOEJzVkVOMEJZNHp3OHdCTDlFQXJSS0VVM3VSOURfYjFLZE5hNkFGVllvSVA2eUdTWGl0ZA?oc=5,Google News RSS (10-Daily)
27 February 2026,ketik.com,Media Massa / Pers,Tier 3 (Lokal/Independen),Bangga Sebagai Indonesia! Mario Aji Kembali Usung Keagungan Budaya Nusantara di Livery Helm Moto2 2026,Akademik & Umum,Netral,https://news.google.com/rss/articles/CBMi0gFBVV95cUxQT3NINzgwWkQ2WmN3MUFORF9zUWtObk03RWtvMDZqWHhFTUctQ1lZa1h6eFkweVI3WWVnNjhIVE5yejE4UlBSb3FZZlBnczg2UHFFVEl2dEtoSW5PbE9kek5nRU5xUThROFIzOGd2MU9tME1zdUlxamJpdDlwUDRRRWJxS1FnazNBLTF6c0phM0tNVW5DODRUTmRFRFZTNENwOUx5TElXR0JzcjNiMjFCcjR0UkhZWElrWkJTTXlrLU0ydlQxR2RuQ09CWWtETU5tdnfSAcABQVVfeXFMTTI5ZGxnVVJRMW5HTlhfa1NYME50N2VhZWhjb1Z0U0pETGRId2pKVGhuRjRuQmRyTkc4TWxCcWRnRG5WQVlUQ0U1b1p2WHBMT0k0WDhTN2NDQXRrZUpHTEFrQXdKZEV5aHItd0V5MjdyZlFobV85UDlvYWZwMzExdVRmTG9jV0NDWVpqWERYMG1CTFZDZmpNdXdJZEJPWGdVdzRjNnItZWlkTmdaUFpXT0Rmc2NFNUJaM1FqYXA3azJH?oc=5,Google News RSS (10-Daily)
15 September 2026,"Kementerian Pendidikan Tinggi, Sains, dan Teknologi",Media Massa / Pers,Tier 3 (Lokal/Independen),"KEMENTERIAN PENDIDIKAN TINGGI, SAINS, DAN TEKNOLOGI",Riset & Inovasi,Positif,https://news.google.com/rss/articles/CBMixwFBVV95cUxOWmpTZW5KQTE1WEF1Z3V2cDZIbXFGb2dGenBUQkoxQXVka3Z4S1A3bnlxaENxQUhScWlLMjYxbHFkbGdhNUc2eVlMQnp6ZWhjcUwta18zZUk3V2Q4N0syTkQxZ0RBaTF1dmptcV9peFhFaGdLRkJJa0JHbHR4WHY5UzBPaGhxN1VsMGxObExtOHdkMVAtTmNwdUpYM2o2WGpyVzVPUEwtOF9mMGlZTWRQajlwTU5aakpJUkpNWFRwdk1vakduSnpv?oc=5,Google News RSS (10-Daily)
13 June 2026,Threads,Media Massa / Pers,Tier 3 (Lokal/Independen),"loker guru,dosen,staff (@loker_guru_dosen)",Akademik & Umum,Netral,https://news.google.com/rss/articles/CBMi1gFBVV95cUxNZ09nSlZIOHR3MHJKZXQ2X25MZzU2S1BueVluakRwa2FFR1lFNno0ZFdRSm9TX1JhdTlJd1RLNEZPSmE5eVdMYXB4SVRIbkhkS0NMVXZaNE9fSlAtZ25BLU5jM2NRcU9tNGV4YjhuZEVLUlRWTTUySUw0djM3SWlaMDJUOGNNX0xlUS05QU5yMEJ4M0tlaXNNTFBYS0dCcWVRdlcwWGlkTFRjZVE1QTdKV0NfRXkycXFUaVd0cTRGOGpFbnh3Y2Z4NG16Z3NxaUJfblNHdlZ3?oc=5,Google News RSS (10-Daily)
06 May 2026,cibangsa.com,Media Massa / Pers,Tier 3 (Lokal/Independen),KECANDUAN GAME ONLINE DI KALANGAN MAHASISWA UNIVERSITAS NEGERI SURABAYA,Kemahasiswaan,Netral,https://news.google.com/rss/articles/CBMia0FVX3lxTE9vdnhnS3F2S19sOWF1djdEai1NX3dpMFVicHFiYm9DWnZVYkx6bldEcVN5aHFOVGlXbWI2bG16d3NRZ2txcGlodHdNWnJkMjBkV0pSZU5HY2JRcHpWUDhGR2VRdHFVR0RZTjNr?oc=5,Google News RSS (10-Daily)
04 March 2026,Warta Pramuka,Media Massa / Pers,Tier 3 (Lokal/Independen),Siaran Pers Rapim Kwarda Jawa Timur: Unesa Siap Buka 100 Kuota Jalur Prestasi Kepramukaan,Prestasi & Penghargaan,Positif,https://news.google.com/rss/articles/CBMirAFBVV95cUxPTi05Q1RpVGVPU20tVkVrMHJTSHM0ZHhJMU93VEdSYnA3R2VpcUtiSnFobzZ4T0J3Y0hURGd4SUxla05ORVlYUEptUzZ6Tk9IVzJLQ1NmYUpaUU5jWkRBcTRDcV9jWGx0RGV6Nk5WMVdmSUtGR2U0MHJvb2Y5cksyY2VSR0tYT1BtZnJpcWRzUHNSZG9qVlJTR2FzX2dycWJyZjZ4RHpYM0tuSmxt?oc=5,Google News RSS (10-Daily)
07 March 2026,kominfo.magetan.go.id,Media Massa / Pers,Tier 3 (Lokal/Independen),"Perkuat Sinergi, Bersinergi Pemkab Magetan dan UNESA Kampus 5 Bagikan 5.000 Paket Takjil",Akademik & Umum,Netral,https://news.google.com/rss/articles/CBMiugFBVV95cUxOX1RZbi1IWjhnbFpBQWdvcXF1a3I4Z2NFVHNGOU5VVkVITjVaMlRyTmxnRTd3S1lINlpiczMtWUpFckJrVkpNSEZvVDdJb1dHNW1yQl9wZ2JQUDlUZE8zdEx3Tmk2VVQtd2RxSGM0ZUU1SWdqMldhMkFtc1hVdWNZSUQzY0dITzluS0RsOWVDZ1dvVnNwZkx3bEhVWVBLcHo3QXExRXBlbFNROVFaaFFJckM5azU2b0Rab3c?oc=5,Google News RSS (10-Daily)
06 March 2026,AYO,Media Massa / Pers,Tier 3 (Lokal/Independen),Booking Lapangan Reserve City Padel @Unesa,Akademik & Umum,Netral,https://news.google.com/rss/articles/CBMiW0FVX3lxTFB5NG5tRGZfSFBuR3pqX0ZkWTEwTWM4aHI0dkdKYlhkQWdoMzBFclRQdTZIaklLY09GWGVwcUx1aHV0NzhZc1JiamtoSmlCWkJobHFMa0V4MEZpd3c?oc=5,Google News RSS (10-Daily)
02 March 2026,gofood.co.id,Media Massa / Pers,Tier 3 (Lokal/Independen),"Bloomery Patisserie And Cake, Unesa Surabaya",Akademik & Umum,Netral,https://news.google.com/rss/articles/CBMivgFBVV95cUxQUldkOGZnS0x2UWJKeVhXZVIyNlpzRG5pSUJFRGlxeE8yVkhUSl9oVTdiZEtxNnAwNHlod3VyR2k3SWdNdkxnMzBuX2hHZGs2Mk5NdXdqcXNpZjBNeDh5QTRkX1ZtZzA1aXNGMEdmRkNJT041YXVBWTkySnhjZnBGQ2FVTUpQbE5BZDBlTXpGMy1xOUtwSjdSajhsNVBCN2RVVW4yZU5kcTYzbGNXVDhTNlhVUU0zMUJ6UTVGY1Jn?oc=5,Google News RSS (10-Daily)
09 March 2026,biome.unair.ac.id,Portal Kampus / Akademik,Tier Kampus Mitra,Fakultas Ketahanan Pangan UNESA,Akademik & Umum,Netral,https://news.google.com/rss/articles/CBMigAFBVV95cUxPZG1ESnFwNnNvQnRzRFJwVmpOQlJEQmx4YTY3SjE0Y21Ea2Y3NzZVeHFFMUFfR3ZnU2pPbndkTjBYOGd2bW14MnlxVjVrNmQ5cmVic1pLcmNHMV9QVTdOa2wzUVBPTUNuUFFlUkZkWUF2SWZWUl9xcWpQY2Q2U19wQg?oc=5,Google News RSS (10-Daily)
06 March 2026,Shopee,Media Massa / Pers,Tier 3 (Lokal/Independen),Jual Jas Almamater Unesa Original NEW,Akademik & Umum,Netral,https://news.google.com/rss/articles/CBMigwFBVV95cUxNZ0ZseDdqNmJTRkgwQ0s2NXZHdDdRWnJxcUdieXloRWtyRTUzZlBmSjhaVVRJaDBUNVZ5blVYZVNfcUg4M3VwOVFseUoxMjJDakp1SEFNNlBSRGViNklsaHNpNV94MVJYbTRNbTd3QTdoWnI3SjJtR0c4T1BzMFdSUE5xUQ?oc=5,Google News RSS (10-Daily)
02 March 2026,Kompas.com,Media Massa / Pers,Tier 1 (Nasional),"Sempat Kewalahan Kuliah, Zain Sukses Jadi Wisudawan Terbaik Unesa 2026 IPK 3,99",Akademik & Umum,Positif,https://news.google.com/rss/articles/CBMixAFBVV95cUxNYWl1VkNmYjZoeFhYUEVmOFRTbGJIUlhpZi1zdEhKbXJKWmR3NHpkWW50cmNFdUFLdVU1bEV6d1pZOUhOa0hVTlk0OFQtbnhtWG03eGZrd2hvODltY0Jqb1ZlbmpNTEtXYnk5MzdhWFpQQmx1b0N3WWZWM0prenhpamZwZXpsRDc3eDlETmNUS0lTcVQwRlMzSzJBQl9ScUtsNHZuQ1RKSmhXQVZxY1M2U0Q5S3R0Qk5felIycDg1aVVuSzN5?oc=5,Google News RSS (10-Daily)
08 March 2026,Kompas.com,Media Massa / Pers,Tier 1 (Nasional),"Pendaftaran Kelas Internasional Unesa 2026 Dibuka, Bisa Pilih Prodi Kedokteran",Kerjasama & Internasional,Positif,https://news.google.com/rss/articles/CBMiuwFBVV95cUxPX205VEZsdFYwZ1RyeldYV1pUY2VrYmx1bTBiTnd6eUFVejdQMmltbEQ5bTN1R0pKRElfYUN6UTMwV2xzZlJ6MnJ0bHdTczFET1k5dU4xS2xSR0todWt3bFRNS2g5ZnM3RkFhb2IyY2VVWmY4Mk5TbG1pYnNQdGNoYlh4RHVrSmJkNEVKUlpWUzFNQmhMN2xQX1hveDRITmh3ZlVyTGp2cFdvZGE1X2o0anNYdkJ2UVkwcktJ?oc=5,Google News RSS (10-Daily)
09 March 2026,Kompas.com,Media Massa / Pers,Tier 1 (Nasional),"Cerita Akbar, Bikin Sistem Pengelolaan Sampah dengan AI hingga Jadi Lulusan Terbaik Unesa",Akademik & Umum,Positif,https://news.google.com/rss/articles/CBMixgFBVV95cUxPRXg1aGdHd2RYX3BYM2xpVjB0RFpwVlBTSkYtQ24yZUY1bDNXRDduR2NRNHFoZVRyb2N6ZGhOVGVLOHF6b1NtbDNWbk1nSlZKNE5VekFIa0NubldTeHNCVHZzWEF6MmRkZE04c3ZzNkJlMHd2SV9fU2QxZlRUNUNjMFp1ejcxMlhRUTdQU3d4UWwtUTNoSGFzeEZmbnJRR1dSQWJaUGZtaTM5NWhaV0lrOEt4UzI5LVNMMk00RHZfb1lNc2RqUVE?oc=5,Google News RSS (10-Daily)
03 March 2026,SINTA,Media Massa / Pers,Tier 3 (Lokal/Independen),Universitas Negeri Surabaya S1 - Biologi SINTA ID : 5989630,Akademik & Umum,Netral,https://news.google.com/rss/articles/CBMiekFVX3lxTFBhNTVmUmdDNDM5RnlmaGxFYzJPYmJMT0pWZE9rSTFhZjBuSzN1OWxwZG9zbGJ0dEM4anJPMXFUcDRTN195WG9hVlRDeHNmNTloM282LWJpeEhRN19qdlE2Zy03Q0hNLVVXSjkxbDdYUkRjSHVCcThDZ2V3?oc=5,Google News RSS (10-Daily)
09 March 2026,detikNews,Media Massa / Pers,Tier 1 (Nasional),Pemkot Surabaya Gandeng Kejati Jatim Selamatkan Aset Legendaris Kota,Isu Hukum & PPKS,Negatif,https://news.google.com/rss/articles/CBMirAFBVV95cUxQbU4wQ3FySTl6eDhlbXVDRXBLNlFFT2FMc21MaXJQQl94SEtWTFhjTnBRdmtfT1drXzExU1pjZkVKd3B4NVBIMG1mLWdsZjdVUVBROXVfcXdsREgyNk8tMU43Q2xNN29NUTU0eVFVa29qdnVXUlE4TjFvWlVxMWFPMnNBNWQwemxqTGZnMy1tUndOeGpoWHhYd1lid3JjenJkU3hMMERNa2Q5Z05S0gGyAUFVX3lxTE9GQmkzSi0xRlFwczZWMy1QTmZsTkhTRFFyUkNnaS1yV1Q1VlZ2VFQ2VlgzR0Nxc3pQaTNJLW56RExQdWhOWTBVWUl1VVRkTWVIUC0tcVV1VFdyeDVQdXBSU2NrNDlnVkNwemdmNHZhSVBJb2V6Q2FqemNFT2w2dkkzN1RfTGNkdFhGWkx5NTVVb3F1TW02TVY5UGpxWE9oUVJsSFVYTmk5VGVGR0FMc1MwWWc?oc=5,Google News RSS (10-Daily)
05 March 2026,Threads,Media Massa / Pers,Tier 3 (Lokal/Independen),BTA 70 Muara Enim (@bta70_muaraenim),Akademik & Umum,Netral,https://news.google.com/rss/articles/CBMizAFBVV95cUxNZlNOSDFYQXFneW40cjBxclBMci1sNlpyZlc2NHVOVm5KYnFyUHdmdGpoNlJlNTJ5Zi1XV291WVpqYi1BMkJseXNLUVRvYTcyYURKbmNKUzB2bjF4U0JTT2kzS0dPRHNqYW9HOTlJOHNsZ0IwcVVxakdTdXhFU19CQmtnWHdYVVExWFZNOUwtNU5iSWFBVEo3cU5VdEhfVEJsUDFfOWZ2WjdtOVdlS3ZUeWVxNTdiSTAydExFN2ZLVUMyc3A0aWhIOXpKQXg?oc=5,Google News RSS (10-Daily)
07 March 2026,magetan.go.id,Media Massa / Pers,Tier 3 (Lokal/Independen),"Day: March 7, 2026",Akademik & Umum,Netral,https://news.google.com/rss/articles/CBMiSEFVX3lxTE8wYldlaXR4Z0R3VlNyeHRwSGxBUlNHMWhsZEdGWnkzUHMzcnRMTUdDczZnUTc5N0ZPT1RXbXRBdGE0UVZmM256Qw?oc=5,Google News RSS (10-Daily)
08 March 2026,Skuling,Media Massa / Pers,Tier 3 (Lokal/Independen),"8 PTN yang Membuka Jalur Golden Ticket, Bisa Lolos Tanpa Tes!",Akademik & Admisi,Positif,https://news.google.com/rss/articles/CBMiVkFVX3lxTE9NT3JFMnBDcDN6b1d6eHVnTm42elBmTTk4d1g0dVZNVzRVYkcwMXBTaEQ1TFBOVE5OTTd5MklYUmc5ZkM0Q3REZDRyV21NNFlRU05BdlZR?oc=5,Google News RSS (10-Daily)
09 March 2026,MAN 2 Magetan,Media Massa / Pers,Tier 3 (Lokal/Independen),Testimonial,Akademik & Umum,Netral,https://news.google.com/rss/articles/CBMiUEFVX3lxTFBoc3EyNWRJRFhzNnQtQWlYMXhEckNzemRhQUZpU3dVaWp1aGZDOXRBOE1VaS1TN09oLW1jdWY0aUxnenpTMDdfSlh3ZUl4cUFt?oc=5,Google News RSS (10-Daily)
06 March 2026,jatimnesia.com,Media Massa / Pers,Tier 2 (Regional),Bupati Nanik Tak Komentar Keluhan Pelaku Usaha Terdampak Jalur Satu Arah Magetan.,Akademik & Umum,Netral,https://news.google.com/rss/articles/CBMipwFBVV95cUxPWEp0NS1FbEphUDBpT0Q5bGdDdDBZMWxUOWdESnh5a1hHT2Rzd210RGZHYUZ0NHg4NUJRNEstc1h0a3VZa042LWlQVmlNaW9ROFpub1lNOVJNaklUcEx5RzRjM0ZUUU0tQV9ueEVuN3BNNW9WTTJMTjRGUF9TQkp4Q1k4TDJkY3JyOEtLQlJTd3Jsb3hfX1lhaHhsMXFkWTZrUThKMk5xVQ?oc=5,Google News RSS (10-Daily)
01 March 2026,Penerbit Yayasan Daarul Huda Kruengmane,Media Massa / Pers,Tier 3 (Lokal/Independen),Tinjauan Ushul Fiqh terhadap Sumber Hukum Islam yang Diperselisihkan,Akademik & Umum,Netral,https://news.google.com/rss/articles/CBMifEFVX3lxTE92TlFvX2FHV29PM3JkRDR5dmFLTG9MaEhjajVaOUtyRk16TUlLd2RRRzBDSk1iT0tCZ2RBMzdpWnlrMXN1WGk2dGRHSWR1S1l6YkJ4dnFVNWlFYXZpLVBTUmNQRFRWbW1wUjdXWmlHWG9UdTg3bEt6d1U0WFA?oc=5,Google News RSS (10-Daily)
06 March 2026,magetan.go.id,Media Massa / Pers,Tier 3 (Lokal/Independen),Pemerintah Kabupaten Magetan Buka Khotmil Qur’an 1447 H di Masjid Agung Baitussalam,Akademik & Umum,Netral,https://news.google.com/rss/articles/CBMiqAFBVV95cUxQcXQ0X2h4cWpkaEF4V25xbWRreWRlRlZ4SUtCR1VQbTlrUDBTSTRkRmwxVEs4ZWFZVDQwc1N4cklMREMwVTFYSEQtT2VFX0Q5TTM5SDZDNU8tY1pUWm1zeXp2SVM0WVBpbjlTVjNnMTIxMk9aOVAwSlNzVkJITHhRX1N6dFQ2YjZnZ2VNN2NsLXB3TUZGSENMUUwwLWV5NjQ5bm1iTFo5YXE?oc=5,Google News RSS (10-Daily)
06 March 2026,FEB UNEJ,Media Massa / Pers,Tier 3 (Lokal/Independen),FEB UNEJ student from Master of Accounting won 2nd place in the KU 23 Women's Singles at the National Tennis Competition - Disway Tennis 2021,Akademik & Umum,Netral,https://news.google.com/rss/articles/CBMiXEFVX3lxTE1ocG40UTBtaFptZzdJSEQ4WHlGX3FCRTZXU29uclBUaW1mNFpRckFqY0ljc3VkSWhNR3RLcWViYVJXUllaSmhxQWRFZ2lGYWl3bkRmUzZHS1k3azFX?oc=5,Google News RSS (10-Daily)
09 March 2026,id.scribd.com,Media Massa / Pers,Tier 3 (Lokal/Independen),Template CV (3),Akademik & Umum,Netral,https://news.google.com/rss/articles/CBMiZkFVX3lxTFBxZHRZZDZ2WWpaR1NwMDlobW1GcHhTNGVUNU5YVzRMeHc4U0R6VWRGUU5EcVFqaHV0UlJHRXhZMEluRmxMT0hjck96WWpWOWVBbm4zUEJJcnBzV3ZZbVNDZXhYZjBkZw?oc=5,Google News RSS (10-Daily)
09 March 2026,Wikipedia,Media Massa / Pers,Tier 3 (Lokal/Independen),Templat:Wirawiri Suroboyo/FD6,Akademik & Umum,Netral,https://news.google.com/rss/articles/CBMia0FVX3lxTFBBLVk4ZkNXRHB1RDg5cWpoS25MTElEVE9XM0dGUlhLWG91S0g2cGVFQ2VFWFJnQmVWMHM5d2p4Zl8xYVNIaEZDd01iS1RRZUtCaUhYc3BMbWctdmgtV2xnbGNXZEgtOVlOSHRZ?oc=5,Google News RSS (10-Daily)
02 March 2026,ranbitv.com,Media Massa / Pers,Tier 3 (Lokal/Independen),Unesa Gelar Program Mengaji Al-Qur’an Isyarat Selama Ramadan 1447 H,Akademik & Umum,Netral,https://news.google.com/rss/articles/CBMinwFBVV95cUxNMWR3a3pSekpsZkUtcXpoNW8wZmtGUFo5a3ZKdEEzZDRld3YyYzRQanNTWURmYzVhREE4ODgxcFA1UVBCSGpkR0EzTU9hSmF2bmpxekU3YzBCbjZDZ01CUFZ6bUI2RGRMM2I5NXhvZlNPeDdRWkpGaU1kblhBaG0zaEc3Q1IyTS1fUkU5c0Q0RGdRWGduRnhLeWZnNUQtTnM?oc=5,Google News RSS (10-Daily)
05 March 2026,detikcom,Media Massa / Pers,Tier 1 (Nasional),"Ikuti Jejak Ortu, Desi Siap Jadi Guru SD dan Sukses Lulus Unesa dengan IPK 4.00",Akademik & Umum,Positif,https://news.google.com/rss/articles/CBMixAFBVV95cUxQa2FxT3M1WldMU0h2N3drMWVRcUxfbTVCVzR4OUV2cFBkQmVzd2k2elBfUlJuVkQzNUtfaGNIMndlS0dfQzZROElZYkNydzJacGxqRFRoblVjR05sUUxiRk4xV0I4aTQ5dFFtLXM1UERhZTlSTWxUbjk5VEZHOFhrWU9LWUF4amxkQ2JzUDNvUXZ1ZFZpZjNMZVlYRmxBWHpYLUFla2xmZDlJUGtLcDJBOGFPRWtIVGd2RWxnT211TWZsYWFR0gHKAUFVX3lxTE5yUVgzbEUtem9BWWtsaXFKUlVrd01LNkkyanQyd18xTzlWWG1Fa3g5Sk9La3VNdjdyRnpZQkpqWlJjcnJJbEJITkZqUWxqMUxVTjNrbkNNa3FuUERpb0tVUnQ5bks1UzMwR0FyWlQxS2szeDlVZG1RQV9zdnYwN0NUS0Z6WG4tdVZhMG5zaF9JZG14Z2V6VnRIOTEzUVZxMnp1N0RLU0NvaW5fbUJHMFRTWnZPNndRVWxiSEpJSlVIV2RLZ3JMVGhocWc?oc=5,Google News RSS (10-Daily)
04 March 2026,Tagar.co,Media Massa / Pers,Tier 3 (Lokal/Independen),IMM Ganesha Rayakan Milad,Akademik & Umum,Netral,https://news.google.com/rss/articles/CBMiVkFVX3lxTE5YTFRjSDZfRXpoSDQweXFwS3NiVVMzM09HcHBMNE1oTzNDU2RfVEc1dzY5ZnNSRmZkS21zS0UzREhfekhRSjJBVkxKS0E2QnQ4dEpldjJB?oc=5,Google News RSS (10-Daily)
05 March 2026,Yayasan Maslahatul Ummah Ilal Jannah,Media Massa / Pers,Tier 3 (Lokal/Independen),PENGARUH TEORI WARNA (COLOUR THEORY) TERHADAP PENERAPAN MAKE UP PADA TAMPILAN WAJAH,Akademik & Umum,Netral,https://news.google.com/rss/articles/CBMia0FVX3lxTE5vMkZJZ3g4Ym9RNm13WWwydE9NNGw3bC1PM09IZERKc0xyOGlCLTd3bVZwU2NCandKVHVEUzVDVnZpdUlxLVdiSXY3d2VhR1J5NElQVkFTTFRhRFhIZy1NTS0tUUJOdF9TaEhn?oc=5,Google News RSS (10-Daily)
08 March 2026,klikmu,Media Massa / Pers,Tier 3 (Lokal/Independen),Formadiksi Unesa Gelar Gema Ramadhan di LKSA Panti Muhammadiyah Wiyung,Akademik & Umum,Netral,https://news.google.com/rss/articles/CBMikwFBVV95cUxNd3JpZld1V1pOTlIwX3k2TjFvQ25zSGJqaERVcTlTdkRBTzE1bjBYaHpFczd6eDBWS2k0ZHIzV1lHOWdtT09oTFdrMUc0ZFdEVklfXzhhU2F5NUZOZ0dJaVQ3YzliMHZLa2NEZDhZZFB3S01fOHVYcWR2UTN6ZlpFSllnTHFDc2FsaUhrQm9zOWNlQ0k?oc=5,Google News RSS (10-Daily)
07 March 2026,Edupartner Publishing,Media Massa / Pers,Tier 3 (Lokal/Independen),Exploring Physics Concepts in Lamongan’s Silir-Silir Dance as Innovation in Physics Learning Through an Ethnophysics Approach | Reog: Journal of Ecoethnoscience Education,Akademik & Umum,Netral,https://news.google.com/rss/articles/CBMif0FVX3lxTE54Q2NKNVhVUlpzbUFwVHdHdEhnaVZ4a0VYVy1XQ3ZnSS0zeVpBVGFzdklucmdNVU80Q2JCRkUyWE5sZ2tPdFpsMWN6NElqTkhWOHNiSExLUFpfaGtsNU84bkZQUnJpMVRnX01SMFIydHUyR3BTaDg2UkliNjJHYTA?oc=5,Google News RSS (10-Daily)
03 March 2026,TIMES Indonesia,Media Massa / Pers,Tier 3 (Lokal/Independen),"Wujudkan Kampus Inklusif, Unesa Gelar Program Mengaji Al-Qur’an Bahasa Isyarat",Akademik & Umum,Netral,https://news.google.com/rss/articles/CBMivwFBVV95cUxNb2lTYUhpUXdEMGNsWWZCelI4aHZHM21HbjdWTzdWbEE2VEhDaEQ4bFpfMHIteWdaMGs3cUswYTE4RnVsaFotWnlmbjZzMV9VVG9LX2hhVDkyTDl1N1hPeGk1VVNPUDJHcXRpX2pJTTdYOWwxV2tNRmNqR09OYkZtMDJ0VnNHZFN1X3VMRy1Gdmhqa29oUUpfLXlXRkJnN0p4T0luQkh1NmNTdnZyS2llR0hLVnlHc1lPZGlYS3lrSQ?oc=5,Google News RSS (10-Daily)
06 March 2026,GOnews.id,Media Massa / Pers,Tier 3 (Lokal/Independen),UNESA Gelar Hospitality Talks Bersama Praktisi Hotel,Akademik & Umum,Netral,https://news.google.com/rss/articles/CBMigAFBVV95cUxPSlFjNXB3ZTJYczAwNUtNdU9TdHpZdE9zQ0Rrbm5oRWZqMXNWdmRqVVJqeWtXUW1QM2dCdVE2dG41aWhTWS1oOXZUMGtvZjh0cU85OFl4bkthNTRoRDFfS21PUDl3NW9GTFdDVW9aX2NlNW4tZUtwUk9ZWkFDdDRYdw?oc=5,Google News RSS (10-Daily)
02 March 2026,UIN KHAS Jember,Portal Kampus / Akademik,Tier Kampus Mitra,"ITS Inisiasi Kolaborasi Riset ""Jatim Melaju 2026"", Libatkan UIN KHAS Jember",Riset & Inovasi,Positif,https://news.google.com/rss/articles/CBMipwFBVV95cUxOSFlfY3FYZ1k4Y2RvOFo0MjYzVGNYX28xOWVwR0dCa2xLR3RNX1RNZUVoNV9Ua2RJSi05aEhWSFFrUEtvSm1yaFpXWVZsUTk3SjlNSkpKY0RzbFJqMXFDY2N1al9VQWZ6bzZXQnRHSWZoTDdCS3Z4dUlhcjB5SkI1aE4tcEhlY3hNNDNoTXRQb2poaGxaMzRiUzhEU1pzaGhLMlNBRDR1RQ?oc=5,Google News RSS (10-Daily)
09 March 2026,rmoljatim,Media Massa / Pers,Tier 2 (Regional),Pemkot Surabaya Gandeng Kejati Jatim Selamatkan Aset PDAM dan Kolam Renang Brantas dari Pihak Ketiga,Isu Hukum & PPKS,Negatif,https://news.google.com/rss/articles/CBMiwwFBVV95cUxONHJ6QVZ2OXNZV2pWM0RXdXlicmswcnN3RElSclk1WjRRZl9ubkktWjMxS1pLVnJZeFZ0RHlENEh6R21yWElJLWhGSlVobmE3aXdaaF9KTXVMZmNlNHZxUElVWHQ1QzVkb1JTdllXbDFGQ3lKTDFYcHotTURVaDA5Z2t5QzBtRHlieWUzYnIwb0EzMUpZR256cTRGZ3FKWkU1VXRUb0lHYm1lS2wwYWFRTkVnLWpWaWhJYTJPcEtUX1lYNTg?oc=5,Google News RSS (10-Daily)
03 March 2026,detikcom,Media Massa / Pers,Tier 1 (Nasional),Kenapa Tubuh Lemas Saat Puasa? Ini Penjelasan Dosen UMY,Akademik & Umum,Netral,https://news.google.com/rss/articles/CBMiowFBVV95cUxQdERuQThta1hPRVhkeHljS3lacnVyZEpVUnZqZkpnZDlFMzctUDRXV05FcmNZUkFub3NJOTZ0NFIyd0NHdkQyNnRVWGQxM3lCYkVrSkN5dFladThsdkVoUXJjS3pMMVdtTTJkeTE2LVhpVl9TQnZ0ZW55MjctcU1sMGpDeWVUVVRrMmljdWx3UFotbUJMZlM4OElhc3QteC1GVFdr0gGoAUFVX3lxTE9uZUZLWHIyVHo5eThJWjYxNEg1TWJmOEFOSG80eFJ5SEJHTWk4LURrdlpEa0pGWUlLc0F6UFhWSUZ2X3V4Q29VZGVwSk1Ncl9hTjNaRThNQUg4dVVib0pKeHFRZEdMVWtBcl93NUwyaEpiTzZ5bUlPcUljNGUyZjdyckR3M002Y0tFeVMtaWpFMGRodE16eTdfVDd3RF9RVXhkRVh4VUxDZw?oc=5,Google News RSS (10-Daily)
09 March 2026,Infokost,Media Massa / Pers,Tier 3 (Lokal/Independen),Kost Putra Surabaya - Dari yang Murah sampai Eksklusif,Akademik & Umum,Netral,https://news.google.com/rss/articles/CBMiVEFVX3lxTE9yWGFWM0hVYVlIdkxFdElsU3lxUktrcHNlem5zanVJdnJCdHA3S3lTTTNlblBzRXJXYkgtZ0J3bTVDT2MwdTUwWGJaNWtIaEFOdVhYaQ?oc=5,Google News RSS (10-Daily)
10 March 2026,unmuhjember.ac.id,Portal Kampus / Akademik,Tier Kampus Mitra,Power Relations in Sapardi Djoko Damono’s Novel Sunyi adalah Minuman Keras: A Michel Foucault Critical Discourse Analysis | Belajar Bahasa: Scientific Journal of the Indonesian Language and Literature Education Study Program,Akademik & Umum,Netral,https://news.google.com/rss/articles/CBMickFVX3lxTE5uMy0zRHlRN3E0VnFBTTBZc0tkSE9lOVI5UGxhRFpmSTJVZEhfY2FIdU5Fc0p2UGJ1UDdCdDhVcU1FdWFZdWpDRTZaX0ZlX0UzbkNXZFgwQmlHZ1JKOFgzVjR3dHMwZmdjR3VON19hNEpuZw?oc=5,Google News RSS (10-Daily)
07 March 2026,magetan.go.id,Media Massa / Pers,Tier 3 (Lokal/Independen),"Peringati Malam Nuzulul Qur’an, Bupati Nanik Ajak Masyarakat Perkuat Iman dan Kepedulian Sosial",Pengabdian Masyarakat,Positif,https://news.google.com/rss/articles/CBMitwFBVV95cUxQWlVSam1rcEt6T3RjUW5hWUpCYm56RVdLRkVZU0dYRGd4clRhbWtHS0JwOFh3UDFBOVdHTlJlRnBackoyNUdXLUJDWS1NNXFqTmRoUE5td0FrYnJwbFVxWEZBMW5XNjNGOVd4Y25VN1dMWlhqUFc2SlZ4MDB3Y0ptRVVLUzlPS3VxWXpqZTNrRGYwbUJpZGNyUkZJclhBSjNEOFZhMnJyazhvU2MtekN4TUtzS2pfaG8?oc=5,Google News RSS (10-Daily)
06 March 2026,Institut Teknologi Sepuluh Nopember (ITS),Portal Kampus / Akademik,Tier Kampus Mitra,Call for Proposals – Program Penelitian JATIM MELAJU Tahun 2026,Riset & Inovasi,Positif,https://news.google.com/rss/articles/CBMikwFBVV95cUxPUHFFdEpwVHBCbm84bWtTb0cwWko1VEV3eWVBQnNUZFlJd2d6WF8tc1JyTXlQRFk1cjQxaUtkQVpINU1fTG02Z2Nvc3B5SDNOXzNpc2JUUTRMTEt5WjNXbDI4c2ZPT3dMU1dDNWZJbm1seTI1ZmZHQ21xR0tsZXFMcGJIRHRGRmdLMDFKSHF5cmZBWWc?oc=5,Google News RSS (10-Daily)
08 April 2026,Yayasan Pendidikan Dzurriyatul Quran,Media Massa / Pers,Tier 2 (Regional),Pembentukan Moral Untuk Generazi Z Dan Alpha Di Pesantren An-Nur 2 Al-Murtadlo | Al-Zayn : Jurnal Ilmu Sosial ...,Akademik & Umum,Netral,https://news.google.com/rss/articles/CBMikgFBVV95cUxNMnJ2aWJRQXFFZmdUcHQ3N2hCRVJ2VHVkbGlfUXFCc0xVUTFFOGRIS0JhRk1OQnltUmhZQnlwUGJfQkhmM1cxVHl3S3piMzg1TUVoOUNTbXV6OGh5M3lRZHVFUDRHYUN5SVJrT3RvNEctemhpX2I2MGhUaHJYWThIdTBURV9ESndKUWIzNGcyOXhkZw?oc=5,Google News RSS (10-Daily)
07 March 2026,joecy.org,Media Massa / Pers,Tier 3 (Lokal/Independen),"Pengaruh Likuiditas, Leverage, Dan Ukuran Perusahaan Terhadap Kinerja Keuangan Pada Perusahaan Sub Sektor Produk Pertanian Yang Terdaftar Di Bursa Efek Indonesia | Journal of Innovative and Creativity (Joecy)",Akademik & Umum,Netral,https://news.google.com/rss/articles/CBMiYEFVX3lxTE1DMk9tODJwWHBRT0FyZVJDWEdOWV9LVjJRUGN5bXZXOHBFZUVEU0tFdGJYU21VOWJqUUVOT09FV1VLU3hLNGN1SEFSTFY4dHhaRTZUdnlGQ1ptNGllMkI4Yw?oc=5,Google News RSS (10-Daily)
03 April 2026,Yayasan Pendidikan Dzurriyatul Quran,Media Massa / Pers,Tier 2 (Regional),Pembentukan Moral Untuk Generazi Z Dan Alpha Di Pesantren An-Nur 2 Al-Murtadlo,Akademik & Umum,Netral,https://news.google.com/rss/articles/CBMikAFBVV95cUxNdERnTTZ3T3paSk1jNVNBbmRkYzczRlZRZkVQRFNJeGNWVXlhdF9valM2ZWNzV294RmEzdlIzS3kxblY3UHNxY19TRGxuSGk3MFpCZ3JRTi1Ja0s1c1RuaElkLWxPam9NLTk3NTVlMFlnSjNqY2VKV18tQ0oyVFVLMUpYZGJENEtEWi1ZbXJjSUU?oc=5,Google News RSS (10-Daily)
03 March 2026,Universitas Pendidikan Indonesia,Portal Kampus / Akademik,Tier Kampus Mitra,"PT Rajagrafindo Persada. Arsyad, A. (2014). Media Pembelajaran. J",Akademik & Umum,Netral,https://news.google.com/rss/articles/CBMic0FVX3lxTFBmeGxQZlVPM3NUMXhTS1ZRZ1RvTkRhOGIzbTlKOFQzVFFKZll1NzQ5alNJb0JmNXFMemJaekEyeTY4bWZqMl85QmluMkc0QUhOQk1hX0pIbklrUEZqTnRoNmhrXzhvRkJDQndPdmthR040QXc?oc=5,Google News RSS (10-Daily)
07 March 2026,Suara Merdeka Surabaya,Media Massa / Pers,Tier 1 (Nasional),Pakar Psikologi Unesa Ungkap Manfaat Puasa bagi Penguatan Ketahanan Mental - Suara Merdeka Surabaya,Pikiran Pakar,Netral,https://news.google.com/rss/articles/CBMizAFBVV95cUxQTGc1ckM3TXpsR1ZEY1VYM09wdmp6akxrb1hsdUpTcUE4R1JkaDdYN0l3aW83eFJsT2pXYWV6Z2lPRzAzVFVvQlV6d0dhSnlvMmppaE5JMzBvcWtJZkhjZ0JDM1E1QUUzN0tuR1Rrd1FtTmJGX1B2a3RLMjlYWTFaV1RxZmRJaGxxX0pGNFkxa1BsMzB4NDE0Tmx0TlZtS2c4R0gyaXdGMl8tYnExT0dSQTAxSm1sLXU2RU9tSllhUGtwYWlkUHNkdE82STXSAdIBQVVfeXFMUHBvazYya1hvR284VFAyNFlSbVdWSWUyR3Zrc1lEdFVvTWhYLW5VWGkxSm55bEloNFNQSmpscm96SmdtRVo4U0NwaVN2aTA0OTlmNU5ENzF0dllBT285bE9TY3B0VEVENHdMellJS0J5ZUxrcklyczJjbWxnMlZ3ZjNMYll2b3o3TFVSSFdxZEpKem5VNlMzZXprN3RLb0NfbUhla3BZSmdCMVl0eWU1SThNZ0d3REJPM0dNdG41RVBTWG5GMkdlQW1jYVZpRVBXUVhn?oc=5,Google News RSS (10-Daily)
06 March 2026,SMA MUHAMMADIYAH 9 SURABAYA,Media Massa / Pers,Tier 2 (Regional),Prestasi dan Penghargaan,Prestasi & Penghargaan,Positif,https://news.google.com/rss/articles/CBMiR0FVX3lxTE5yWEthNE5YM3JmRlZIRE5yZjVKZW1fMy1tbVZObW04YlQ0Z3Y0M1R3QmpRWm8zWTRKRUh5R0NKVjc4VjhGNzZv?oc=5,Google News RSS (10-Daily)
04 March 2026,Universitas Pendidikan Indonesia,Portal Kampus / Akademik,Tier Kampus Mitra,"DAFTAR RUJUKAN Amir, A. (2013). Sastra lisan Indonesia. Yogyakarta: Andi. Astika, I. Made dan I Nyoman Yasa. (2014). Sastra lisa",Akademik & Umum,Netral,https://news.google.com/rss/articles/CBMidEFVX3lxTFBsdnJ3QzE3cll2bVRaYkZEQktxaUFGd2RxVDZScDVCLUo5bzB5WlUtT0R6bW5Pc1dya1pPMTFaVTBpS1NrbGtPTVFVclJhSVNYdFZVaGs1elV6V09nOTN5YmlOa2tSVHFab2t2dVMzSzNXZGdS?oc=5,Google News RSS (10-Daily)
05 March 2026,detikcom,Media Massa / Pers,Tier 1 (Nasional),Studi: Yoga dan Zumba Jadi Olahraga yang Ampuh Kurangi Stres Perempuan Pekerja,Akademik & Umum,Netral,https://news.google.com/rss/articles/CBMiwgFBVV95cUxQeDNNSDN2QV83clFtalBqSktKbHpJZGNYWGVPaURtOW1SQ3FpcHUwOVVJanFoN044NW9tREJUYjFkOUJMemtzdWVHSWdfbFBBMXRjcW1BRmVfUnBtMGpHOHpYUDlLQmRhMDRiUmV1Z0pxaVE1WXR3NkxPU1FGZDRadmJtNHF4aUVua3phWkpjQ0FZSHZPd2FJUjhlTDZYbGRYdWFJV2l2ejNPNm9Dc05OTzZVbklXdjhOd3c0Q3dMZ3Jnd9IBxwFBVV95cUxObXVQMlNNQk1WeFk4YVo3bUFzajhxeEFpdnk5LWlyZy1WZGhHS0thTDU1cnVrcmZKWHRfM3N1dmdrU1luNVhXbnY5bjhhMlhUYWVfMmFFQmNSckNjcXBxeFZ5MlhEbEFzRGdveTRScEc0QmlBZ1MyQ0k3SkhyRF9OQWNncEVQVzVUMVNTZ0IxeEtyQnJtOXZrRnd4aGMydjgzTDhVOVMyQkFLaExXR3Y4Rjg2ZUFkb2s2Z21DODJxZU9TNl9qM05B?oc=5,Google News RSS (10-Daily)
06 March 2026,detikcom,Media Massa / Pers,Tier 1 (Nasional),"Cerita Hanindia: Dari Translator, Kini Raih Beasiswa S2 ke Jepang",Prestasi & Penghargaan,Positif,https://news.google.com/rss/articles/CBMisAFBVV95cUxOR2o2Mk5yYUIwVXItekhnVDNteVBqbVItUG9Sd3ZwdzVxenFyMFZRZjBGY3ZCaHVrTURRTXJnMXJrOXZOVVpWcy0tU1BTRXVwV2k4dkRzQkYyNE9jNFB4Sk5FY1d3eHVmZFpaR01XcWxnQkF6dnVvS0ladnMwX0k3R2I5VXZCb29pVVc1V3dVNFpISkpSR2h3WGo5cHlFTV84ck40UWw5QzFqc1pMWHZ3aNIBtgFBVV95cUxNbzdNRjF2ZmxoalNZLVRyRkc5LVBna3lIWjBrV0R1MTZzVWNtdk9NeDRzaUZ4T3N0cV90TXc1clEyWjY5eDA1bEVqMnZNclZpeDNDQUVZSUtCWTJkZDJYN3AzamVVejJaMHhHNjd3OEF1ZFRGRVVXN1F0Y0R5cGRkbHR3a0VJb215S0lpbWZlMjlBUm5uV0RIeVB0VXBXRW1RVGlKSFhVdVRzTkNkYUFyT1p3dmFxQQ?oc=5,Google News RSS (10-Daily)
08 March 2026,Zona Jatim,Media Massa / Pers,Tier 2 (Regional),"Efisiensi Anggaran Digaungkan, Buka Puasa Pejabat Sidoarjo Disorot Fraksi Gerindra Karena Kemewahan",Akademik & Umum,Netral,https://news.google.com/rss/articles/CBMizAFBVV95cUxPZ01QeEFpTmFoVDBwSWsxQVJYRktmT3Y4YnR0VmZNSlBza25iS3pKQlZxa2ZfbnpvanVlR1FFQ0pMUWF5ZG9uRnBaSEVTY0t4VU9feXEyRzFhTDhuVzd5VWwxR3RMNFlPcDEwZ3R1aEhZTjFKNkdUT2dVdkphejJvZHJxVmVxV3B2U3VIWkVIcl9GR3J6bng4OWMwUnloek03dWd3b1g1bFNCVlVDaTVPR041MzRzR3NOUUY3ZGtXQW11TmpXaUdPUEVsSDM?oc=5,Google News RSS (10-Daily)
18 March 2026,Lembaga Riset Ilmiah,Media Massa / Pers,Tier 3 (Lokal/Independen),Impression: Jurnal Teknologi dan Informasi,Riset & Inovasi,Positif,https://news.google.com/rss/articles/CBMihAFBVV95cUxPaGV0ZzEwSXA1SnJTMXZRVmtZUTdjSGdLMnlfZzRlNmRWUjNwSjUwWGZOWE1JU2ZENTkwLTUwWkxHOVUwUGw5akJHUWlrUXNWS3VLRHQtMUV4M3lfQmg2V3JEZE4zWGtCSUNJN1FuZEc4N3hXZW5ySGRYQ0JERDZQbUM4eTk?oc=5,Google News RSS (10-Daily)
04 March 2026,Warta Pramuka,Media Massa / Pers,Tier 3 (Lokal/Independen),Kakak Audy Joinaldy Ngabuburit Dan Buka Puasa Bersama Penyintas Bencana Di Huntara Linggai,Akademik & Umum,Netral,https://news.google.com/rss/articles/CBMirwFBVV95cUxPLXRsckZrcGRoRkxsVUhyT2JaWjJrRzBaN2JYYkRCSlQ3X1hKREVYdHBvU05OR2JEeE9GTlBlQ2g5TlFYLUlrNzNaZEdvcEpFZVVoeHJLdkNLSUlIUWw4YnBZaUhud3I4MmZjM01ZVGp2aEp5dk5qZG9DeTJkY3JsQldkNlBwSUJDN1V6X3hVeGZBdU1UR0YwTXQ3QjNEeU5zczVscEk3Y3pzb0RsQ21V?oc=5,Google News RSS (10-Daily)
07 March 2026,kominfo.magetan.go.id,Media Massa / Pers,Tier 3 (Lokal/Independen),Dari Meja Konsultan ke Dapur Omzet Jutaan: Kisah Lely Sulap “Kaum Rebahan” Jadi “Pasukan Kehebohan” Pie Susu Centul,Akademik & Umum,Netral,https://news.google.com/rss/articles/CBMi2AFBVV95cUxOcHlQTm1veVR2TzFGakJmY3VQZUNtX2xMVkpIQlIzbjdzVEpaX3JzZERwMjRxOVRfYl9IOEJmRU9aT2w2OUxFZ0VsYUZuNFRPZWFzQ0dhT1ZYMThCZENiTUZBaDMwTWdIc0RpTVJQVlJHUEpTWHJ6SGZNUjRzV01zd0p0U0t0MFdyLUloTEx5TEVKcEs5WXRNZk52OHdqTE5CclRYNHdqSEZoX3FrR1piLTRBSWlodXVERjFLZzdWdjZ0Vmhlal9PeGRPUzQ1WFI1R3lCOHdrN3E?oc=5,Google News RSS (10-Daily)
02 March 2026,Universitas Islam Makassar,Portal Kampus / Akademik,Tier Kampus Mitra,"UIM Terbaik Luar Jawa, Masuk 6 Besar Riset NU Nasional",Riset & Inovasi,Positif,https://news.google.com/rss/articles/CBMilwFBVV95cUxORlJZekxQVjhuWG5PcFc2dGp2eFluSVEwRk90YW1MX29fZng2N1FPcnVqNXRTUGZ2VkVZVG9WM1ZvTUk0cVVjcHRrQnVGVTZGUW12NERyVnNld1hzTWUwSWhMQy1HbW1ibm1Sd3B0Q0hXeld6akc4c3cyTkQwaGRPamxFM2FEUE4tYmpNeDZWY3hwMEVpYzhJ?oc=5,Google News RSS (10-Daily)
09 March 2026,fkip.untidar.ac.id,Portal Kampus / Akademik,Tier Kampus Mitra,"Menuju Standar Unggul, Prodi Pendidikan Matematika UNTIDAR Jalani Asesmen Lapangan Akreditasi",Prestasi & Penghargaan,Positif,https://news.google.com/rss/articles/CBMi0gFBVV95cUxQTGJrWFBqQ3F6dGZtVERmWE01YTNyUGxSRHhNcjJwQTNaMXQzTkd0RU8tWXVwVnNkTUdHbWxTVk4yTVJiYkVSaW1iMXhqejNhdUYyWk8tdzQ5MUE0aDRsNERxWnViSGVGanZSd0VrMXNEbmdfb3RnSGNmZzdBVmh3VFJLODczSHpNMVgwQld1UXdZcDR6RTZMWmI1bm13cEFRSUp6enFTTTI5ZHF1WVYzMzczRHZzNllRSHJVWDVza0xPMHJRQVBlS1JXZUlKWUJOMlE?oc=5,Google News RSS (10-Daily)
01 March 2026,Yayasan Pendidikan Dzurriyatul Quran,Media Massa / Pers,Tier 2 (Regional),Analisis Perda No. 6 Tahun 2024 tentang Insentif dan Investasi Daerah di Kabupaten Bone Perspektif Siyasah Dusturiyah | Al-Zayn : Jurnal Ilmu Sosial & Hukum,Akademik & Umum,Netral,https://news.google.com/rss/articles/CBMikgFBVV95cUxQeG4wUW5FaHo2QzM4b3p0MlJmMWU0dVUxUWdmcVRjclRvRjlWRlNzZmJzREJkS3YwbjVIaXRGejJyOV9MTHpwMzJVdURjQ1dYdG9sRHB6TGo2M19DbjIxS2JneGREeWQ1aXdud2pZWFJIMUhoeFctWjhNTWNsaDNpZE5qcVc5NjlUUS03UWZzZ1Z6dw?oc=5,Google News RSS (10-Daily)
04 March 2026,Dinas Kominfo Kab. Malang,Media Massa / Pers,Tier 3 (Lokal/Independen),"Didampingi Bupati Malang, Menteri KKP Tinjau Pembangunan Kampung Nelayan Merah Putih Desa Pujiharjo",Akademik & Umum,Netral,https://news.google.com/rss/articles/CBMi0wFBVV95cUxPZXBlWTEyaXBvVFRjYi01MXB2dmVySkJtTzRmRnpKdUlMZXBacEhkOU9PeW9za0h6VDA0UENOSU0zOEJzelFoTno5VDQyTTNTNDdXUFBadzk2b2J2WE9lUEhaaVpsVVZBaTBWS2RoRHQ1SmVNa0VTQXB6OFNDYzNDMmZkd2JWZkxzQUQyWG9CWXByZHN1REhVOF9PamRwRzlzWmpiWXFIUUxaMWViUl9zdnEwYTNwS3BaVTQ1aWQ4X2JNbHpNbXVwRFRyeUpoRzZuRElF?oc=5,Google News RSS (10-Daily)
03 March 2026,Fakultas Hukum – UPN Veteran Jawa Timur,Media Massa / Pers,Tier 3 (Lokal/Independen),"Resmi Dilantik: Kepengurusan BEM, BLM, dan Komunitas FH UPNVJT Periode Terbaru",Akademik & Umum,Netral,https://news.google.com/rss/articles/CBMipgFBVV95cUxQcXVUazdyWFE3UmItUHltcnlvYXlJWkZyQjRVcHJBeG4tb3ZPY1dZQWY1cGk2SnJCV09kNkRQT2hkMTNfVGJQUjZNdG92aGdHMlFINXNnTGx2NXpnR0hhVVkxSWVCbFNRZUlvTmlLLVU4SjRjRUU3UXRsdjR0dmJjR21pUGNsckg5eWZvdUNIWGZGajVUZ3daeHVjY1JkVTFaQWdnOWx3?oc=5,Google News RSS (10-Daily)
04 March 2026,APPISI,Portal Kampus / Akademik,Tier Kampus Mitra,Dampak Penggunaan Media Sosial terhadap Gangguan Psikologis Mahasiswa,Kemahasiswaan,Netral,https://news.google.com/rss/articles/CBMicEFVX3lxTE9rdkZpbGdZVHdwVV90dGI1R3AwYTF0NUdFVlVVdXJFNTJwTlViQ3lEbGwyWjhLWERiWEFmWlpWaTB1QTNJLXYyT1dWYUh5NnBaRThVZHNiWE5Yd2JpeDNKQXhCUnJZVmZmdFZXOV9XLW0?oc=5,Google News RSS (10-Daily)
03 March 2026,UNES Law Review,Media Massa / Pers,Tier 3 (Lokal/Independen),Pertanggungjawaban Hukum Dalam Praktik Carbon Trading di Indonesia,Akademik & Umum,Netral,https://news.google.com/rss/articles/CBMiWEFVX3lxTFBLSG9mUjZXTFV0TFYwTTBBczFpVERYUHdlWXU0SHVnYjkzNnFEbklTSmFSNmJaSlVERWZ0dlRXbUhZTGJNYmY2Vzk0cjc2WG1Ed25zUVZwLWU?oc=5,Google News RSS (10-Daily)
16 April 2026,SINTA,Media Massa / Pers,Tier 3 (Lokal/Independen),Sinta 3,Akademik & Umum,Netral,https://news.google.com/rss/articles/CBMiakFVX3lxTFBzMlVXbG5VTXB2SFFJSHl0NXJDQjJXeG1WLVVOU1FYNWRPSlJnMC1sLUNvY1RQNFpXcUt0VWZNWE41QnhTcEFmU193RVFGSF95aUV0bVBTNXpaYTVGTW5pX1hVdmpSN2kwTnc?oc=5,Google News RSS (10-Daily)
10 March 2026,pertanian.go.id,Media Massa / Pers,Tier 3 (Lokal/Independen),BRMP Agroklimat Ajak Petani Antisipasi Kemarau 2026 untuk Amankan Produksi Pertanian,Akademik & Umum,Netral,https://news.google.com/rss/articles/CBMiywFBVV95cUxNUDdjb3ZHMWVVTlRBcFVzMVNGWFMwd0JncjU1RmtHVms0c2tLRjNKdTdaNGx4bVhMNnAzSThkcDRNRUN1UktvbG4yMngwRW1oRzhXRWdHeVB4Z1l2TURYZFlRNjAtUjYwYWsxNjEzNG1FQ3JFd09mV05QMmNaWGJUSjNvb2x0UlUwYUowWm11UlFheWZ0a0ZLT09nejZVOWowSFBLWmlpQ1AxSGhGNjEtbzhISnUxRGgwVExUSFNsLXFqLWZSN0tlMGt3aw?oc=5,Google News RSS (10-Daily)
07 March 2026,Lembaga Riset Ilmiah,Media Massa / Pers,Tier 3 (Lokal/Independen),Analisis Pemahaman dan Hambatan Pelaku UMKM terhadap Pelaporan PPN dan PPH 21 di Bandung Raya,Akademik & Umum,Netral,https://news.google.com/rss/articles/CBMickFVX3lxTE9MLUxRajc3SUtrRjlvbXgzMTcycTBjQU5zZjBTeXVvRGZta09TemNUMWxMY0hnUmhJazloZ2ZsMmdxbkhlMExaUHItY1hZbFF4MW9oUTc3ekNJSEpZNmxCQmh5dkpRVk1nNTcyaVIzLW0wZw?oc=5,Google News RSS (10-Daily)
05 March 2026,malang.ketik.com,Media Massa / Pers,Tier 3 (Lokal/Independen),"Permintaan Telur Melejit Jelang Lebaran, Peternak Kota Batu Pastikan Harga Tetap Ikuti Bursa",Kemahasiswaan,Netral,https://news.google.com/rss/articles/CBMiwAFBVV95cUxPYUxaQUdOOTVCMjBWeTZZMUNabFhoVTFfNFZhNTRGT2ZnWERVSnpHdXVMOUptYVBmUUJNZ1JPY2RXZ1lvMmQwcmRWbUEtTUFlMzVTN0Q4V2t2bUhXRm5IcTI0MjJhUURua1JrVGFQenVxb0t4eUotR0w1dVpGMHpqeTRJWXRtNHdYMjdTM3QxSTY0bG1SR0lfOW1BcWlWLUxseHlHRzdkV1JEU25EYXh0YXN5WmxNOHE4X0dxRVFJc0k?oc=5,Google News RSS (10-Daily)
08 March 2026,Radar Surabaya,Media Massa / Pers,Tier 2 (Regional),"Puasa Ramadan Ternyata Simpan Manfaat Luar Biasa bagi Penguatan Mental, Ini Kata Dosen Unesa",Pikiran Pakar,Netral,https://news.google.com/rss/articles/CBMi3gFBVV95cUxPMjZOUGtJMjRRemJkajQzNVJWRFNzR1pJS3djb2QwdEp5VVdwdFM4N2VhNHNweGdSUUlBSTRXQTRqWlJTN09vR3o5X2xYT0d2cGY4YVFUa3p2U2NZTWp0ZnVoNHl4TmNzb2JqYlh3QTVuMTY2aEZYY1I0SFQ1ZTB0X3VabUlaMVF0VDB6RUZBVks1SlhaNzJVNWVHd1EzdmE5c0FMNTQxb1JSbklMUTQ0V3JQRXV0bE5TMlN2cXRGazFZUjBvQlZhZ3QycFB0Q1VxOXZwajNqbGlRNnl2QWfSAeMBQVVfeXFMUGJmalJBdnhlN3pTYmdWMFZndUZnaDBrMFJvRmxvbTlqNTBLem0wdnpXbi1ZVGlXT1U3blZ4MkNKNldja3FLVy1YcHdHNS1iTy1heVV4NFVycmpxM2NNcFJjNzZSSHRIUE5jaWg3V25EWTFGbXNHa3pkT0M5eHNEcjhJcjIwNzhCQ0Nna1ZXSldXdkx5M0VsNnNwbDE1LWdwdWl2QTVWVWRJak0wczI2TzliaHdjOFdvdXZfOG5uWlYxajg0eUYybXdIUlU1TXRLOEtZeU1nRzBTOUM4X243c2EtdXM?oc=5,Google News RSS (10-Daily)
09 March 2026,Media Merah Putih,Media Massa / Pers,Tier 3 (Lokal/Independen),Mahasiswa S3 UNESA Riset Energi Gelombang Laut di Forum Ilmiah Internasional,Riset & Inovasi,Positif,https://news.google.com/rss/articles/CBMif0FVX3lxTE80cGxPV2FDclMtckp3SWFSbkE4dm5iZHJ1ZENucThOTXpFLTBSV3pIYnNjOUhrUHB3NFNISDJoQTVYSHVxVnZLdVlNX25YdUktS3pweWNGaGZSNUg0WHVMZ2RsR3FZM2tNZFpNVzJuOFBjY2h5b0otUkhQejVLbms?oc=5,Google News RSS (10-Daily)
03 March 2026,Infokost,Media Massa / Pers,Tier 3 (Lokal/Independen),Kost Campur Surabaya - Dari yang Murah sampai Eksklusif,Akademik & Umum,Netral,https://news.google.com/rss/articles/CBMiVkFVX3lxTFBnQnVKcURJY3lRdEt4dXVYaVFRdTRWTmdra0g5c0Q1ZHQwVktxR0pLQ3dsVklsLTlKaFBVT2tkR1BGQUozdmpPaV9CUFpvaUtXVk1qVUt3?oc=5,Google News RSS (10-Daily)
06 March 2026,Mojok.co,Media Massa / Pers,Tier 3 (Lokal/Independen),"Kumpulan Artikel Nahlu Hasbi Heriyanto, Kontributor Terminal Mojok",Akademik & Umum,Netral,https://news.google.com/rss/articles/CBMiZkFVX3lxTE8ydEo3OUNKODhJVTNvWWJNa0ZheEZ0Y1lOcEpZTHRuVVl1YXFZUVNQVzdfYU1LS0JFXzRyMkRaekQ1QUxRY0s0OWVCWnhKVngzcE5aeXpXTVI2OXg1dXpwYk5hcjBtdw?oc=5,Google News RSS (10-Daily)
07 March 2026,Bimbel PLC,Media Massa / Pers,Tier 3 (Lokal/Independen),Daftar Tryout TMUBK UNESA,Akademik & Umum,Netral,https://news.google.com/rss/articles/CBMiY0FVX3lxTE5JVUNmaUZwaEhmOEtVbk9XRU5ZTG5peU00N3pqS2ktXzNsVU9Jd0VDOFI2Y3dXbkhqOUpxa0hMRGJGRkhHeEt0NXQ1cG4wS3g5dy1Cdm9fWnhmRE1iRUtTaXZoNA?oc=5,Google News RSS (10-Daily)
02 March 2026,Threads,Media Massa / Pers,Tier 3 (Lokal/Independen),Anisa elianti (@anisa_elianti),Akademik & Umum,Netral,https://news.google.com/rss/articles/CBMihwFBVV95cUxPSHF3WDUzakNjYkVXNHFXX2RjX3I3X3dHNG82eXZZSkVUcmxwaHc4QUFYLUdNNWp6WFQ2cEdjZG5UamdRMm5hbzhVd1FlTV9kY25BeDFyeERiM3NHME1DMy1xV2lBM1ZfdXNhR3BRMEZjNXdvTXcyQnJrUFVUbFQ0STJ1XzdlQkU?oc=5,Google News RSS (10-Daily)
03 March 2026,Radar Surabaya,Media Massa / Pers,Tier 2 (Regional),"Guru, Agen Perubahan Penentu Kualitas Pendidikan",Akademik & Umum,Netral,https://news.google.com/rss/articles/CBMiqgFBVV95cUxNWHRKNkxzWWlVdnhXMzJEczNqNXd2TzhXYVJvdTVJZi1iVkw2d1dXbVc3M1RZeVlXY2xWS2s0MnNaQk1uYXdlRENPWDBIOFdibWNJLXI1dlhuYUJCMzB2VWg0X285MVp5LW5FOVp6cXRzWnQzVFVxZ1UxbGVyNXRwWVRmaW1POHNGUGhfYmpqcE1Uc0haS2RjY3E4aVdKcUx4S0hiVVFRY2ZEd9IBrwFBVV95cUxOZ0JRNnZQY1B2eFh6VGtUZHhiR2VXdXowUWlKR2NzQktJNk9Kc2JNa19HNlpGeUdaWHp6TnJtd1FqSFJ2REpXYzdMRW9hVEpaX2FxY0Q1NVpnUmQ1cnY3SjF4RDlYcHhsMTh6WlhocFVJWWJ4U3IzdjFvajBScWNXT1lPQS01X0x3akRyYUY0VFJLSno3endoVkJ2SDB0LXFlSTdEX2R3bnVxSHFFVkxz?oc=5,Google News RSS (10-Daily)
07 March 2026,republikjatim.com,Media Massa / Pers,Tier 2 (Regional),"Bukber Glamor di Surabaya, Sekda dan Para Kepala OPD Pemkab Sidoarjo Dikritik Tak Empati Soal Jalan Rusak",Akademik & Umum,Netral,https://news.google.com/rss/articles/CBMi2AFBVV95cUxPcVhVYVE0WjJNUnBxY280ZzJMZ3VpOEozNnluZjBVa2pJMWdNb01hYXZlLVZOXy1aZlNid1lWZGhUczVoTlJtNzJpUDFnbkdGNDdKSGJwVmcxM0dNa2hqeUdzQVlydFV5akpHTzN2Y0dxZlotMFdmNlRhejdVdlZWd2JlNERfdFRWV1RkLS1QU1FMa0tabEU1ZngzZzBaUTVNaFhpZXpqWFpmMUlsQ3JKYURZY3otWFNlY3JEOG50RnFwSjVwZWh1aWtMLWhWejBFQkdQYUtBMl_SAd4BQVVfeXFMUHpGNkZWMXFhb09mRWs0WXZZRktJWWVQSWFrVUtYc3YyUHNNcnZITFQzeVpQUHhsbGM5Zm5tZzRwNGs4VnBDU2J6T2RaSGdZM0FnZ2UtZlJMU0laektfbWItSFpzUFNXY3VhY2pZSEd2VER0dnl5VzU1US02SG8xS2RnNjI4M0lVSEZTN2xDYjR1OVI2Rkh2cmotSDBhU09fR2tKdFdqM19JcXc4bDJyY29yMmFDTDNtSmxOYmYzdGZDM2ZJNmJlM01XU3NQbkdPSDhjUjBCTW0teU1wMVB3?oc=5,Google News RSS (10-Daily)
10 March 2026,magetankita.com,Media Massa / Pers,Tier 3 (Lokal/Independen),"Bupati Magetan Mutasi Kepala Dinas, Kepala Puskesmas, dan Kepala Sekolah, Besok",Akademik & Umum,Netral,https://news.google.com/rss/articles/CBMiowFBVV95cUxNeUtEQ2NPU3NlNkkzR0FIRnlTS09RbXBPMmJJS3R0SFVCSkNrLUpyQjVfeWlJRTZFUE1NUVdVSnFJTFdEaGRIX0ZNd2FYQ25JcmltSEhyaXpxNnQ1c1hWVC03MHRHaG1TOWNVcVJadlRuVFp0OUhGd0dMSGNGRFFQSC16ZVozS2xteXNVRmtjVnBzaWRVN29SRlJuSm9sSVhlNUVV?oc=5,Google News RSS (10-Daily)
07 March 2026,ketik.com,Media Massa / Pers,Tier 3 (Lokal/Independen),"MULTITALENTA! Inspirasi dari Alfin Syawaluddin, Mahasiswa Unesa Juara Esai Nasional Hingga Silat Internasional",Prestasi & Penghargaan,Positif,https://news.google.com/rss/articles/CBMi4AFBVV95cUxPd2IyWjJUSFFTb1YzU01aNjV3MGRyQV9uVlBkaktSZnRQekYzV1JQa01rQVRMVmZaeVZjTllfNXp6VXpLMEVHV1E0anp4N3VIdFh6b25jR1d3dVZfVEFyeTNpZUNEdlN4Z3NGSW05enU3RXdmckk1MEk0X0FCblY3cnRXN0dqc1BGM3M4YWRaWjM5Q1ZqSHFFUzhKZUFXN2R6TGhrNFhqaENkbW5ROEIxOUoxSTNobFNLZGUxdDFFd0t3S3VhdXpwNXpib2twZHNJbjVET0REbkQtSXRJSjVQeA?oc=5,Google News RSS (10-Daily)
10 March 2026,buletin.co.id,Media Massa / Pers,Tier 3 (Lokal/Independen),SPPG Badean Bondowoso Konsisten Salurkan Menu MBG Bergizi,Akademik & Umum,Netral,https://news.google.com/rss/articles/CBMihwFBVV95cUxOcXBJbEZEVUtMdzNUMEJ1Wm1SeFphWU90RmZLel9sSVdBRTROYndQQXZQSXRGRXhjNGJjR05jdEY0MlFzRDAtd0lXMVVwOHVmQWdWRmp3VVBtR2RqbV9mWHdLLXJqWEdzLXhRNmFPSHdTcFJRQ3RJZ01PNWFELU1yYnYxdUtSSzg?oc=5,Google News RSS (10-Daily)
10 March 2026,selalu.id,Media Massa / Pers,Tier 3 (Lokal/Independen),"Pemkot Surabaya Gandeng Kejati Jatim, Selamatkan Aset PDAM dan Kolam Renang Brantas dari Pihak Ketiga",Isu Hukum & PPKS,Negatif,https://news.google.com/rss/articles/CBMiyAFBVV95cUxPN0xxRDRuTkRVZExrcGxwdUxhb0h0QW55T2lCN1pWNldHMHRPOUFackZ0QzUxaktlWWN2ZjVxVV9iVDg3X2pRcGRLaVNOUXNDcVBCV0NuMU5HYXhqUUI3MktyMEx1MG5ZV1Y5NDhJRlNSWUlxWXZHZm1hM1ZhZDJwaGowUDdtV0pUeWF5cDhvZmZfZVc4WUNVUUJpaGxnc05FZDhPUkF5QVo0cm9iN0RKanBwTm5rQzV6QzVpbEdZUEVtZTV4ZEl2ZdIBzgFBVV95cUxPbE9xQlpoY0JWZWNjYlNBZGdjTXZITTZXSXozZ0t3UmlRQWlVWm5yaHg4VWJtaFRqT3htMlBBRWtWNl9URHFRTXJ2T0pILXdEak1vRWh6bUxadUVXekR4SjhBNGpBNWoycHVKUUJuMmxkLTRDUVN3ZzFaNlRhTk1vZG55bVRzSW9aVFRrN2d4cFU0eldKMi1WMXVWbE0tUHRyWEtodVl1X0hyZ3oxMTZ0YW1oX0dpdnFXUGdpWVNVWW5INDQ1VUhjcGpZRGl3dw?oc=5,Google News RSS (10-Daily)
15 August 2026,ripost.id,Media Massa / Pers,Tier 3 (Lokal/Independen),"Songsong Indonesia Emas, Gernas Tastaka: Siswa Wajib Kuasai Literasi Dasar",Akademik & Umum,Netral,https://news.google.com/rss/articles/CBMimwFBVV95cUxPelQ4WkVfVXlLSlVSaVAtVURhYUhCMF83U1BXdFV0SnJwelpqejl1dEJONUFNRUxyZlI5SmVCLS03a3hrS1pJckxFUHZ6d1I3b1V0WDlVUjNrNjhRbEhMaFRwR1BITDNWQTFSZGpqTFB2RWFYZzJDTVY4anhPSVFkVzFFRDNDbmw4bnRqZ0ZTZExPenBzY3hTR21nYw?oc=5,Google News RSS (10-Daily)
09 March 2026,Siaga Indonesia,Media Massa / Pers,Tier 3 (Lokal/Independen),Unesa Buka Pendaftaran 19 Prodi Kelas Internasional (IUP) 2026,Kerjasama & Internasional,Positif,https://news.google.com/rss/articles/CBMijwFBVV95cUxPQ29xcEFUMGhGeUxVM29xcXlJTGdra2ZQbVJITDVGanBRcmsyZTBDM0NvcHNhSS1SZHJUdTAwM2haS2ZBdXBVYXA4T1RmQ2NmOEZISm9tRm5xeDhuekkybGxQVm41ckZLbDhUbG5tRXVBZ2pQWEZ4UlNyZkhPNkhHQnpLN3hhcDJNMVFaQzZtRQ?oc=5,Google News RSS (10-Daily)
14 September 2026,kota-surabaya.kpu.go.id,Media Massa / Pers,Tier 2 (Regional),Mahasiswa UNESA Presentasikan Hasil Magang tentang Pengembangan Media Edukasi Pemutakhiran Data Partai Politik dengan Pemanfaatan AI,Kemahasiswaan,Netral,https://news.google.com/rss/articles/CBMijAJBVV95cUxPeUF5WlVhbVRDeHpHN1lpX3dNa3hyRGRoZmhYZEFYOGR1bVJYR1Fqdl9CNi02WlpkODRkbE1WRGdlczRxMFJhUUJyYUp6NC1DN1d6cGg3Zlp2WV9YTzM0OWp1SDBFdlg5NHg2dDNxQTV5a0RBOXIyUlJZWnREUzJPNUxvejRuNnc1QjJLUkF5RFZFVVpfX0ZrMGtWb1E1ZmJJVVlGaXVsOTVZWURQNnpGVzlEcDE5eUhQbFg2cWc0dXA4UkFvVzNqRmF6TWxkdHE5MGk4ZEJVbkJXdE42cFgtcEk0MjBUSjQtdERhdnJLOGtyRS1TTzh6bjRWT0xvNDZMekNqa2YyY29zWkZJ?oc=5,Google News RSS (10-Daily)
11 March 2026,kspsekolahrakyat.com,Media Massa / Pers,Tier 3 (Lokal/Independen),"Menko PM Cak Imin Apresiasi Sekolah Rakyat Unesa, Potensi Putus Rantai Kemiskinan di Surabaya",Akademik & Umum,Positif,https://news.google.com/rss/articles/CBMixwFBVV95cUxQN1dHYzdDbkhmMmozTUY3Q1JFMlJaNGRMc3RCVUpUQVFzWkJSZFR5eVl2R2tZREZsZk9Fd0JkdzFyLUVYa3FKSTE3eHZmNm5GNkhvX2h6V3VaeTV0ZXlDLXk1U2dGQk1TWEd4UjBXX19YWTl0ZmtQNkVaNGd6UUU3NUpfQk41M1dzLWg3cUhsZFE2UGxCVEZDZXFfS2pucXdfUTVoMmJnU0gxOTE1WHdPaWhyT3RNRWUwNjBUaFFEOUNjbF9LTnNr?oc=5,Google News RSS (10-Daily)
20 March 2026,edukasi.kompas.com,Media Massa / Pers,Tier 1 (Nasional),"Cerita Annas Jadi Lulusan Terbaik S2 Unesa, IPK 4,00 dan Punya 142 Hak Kekayaan Intelektual",Akademik & Umum,Positif,https://news.google.com/rss/articles/CBMivgFBVV95cUxPSENMLTF6c202UG1WQ0xDOUpCajg0NnFOdUROaDJuOUFCaGowbUNtd2pZX0YwYS1XUzQ3MDhjZWNjYlVQZlQ5YWQ0dzFMMVE4dy02elpIZkgzU0VBOWozTDE2OExpemV3alMxSFNoLW1YaF9jb0hnWlAzdFZXeFR3WWYwQTV6Sm1xYXN1dnNrd3ljaVlLU1JxUjFPd0I4dHFWY2Q4MUZyYVNaZHd6T09IZS1mRzZiLTRYOThtWlVR?oc=5,Google News RSS (10-Daily)
13 March 2026,Universitas Brawijaya,Portal Kampus / Akademik,Tier Kampus Mitra,ACHIEVEMENT,Akademik & Umum,Netral,https://news.google.com/rss/articles/CBMiakFVX3lxTFBYazlwWlZmNklGaUpDaTNUSjR2cUdUM2tnU0tjbGZZSUpsV3h6V0tnM3BFLUhTS2o1dmxmSl9oQ1FRalh3eUQ2VExxa2lpTVAxNWplSEFZcDdlVGtDN1NtMVN5ekg4S2pzRnc?oc=5,Google News RSS (10-Daily)
26 June 2026,STAI IBNU RUSYD KOTABUMI,Media Massa / Pers,Tier 3 (Lokal/Independen),Concept and Division of Law in Islam: A Study of Taklifi Law and Wadh'i Law,Akademik & Umum,Netral,https://news.google.com/rss/articles/CBMigwFBVV95cUxQV3A2T1pHM1B4RlVkVkpKR0ZJbzNXTk4waHc3d0RtbHNHTW5CclM4c2ZnTVVlZnBEaWFNREZIY2hZN3N2VmVNbUZ3NmdkNldCMzRrQTRZTHVPcVoxR0pVNGg2dDZLVkU5c2h5QUJhUWVwaDhKUC03TGZ6U3p6UUdXMjhHRQ?oc=5,Google News RSS (10-Daily)
16 March 2026,jatim.antaranews.com,Media Massa / Pers,Tier 1 (Nasional),Pemkot Surabaya-Kejati Jatim selamatkan aset PDAM dan Kolam Renang Brantas,Isu Hukum & PPKS,Negatif,https://news.google.com/rss/articles/CBMiugFBVV95cUxNQzZkZTViQnowek5nenVhazdramVqRHhXb1dSQzdFVExqQUVKeDZJOFZ6d1F0UkZPbEZFb2tYMVdDcmlEZWNvU1RFb05HakRrb2RxSGMyRGNKNXFTanBuWGs2dTNqZHhocENEYVBWZmZzMU04ZV9kUERsNVRLN2hZMGVXWGVqV3Zldk9iR0otU0xTZDhlLXBvWjEzVnoxY3hQcnhQSl9DanhYMkxuNEdxWG9OX3ZqalByMEHSAb8BQVVfeXFMTnBEbW0wUGVKWlI1M2VJckZLR0dmYWpULUFTcG5idTg4S3VWRF9HYkM2NDBUZlFaMlQ3RllpSG9iQ3J2YlVmVm5ZNTk4dDd1dEEyTUVtM1ZRcjlQS0dPNmREWVRzN09LUW9uM1c2N2trRlNwWG9VU1dKME5ZRHhRdWUtZll6bldycFlxRDVBdlBVWUY3MVFoNURoVjRlWVdYXzhOcG9lT2FpOHBUODhVMW1hRk0yanB6QS1CbHNiQ0E?oc=5,Google News RSS (10-Daily)
12 March 2026,kspsekolahrakyat.com,Media Massa / Pers,Tier 3 (Lokal/Independen),Sistem Monitoring Sekolah Rakyat,Akademik & Umum,Netral,https://news.google.com/rss/articles/CBMiwAFBVV95cUxQMGRxYTAtZU02WUI4SUVZUUxmZHA0Zkt1eDFwTDJuVU5DV1c5a2RCWVBZcWhPSXU2UXFxa1VRZW02aUEyNTNEUXA1NmFLVndEVEJFSzJkTDFTRFlzUE1BMWVWbXQ3c0dtbUwyZm81RTlsVU92N2dMN1hVWEF3ZzdaNlhmeWN3YjlvVHlnaHhyQU5UU0pCb1pKNmtnNmd0aEROS216QlNBa3laNTdTWmFWd1JqV0pfZUdrMTBYY19sSlk?oc=5,Google News RSS (10-Daily)
11 March 2026,APPIHI,Media Massa / Pers,Tier 3 (Lokal/Independen),Dampak Berkepanjangan Bullying terhadap Mental Korban,Akademik & Umum,Netral,https://news.google.com/rss/articles/CBMickFVX3lxTE92U0hJT3B2THpDVXhsTTV5TG1PRmVWMVVnME1hdjUtY05WcGV4YVVoRUVTbHVtd204VTVKSzNxR3BmaGg3aUtaWXdHVkRIam04RU15TllnTTFVRXVOTnNDbF81Y1Jzc085a2ZjdDU1VDkzZw?oc=5,Google News RSS (10-Daily)
17 March 2026,cibangsa.com,Media Massa / Pers,Tier 3 (Lokal/Independen),ARGOPURO,Akademik & Umum,Netral,https://news.google.com/rss/articles/CBMihgFBVV95cUxQRlBrVXl1RmxSdHdMdHJqcjlhS3hhWmF6TWlDWU4xNnNLR3V2eWM1XzJvZlByUktPOE8zZEowQVBzbXBzYmN3RnM1TUp3X21GczVLUFA2U1NValM5c054TFo3RHdRT29zZzlrQmVzYTNrb3pBN25Yb3NRYjhVZ1ljUWpLNWFUQQ?oc=5,Google News RSS (10-Daily)
16 March 2026,detikcom,Media Massa / Pers,Tier 1 (Nasional),"Kisah Putri Ardiana, Lulus dari Unesa 3,5 Tahun dengan IPK 3,92",Akademik & Umum,Positif,https://news.google.com/rss/articles/CBMirwFBVV95cUxPNVFfa01VRHN5TVVUZ1huYTF4WHdWeGdhMy1hMVVpVmQ1dTE2M3A0RnBIUkt3ZWF2ZUhXS3JBRHhNeWd0S3QtNUhvaW5yTkVXSnFoRHNveC1seU9Bb2pLeXpCQzZyRTR0Y001MFRFRW5Yam1fWVkwdmNZZGR1azk1QnBZRmFKVU5FRjNxQTRYelRCeVd0Xzg5SGRudjZBMEhhRURlU0Y0NHFONV9oTEQw0gG0AUFVX3lxTE9CbldjQ0tJeDh1NTNxSkVKR1J5bXI5ay0zZDluVWJjT0k4WERNOTdBWURIblN3VzN3OUdlUjBqZkw5c3RXMnZqWm9mNzN5Z21mRTlSa0lxYlVLYm9XN2VGd1MtOHdZeWxRMHFQTnR0RHJqcVdGQmgyMl9RbWVHc1VMZjF4a3pQZVNwOWhPQWlqQlc4eFhKSlF5elFESWVGSXZBOG5YTW1IM2N1WDVfS0I1VTkwYw?oc=5,Google News RSS (10-Daily)
14 March 2026,klikmu,Media Massa / Pers,Tier 3 (Lokal/Independen),Mahasiswa Psikologi Unesa Gelar Psyshare di Panti Asuhan Muhammadiyah Wiyung,Kemahasiswaan,Netral,https://news.google.com/rss/articles/CBMimwFBVV95cUxPeVpRZU9BaV96cjdxOWdyT1d5bGo1ZF9uekJTRUlUQjAwMDQ1dXNOWWg3RXViRWxiMzM4UHhWRHZVbEpMcGNlbXpzMHA1MjdROTFObjU0N2F0OXVpZzhKOVdpRncyeUNDVkVQVkwzbm9JeGNiOUI4akFQM0EtazRtcGJBUEp6VFhubF9qMENZbTNNeDFJbjhNNm80WQ?oc=5,Google News RSS (10-Daily)
17 March 2026,zcampus.indozone.id,Media Massa / Pers,Tier 3 (Lokal/Independen),Relawan UNESA dan Mahasiswa Disabilitas Berbagi Kebahagiaan Lewat Bakti Sosial di Panti Asuhan saat Ramadhan,Kemahasiswaan,Netral,https://news.google.com/rss/articles/CBMi5wFBVV95cUxPVjBFVDNLN1Q2VS1LcXJuZk52VzFLRFZ4LW9RUU05X3kzblNXNUN4ZmhrVTNySjl1Zlc0TDNVS0NSSVQ4OTdpM3RTMVFTSFRvRkxNZlBSa1BZaDNUZEZhazZjclI3dWZUVng1cHRhclJHcVBISnV6NXZVNVBnYWpxMm1oM0t5d2RiUm10emVsS3VKTTNWSlJ2SVJiTGZ6QXZUYkxvWldCUWg4VWdNR2dLX241VjB4cXl3a2s5UUF4a3F4VVZvQm9qUDI5V05YekVkWEEtcThuc3V6UGl3a2h4QkFwdjFqY3M?oc=5,Google News RSS (10-Daily)
11 March 2026,Mojok.co,Media Massa / Pers,Tier 3 (Lokal/Independen),"Bekerja Menjadi Akademisi di Surabaya Adalah Keputusan Bodoh, Kota Ini Cuma Enak untuk Kuliah",Akademik & Umum,Netral,https://news.google.com/rss/articles/CBMiggFBVV95cUxPaEhlc19JRGxPV0hpUG1Ra3o1Y0U2R1hXdDJVYk14aS1uM1BSRlJJTXN5NHFUNDlBX0VPbUNEN01JNWxGOTB0b1p2OXkxQjBXcU9zRF96V25WcjN0QkU4cDNqN0FZXzFLYXpPcHIzTTR1Z3JibGxEMnZ6Q1JUdUxCWnBR0gGHAUFVX3lxTE9hZjJKY3dSazhnT0ZNdTd1X2g1eEpXWGc5cEVsRzdTR1gtUTUyanJkWC1nc2tBZmdLZHRkUElQQk41QjBtdFhiQnpidHdJVExkTGh5UVRoMm1WYUltOThtYnY3QXBBU21weU1zeWZyRTZROGRMdkktanFHWjJSRTc4ZkdwQTc4WQ?oc=5,Google News RSS (10-Daily)
20 July 2026,j-las.lemkomindo.org,Media Massa / Pers,Tier 3 (Lokal/Independen),Pengaruh Konten Reels pada Akun Instagram nanda_inkitchen Terhadap Minat Berkunjung Konsumen,Akademik & Umum,Netral,https://news.google.com/rss/articles/CBMidEFVX3lxTFBvYm9PMnVua3N3eE5DR3J3UGhqYXp2cGxwNHBpRFBnRlR4Vnh2bk5hNXQ5RzBvbHpmVHBDT3Z2dE5zcEF0dGhKRnMybHAzQnFvSHpMTWxpVlJGZkdtcHJXZ3k0NEh1ZUwxOUtscDhBZlJrbFZy?oc=5,Google News RSS (10-Daily)
16 March 2026,Pintarnya,Media Massa / Pers,Tier 3 (Lokal/Independen),PT Nusantara Connection Nuco Profile & Lowongan Kerja Terbaru 2026,Akademik & Umum,Netral,https://news.google.com/rss/articles/CBMiXEFVX3lxTFBaczdlM3l2MmViWTJNbDBhWHVJcG1nTlptdVBfSTlLbm9ZT0hEcS14OWdGZG94d2hUUzUxOVlIVkducC1SZTc1OEQ4bDI4bHI4MzJtVTNZSFd4OWc2?oc=5,Google News RSS (10-Daily)
12 March 2026,sevima.news,Media Massa / Pers,Tier 3 (Lokal/Independen),"Dr. Yeni Anistyasari, S.Pd., M.Kom, Dosen Pendidikan Teknologi Informasi di Universitas Negeri Surabaya (UNESA) Jadi Narasumber Seminar SEVIMA seputar Kiat Sukses Persiapkan Tes Kemampuan Akademik dan Rintis Kerjasama Penerimaan Mahasisw",Riset & Inovasi,Positif,https://news.google.com/rss/articles/CBMiyAJBVV95cUxQTUJVeWg0SzZiTDRPcHRXaUxhQkc3ZG9rakd2b0RwRWZkWTRraEtxRUYxazRZRjdHY21hTXJYd0lwN1U3WjRva0UwUml6MU55WGRGellNMjh3TUZXU05FSll2ZGlBVVFtUzNxTWdiN19OdDkxRloyZXU4ajl2YkZuZG5mVWU3Y1FwbmoyQ2lHRnJUTDlqUGJxdE1aTk95dWdXT3hVM1hqWEVkSjd0MVl6UVE1TDJXQzZWb2hhV1FhM0ZWRXJpU3FPSk1TMkR3eC04MHdnUHhVY1VtVmZYYzJrUDlDVUU0b0VCRGM4WGZndTZVZ0hhU29GUlZIR0s4SlM5U2tDdENhWHJxVDJENnZrT3NhMHkwWnFuZXFBdUN0NkN4Qm14QmRVaGJmNks0YUxqRm1hdkM3RXU2aG4tZmJiV0xhZzJmTUlm?oc=5,Google News RSS (10-Daily)
20 March 2026,Mojok.co,Media Massa / Pers,Tier 3 (Lokal/Independen),"Kuliah di Unesa Surabaya Itu Sangat Menyenangkan, asal Dosennya Betul-betul Ngajar, Bukan Ngebet Jurnal",Akademik & Umum,Netral,https://news.google.com/rss/articles/CBMikAFBVV95cUxORHlnME5zSnh4S2JnUl84d01pQWxqTHNMUFF0aUtVbGdLN3BDOGl3cUh6akNWdk45ZFBoZ2RvNWtHbTNFbDVOUldvS1EwWUlfaGVUbkV1SFBScndCUjJ1VTJKYUZSTXRrSXoxazJVUDUtRmtnV284a3QtNFJ1dS11dDVmQkJiN3FVWjBYRW9IckzSAZYBQVVfeXFMUEFadm5NeHBzdmsxdHJ2cFV3Y0hPeGxWOWVqSUZjYXNvUDVHUUI2aWhhTjN6Wkxwam1lNmp0SEphZlBpd05xdkVvTjNYbUVKYUxzOEJIUDViZ0ZUT1ZsamhFbW1wUmJBZUJXckRrYmFmTVBBN09xazRjWXU0SHJjRVZFMTF1QklBMGJOVmJYZ0hLa0d3ZFJ3?oc=5,Google News RSS (10-Daily)
19 March 2026,Klacak,Media Massa / Pers,Tier 3 (Lokal/Independen),BT | Kejawan - Lidah Kulon,Akademik & Umum,Netral,https://news.google.com/rss/articles/CBMiSkFVX3lxTE5uUkZhenVPVm1oaHlpUjBmUzZuaC04aUNkX3hSX2J3SHpRMld5bVRYYmJJbnZycWRHVGhxZVZzWXBIMDA3TDE5NzhB?oc=5,Google News RSS (10-Daily)
14 March 2026,kumparan.com,Media Massa / Pers,Tier 1 (Nasional),"Heboh Bukber Mewah Bertema Bollywood, Sekda Sidoarjo Minta Maaf - kumparan.com",Akademik & Umum,Netral,https://news.google.com/rss/articles/CBMirAFBVV95cUxOSjNJZWhkTld6X2htcFBfOXUxNW4xcFFGWW9CRmZPRERrMTlDRG9VWU9uY3ZEWHdrb2kwbDExdU14ZFJqX2NvRkJWakhkdElyTi1XX1B4TGl3Nk82RDR4RW9CNFItYnV2S0xGNGNHQkRPbmFqd01SOFMyeEpMMVRRVzVjN3MtWFdLbUVueHU3aG1XU1ozeXpfTUZMb2tVRkMzSzNxZWRxLU5ETzZi0gG0AUFVX3lxTE5iOVFxaXdwWDNJX0std1Q4c0pPbDB3ZFdEczVxNDRCUm45TDhBUFkwZ2xPSkstQnlEZW4yT1owR2VFT3BkTWF1TF9nRmhWTXhtRWVsTGtmNW9NNnQ0aEtPMkNqN0lTTm85QnhZeXVXbEk1RW83UTdOOHp4RHJRems3RWtfN2R0bTFDOHkzRzNQYXdRZFBqbkR4VWtNTzdKZm1DY2lrVFFGNWtFTTBJMlRDYTV4Ug?oc=5,Google News RSS (10-Daily)
12 March 2026,Brawijaya Knowledge Garden,Media Massa / Pers,Tier 3 (Lokal/Independen),Pengaruh Remunerasi Dan Kebersyukuran Terhadap Kinerja Dosen Dengan Kepuasan Kerja Sebagai Mediasi (Studi Pada Dosen Universitas Negeri Surabaya) - Brawijaya Knowledge Garden,Akademik & Umum,Netral,https://news.google.com/rss/articles/CBMiWEFVX3lxTFBsM1hYWjdROS0xTFFFemlDcEowR3Jzb2c3Ulptd194MzVEb1ppNTRTTFMzWEFfNFk4OG16R0lFZDZEU3lOTVlWWjgyTWtfX0Jzc2ZWbEJLSFU?oc=5,Google News RSS (10-Daily)
12 March 2026,Deepublish Store,Media Massa / Pers,Tier 3 (Lokal/Independen),Jual Buku Karya Yuni Suprapto,Riset & Inovasi,Positif,https://news.google.com/rss/articles/CBMiX0FVX3lxTFB2Q2N4VWREcDNibnhMYzNtaWVtWXpybWhaYWJaQ2ZpRC1mUkQ0MDY2UC1ScVFyRmlUaTY5clJBZF9VSF9CenZCc0tPclhJSkNXZ0ZiZzc1WWtjTVdTdlU4?oc=5,Google News RSS (10-Daily)
15 March 2026,Suara Merdeka Surabaya,Media Massa / Pers,Tier 1 (Nasional),"Buka Bersama Gratis Unesa Habiskan 7,7 Ton Beras dan 3,3 Ton Daging Sapi - Suara Merdeka Surabaya",Akademik & Umum,Netral,https://news.google.com/rss/articles/CBMixwFBVV95cUxOTzBzNm0wb3B3SVNnQjVWekJDZl9FYkdqcGRyT2QwZzlzSmQ3aGc3bjdqOThyamJob3hTQ0Z2S3o0VS1TWjR6VnFsVmhvT204VnVnNVhRcmEyeHFhYkdXMkRnRzFfbUxVUmRTUTBmeVpCV25PVndaUUNIc3d1V0lidnktbEt3c3h4akZfY2h5M2RWcGVQZVR2LUpaeTBOYXBTelVvUjg5SGdGVXB0WEI3ZFItTm5EQmpmd21JdGZvcjVZTkk3b0Nn0gHMAUFVX3lxTE94eUN0ckpYSUI2cjBHZy1wQ1pUaXdxazN3Z1U0TllQR0l6U3AtNW41TnJ5MXhfYUpPWk15dTA4SXNqX0ZRRk9pblRXWVVQYXVqeTVzQVFtNFRuSDdvUXRhelJXYTFhYUt2dVVydTFEa0cwM0RKU2tJWWFuRFptakE1VHRoRzlGeHV4bDBzLXB4RThHT1NJTXdDWlRrbzFQQ3Rzak50dTVGUlp1Zk1uc3ZuRks1c2dwMzlLcXpZZk55ODVtRkRJNnJQTEJLQw?oc=5,Google News RSS (10-Daily)
12 March 2026,CNBC Indonesia,Media Massa / Pers,Tier 3 (Lokal/Independen),"Mengurai ""Rahasia Dapur"" Intelijen AS-Israel dalam Pembunuhan Khamenei",Isu Hukum & PPKS,Negatif,https://news.google.com/rss/articles/CBMizgFBVV95cUxPWTdoVU5jeTE1aWpUck1vS21uOWJWMXQxVzcyaF9UX09ZVk90SDl3cmFFZWpuT3hkMXFNQ3J3SEw1bm1fN0ltb1pXMlpJUWE5a3k5czBleDlNU2hMQy1BMVRtZ0pPUlF5c05Udm5BRzBqLTVoTk1xQkwwWTBPOUd1Rjh5UDl6YzhiaWZuMndtUG1sTlEwQ29lYzhidW13OW5JOU5JaV9OZW0wOWtmZGpOckVsRjhGbXN1NlBFTEV2TlV0TTJIaWxVVlZXSGVQUQ?oc=5,Google News RSS (10-Daily)
15 March 2026,Yayasan Literasi Sains Indonesia,Media Massa / Pers,Tier 3 (Lokal/Independen),Hubungan antara Motivasi Berprestasi dan Dukungan Sosial Teman Sebaya dengan Resiliensi Akademik Peserta Didik SMK,Akademik & Umum,Netral,https://news.google.com/rss/articles/CBMihwFBVV95cUxNTHpIR3Z3WHRDckxLRXVIdmpzaVFXRGV3VnRwOUtJUEJSblZ0cEFKdDJmTWo0SUV4aG1UZXpvb0prbUxjdXhXR3lpalVkNmRWRHJWLVJNcjhBVDZyTDdDaWgxNnMtYXgxX0pyVTFjYzBBSW5UTmRoMXphelJ1NFJTOUdSVjFDN28?oc=5,Google News RSS (10-Daily)
17 March 2026,Universitas Islam Makassar,Portal Kampus / Akademik,Tier Kampus Mitra,Prodi PGSD FKIPS UIM Resmi Berakreditasi Unggul,Prestasi & Penghargaan,Positif,https://news.google.com/rss/articles/CBMijwFBVV95cUxPV3l3ZGljS0hwMkR1dG9hcDRia04tbkxSU0x1a21PNmE0M0xYT0R2Mk5nRjJtblowd1RjWnZmbHdjUG1uM21Wa3RENjBvZEFaV0xIYzFZcFNzSmx3bTF3M0NqMDZjdkNrX1FsS1JCa0Z6MGFnbFJ2a0Y1TFZQam14Yk1OMDZtUkdsaVRnYnB5aw?oc=5,Google News RSS (10-Daily)
18 March 2026,cv. jendela edukasi indonesia,Media Massa / Pers,Tier 3 (Lokal/Independen),Implementasi Teknik Self Management Untuk Mengurangi Kecanduan Media Sosial Pada Siswa SMA Negeri 5 Banda Aceh | JURNAL JENDELA PENDIDIKAN,Akademik & Umum,Netral,https://news.google.com/rss/articles/CBMidEFVX3lxTE5tU0tvcnFxdHN1aHBpREpILUZmTG1JWThIcjk1Q2hTc2hOdVBTOHp2UG5qcTFTMEhyTFU5Nk9VQnRzYXNJLWFIZEZfbFM3ODZuemNVVUpvTEVTSFNrSUhObjNTSTdTWlNwaUpmQTZqenRINGh5?oc=5,Google News RSS (10-Daily)
15 March 2026,Yayasan Literasi Sains Indonesia,Media Massa / Pers,Tier 3 (Lokal/Independen),"Analisis Semiotika pada Poster Film “The Willoughbys""",Akademik & Umum,Netral,https://news.google.com/rss/articles/CBMigAFBVV95cUxOSW01Sm51SkN6LXJWYW9BeHFrbnhXbUVjQjZ2V3dvQVNEa1ctLVItejRQcHh3dmI2alMwbDVwRTJlVGY5MGRsSlh4S1Z4SVVXdVRSUkwteUR0ZlluNHZPT3BlVFBWUzBqdV9yNUhhTjJ6dzVtaG9FMUphOFljTTJFYg?oc=5,Google News RSS (10-Daily)
16 March 2026,Universitas Islam Makassar,Portal Kampus / Akademik,Tier Kampus Mitra,Kuliah Umum Pascasarjana Pertanian UIM Angkat Peran Karantina Tumbuhan,Akademik & Umum,Netral,https://news.google.com/rss/articles/CBMirgFBVV95cUxPclRfQ0VhQnJfYmNVUzFBTGpRZTZRYkxuUUYxTzE2UEwwcXF6WTU5Vk1hY2hYOHcwTUQySnZxRjZGcHNjbEtZN0JJUi1hNzFLN2J0MGw0ZXZyNTNHRnBXQVg2TWJNN19DTXQzdjYzQ180SzVYWGt3WGhsTDRWcUp5SVllamNkU2gzbDZQMmRHX25kbm9lOGhCOWtOM2dDUnFhaVdXSFU5WGktQzZnbXc?oc=5,Google News RSS (10-Daily)
11 March 2026,Universitas Islam Makassar,Portal Kampus / Akademik,Tier Kampus Mitra,Masjid Ash-Shahabah AGH Sanusi Baco,Akademik & Umum,Netral,https://news.google.com/rss/articles/CBMif0FVX3lxTE1SOHFqMk83YmJHVUdrSmw2dE1GZERickFzN1hoU2NQcUdtOVBvcjQ5TDJHdWJHbXVoaDU2VWM5WTVJejB6VWZwSlhyN0xMX3c0UWE4QUNXNlczTDBPT3ljOVVmdU5CMDRVOVR3Wkl4TF9PVlYzNjhnS0hMejVjb0k?oc=5,Google News RSS (10-Daily)
19 March 2026,iicls.org,Media Massa / Pers,Tier 3 (Lokal/Independen),STUDI FENOMENOLOGI PRAKTIK AKUNTANSI PADA KESENIAN BANTENGAN DI KECAMATAN KASEMBON KABUPATEN MALANG | EDU RESEARCH,Akademik & Umum,Netral,https://news.google.com/rss/articles/CBMiXkFVX3lxTE5nQUpRZ190WWpnbHVuQlJ0TEVmU2NRNGpYamd2WWU4UFEtR2R4ZFVUWVZsdmpwRjVocy1lTGJjbWxONHVwZTBRNVdkWlU4akRvcDlJMXZHTW9rbjdFS1E?oc=5,Google News RSS (10-Daily)
27 May 2026,Media Arrahman,Media Massa / Pers,Tier 3 (Lokal/Independen),Pola Kalimat dalam Tulisan Pemelajar Bipa Tingkat Pemula Program Knb Universitas Negeri Surabaya,Akademik & Umum,Netral,https://news.google.com/rss/articles/CBMiqgFBVV95cUxQMVczUjFrMHVCalhYdkRBdWkybXdWaUoxVlR1SUNwU3lmaWdQT19USGdyaTk5cDlmZFZ3UGtRN0lsNTktX2RVQ0tRQ2Zkc3ExNDZWTWRJUUh6ODl3S1BqWTRwdzN2RHY5dGE1NUU0VGlENjVJRzFhR3ZyWW52QVJwLU1LcGRCT1dNb2xRSktqS3UwNVVXUjdYUlFMZm11YjJVamlDZEEzMG50Zw?oc=5,Google News RSS (10-Daily)
18 March 2026,cv. jendela edukasi indonesia,Media Massa / Pers,Tier 3 (Lokal/Independen),Pengembangan Puzzle Gambar Sebagai Media Pembelajaran Menulis Cerita Fantasi Siswa Kelas VII SMP Negeri 4 Sungai Raya | JURNAL JENDELA PENDIDIKAN,Akademik & Umum,Netral,https://news.google.com/rss/articles/CBMidEFVX3lxTE9pWmVyZ19DUl90V2VPWU1KRlhaYnhWT1BIS1NSN19rNXVsaEdsZ0dEUTdqQkstdUNYY0tpcWp2Q081bTNwbkVndl9OZk1wMC1CSmF0UzBxOXBtcUZGcEhYaTl1a2tteHpBUVFweG5RVDlkMW1X?oc=5,Google News RSS (10-Daily)
16 March 2026,Universitas Islam Makassar,Portal Kampus / Akademik,Tier Kampus Mitra,Ini Besaran Zakat Fitra dan Fidyah di Makassar Tahun 2026,Akademik & Umum,Netral,https://news.google.com/rss/articles/CBMinAFBVV95cUxQRmdRblpzd09ZQjN6XzAtbHdpSy1TZ3hFNk1ZNDVXMzFZNmVhS1A3NXc5MWI5dlZDX2xhbXlUZk9hTnN1VUpfOVJBckxkRVdfYXo4T0xCTFdrVHR2U1RYZVhQSlFZcjl5ckxCcGJyMHlYcUR5OEt6My1HSWctbFNjR2NNbGp1U2s0Tm5FSHJSa1Q4MjFtYnVPbV82OEI?oc=5,Google News RSS (10-Daily)
13 March 2026,Keluarga Buddhayana Indonesia,Media Massa / Pers,Tier 3 (Lokal/Independen),Dekonstruksi Penderitaan Modern Melalui Paticcasamuppāda,Akademik & Umum,Netral,https://news.google.com/rss/articles/CBMipgFBVV95cUxPNTFYWkxYcXZGU1JhSGZwZ3JMbzJCWTVfVEJIRVloM0wwWFN1QkJROG5QZENEV1BRbG40YzJJY0dJSjR5UFhRRzBxa3dzQnNQVUN5LVc1ZkdJWmRsNTdZTGxCLW9KUVNGQmJFNmVaZGtORk1Jd3c1OG9BVXlNU1hEeEowb2U0MzJXc1RON0YybkxnUE5JM2tGazhWMEViV1J3MTF0YkV3?oc=5,Google News RSS (10-Daily)
17 March 2026,Halodoc,Media Massa / Pers,Tier 3 (Lokal/Independen),"Promed: Atasi Nyeri, Demam, dan Kuatkan Daya Tahan Tubuh",Akademik & Umum,Netral,https://news.google.com/rss/articles/CBMijgFBVV95cUxNNlppUEZOVEdlaFVWUzYtb0lxSnRiTGlTNUZ0dmVkSXc4R0IwdGcyUHJzMFBZSXJlTGlrV2twYldVQjA2cXF5TGs4YTgzc1ViSF9LRkRyVFhiSXR2aWpIMDFtXzFGWDYwdWU3eWYyMzdHcS1VSHdYdnpGZWNhZ0NHVGRERWJzNzhDdms1aUVR?oc=5,Google News RSS (10-Daily)
20 March 2026,greenpub.org,Media Massa / Pers,Tier 3 (Lokal/Independen),Pemanfaatan Media Sosial Instagram @humasrestangsel sebagai Media Publikasi dalam Meningkatkan Citra Kepolisian | Jurnal Ilmu Multidisiplin,Akademik & Umum,Netral,https://news.google.com/rss/articles/CBMiVEFVX3lxTE5uMmpRZ0xVY08xemktUENORDdfTWhVc3JUenItMVI4YUF0cko0bmFXcWNjMW1ERVZqdlhzY2FMU3JpUFJHcWk3RjBzVDVzano0THpyZA?oc=5,Google News RSS (10-Daily)
17 March 2026,Dinas Kominfo Kab. Malang,Media Massa / Pers,Tier 3 (Lokal/Independen),"Teknologi AI Kian Canggih, Masyarakat Perlu Waspada Hoaks Visual",Riset & Inovasi,Positif,https://news.google.com/rss/articles/CBMipAFBVV95cUxObGtrV3diVFUtU2czQU5yU3NvZFd2X1pDWHBMTXlEQTZzLTdEYVVuUVBpb3U3R2RsZTB5OTBIWTJGLVJSZVNmSU1xQ1dIOF9iTzBIR2pWOHRPTXJHZmczQmJPdnZNRGwxdGFfUWtKNFoyeUZiWURPTlJTNC04OUxyZE1wNGtOaDV4aGR2SnM1OGFkU01aOE1CM3pBMUU2WmRGZ0p2TQ?oc=5,Google News RSS (10-Daily)
12 March 2026,Dinas Kominfo Kab. Malang,Media Massa / Pers,Tier 3 (Lokal/Independen),Bupati Malang Hadiri Buka Bersama PT. Bagong Dekaka Makmur,Akademik & Umum,Netral,https://news.google.com/rss/articles/CBMinAFBVV95cUxQaTlUWEhZSjUzQVlDc2NBTmRWeVZNTFdWY2N4NFIwQmJzajA5RzZDMnlzUEMzQi1ZYzZLVGdELWQ2S0o0ckJqT09ZNllBQUZOMjUxTzJfd1kzWFR1OXlyYTNHdXNBTUwtbHI2MURkTG01VDExVVFnRG1EX2ktZ0FOV0wzZHpqU2lWRjRud1BNZzdMUFF6R21EMzF6Nko?oc=5,Google News RSS (10-Daily)
11 March 2026,Dinas Kominfo Kab. Malang,Media Massa / Pers,Tier 3 (Lokal/Independen),"Lindungi Anak di Ruang Digital, Komdigi Batasi Akses Media Sosial",Akademik & Umum,Netral,https://news.google.com/rss/articles/CBMipgFBVV95cUxQRWhBQmpiWkhSRnJjOTExQzZIcEhzNWdHbEYyWTZrZWMtUkVOZTFVSGpJRHo5ODNCVFNXdjRzcVdWNTdaUHZDbHFoTHdGMVQzaEtUd0JwZmZBNVJmeW9FZzRaRXdxRXVWTU1rUWw3RlBZRW5vZHZmZmlmYTBDVXVVZDRvNDYzQ1hRTkg1eHpiNy1QblBhaGFFb1YtRFM1SThKUkc4dk53?oc=5,Google News RSS (10-Daily)
14 March 2026,Lembaga Riset Ilmiah,Media Massa / Pers,Tier 3 (Lokal/Independen),"Studi Komprehensif Faktor Manusia, Kendaraan, Jalan, dan Lingkungan terhadap Kecelakaan Lalu Lintas Indonesia (2018–2023) | Impression : Jurnal Teknologi dan Informasi",Riset & Inovasi,Positif,https://news.google.com/rss/articles/CBMickFVX3lxTE1SV1hvZW9xLTN0Sy12d1RuN2JpV2F0TWswQnBnOExuSUZFS1FEckgwNXlXWl9wUUVoNmNpdWx4NEdtczZCb3NiT2pOODlESlJ0SUdVSTJOenctbEdGZ3lsN1RsUDJWcjBMaEM3TWZLNW1GQQ?oc=5,Google News RSS (10-Daily)
14 August 2026,ripost.id,Media Massa / Pers,Tier 3 (Lokal/Independen),"Takjil Ramadan Gratis, 22 Hari Unesa Bagikan 90.000 Porsi Plus 2,67 Ton Kurma",Akademik & Umum,Netral,https://news.google.com/rss/articles/CBMihAFBVV95cUxPUjBrZy13M2lISGROOUg3dGpWY3ZHeGhRUGJPa09rLWZ3TE5FNFhuazhKR2ZzZVVvMFlxYlR0ZHFJa2V2N0t4anNkOGRYVi1ERHpDNDJSdHlMUlhKRHd4aWVZQ3JXS0ZNTFRlc0dUM1RLRWVQcEVBMVNsX3Y3aDRCSGNwalA?oc=5,Google News RSS (10-Daily)
12 March 2026,Suara Merdeka Surabaya,Media Massa / Pers,Tier 1 (Nasional),"Ramadan Berkah, Unair Distribusikan 10 Ribu Paket Sembako di 18 Kabupaten/Kota di Jatim - Suara Merdeka Surabaya",Akademik & Umum,Netral,https://news.google.com/rss/articles/CBMi2wFBVV95cUxQN3pKejlqamVuNDZXMnlpZVZWTC0xUmhJXzN6b2tRYzFIUTRQMXFnbmk2NVo2emVfeUZKeXV3blN1N21uSDk5UG1aaVJqaG1xcmhaNndGbUVMUmlOMzh2Y2tHcnNXV3ZwT3NjdkVoclRuN0g0S2k5N3VqcndiOFM4RXJTbXRKZExReVMwcS1hbGtKTkk4ZWhiQVdCUnhTcFRfUDk0ckIwWFZKekViOXRNenNlSndkZE9mMldncWs2Y3FZc0d5Z0tZRFZwU3FLSXp0a24tR0xwU2JQYTDSAeABQVVfeXFMTURJTWc3TnRDN09HLU9HY092VEtkcnRPUmRSYmJVT3ZrLVN5SHdMaFAyS1d1YVl2OHNTWkUyaVlhRW1tT3VZVjlKWndTblhNVWxyb0RKUGQ5Mm5FZnZuTXladmZHSFpSYnZHanhaTlhuX29ta1F4eUhaTldSV3dnNWZ0NFRvTW05bV81MlFJcXREX2dlVjRQVVMtd2pJd3k4WVROUDZNaFNkdlY5aGxFSWJrS3U3M29hdTVUbC1ZMGtfOXJvT0xQbEhoaTBGUFNwRTctNnpqa2hTdzNzcjNFM24?oc=5,Google News RSS (10-Daily)
19 March 2026,Telusur,Media Massa / Pers,Tier 3 (Lokal/Independen),"Polri: Kendaraan yang Keluar Jakarta Meningkat 78,84 Persen",Akademik & Umum,Netral,https://news.google.com/rss/articles/CBMilgFBVV95cUxQSS1ib2JydlhvbV9xSDA0UEw1bDJuUGU1ZXM0M0hXRkJ6a2VEamcyM25tQUItcVhuUUpVdDAwNG9FYkw2bXE0TmF0ZndYWXJDN3AzcDYyV0FOakg4M0ZZckNtX3loOWVlelc4SUtxVmMxWXFoSGRSaDlnMWJNYS1pdG1iVFAzaUVOWjhjbFVWSzhlY01BYnc?oc=5,Google News RSS (10-Daily)
20 March 2026,Telusur,Media Massa / Pers,Tier 3 (Lokal/Independen),"17 Ribu Pemudik Berangkat dari Stasiun Gambir, Tiket Kereta Eksekutif Cepat Habis",Akademik & Umum,Netral,https://news.google.com/rss/articles/CBMitAFBVV95cUxOTWRZaW1HRExxSjlMX1U0ZkdlaEpwUlYyVGtPYnlORnRwVmJFcWZuNkZBaUNHQllDcVhPX3JhUXVuM19kWGJhVW5mZ1YxM0I4a2cwcl9XREg1MzN2VjlhWURqeFROck5sVHQtQWtQTS13dEFYTG1NbF9PcjZJSWpVWFp4Qm1RZGpuRk5LQVRYcEltbEJyNmN3Q2lPUE9HX3pNdkxuNUNOLVdqNDNHLVB3RUQ0UGY?oc=5,Google News RSS (10-Daily)
11 March 2026,Telusur,Media Massa / Pers,Tier 3 (Lokal/Independen),Federico Valverde Minta Real Madrid Siap Fisik dan Mental Hadapi Manchester City,Akademik & Umum,Netral,https://news.google.com/rss/articles/CBMirAFBVV95cUxQMEZ1SE1XT19qYk5lV0RpeVRGMXVqY3VKV2NlQmlteTdkX196X3A2ZGZ3ZC1tamtyX2hoTUNqeTh3ajBpWWlHMGNfLVJCWWFxOTdGUjRtbHdjb1o5dEZ5c05kM3dtN0FlTDIyellQLUQ0T19aOHN1VWFxYVVkZklGNFVIRXJUNUVnUWxwcHh6WjVQZTR2Y3NYbHdJMUdUZmlWenRwSFM3ZmJtaG02?oc=5,Google News RSS (10-Daily)
20 March 2026,Telusur,Media Massa / Pers,Tier 3 (Lokal/Independen),35.223 Pengguna Sukses Dilayani Commuter Line Area VIII Surabaya sampai H-1 Lebaran,Akademik & Umum,Positif,https://news.google.com/rss/articles/CBMitwFBVV95cUxNQWZuYzQzNHQ0RUFET1AyU3BZUkt5ZnVHVFU4WGs0UkdScWhQcjR4dVpfQ3VHa3JsSmZoRC1PaUkwNTBlbE1vT0hpQlBwbXA5YXRfYUdPM3JkRUhWZVJiS2FKUHNQT1JMc2dMN29OWmtZZzc3MXBwWXc3SDJiZXhGNkpZUGt2ZDVidE84bFFTTVNPWFUwZnRKNmVkLS1qbHItUGl6U3BEa21wWUgwT3EwdFprWnU0RkU?oc=5,Google News RSS (10-Daily)
11 March 2026,HARIAN DISWAY,Media Massa / Pers,Tier 3 (Lokal/Independen),"MoU Unesa-Harian Disway, Dahlan Iskan Berharap Unesa Hasilkan Banyak Riset - harian.disway.id",Riset & Inovasi,Positif,https://news.google.com/rss/articles/CBMirwFBVV95cUxPeU85akxMaHAwcjlSWi1VRUpFN2tzOEN0RW5rbFpBMU9HdE9VNENvemRkQUQtbXJMR3VEWGoyODM4X0ZMV1NEdXpKdUF0eWg2Ym80bWhnM2FvZGtiOU1JZFhPWTF3SVd3Qk0tZmU3YWQ4WkdadlJNNUlsYkhJS3BfUVk0TFFVcXlBWmcyaVJDMkUtYXVsclByZEpSR2c4S2hZVXZrbTJPVGEtMXlfcEZj0gGuAUFVX3lxTE1acV85UVpqbGs0c194TjFOS0VZRUhGMW5ubGhzYWt0WWFZYjU4OXludzU4Wk91S29RM2s0ZGZjb2tLekpwcE9JcFJpNnViR0M3UW56NU9nQUpibHFjV0swWFBBTXFBeFEwckZNTUtKMTlzY2lrUXkxWnpSUEljR1dxTnQybTJsOUl6MXdSNFdkbUxJaVdzaGE3dHlCTWhvM05VWUh5QmRmZjJuSDFwZw?oc=5,Google News RSS (10-Daily)
14 March 2026,Radar Surabaya,Media Massa / Pers,Tier 2 (Regional),Radar Surabaya,Akademik & Umum,Netral,https://news.google.com/rss/articles/CBMi2gFBVV95cUxOeWJIbUV0dm1vcGl2OVk2VlpydTVqWHB5X29yU1IzYjlxcmprd014SHB5RmxsZE9wbUFLMEw5ZGdCTkF2QXI5WUJ5bU5rclI4bUdKc1ZwVzNDZmx4Q1E3OFAtNUZ4NmlnS2RsQTd0OV8tZkY1Q0x5dDFYMUliamlpMm1WdDF3bmJwbEx0VU5LSi1IX2s2RllPcGtfazFOR18wbXNlVm5NMG04dFJaQ3hMRWg2b1pxd0hxTXRQay1nX0FvTHl4c2wyNFhGSFF5amtZZ3d3VVFGSndDUQ?oc=5,Google News RSS (10-Daily)
15 March 2026,republikjatim.com,Media Massa / Pers,Tier 2 (Regional),Sekda Sidoarjo Minta Maaf Soal Acara Bukber Bersama Puluhan Kepala OPD di Surabaya Dianggap Glamour Warga,Akademik & Umum,Netral,https://news.google.com/rss/articles/CBMi2gFBVV95cUxONElicHg1SENJYTFiOE9XZV9XaS1mUGpiUGUwVVhfNGE4cVJZV1dqWXplVm52WmZlanRkWHhVUVVXTjgwYjU0OTh1dVBkaWFVQ0FFUXdETjhKS2ZWcmJCeTVrc09RcldEelpjOVF5emlqOG9EWXd0azIzVTVoWjNhM2dEeGw2RHozSmVNZG1CU3FwSFRnNGxCckZWd3ktZGwyelg5OTkzdmF4c0RuQ2dPenBSNjFqOXl3bnlIbXFUeUNpRmdyRGxBeTZnaTlCWjVLOVN1Nlg2UFYtd9IB3wFBVV95cUxOdjlzcFF0LVlTZEdiMG01ejVtRXJmcDBpYlBQTVZRaHk2aFR5bHl5Z05Cc3JVdmd3SnNPaVdua25XX3RkcFI1WktHV3J6MGZoQzA4TVhMOTExM19hZHZNWUtuUjJzZ3EzY0lLU3lXdlZXbWVNVVBaVTU4dlFBQmxldXMyeHdOYm1SYXpqWi1SOElxdEo5dnAwMjZFd2lJamhqdk16eUhWQlBEb2VEUXJkeXdIQllCTUdfbGs0QXBuejNseml0R1lvWkVDcmNheFljR2JVRWNBX0lrUzd3Tl9j?oc=5,Google News RSS (10-Daily)
20 March 2026,buletin.co.id,Media Massa / Pers,Tier 3 (Lokal/Independen),"Sholat Id Digelar Lebih Awal, Ponpes Al Islah Bondowoso Kedepankan Toleransi",Akademik & Umum,Netral,https://news.google.com/rss/articles/CBMinwFBVV95cUxPN1d0VUItRnFTdlV5TnRaNmxrRmdOQzB0bl9NR015U1QxRGprTk90SUdFYXUwWjBvU2pMQTVPU0o1R09yQ2pCVGdyNm94eXdzRlVrQWdkQ1doRnFYLVJ0WGRIQTJOUDFsVGM0TndaTURzRmo1UVRuWnJBZ21NakpfUUwwWkc1WTNvTnk0SHkxVDZid1YyMGFndy1kRllPV2M?oc=5,Google News RSS (10-Daily)
17 March 2026,Siaga Indonesia,Media Massa / Pers,Tier 3 (Lokal/Independen),"Maryam Isnaini Damayanti, Dosen UNESA yang Gencar Inovasi untuk Meningkatkan Kualitas Pendidikan Dasar",Riset & Inovasi,Positif,https://news.google.com/rss/articles/CBMixgFBVV95cUxNMkROdXJkV1llRkRqM25xN20yYVo5U2tTNGFFUlhfMEFxOVg3aXVJSXpoalg5Tm9ES1V2ckJ6Yk9OYmEtTEdjZDQ4bWJHN2JfZFo0bVI0a19NNm1BeUE5ZFdrZEtIb0VvQ3NKYk1vRlFjTzVrOGdMWHN3bFNqN0hRYkhiaVRQUHBoSWQ2YW9kVG1HMlJqYUJQOU9QajlWS2hWend6dFFqMmlCeXl1MV8xLVpBM3NTREdZTWx5X2tidDZ5am9hTXc?oc=5,Google News RSS (10-Daily)
13 March 2026,Radar Surabaya,Media Massa / Pers,Tier 2 (Regional),"Prakiraan Cuaca Surabaya, Jumat 13 Maret 2026: Pagi Cerah, Sore hingga Malam Berpotensi Hujan Petir",Akademik & Umum,Netral,https://news.google.com/rss/articles/CBMi5AFBVV95cUxOeklGWEpvbHNEbDFzNG9hOHd1MUJRWlZ6ejZQeGxscjFqbVp0a0pSY2xpVGRDVHRtaVR1MG1nekdUY0duNFljR3dDM0g5NnNTUk03Vm5KR0xrRFNsamRzZi0zSmhLdXJhTEFvNld2U1JIT1JGZkwtRko4MkNpRDNLNDE4WWo4WEhHUVhMNjRCQVRkTUF3amlUYWhfVDZRcjM0bG14Rnp5bTdtc3E3enhJOG9yTi1rU0hGMG9MN1ZGVDhja2NuaU5BUFAxQUhjMVMxQUVtaVVmcWN0THN6Q3FTY3VtcnrSAeoBQVVfeXFMUGdpM2t4SjNsUFAybkpGZnhTblI2QVpTSnI0UHMyOGxhcTNiWlFGcXB4ZlNNRGtMM3Jfbm5NcEVuNXJEWUR2ZVNDLTBlaTYyeUp5anlIMjRDRVFGMVVDUmxZVTB6OTFvazJjRnI1REEzR0tHQVZ2c2h0WUIzTmZyaGdVQmtYMWszRU0yUWg5bFZTSmxSSFJMS2hqa2NNZ0xHeWdGOEVsQWpKellZOER1TW9MWG5vUWEycUtfZVFsUFhfWUxvaXFFVnNLQUdlY0dscHdTUGw5RzBDVXExZGZFak1UdU5LZTd4WldR?oc=5,Google News RSS (10-Daily)
17 March 2026,Barometer Jatim,Media Massa / Pers,Tier 2 (Regional),"KPK Didesak Usut Sekda Sidoarjo, Apa Iya Bukber ala Bollywood Tak Pakai APBD?",Akademik & Umum,Netral,https://news.google.com/rss/articles/CBMiswFBVV95cUxPRmlvTnFwUHRqczdrdUVJdHhpNDhENUhrNUlWa1BwVGVDV0UxaTRpZDNONUJvSG5nMjRuMHprWk1vY3pXZmRka1dVTzZNWGdOZkxnc2JpRkhEMEVBRUFVbFpkOUM5ZDJ2NWxwaWNkSXdfZGxBdkg0UTlhd3I2S1I3NUZ6NzdZWW96dHY4RFlHb2JualdWb0hZSTlSXzhnM2lwNldib1ZQSFotX1NaOHotdWJkRdIBuAFBVV95cUxPcTRwWlU1LWVtaDBBdHpBMmpYSDY2dTljRkRyUWZ2b3h6ZjBEc2JhMXJCWWpGMzlhRHEyWjVWN2Q4aHk4QVctdVRtQW43UmRaWlBRTEpsbFVZaHNrWTZyWGw1eWJ6MDBab3k3TjhRdzluYU1tc191b3M2T042VkZucVF4aHFLT0lSVnh4MGJyOGZLSWdSNUhwdnZOUmw1VUtrS2FacGpCNXh0a2VXSzlGcHRxeWtMZkpw?oc=5,Google News RSS (10-Daily)
14 March 2026,Tugu Jatim ID,Media Massa / Pers,Tier 2 (Regional),Sekda Sidoarjo Minta Maaf Terkait Unggahan Bukber Viral di Graha UNESA,Akademik & Umum,Netral,https://news.google.com/rss/articles/CBMigAFBVV95cUxNUzE0SUs3S2tCcXVRRWFBRjI2TzZZR2FyRWxGU3FWZGdZN0VSZlZReHkzYWdGSzJuaGpOVXlLbFBmTHNhSUxHVzdYeVd5blFMTjlieDFSM3k4RkRsNVRWWkh6c082bDF2cXdIbl94Szc0WWl5UTdJRjF3RUV3VjkxcQ?oc=5,Google News RSS (10-Daily)
14 March 2026,Barometer Jatim,Media Massa / Pers,Tier 2 (Regional),"Sekda Sidoarjo Minta Maaf soal Bukber Mewah ala Bollywood, Bantah Pakai APBD!",Akademik & Umum,Netral,https://news.google.com/rss/articles/CBMiswFBVV95cUxOMWVkTHZ1dVJ1ZUJHc2l5UGFfaGdnQ0ltRVRPRHhQdk5LVFQzVXdFZGRvSEN5dGNUdG5vZzVzVXdDaUJKTzhGWGZlSFJ0SnBVU0s1aDB2ZThPZ0RTYVhEVHRaZ1NKSktjdmZ0SVFMbHRZWktVelNjZF8wNE5NWXltaTdpY2s3d3dIV1JVNzRJTGxVSG9Ub3Zta2d3cTNHSmhVeFczTU9DRTZ5VVRzaDBXdUJqNNIBuAFBVV95cUxNaXc2MmhIYTZMVGRNTUQ0UFVnLUd1UjJieW5Ic28yZ2trRWZQaVE0T1JfNDlaMXpvSXBBTWJRdmIxR1VYRkloODQ0V3Y1YUswVUxpMFQyV3NFM1ZtOV80WVdHZzNjQ0Y1SUJaenlUeVc5MVVxWmdpZkQ2YVB3VVZrRVc1bkwtZy16TzFDUkdMMjNGYnhfS294VnJZMDlabHF2ZkMxNG5XUzNxWE5MX3ZmaVdlV09OaXo2?oc=5,Google News RSS (10-Daily)
15 March 2026,Radar Bromo,Media Massa / Pers,Tier 2 (Regional),PKM Program Studi Teknik Informatika Unesa Dorong Guru SMK Bangil Menulis Artikel Ilmiah dan Kelola Jurnal Digital,Akademik & Umum,Netral,https://news.google.com/rss/articles/CBMi9gFBVV95cUxQUVl3WG52UkZVZDBDaDhhS2laZC1ZRUJFeUtCZ3NFMTNxVGtTSHRhaHMwRXZNYmlMX1pHX0pBVEhpT0ZpZnh5V0RYRGc0N2plU0hrOXE2ZVJ6eTBNc3E3R0hxNGpkWmNudnBLSXVuMlB5NWhTdjZhalUxMFo3MXpyS3JPZEpmTUZWMndndHpqUzE5enFFNDZPTm92cU50S21hTl9UMmNwU2o0YVdXYk9CNkIxSHA0dDRZVF9UUlhTZ1A1RGVuRV82T3otR1lJbVNGRjRoblFQSFRrbnlpN3BTZHhEaHpZZ3NmMXFFSjJmazQ0MUJQaHfSAfsBQVVfeXFMUFVHNnpxdGVnN09wUjRQVU02ckE4bjVQdkhUSFIxLXVUT0Rzc21KS1BnN244cnIzN3JvRGhhV1ZKWlhYTWtLOXZaZU14VFliM1pnSTViZG9hQ2RoWkJIZklvdUc3NnlfM3JBOFJQZzJTNC1tbUhCMHVfd3VnQkszN2YxazB2RkxLQVppdENlWEZWTFl1UlhvdGZ1NTJyc2dKRFlFbnJOUGxmVElDS3hweFBQcUtVZk0wbVN4eU5reXBPS0F3cWdmY0g4a2hfeUduNkw2aUpHTEFfS0ZIRUU5M3U5V093R3pYZmhMM3d2ay1zWTRMVEExMXBqNXc?oc=5,Google News RSS (10-Daily)
16 March 2026,Barometer Jatim,Media Massa / Pers,Tier 2 (Regional),"Harta Sekda Sidoarjo Rp 6,5 M Disorot Usai Bukber ala Bollywood, Dari Mana Sumbernya?",Akademik & Umum,Netral,https://news.google.com/rss/articles/CBMivAFBVV95cUxPNEJNM3ZEaVpIWTNPX3NMMmM1aUtiM2Q1MXRhWW91M0FTeTlVcHFUUU1zZ2w4WkZ0Q2NyRXA1dFktRjlITGx0VXFhTGR5T1UweDctWWRfQW1hOWY1aHZURVdXVkVuTmtncEtMX2JEbUNwajItYXM3MDZUZnBFUTM1NEJfUzRfa3RrOW9aaV9aSUpRSFY0N0VoWmFFRnNwZ2ZnLVMwcE0wRTNmWlBqeW1zRDNtTTZReFJ3UkR2c9IBwgFBVV95cUxOMW1KR0FKQUhJVU1FMWtLN3RDR3ZrVzNoRmVrWTRqWFRUT2ZGaTAtSkRqUU41SzRJeXpCd2lXWFJzQzdZMFpQSExTTHZJblB6MlJNd05GMzZLSDNPZkpSSFNUZnZpR2c4TXZlakVYQ3VTUUpCV2ozbGVOZm9ieU40QzRndndMaXFxMW5Uc0ZPeVFjZTVIWTR5dWxXd29XVFJIMEJQN2c2amNZal9LWTRyZktlZ2dXOVZTdUFHQzd5aWhydw?oc=5,Google News RSS (10-Daily)
15 March 2026,faktajatim.id,Media Massa / Pers,Tier 2 (Regional),Prioritas Keselamatan: Pemerintah Godok Mitigasi Risiko Haji 1447 H di Tengah Konflik Regional,Akademik & Umum,Netral,https://news.google.com/rss/articles/CBMixAFBVV95cUxPWFFDdWFVY29SdHBHYXdaMV80XzdsdF9OWllheE1EcnJnWkNrbmloMkY1b3poM0V3Y1NxNExKZi1Od2RodDN4VmRNelpmcHVaZmk3NVlPRUFPUkt2VE4zRFp2RWVyTE5BN0J5eHcyTDRKMkJZQjF1MTJ4akloMzJweWtCTEZMZ2x2MUZmSnNVU0NVNHFkVmNSWTJ3VGZZV1BhTEpIUDdPSlBoZk56eXBEMlVqeXI1aU1tUVhVZlpsaUZBMkYx?oc=5,Google News RSS (10-Daily)
13 March 2026,beritajatim.com,Media Massa / Pers,Tier 2 (Regional),Jelajah Rasa di “Liwet”: Panduan Lengkap Kuliner Murah Meriah ala Arek Unesa Lidah Wetan yang Bikin Nagih!,Akademik & Umum,Netral,https://news.google.com/rss/articles/CBMixAFBVV95cUxNeGZmYkFaUVc0b2QwUXNLbWctNjRTWEtfcC15dTFLTzRScjRaaFhnZXViR0pxYk9renBYcjR5d08wR1VobFk3WUZCUjNBQmRzQ1JSTlZKcGc5M3RWamN6N3pWOTVURkVKTFIwN2h5NXR2WV94dk92d3V1SW85aTN3RG1qWFZIQzltZE5mNkp0SzVIMmJvNWZ0ckFmTFZhX3ZUTzRWYnRsMThzd0h6aGg0TjdlNjhReUNwc3dRVTR1OWdNcmM0?oc=5,Google News RSS (10-Daily)
16 March 2026,IDN Times,Media Massa / Pers,Tier 3 (Lokal/Independen),Lokasi ATM Pecahan Rp20 Ribu dan Rp10 Ribu di Surabaya,Akademik & Umum,Netral,https://news.google.com/rss/articles/CBMirgFBVV95cUxQTzNtSjY2SVVkTC0yazA3RGpLUnMwZEdlRTZOZTF6T0hCc1hPUGk3eDhQRGlNVmNTUXE2TnNjMEZQdldxTnY2YkZiWUZhZEVJSS02X0RwMUptUnQ4bzdlRXBEall2Vm5NcmQzc0lUcV9wZWg3QzFaUjFDSnAydW9laFJXSzd0emFOclkzWTZxeFpQZURtR3B2akRvRUpHWElXWDlfSFB0OVFyejQtTGc?oc=5,Google News RSS (10-Daily)
15 March 2026,Banthayo.id,Media Massa / Pers,Tier 3 (Lokal/Independen),"Bukber Glamor Pejabat Bertema Bollywood Jadi Sorotan, Sekda: Tak Gunakan APBD",Akademik & Umum,Netral,https://news.google.com/rss/articles/CBMinAFBVV95cUxONFpxcElGLWZZZ2Fqa2NNS3J1VDhhWmdSbkJ6alg2RkNKbTJZVHVsSS10UVZCSmlHYXU4dnJUX3g0WlZjajB2X0xJUERzMmszUUNDd3MtU2xEWlZSdk91QThxNEdQcy1TMkF4cFlCLUlBaHlYeG5JZzVtb01XbFR3WlNQYVlPWUx2Ul9ITE5ackg5bXgyczZpU3ROSVo?oc=5,Google News RSS (10-Daily)
13 March 2026,IDN Times Jatim,Media Massa / Pers,Tier 2 (Regional),Pemkab Sidoarjo Buka Suara soal Bukber Glamor Tema Bollywood,Akademik & Umum,Netral,https://news.google.com/rss/articles/CBMiuwFBVV95cUxQN1hLTjc2cnEwS0czSkJrYlE0RWtNZ3dMLVpvWXJJbzIzWXhLOG5aTU9vNWt5anhOTjFXQmV3VWZWWmplV3ZFTDl2WG44N2hoTlZIREd3UnJpWE9KR1UtZmR4akhVMGlQbUJ1WkZmTFZGNm5iSjNmNnloSWFMendwYUo1WWZUUlB0R1BBalA1UHZVWHlUMTFCQ1RYakZTc3pEWjc0dXNHSVBUZ0VWTlI1YUptanBaRW5abzVF0gHAAUFVX3lxTE1WTl9KV3gwYVRkenRpQmlYd3A0bEs5OEtNQU9tMkI5Rlg3ZDUzMS1zT19VVGxHZThZV0tPeXVZS0hualBJVTczN1FXQXhGZmFUX2lBYTgwS1QyLWFoaGVTRzctOUFaaS15b3UzZmIzd1IxckVOcmlISm42UGdDaU51el9KanFSZ0V0Q1daWUhYVC1lamhVV1ZreFlVRmk3ZEVsdE5BSEp2cndBX0F0QkdlcUgwM3l0alVSYTNqVS1Yeg?oc=5,Google News RSS (10-Daily)
22 March 2026,Shopee,Media Massa / Pers,Tier 3 (Lokal/Independen),Jual STIKER UNESA,Akademik & Umum,Netral,https://news.google.com/rss/articles/CBMiaEFVX3lxTE1nM29Qel8yLVlkN0dFS1dqUXVwQ0ZRMUdiWVlsWmlNdDlPQVFrWFYtcC1vOEY4djNtYWdsMU9ValcxTHdyMFhYM0NwSmRLT0tZR1hKUzRrZ2txcWZfekNMSG9lXzJFSl9s?oc=5,Google News RSS (10-Daily)
22 March 2026,gofood.co.id,Media Massa / Pers,Tier 3 (Lokal/Independen),"Diskusikopi Coffee & Eatery ( Kopi & Nasi ), Unesa Ketintang",Akademik & Umum,Netral,https://news.google.com/rss/articles/CBMi9ARBVV95cUxOVGthek9CbUJqajhQWVNYOG56Q3NPMVJrbVJHRzVibERkY01LRGhSRzV1VXZ6NG1qcGd6ZnpabndrdXM4d2VzelFJLTk2SlhTR0pxMGxDSnRKS2tYNWo0dEhLYlZVVzRxTEE4ZkFaeFpaMkRqU0NtOUt3RXRZenhXVVZqbDZ5MllNNmpsYWdJenF6OHNTSzVBVW9LY0xhRTFQNjNPd3hYVTJUY2dxTThUY0o1VmJ5VWdyUkJJbml2dWdXZ0xzdm1GYWZhSTBpWmgwVmhlc1R2QTNaSWozNjBaZ25RZ1pVN1dzc0VPZk1YVWw4U1BqWmN5LTRWaDY5V0tXM0lkNDdBQi13cHFIdFhGZUR2d1VGUHpJeFpqQ1JFY3JMTUtyVEg5bm1XcldSSkJMcDVFMThnWHZtck9Na0dXTTBNSTVZZTZ6MVU5OE1HMVo1eS11cl9Ic1ZNNEVPWUVNaEVINHVicEZ4dXR4Yl8xNzVrcDJtNlBHZUhmS0NvX3BtNlU5aHl4VExzV1lpc2NVQzcwSU85QnRJWUt4cG5rVjQyNVp3MTdiV3BHUExKcEw1RWFLMWJKTWFRdEthRW4xamdpN1pMel84Rno4LWFVVlYtMzJxOHlwdTJtNFdmNFpRTzFiRVFrd194aHY2eGFhc19TS1NjaUhGUzhIblBRa1dCUTRpZ3FlZXNyMkU0ci1QUlVkZzFaTHBMN25YZ0RFWWJYdjhiNDZRQnlkSWlnN0hsSjdmMGhmbGItTjJmTjNCZDhtMW9VN3ZDMThxQTNvRTFibzVaT1lXUUlTcWNKa0tRSVZRazRONkwwd2x5VFVUc0tC?oc=5,Google News RSS (10-Daily)
31 March 2026,Pintarly,Media Massa / Pers,Tier 3 (Lokal/Independen),skor aman fk unesa,Akademik & Umum,Netral,https://news.google.com/rss/articles/CBMigAFBVV95cUxPMEFiWXd2UVlvTVI2UV9FUnNtRDNBU1NJVGFHTnVoaTBsSnNEandzV2JILWU0ampjZXZYYjFlRGI0LXFKdGE2X3c2QWdYYzgwUTZmQjY4MjhqZWdtZmk3eUJrSlAyUXZRZnMyUnFZUDZ0dmpMNUh5N3hHUnZZbDMxUA?oc=5,Google News RSS (10-Daily)
29 March 2026,Gerakita,Media Massa / Pers,Tier 3 (Lokal/Independen),Ketum KONI Bangga Civitas Akademika UNESA Sabet PSSI Awards 2026,Prestasi & Penghargaan,Positif,https://news.google.com/rss/articles/CBMijwFBVV95cUxQNTNwT2l6SFB2TF9TS0pweEtzMXo1M0tWOUtTZTdFem1KVDlXR0dVelRSalluekUzWV9pOUdZdWJKUGJmRGlIZGJOOU9xNFU4T2l3WnQ3VS1nOXM1VmFEZkNEa1NTMjR2Z2VGU3N4Mnl6NWU4aFJBcFV3TWJtTUR6UlFRbDIydTBlQy1OZjBiRQ?oc=5,Google News RSS (10-Daily)
27 March 2026,Kompas.com,Media Massa / Pers,Tier 1 (Nasional),Unesa Gelar Tanya Jawab UTBK SNBT di Kampus Tanggal 31 Maret dan 1 April 2026,Akademik & Admisi,Netral,https://news.google.com/rss/articles/CBMiwwFBVV95cUxNNHVMc25melpHSTlRelowcjhKQzNkWjN1Wi1XY2NfSDJuOFA4ZmVHSm1vS18ydnVlNDhvWjhBU1lFRDBnYTBmOFp6amJVVUdEdHpSLTFGeU5ZUVN6S2NWV1VSLTM1VDE0NzhlRzgxdm53c3lSU0x5X2I2Z2diS2pYRVRTWWhfaGVtZzdaOVlCU1dURXQ2NGJ5V1Uxc0hUWmlCWnUyMnJtc2t2YjJGWmFxZU1MOWpOdDEyb0FDampRbDM2MFk?oc=5,Google News RSS (10-Daily)
31 March 2026,detikcom,Media Massa / Pers,Tier 1 (Nasional),"Unesa Buka Tanya-tanya SNBT 2026 Gratis, Catat Jadwal dan Cara Daftarnya!",Akademik & Admisi,Netral,https://news.google.com/rss/articles/CBMitwFBVV95cUxQNnN5T0pZMTJRbTV3QUdrWms1R1VEWE1PY05uYm9sM285WUt0cnp2WDFmNFVrRGtoZ09lM3p4bElHYVBaMHpsZlV1eUNTcDM5c1BQQThvUFRsWU83ZmMxSXprRUdEYVNZalduZU9IajYycE93RDBWdVp5U0dDQTJkS2NNeWl5UzZaSlNTbl9nWXRXa1BjSzdCQVg2NjNNM2diWGx4Q2JIakhpak9pdkRSTmt1dnlkMFXSAbwBQVVfeXFMTTlwQWpEU2F2YlZFMTBXNElIOVNORTBEd3BmYm9mMWxlZnY3U0tsN3ZsUGgyYXFOb0hwS1FjNWZ3MXVOQkdBNi1VYXRuVXd2TzlFQkpZXzdRdW1tUnI2UmlhMU9BS0YwbnJHRjRoblRhbjNlT2dlS0xMamVsazV0RDh0cmJhRU00VUZqTWJHN3N0dTRVb2RfVWJmVnV2dVgzcnpSSmV0ZEptVGlFT3NJSzRjelR2R2dUQUo4aFo?oc=5,Google News RSS (10-Daily)
27 March 2026,zcampus.indozone.id,Media Massa / Pers,Tier 3 (Lokal/Independen),"Kisah Inspiratif Agik Nur Efendi, Lulusan Terbaik S-3 Unesa dengan IPK Sempurna 4,00",Akademik & Umum,Positif,https://news.google.com/rss/articles/CBMixAFBVV95cUxOQVFwR0JCaTFiYl82dkZqZWk4bkNiTDlVcThLZTNCUVhXYldzSHpfd1V6emlfNE9pckpSb0o0ZExYNHhtdzFCazNVb3h0SmdaTnRqdE8yY1hOY1VldWF5UkFObW1xMU4wMFJCNzd4emV3cGllcDh2ZmU0UVZfWVhvNWtzT1BpUHhRb0YyM1hWb2h4ZjBranhSN2NYOVhzS0xfMlZDVUcySE0wOWFacXNycWp2UDBNUHlmeXZVVmZJanBTMzAw?oc=5,Google News RSS (10-Daily)
30 March 2026,surabayaupdate.com,Media Massa / Pers,Tier 2 (Regional),Dosen Unesa Didatangkan Sebagai Ahli Pidana Dipersidangan Hermanto Oerip,Isu Hukum & PPKS,Negatif,https://news.google.com/rss/articles/CBMiogFBVV95cUxNblhycDV3a2xOVldjZnNHdF8zSndrT1J5QlVIaU5qcU8wdTNzNVRlQ0gzc2t2d01RbkFJQjhRR2ZYVjBVWXdxdHlyWF9tTUR2R1FzandTX2dqcUF3UmVNYl9hMnZZdDRoeExfdFViY2tjaWtSSngxdU8xRGJkRHhEejZhYURONXF6MDdIRkM4QTFoTHI2SnRSaWdYbEpZc2tBMmc?oc=5,Google News RSS (10-Daily)
31 March 2026,Tempo.co,Media Massa / Pers,Tier 1 (Nasional),"UPI, Unesa, dan Unpad Jadi Kampus Favorit Jalur SNBP 2026",Akademik & Admisi,Netral,https://news.google.com/rss/articles/CBMilwFBVV95cUxOTXQ3ZEZER2hHTXhKbnEzbVRjdmE2eDBtVUlsQnVhWlN0TVhlTkNNZkFCdGYwbm5iQjBXOTNGTWpoUEtNbWJPOGFaN2IxQ0xLN2Z5eTQtd21NUlFzSW9weVRSa2twOHY5TmxFNjN0ZDc3SDIzQWhSVXJJWmhwTm5OTUNSeTlIZG5YZmhMNHdubnI1dW5BUUkw?oc=5,Google News RSS (10-Daily)
31 March 2026,PWMU.CO,Media Massa / Pers,Tier 3 (Lokal/Independen),"SNBP Bukan Segalanya, Mahasiswa Unesa Ini Sukses Lewat SNBT",Kemahasiswaan,Positif,https://news.google.com/rss/articles/CBMibkFVX3lxTFBScTEzai1RZ0w1bmktQ1kzVnB0TWlGUXN3S0ctRTBNR2REc2l3UWtDNGRnOUVDQ1FZVjFmcFNEMGNVZTJFWkhrUFQ5U1VIWW1URzk3UE9wQXQtOU9MMWlFQWFZQ294ZWwxSVcteXR3?oc=5,Google News RSS (10-Daily)
29 March 2026,Threads,Media Massa / Pers,Tier 3 (Lokal/Independen),Mada (@madaumaro) on Threads,Akademik & Umum,Netral,https://news.google.com/rss/articles/CBMiqgFBVV95cUxQQXk5V1hRQU5xLVU3OTMyRUhJNGRwcHZKNFJMZUVEVkNGZkpmTlRMbUtLU3VNRUZyQkptUWt0WHNZRHNzanZvSUUtSzVmRmJsSWNMMHo3R3I3OGlNVDBFV0M0aEJTdWxDb2llajB0aHktR0wzODc2dU4taldsOWYxR0RLLWRocDQ0N3FpNl9UVXJoeUFzeGZfNVdWdkR0TVhrSEhBTWRvd1VGUQ?oc=5,Google News RSS (10-Daily)
26 March 2026,Lombok Post,Media Massa / Pers,Tier 3 (Lokal/Independen),"Prof Dwi Cahyo Kartiko, dari Wasit Basket Menjadi Wakil Rektor Unesa, Pernah Pimpin Pertandingan di saat Tensi Timur Tengah Memanas",Akademik & Umum,Netral,https://news.google.com/rss/articles/CBMiiwJBVV95cUxPLUhyWW1ndWU1Y0pVWS1QY0RvNWs3THQ2RDBqSHM5b2RaVWZIazJMeUxmXzlESVJTNVRXeE15dEVsbFl5ZU1IY0hxd2Z4MlVnMHhERTREdVFMWlV4ZjZwaF9abFNWVk9BQWw5c2F4QWRPNkxhME1oY3p5TUpOM2FCUEhpMjRVNl82VjBaTXpIU0V0c1lnRUQ3ZDg0c1FENzBEcVg4NXhhZVRoMGRvSVI5THBTWU93dWRxczN6QUpIYWdNb1pFdUQ5ZC1kZmVjRVdpVUwwbkxNY3lxVk84dzhUd283N2NmNWdhTnNWSVVCWlZUbjZkNVJWdzNwX2t6ZFVORjU3UU5XekZ3SXPSAZACQVVfeXFMUDB6Qm1KWFcyUU9LZUkweGNJUTd5VHg3cjhBQWEtZExNSDZpNlFQeE91dU1paVZsdXFIaFF3UEQ0UGVfZTVLX3ZidTFRSzUwQTBJdE9IMjBCMUFIQUNRWEx2THZzWURZTWhlanlYMk1lN3gwak56ZHNfR1Bla0x6Ul9DVnRQcEtXNWVKX1pHSXZQekdjZFZ5RTdEczhRZkIySHdlYmgzYVJQUVdmbnJmamxLNE52Y3pRa3dVMHJURVJob0ZvY25CTXY4YkRKLWdQcC0yckxWbkZEYUU4S1NEazNxWVR0bWZEeFg5cUhYYVU3Wkx6SFZEbG1iOUJSRmtxd3hzMEx1NXlxMDdJUkNjOEg?oc=5,Google News RSS (10-Daily)
29 March 2026,Kempalan.com,Media Massa / Pers,Tier 3 (Lokal/Independen),"Unesa Guncang PSSI Awards 2026: Dominasi Mutlak ‘Rumah Para Juara’, Borong Gelar Pemain hingga Wasit Terbaik!",Prestasi & Penghargaan,Positif,https://news.google.com/rss/articles/CBMi0wFBVV95cUxPN0cxbG9VMlRkNFRRZk10MTBaSUc2bnZ4cTRQVEdtSGc5TnExRHNadE5oMU1SYmxwSkV5d2pla0hIZjZwbElRNzFNU05STlFCQTF2b092T2FtNHZ6VjBCWXRyRkF3RW8zYlVXdTR1STFuc0R2YjU5VDVEYXRzelhXME5CQzJIZ3lIU3JBT1lLSmdoLXVCYzZqMk8xci05azliVnpHcG4ycnV4T3kxZS1wSFo4ekMyRlI5VFdqSDJXZjVhZHZ1d1ZjZE1zSHA2aW83ZlZJ?oc=5,Google News RSS (10-Daily)
25 March 2026,Sewa Kost,Media Massa / Pers,Tier 3 (Lokal/Independen),KOST DEKAT UNESA SURABAYA SELATAN,Akademik & Umum,Netral,https://news.google.com/rss/articles/CBMihwFBVV95cUxQbTliVWRSSnVsYUFxS2ZkU1hxOWt5azhBSmNmUmphR0hVMkUwaU5nWEhlcDRBbUoyYWtVa1kwOExVM0twTnVCQnBkd3NqQUxwVlRoQ0U0a0hldC1VTEVOV241NllZNDZULVBPOTJiVVpMNjRLWmVfQjVyeDhBTTlmVjdpdlVRUU0?oc=5,Google News RSS (10-Daily)
31 March 2026,Good News From Indonesia,Media Massa / Pers,Tier 3 (Lokal/Independen),"Daftar 10 PTN Favorit Jalur SNBP 2026, UPI dan UNESA Paling Atas",Akademik & Admisi,Netral,https://news.google.com/rss/articles/CBMiqgFBVV95cUxOU09jVmtTOHg2YXR5dXJFX0Z5T0pER1VHUURiTnhYV3RnMHYxLWxtc3JwZUxuaXpETkFJZFNtdWlSM1UtTkZYSzFzM3JFcEFxalVTMXp1a21FOG9VWGFsaGh3SmRNWk84cVdSLVpXdDZxc0t5XzFvX3o5ZVE4MlM4eE82REk2cElWNWVtejIzZGVKQ3pHbnFobURjVlhnLVVTR1M4YW0xSHBXUQ?oc=5,Google News RSS (10-Daily)
31 March 2026,Radar Bali,Media Massa / Pers,Tier 2 (Regional),"Cek Link Pengumuman SNBP SNPMB 2026 Unesa, Unair, UB, UNM, ITS, dan 40 Kampus Lain",Akademik & Admisi,Netral,https://news.google.com/rss/articles/CBMiyAFBVV95cUxNRm1FWFhzQVNLcG1tXzY3UzRBMUhYbkMwdkNCLVlMOFZ4WkJkR1VveUoweDZBMUQzUEtnTkVFMHFpY2VqSkg5NFVQdm5EejEzcHc5WjlNZlNqX3JKQ3VEaWgzZG5uUFJTRkpiQzBCdGZRNUZ1N3FNc0xpRnVYeVhtWV9yYWF3ZVQtQ0NuS1JRem94RXZJRW5US3VkSlZscElJOHR2OGNZUXF5eXJKN0pEZXZOQkVpbDdEbUFhM0c1T2thOHNRczNoMA?oc=5,Google News RSS (10-Daily)
26 May 2026,Dinas Komunikasi dan Informatika Provinsi Jawa Timur,Media Massa / Pers,Tier 3 (Lokal/Independen),Unesa Terima 8.292 Camaba Jalur SNBT,Akademik & Admisi,Netral,https://news.google.com/rss/articles/CBMigAFBVV95cUxOa1NzT3BJaHVBeGlZb2NpR1FZR0ZzRDZUVXJhVUxrcXBzemd0NUxod2xXSERLMnlHVjZqZkdRZnRMbHZZRE9uVkYyYll5QmdNM2tDTEI3SjRTanJxZG9hZEktandSNjFTcExjcUxjams4V1BEWV81ZHQ4S2Jhbmdrbg?oc=5,Google News RSS (10-Daily)
21 June 2026,Dinas Komunikasi dan Informatika Provinsi Jawa Timur,Media Massa / Pers,Tier 3 (Lokal/Independen),"Unesa Pecahkan Rekor MURI Yoga Bersama 3.000 Peserta, Libatkan Penyandang Disabilitas Terbanyak",Prestasi & Penghargaan,Positif,https://news.google.com/rss/articles/CBMizgFBVV95cUxQSEI0UDRob0ozT3JmeVpTVWlGT2JDMzg5R29YZktFVkNfX2d5T3lXb0ttRWRmV29CNDZ5RndWd3FjempObkx4WVRzRUduWHJjM2dQX0dVSnV2OTUtS0JOQUV1RGQ2Y3c1RTROWWVPMVBnck9rVEpDNS1xSW1JZnRjQUxHdVYzVW11eXd0U29hdXhtd3dCalB2bDAyVEk5Wkx2eGZ3aEdQU0ExMDNuUDFlbEhsd2pIRU05OXg2TjZSM2RGT0lzRzctdjhTQ1J6UQ?oc=5,Google News RSS (10-Daily)
29 May 2026,Universitas Airlangga Official Website,Portal Kampus / Akademik,Tier Kampus Mitra,Mahasiswa FKG UNAIR Sabet Juara I Lomba Videografi di Ajang YPIR Universitas Negeri Surabaya,Prestasi & Penghargaan,Positif,https://news.google.com/rss/articles/CBMiywFBVV95cUxNbXJSMEozdllSX19ReWVZNGhPT3JjaS10end3SFVxWm96ZFVsN1lScDNIQVdaSEhKZkp5NDBKX2JMazhCRTJDWHQ0MFJ1YXFxSXlZNTR3c1VGVThtY3FDUTNkb2JzREI5SWFia05QbWRUbDBKcGZCUlVBTERsOVozTDMxNGg1TXFVLXhsdTJUbEdCd2habGhPZVVnMmpNcHNrY0k2elh4dzdtS0RuakN0UlN5Y2NSNzE2TVRZMlZETmp0T2Y2Yzk0SGFjOA?oc=5,Google News RSS (10-Daily)
08 April 2026,Pintarly,Media Massa / Pers,Tier 3 (Lokal/Independen),unesa magetan tpi,Akademik & Umum,Netral,https://news.google.com/rss/articles/CBMigAFBVV95cUxOejNpU1A4MzdwS3ZHenIyWl9MNzZLaU5CNW9wODhJV09IblVYdnNHU2piQ2ljU1pNWW9DOU1PaXBCMU5mOWE2Vm1VX3Z3cHdxQlhYZkZpWWJPUFRzRW5LOGJud1VQeWdvZTh1Q2lPY2pCSE9VUVhEdHY4Nmo2RVVOcw?oc=5,Google News RSS (10-Daily)
06 April 2026,Pintarly,Media Massa / Pers,Tier 3 (Lokal/Independen),Hai Siva! 👋 Kalau skor UTBK Pendidikan Seni Tari Unesa itu tiap tahu… - Komunitas,Akademik & Admisi,Netral,https://news.google.com/rss/articles/CBMigAFBVV95cUxPVS1SQnU5SU5tNHFoUzV5MVd3d3hYeXNPLUF1ejJncWFNWkVXMXNJVDN1QUdsNjQtU1pVVEo0OElCaGRRbWk0OGlqM3ZZYXpvRkh2YXZueTFDbVFUNnZ0VWhJRm81dEFrM2JHTzZRZHlPeEJkWGp6MVdGMzQyMTRCZQ?oc=5,Google News RSS (10-Daily)
10 April 2026,Dinas Komunikasi dan Informatika Provinsi Jawa Timur,Media Massa / Pers,Tier 3 (Lokal/Independen),"Unesa Buka Pendaftaran Golden Ticket hingga 8 Mei 2026, Tanpa Tes dan Bebas UKT",Akademik & Admisi,Netral,https://news.google.com/rss/articles/CBMiuAFBVV95cUxOdFE2cV9VLW94UVkwQnhfbHloQWp2aV9XZ2hEbGhGMFhDNHB1LXd0RVFVeXZQNEZTSHUtbndxZm1RWkkwc3ZjYnlXTnQ3UGZQOFA5YXhzYUVnMTdZVlJpZjN6VEE0ZUJ6WGRUcEpjWG5SMndLN0stQ05zYUNOaHd4TU91U2l2RlVNM2JRN0JIMVhQYWtKMDJFRkg5aXJYNWtodlNzSlRhWVRfWG1PSk5pZVI3bFFPbFl2?oc=5,Google News RSS (10-Daily)
07 April 2026,Pintarly,Media Massa / Pers,Tier 3 (Lokal/Independen),skor s1 pendidikan ips unesa berapa,Akademik & Umum,Netral,https://news.google.com/rss/articles/CBMigAFBVV95cUxNcUhkeFdNVVpOSUI4b2JCalN2ZUx3SGpHMVp3c3A2MGhQbjRjZTA0MkxXZmlEMnRlMU4tNXd1SEZNdWM5OHFMNHRwWDl4UHF5emU3bm43T0V5RXJRUnVDNFp3WEJvWkZjWjFIRW4zM1RldGlIWWhJX0k1SVJZZW9LUA?oc=5,Google News RSS (10-Daily)
07 April 2026,Pintarly,Media Massa / Pers,Tier 3 (Lokal/Independen),"Melati! Kalo Sastra Unesa, skor amannya relatif berubah tiap tahun. T…",Akademik & Umum,Netral,https://news.google.com/rss/articles/CBMigAFBVV95cUxQLVBWNm15SURMOTVNZ3pQb3l6R1hMVUhHaDM0ZUdYdGt3ZHQwd3pUNDkyWUk2OGZ5NzJTenZsdVVmemtva0kzUGJMUW5yY3hLWU1kY3lncGp3QzROUjlYZDRoS21rRzJsWWN2V2VrN3gwNmZEb1hyZWdSUXZkYldZUA?oc=5,Google News RSS (10-Daily)
07 April 2026,BINUS UNIVERSITY,Media Massa / Pers,Tier 3 (Lokal/Independen),Juara 3 PR Campaign Unesa – Public Relations,Prestasi & Penghargaan,Positif,https://news.google.com/rss/articles/CBMihwFBVV95cUxQNjJEbW9jVFhmREFjMjdCQV9nYkpMMHN6eTJaUXlXeHdqMUVLaWpFWmJJMkxxR0RuMUF4bVJNaU9HQWExUEtaRkNJdlBmdkJBR2FZU3VmV21raXh2MlgyNURYcGdZSV9OOEs4MzRpX3dLckkzRFpYOGVYcVhIc2RGcGVoQnJDRXc?oc=5,Google News RSS (10-Daily)
07 April 2026,Pintarly,Media Massa / Pers,Tier 3 (Lokal/Independen),kalau s1 akuntansi unesa?,Akademik & Umum,Netral,https://news.google.com/rss/articles/CBMigAFBVV95cUxOR2tDdEJ0ZVFRSU93QWVwQjNJZVkyWm42cXp5bXdRakNmZHQ1OE4zNGFCRDhsbTRjQnFEOENsTFRoaWNoS080MGJnVkoxdk5ZVW1TWExHcldYRFRvcGRjYmZRU2F6eVhWY2FHeEt3c3JfMWk5MXdwUXpHemVYeUlQeg?oc=5,Google News RSS (10-Daily)
04 April 2026,Pintarly,Media Massa / Pers,Tier 3 (Lokal/Independen),skor utbk pendidikan akuntansi unesa plisss berapa yhaa,Akademik & Admisi,Netral,https://news.google.com/rss/articles/CBMigAFBVV95cUxNNkZCM2s3STZwX29sTHowZkdKTF9tWFdaWUk3RWdheVYxVDJzOVpkQy00RDBQSTAwNFBwcWxERjdISllrcHZ0WHlDdThEeVFuQmlBRy1SbmQ2a3V3bkNmM0t0dUNBSVpLSElpWnFXcVFtV3FvVEU3TS1PU0tqMGk5TA?oc=5,Google News RSS (10-Daily)
08 April 2026,tp.ac.id,Portal Kampus / Akademik,Tier Kampus Mitra,Home,Akademik & Umum,Netral,https://news.google.com/rss/articles/CBMiUkFVX3lxTFBUVmVWYWZhbHgwWm04OTQ0WWo3X0ZFSXhfa2FGQkVMVDhQSGZYNHNMLU5LZ0FQU3lhcTF6YUtJYlktLXRDb2NiSnpIRnE1QVJIcUE?oc=5,Google News RSS (10-Daily)
09 April 2026,Pintarly,Media Massa / Pers,Tier 3 (Lokal/Independen),@aily skor aman untuk pendidikan ips unesa sonk,Akademik & Umum,Netral,https://news.google.com/rss/articles/CBMigAFBVV95cUxNT25YNXBOOFMtd29TdlQwdkZSN1NlRmJONUpSaFY3UzlwYnc3SnFQbmdXWTdSRlhmTFBoOGJKOXkydDhmZkgzWjZMTms4OVA2TzI5S3JqYXYxQjlTa3hKUHZNTmVBX2tENlhmbjJoMlNYOU1KaEF0RFB3b2lIY1BIbA?oc=5,Google News RSS (10-Daily)
09 April 2026,Pintarly,Media Massa / Pers,Tier 3 (Lokal/Independen),@Aily skor ekonomi islam unesa berapa?,Akademik & Umum,Netral,https://news.google.com/rss/articles/CBMigAFBVV95cUxOeEgzQ1FNSE8tcU1mOUl1VjFkUXNUT0NFTlJsUmtpUFNUa1k1VjRzWWZZeVJyRlhSNUZTdm5nYXNNSldZVURmaGRyb2hJcDNZNkRYYXZvWDZXcVNYaFdrSzJXRU5lcnlRWG1PS01aM1pSSWtmV1prd2tud2Zfd2RGZA?oc=5,Google News RSS (10-Daily)
07 April 2026,MAN 2 Kota Malang,Media Massa / Pers,Tier 3 (Lokal/Independen),"Kenali Passion, Siswa MAN 2 Malang Ikuti Tour Kampus di Unesa",Akademik & Umum,Netral,https://news.google.com/rss/articles/CBMipAFBVV95cUxNSm9MRWNCcm1DdFlYY1VFUHJ0TnlIb1FwcEkyR3FVVUVsSkNTR1piS2JRcnBCVlU5eDZXaExJRFdEZXpiQUU1dTFPVzhjbDRyTjhqOGZZTjE1aEJzTGtlR0didWRTRXpLSDdVVGZGT2NwVG5HNV9WZWRxX2FNdUhuaVZyM2k5a18yRnM1dXdjMjVkZXAtM0M1azY3SU9LSlNqYXljWQ?oc=5,Google News RSS (10-Daily)
08 April 2026,Portal Data SMP Indonesia,Media Massa / Pers,Tier 3 (Lokal/Independen),SMP LABSCHOOL UNESA 3,Akademik & Umum,Netral,https://news.google.com/rss/articles/CBMiS0FVX3lxTFBZa0ZDWGg1djhybHI4SE40aFM2N0dzY1JqSVVOUWk0UUNDUVhXdnpwRTNYTE5qdjhvQmZGMlppZWw0MlB0STFTa2pORQ?oc=5,Google News RSS (10-Daily)
19 June 2026,SMA Negeri 1 Singgahan,Media Massa / Pers,Tier 3 (Lokal/Independen),PLP UNESA,Akademik & Umum,Netral,https://news.google.com/rss/articles/CBMiXkFVX3lxTE1NX1Etc3RZX2dKYS04bWx5RUl5LTB5TkhmZGJfMEstUVNCOURubDhCYTZqTjJscGNNYnZWMTQzSTJGSHgtSXEwWVFNNUtlRHd0ZFhmdGhKeXZmUW52Z2c?oc=5,Google News RSS (10-Daily)
08 April 2026,Pintarly,Media Massa / Pers,Tier 3 (Lokal/Independen),Minim skor teknik elektro unesa,Akademik & Umum,Netral,https://news.google.com/rss/articles/CBMigAFBVV95cUxOcmE3cWdfRlkxSFpaWTZPencxV2E5SWFOTzdUcFNGb1N3Nm9jTG9fSFVHemEwMl9fVVdCbTN6Y1RWWmpqM3NIQXgxOUJVU2xvZGJNZy11ZmdoZHVoVjV2ZUh6a3B2T0NlRnlTUGhMV0RQUld5SktVZ0JMU1ltYlZaUw?oc=5,Google News RSS (10-Daily)
04 April 2026,Pintarly,Media Massa / Pers,Tier 3 (Lokal/Independen),Skor snbt s1 PDSD unesa minimal brp?,Akademik & Admisi,Netral,https://news.google.com/rss/articles/CBMigAFBVV95cUxPelJyUmtFNmU5Y0dJeDdxVFAyN0dYRlRlbTU1c1J5bEViN0RWbURCdmhmb0pxZTlDVDhlSWtQenZNeS1Xb252OUJ3eFlaQnJlOTVIaXpwcEgwbFhNWTJGUm9UTTh3MEtuYzk1TmU3ZWFjcklyZGRGdHRmOFc3Snl2Rg?oc=5,Google News RSS (10-Daily)
01 April 2026,Dinas Komunikasi dan Informatika Provinsi Jawa Timur,Media Massa / Pers,Tier 3 (Lokal/Independen),"Hasil Seleksi SNBP 2026, Unesa Terima 6.509 Calon Mahasiswa Baru",Kemahasiswaan,Netral,https://news.google.com/rss/articles/CBMipAFBVV95cUxOSWlvbkhwczhPOVMyUmQ0U2hBZG5nbDlTTlJRbjlYV0JVbDVGbm5GTkRjUlR0eG1rSVJscC1QZ2x3Q0hLcEctT3l1WF8wNXF5MXdTaTM5MzlyVjE5WWx4UGRVS2owcWdDUW1Db0N2cU9MaVpYcTdmZTREck95TzAwd3NPM1NyVE1xNFlWOTZnVGxWMFVTVUoxOElsLUk5eVp4MHg0cA?oc=5,Google News RSS (10-Daily)
05 April 2026,Pintarly,Media Massa / Pers,Tier 3 (Lokal/Independen),skor aman ilmu hukum UNESA,Akademik & Umum,Netral,https://news.google.com/rss/articles/CBMigAFBVV95cUxPeG9qR0JlcEJWZ0lwNlF0NXRJSm1xSU5sZU4tQUZJMkRHbkRQQm9ka21jZW9LUWtmS2ZDTEUyUHhGWHZzdy1JMmNyQk9RenE5RU1OaHFmVDl4R1A5TDJIQ2t5dnJaM3VaWmxEcFY0RGxVa0phcGxDdWpSTG13bXhpNA?oc=5,Google News RSS (10-Daily)
10 April 2026,edukasi.kompas.com,Media Massa / Pers,Tier 1 (Nasional),"Kenal Huruf dan Angka di Sawah, Kasiati Tembus Unesa lewat SNBP 2026 Usia 15 Tahun",Akademik & Admisi,Netral,https://news.google.com/rss/articles/CBMixwFBVV95cUxORjZINlpGSmFxRFU2LXpNMXUxQUxybW5tcjVjdldJcmJxZWdqdjdQSWJSOVduTUFIT2V6QkRtdFlEZmlQRkJYZldhTzBFLURvTldoMzFvaV9aVDFQWVpjaWNaRDBWcGlSNzNUeDlZbEVISFRuV3J1QnlGQ21BUHFCY2hUWmlON3JraXZ5RF85UXBNQThYRjB4Vlo5YzF0N2gwLUtRUFpjdk0zOWQ2a1A4WV9wWG5LNWdRNUloUmhmZll6ZHNvVDc4?oc=5,Google News RSS (10-Daily)
06 April 2026,Pintarly,Media Massa / Pers,Tier 3 (Lokal/Independen),"Wah, ini tricky nih! 🤔 Kalo dari segi persaingan, Unpad itu biasanya… - Komunitas",Akademik & Umum,Netral,https://news.google.com/rss/articles/CBMigAFBVV95cUxOVEtVdUR3R1g0SUV6MWhRTExyV3k4RkdkLVZkVWVYbkZQd19YMmZzaVF3V1AzaUxmYnVabS1jOGtNX1pZclZoelZqc0JPZXZLWjAzSzNzODd4bkJHVkwySUMzZWJmS09hVVNMazI1NmZ0bGtDclJWeTZnY3FfY1lIUQ?oc=5,Google News RSS (10-Daily)
03 April 2026,Login,Media Massa / Pers,Tier 3 (Lokal/Independen),Register - AMN Recruitment,Akademik & Umum,Netral,https://news.google.com/rss/articles/CBMiVkFVX3lxTE9pb2s1d1BrdDBjUHoyMGNwUzNlMUZQalMzVjdhQ0ZWWHRMRHFITjZ2eHJ6azFVUVdVQURqTG1BSEd1NVVva0x4Rzl6dGpkaEVQcEU2VXR3?oc=5,Google News RSS (10-Daily)
01 April 2026,Kompas.com,Media Massa / Pers,Tier 1 (Nasional),"1.293 Lolos SNBP 2026 dan KIP Kuliah di Unesa, Kuliah Gratis",Akademik & Admisi,Positif,https://news.google.com/rss/articles/CBMisgFBVV95cUxQWGlvRHhjNGxoaTUzdVVUWV9YVC1tUkxMUDJLeWZtamJRTGVYcEY1cEN3bnRjVXFKWjh6VHNRSXpVS3lRbkFBeUE1Rlk0TWI1V0pLV29PTlNQV3pKNld0c01BRm5HdlNHeWZVTWlLQ1ZBdl9lVFhQTXJ5ZGtQb09QaHg4R2dST3ZPV2d4NGg2NjdCUHZiUWd4ZG5VNFBYZS1XUHVkTnVHTjBCTlhZS2FZWVRB?oc=5,Google News RSS (10-Daily)
07 April 2026,Kompas.com,Media Massa / Pers,Tier 1 (Nasional),"Zibran Jadi Maba Termuda Unesa, Lolos SNBP 2026 di Usia Belum Genap 16 Tahun",Kemahasiswaan,Positif,https://news.google.com/rss/articles/CBMixwFBVV95cUxNSUhHS1VSY2lTRWV5aUtEVmlyOFlhX1NZaXo3QjhDY3VzRThUckZneE1Nc2ZzMTRJOE0tY0tBckI5cDR0T2pUczJFZmloUmpVQ3FjLUw1WDV2SjlyMTBMVTFYZXFQSTZLdW9tZ1dVXzJHbmN5WnhSZUQ3LXpuS2pzeTBOSjVVeG5zN2JmczVSZ0tQZkp1dGtmN0FpdHJoNFlQYnZ2MnB4UUFvV3ExR2tIQ3JrYlY5MXdqR2tsdUZoenVWMUhUSDlj?oc=5,Google News RSS (10-Daily)
01 April 2026,kelasbeasiswa.com,Media Massa / Pers,Tier 3 (Lokal/Independen),"Universitas Murah Terbaik di Surabaya: Bagus, Berkualitas, dan Terjangkau",Akademik & Umum,Positif,https://news.google.com/rss/articles/CBMipwFBVV95cUxOblFDMHJ1YjFVZHhud3h1OTZGNjczMmNQdFFrOVR6b0k1a3Fid1QtYkxad0tCbUt3aXZ3czcydGUtcFFacDMyUldyN2NmdDYxcF83UnNtU0F0ZUpMSEh1MzlnVHlzYm9kU2puQ2E3YXVtZzlLeDEwUjBNMXNrTXZSNk51UWJJeXJxeEpKUnQ1YlZYSHpPWDYzZmVQUndXNkdYemxlYkVjMA?oc=5,Google News RSS (10-Daily)
01 April 2026,Kompas.com,Media Massa / Pers,Tier 1 (Nasional),"Unesa Terima 6.509 Maba di Jalur SNBP 2026, Jangan Lupa Registrasi Ulang",Kemahasiswaan,Netral,https://news.google.com/rss/articles/CBMiwAFBVV95cUxOX2VNSlMyVmlpMG9sTzFJSEFBR3ZkbTEyYkVoV2R3MWdfWFRwRTRnaUtPVG16VnJmQXBWOC1HR1RIUWpuWk1HQ041MnFDbXJPN0U0NnhUVjhwTUI4Ymo3OVRBc3hLMTFvaGlXellxZi1ZUUJycERvWV9sV3UtdWl6WGJsWGZVME40dEZaZHNrb051NmtwUlRHWU1WdjVoTUpEcm9sWkFScDdncDVkLWo4MXQwV3RiZVZzNFlaR3JHZms?oc=5,Google News RSS (10-Daily)
10 April 2026,Kompas.com,Media Massa / Pers,Tier 1 (Nasional),"Pendaftaran Golden Ticket Unesa 2026 Dibuka, Bisa Gratis SPI dan UKT",Akademik & Admisi,Netral,https://news.google.com/rss/articles/CBMivAFBVV95cUxQSUtKSHI4TXZmV1lDc3NULWYtY2hvTFF2NGtNYjJjTmRzRkktOTFTT2hNeGFUTTNybjgzc0ptTmJxUU9hWWswT3FzdTVEd1pabEJGdWlqU094T2pZYkgxcVhSZnF2SEhyM2RKYjcxX0lUN2dfQVRWQmpTakVUN1RzMGctNjdtMHphdlhUQzBEd0JvWnpHa24tM3FGMkJONllUUEQxd19VanJ4WTVjamhob0dlTktsLU9sOWFSUw?oc=5,Google News RSS (10-Daily)
09 April 2026,Pintarly,Media Massa / Pers,Tier 3 (Lokal/Independen),"Hai Elizaa! Nah, kalo buat Pendidikan Biologi sama Pendidikan IPA Une… - Komunitas",Akademik & Umum,Netral,https://news.google.com/rss/articles/CBMigAFBVV95cUxPOGVHWDhjRGJqbmtiYUl0Sk9Fc25OX0wwa2pEMkFrcnhxaF9FYVpkeTdLN0h0aWNrcnYyc1pTMEVRY3pvNkdoTEhqUW9BbU91UTFQRGJQaVJ5Z2lPa2ZoVDJOa1lZdG1SY09WVVdSRmhSckl4ek80UXFqVGlBVVF6UQ?oc=5,Google News RSS (10-Daily)
10 April 2026,Universitas Negeri Malang,Portal Kampus / Akademik,Tier Kampus Mitra,Daftar 8 Kampus di Jatim yang Jadi Pusat UTBK SNBT 2026,Akademik & Admisi,Netral,https://news.google.com/rss/articles/CBMilgFBVV95cUxPdVd3cllCbkJDQ2xSQ09waHZPWGdPYldISWVPNWNjT0FReE1OTzUzZDJQWWtnbnhReGxNeDhMTlBsVktyeXVtcERWZW5PT2J2TTVyN3ZDb3ZxZHNTMjhRdEpfSGc1aWFLZVE3NjJCdF9ldmJYSDNtbzhzUzJFbHRmQWhMbGhLbFd1Zm5JV0tBVkpMejJFYmc?oc=5,Google News RSS (10-Daily)
05 April 2026,PWMU.CO,Media Massa / Pers,Tier 3 (Lokal/Independen),"Atlet Nasional SMAMDELA Naza Raih Golden Ticket Unesa, Ini Strateginya",Prestasi & Penghargaan,Positif,https://news.google.com/rss/articles/CBMijwFBVV95cUxNM0Vkd0p2VHM2Y0xaT2xBLXBMaDhUa0FvLXR4T3ZxOVljNVpBeGVQMDEwbVN1R2VERDluUDRWZld5U3RMWG9CeXhjVXdzRU10NWMwUVRTTFVDYzd0alhhcUZDR3Z1Nmg4R0JwSXcweS16OFRYSGlOTTI3VEtmQk5JLTh4b3RlZVJsODJkaG9acw?oc=5,Google News RSS (10-Daily)
02 April 2026,ranbitv.com,Media Massa / Pers,Tier 3 (Lokal/Independen),UNESA Berikan 25 Golden Ticket Bebas UKT 8 Semester ke Mahasiswa Jalur SNBP,Kemahasiswaan,Netral,https://news.google.com/rss/articles/CBMiqwFBVV95cUxNdG55VHU3Z1FJLTJNSTlIaGJubFBwMmJ3ajlYeUpmLUpxVFNab0IyMG1wRm13ajEydHR5dWYwbFZlcDg5cHp4ZTdUMmloVmRha1pKd0dBVVY4bFk3SkdKYXBVX09DV2ZhY2pabThBbkRDY2VFNVg5bU1KTTVKLWRsbjVmREx0eHdvLTh3aDBfV0k4MUIxNHZmRnNHNXVDRjA4MEFpYkFreUVfanM?oc=5,Google News RSS (10-Daily)
01 April 2026,Bojonegoro Raya,Media Massa / Pers,Tier 3 (Lokal/Independen),"16 Siswa SMAN Sugihwaras Diterima Kampus Negeri, Terbanyak Unesa",Akademik & Umum,Netral,https://news.google.com/rss/articles/CBMilgFBVV95cUxQM1Y4OVRuUGdjLWpvbVJlSkdoMFFnLUVURFVzV2g0bEdGRGFNZHFGVnFTbjhIaExlcGFndWFodVl0X0FSSFFwR1AwbHhlby1XY1BQZnVramVDWmJLMW5CdVk3YnJXTGFvbzcySXZ2T2MyVUFUV0NXcEJlQnZma2MzVlprOFVBVmhNR3hLUVVhVmR6d194S0E?oc=5,Google News RSS (10-Daily)
07 April 2026,Bela Rakyat,Media Massa / Pers,Tier 3 (Lokal/Independen),SMA Labschool Unesa Dorong Siswa Go International melalui Kegiatan Edukasi Studi Luar Negeri,Pikiran Pakar,Netral,https://news.google.com/rss/articles/CBMitwFBVV95cUxQakFrVFQtb0NYMmlrdnlQeE9DVEw1Sk43Yld4MXNsLVJ3R3JFRncybDBuZHYydGxGREdzdlBRUFM3UVBhM19iMUJXeGZqLTBXQjBlZG1od2RoTGJPM09iU1lMOUFlSjhRR1pPaWp6U3F6djA4b09kT1F1YTNDSEViRXZQQzhNNDJ3MVBkUE1PUzVKd0dCdHljakg3LWViSUdGT1N4OWoxM0RINHRKdE9JNDVDZlFOMjQ?oc=5,Google News RSS (10-Daily)
03 February 2026,id.scribd.com,Media Massa / Pers,Tier 3 (Lokal/Independen),Brosur - Unesa 2026 v4,Akademik & Umum,Netral,https://news.google.com/rss/articles/CBMibkFVX3lxTFBVWFJxVnltUFJlMlZaVmN3b0F6VWxGUGtJV21lMTFSZURsQlhwWFRJOTFsOVl1MERIOG5QX0YzbUlGV3JBZ3hfVktrYzBBbVhRSjlkOGs1LWJuVXVfOEJJYTJrd2w2dVNuQ1VJcFRB?oc=5,Google News RSS (10-Daily)
07 April 2026,S2 Pendidikan Pancasila dan Kewarganegaraan,Media Massa / Pers,Tier 3 (Lokal/Independen),Worskhop Tinjauan Kurikulum S1 dan S2 PPKn UNS,Akademik & Umum,Netral,https://news.google.com/rss/articles/CBMiWkFVX3lxTFBiUEpDYklMTy1pZHRyLXlfYktzMWc1Z3JDWFhYUk56OWhHZURNYmU5bFBDZ0gzTUM1djNveUNPSnljejk4bGJLNlBGSnBNdGliQmNOa1F5MmgyUQ?oc=5,Google News RSS (10-Daily)
01 April 2026,rumahpintar.co.id,Media Massa / Pers,Tier 3 (Lokal/Independen),"15 Jurusan Paling Favorit di UNESA SNBT 2026, Administrasi Negara dan Psikologi Jadi Primadona",Akademik & Admisi,Netral,https://news.google.com/rss/articles/CBMifkFVX3lxTE9UQkpfdHpad05MUGQ4VDFIQm5ERnFCTjlFYXBmT0FSRGNUMjZwMk1hcndva1ExVVZTNUp2b3BKQnlFU0ZpZHVoMm9pOHZ2M0Zlbkw4a2hYbGhnamZjbnlqN0w1aDNiZlBzTzJqQnhhekVwMWtFVzV1TW04NzdFZw?oc=5,Google News RSS (10-Daily)
09 April 2026,jatimnesia.com,Media Massa / Pers,Tier 2 (Regional),50% ASN Magetan Tiap Jumat Kerja Dari Rumah,Akademik & Umum,Netral,https://news.google.com/rss/articles/CBMidEFVX3lxTE9GazgwUHhIR1NzbFQzV3YxZzlhM2RUQ25ZbUtyLXNTRmlHb1ZTUHhGVlJQdnkwRmRLX1J1LU5Wa3pfS2RsQ25JWDVRaGtrTElrLU1wM2dWWnh6bWtnWm9QQXEtNFZGNDI0dl9XeEkzSmtFMmhC?oc=5,Google News RSS (10-Daily)
04 April 2026,smkn1-sby.sch.id,Media Massa / Pers,Tier 3 (Lokal/Independen),Jalur SNBP 2026 Sebanyak 83 Siswa SMKN 1 Surabaya Tembus PTN Ternama,Akademik & Admisi,Netral,https://news.google.com/rss/articles/CBMiV0FVX3lxTE50aGZ6bGp4TjZJXzJkV05VbEZqNTVYZVBYMG13SE5fc05VUk4tV3pud014N0tid0FibkRVLTc3eGppRXlDNnV4b0xvM2NPa05WUXpxbjl5VQ?oc=5,Google News RSS (10-Daily)
01 April 2026,ranbitv.com,Media Massa / Pers,Tier 3 (Lokal/Independen),"Unesa Terima 6.509 Mahasiswa Jalur SNBP 2026, 1.293 Penerima KIP Kuliah",Kemahasiswaan,Netral,https://news.google.com/rss/articles/CBMipAFBVV95cUxPbkU4aEZqN1NvUXVNMFBta0RhSG5BZFBlTUdWS0FJT1hBbzhtMExQYlZ5TGtiSUtFWVhmSTg3V3RKZUV5MkZGZXNoQVkxNFFoS3FkWFNyTkRyOFJaYV83ejhROWo2X2ZjcnBmeDVXV2FvRndDUXZQVEFnMWZ6MzFXM1NSZklLTndRZTM5T3A0Z2VucXZJVkNnSDhwZzI1U0JVa0pxUw?oc=5,Google News RSS (10-Daily)
01 April 2026,ranbitv.com,Media Massa / Pers,Tier 3 (Lokal/Independen),"Lolos SNBP 2026 di Unesa, Catat Jadwal Daftar Ulangnya",Akademik & Admisi,Positif,https://news.google.com/rss/articles/CBMijgFBVV95cUxPMWNrUjBBdlZCYWIyQXZoLW1Ia0RFYzFzcW5oZjIzdGhRb1kwZkZOMjdoNjNsWHBGVV9NZW9IRWk3M3Z6NDdxaHl5TEFEdjJPZnp1Y0p2a3JIdEdaRzA0MDBhdlZWYkgtUWFueHlzekJna2d5TFNTZjZ1cjE3NS03ZEM2OTAwYkNNajBMTkp3?oc=5,Google News RSS (10-Daily)
03 April 2026,ranbitv.com,Media Massa / Pers,Tier 3 (Lokal/Independen),Unesa Raih Peringkat Kedua PTN Paling Diminati Nasional di SNBP 2026,Prestasi & Penghargaan,Positif,https://news.google.com/rss/articles/CBMiogFBVV95cUxPSktBbFNFZ0g2QkhjQ2xHMDhfX1RfbUZQRk1wNFhVU1R1bWlKRGpzZzh2OEFRcndlNklIU2RDTVF6dm9UNlBKaHgwYjRjRmc2bThjT21TSFFZYTRLVE9ieDVqNU1MdnFxa2ROOFV1RXBKYUpzWm9nVURWdTdyd3E2X0JHQ2ZJYUJWTW1BUVdzaDBXeDc3UkRGLVpyZldrWk1ENlE?oc=5,Google News RSS (10-Daily)
10 April 2026,detikcom,Media Massa / Pers,Tier 1 (Nasional),"Golden Ticket Unesa 2026 Dibuka, Daftar untuk Dapat Kuliah Gratis!",Akademik & Umum,Netral,https://news.google.com/rss/articles/CBMiuAFBVV95cUxQeWl1QU9kS09rM043Y1FHVGo1Mk1GeVktaFlTdV9rRjY5cnhiMk51TGphd3BqLTRxNW0zVmhRVi1kVE1FVGx3WXhibTdQWmhVcHNVX1hBdWdzS0UyUDYzNmZ3WlV1WHNRbjlaT1ZPWkhUSUJmTU9hRTVCSlBaWW8xMHpKbkF2cUZQQkZjblZzSFZLU2JRVTJTUFNWSm82bVBlUzV6Mnd2RGhsMjlnbzFfb2lQU0lQU3Yy0gG-AUFVX3lxTE9DamhPMHB5LXZwYzZRV1M4a29zdGp0WUdpYlIzMHRwc3Btc3FOdDdKUXctNkY0ek5kWFpJWm1rb3I1SjRBYnZiVFo2alZyREZGWnZ5MUhiM1Rpa2NXS1NfV0laZWFrNGJBdmoyTXd2blg3ZkxLWjhOcXZ3Y1E3LWhvb0hEZ1hOVE5vWlNFZFNfRGN2TDBSS1RWWlJvR3YzRzFza1VVbnIteDVrSG1rWTdQUEVpUldlLUVqZ21HcVE?oc=5,Google News RSS (10-Daily)
10 April 2026,detikcom,Media Massa / Pers,Tier 1 (Nasional),"Ikut Kelas Akselerasi 2 Kali, Naura Berhasil Masuk Unesa di Usia 15 Tahun",Akademik & Umum,Netral,https://news.google.com/rss/articles/CBMivAFBVV95cUxQeDhzUUpaUjAtQnFpN212dEw3Vzk5cENYRE4yT3YxaDZ0a0RjY3BhRk1jQzUwU0RHZzhGcjdsMzJMRExlWEFQdW9DU3RWTS1mLVVEMkRlY2o0a1V4YTE4dVdyQU4xMGpuMDFyUnFGNUZCdHZ2LXpLNTJpVDVmN1Rzbk5nSzM3NzE2M29fOEhoVGxBeEdUdV9KWHJYUFF0NFpIc0JqNUo3VXQzelItVDN3Q05TOWxCZGFpS0hBNtIBwgFBVV95cUxOZGpqWVljRTNfd3V4UWpEOFVVeVlUZVdrX2MtejNITWdWOHRqbzVXeG5fMFFJQzV1dzlXMl9lMy1jaDFrSTRwRGc4X3lRS1FKOEJxWUdLN1N4aUJ4SjBEVnpzbGpvdXFwY2RHWEFoaFJiRHFaTXNCVVVyb180N3hId0ZNZWh6dUxzcURzanktelFiZXNzQy1kT1BNQkRQaHlaOVl5Q3YzMzdhZ281Z2J3a1VCVU1fX2Flc1BPUjZ3S1NxQQ?oc=5,Google News RSS (10-Daily)
01 April 2026,jatim.viva.co.id,Media Massa / Pers,Tier 1 (Nasional),"Foto Unesa Terima 6.509 Mahasiswa SNBP 2026, 1.293 Lolos KIP Kuliah",Kemahasiswaan,Positif,https://news.google.com/rss/articles/CBMimwFBVV95cUxNQ0c0ZUpaQjdaM2dSVjNjOEtzOVVVTkpHcWo3VjJoc2tKX2h6NmhHcGlGZkRGTEtKYmg2ekxnQndqYTVfMEpKbk9oQldQZ1dqa1ZSLWJTZk03c2Q4X3VtUUkxbjg5blI5OTUwN2pDNktxVjdfcDAyRzgwZ1RKNG1nU3FzOFZIYU1oWm1fbGNacVZHZVVRRlBYSzlBaw?oc=5,Google News RSS (10-Daily)
06 April 2026,detikcom,Media Massa / Pers,Tier 1 (Nasional),"Rahasia Zibran, Peserta Termuda yang Lolos SNBP Unesa pada Usia 16 tahun",Akademik & Admisi,Positif,https://news.google.com/rss/articles/CBMiuwFBVV95cUxPdC1Dby1TdHdZTnQyNlhQWlY5dUJGVldTVGVCalVWQjFpWXBtd3hBUlF3QXVuZVljTlFSTWVaQWFidHVCbk9JNG00WnRLZkZJUmx5QUdkMkdiSWVZc0ttelhEd0JJZEJ2ZUJTamFoV0l5bHdaTi00TE1VNkY1c3RIeTk0Z3lwVzdpZ09Ya1lxcUt0QmpfZk9OZ01mNWdHRkQtOG1yS2oxT191VjVSdm5naHJBZ0pVQllxdUZV0gHAAUFVX3lxTE1BdUJpSDljVzFmUDMydXFMVVFMdGtjMFA4ZDByQ0dzVWhWY1B5STVKSnJ4Z2JFSzlLTVQtaEFyNzBhYzRCVWtwb0M0WjQ5RDRFNHg0LWVpRXFpOEZVejlORkJUNzl4WkQ3bldic0JmSldkTGlLMG1YbTlXRDloTElwYkhDNlFNakpMWmI4UVBhemJOdUc3SHBuRzZVb2VIblQ1NmpieERmOEJPa0RoQ3FsNlV0WWZCTF9oc0M2ZnBUTw?oc=5,Google News RSS (10-Daily)
08 April 2026,jatim.antaranews.com,Media Massa / Pers,Tier 1 (Nasional),Unej siapkan 955 komputer untuk 13.502 peserta UTBK SNBT,Akademik & Admisi,Netral,https://news.google.com/rss/articles/CBMioAFBVV95cUxNNE1sYmNGUkJnZVNUN2NfZmZlWm13cExSYzg5RDlITzRBSEtjRnZabDRzOEw3Z1NhTEpzYXV6alJfWEo2QnVpMFkydmJNWThYR1p1STBnRWJQZUVBY2RGX1Y2SmNTN1NRSE5rQ3UxWlJGZUdrd2xpOEdoS2gyTy1OVkc2VnRqd3VYR2t5V2l2Y2pnbV9YSHBrdkZ2WnAzVGFm0gGmAUFVX3lxTE5UQXB2UzJ2blp6T1ctRUJrS2FyZS16VWFjTjI4WUQyRGVmZTNuWWtvY2RJMk9sRlpVQUhVWUdDNl9NeUlKZzZMSVJBM1hDOTQ0cFQ1Mk5FdFNFc3hxY2I2VzQ3WWJMV0xhczlHUklma1pVRDVlV2VadF9XeWdQSGlCeFBoRUM2bGI3Y0Zrd3Z5WTYzOU5iR2ozLUFac21salhmc3dzRWc?oc=5,Google News RSS (10-Daily)
08 April 2026,Infokost,Media Massa / Pers,Tier 3 (Lokal/Independen),Antika House Tipe standar,Akademik & Umum,Netral,https://news.google.com/rss/articles/CBMieEFVX3lxTE03T3AzbXZFcjRCY0RsTTd2RWh4T0FFU1k1Mkl4WG8wMGhCWkt0VXBtSzNNVHJpa3FZc1ZVMW5EejBFbmdUeVBhT2drejFZX3luNThXQ1VZa1RVTUxsOW8zUmhpU2RFeWZKODFlYWViZVFpb2IybklZZw?oc=5,Google News RSS (10-Daily)
03 April 2026,TIMES Indonesia,Media Massa / Pers,Tier 3 (Lokal/Independen),"Tembus 53 Ribu Pendaftar, Unesa Jadi PTN Favorit Kedua Nasional Jalur SNBP 2026",Akademik & Admisi,Netral,https://news.google.com/rss/articles/CBMiwwFBVV95cUxOSi1YNTE2Z3lmRVpuM0taQWxUcTlyZzdaU2t6cGpIM09mSlp2YmxRV3o5ZFk0dEE1VHJOS1ZHaWxCR3l0UDI5NHp6dXZsVGI5R2h0d0FnbEdISW9iRk9jd3NrelgySHdXTURTdjk3M0hreWtvTGZqaUd0eFJtRC1oYXo3S3hGYWJNZTVoRm1vZ1NQLWg5OGc2SHVHNnJfQXJnT2RwV1pETGxrelRLbjFLV1NsTk1DNnA1VFFBQThVdTFaR2M?oc=5,Google News RSS (10-Daily)
02 April 2026,detikcom,Media Massa / Pers,Tier 1 (Nasional),"Unesa Ingatkan Calon Mahasiswa Baru SNBP Daftar Ulang, Jika Absen Bisa Kena Blacklist",Kemahasiswaan,Netral,https://news.google.com/rss/articles/CBMi0wFBVV95cUxNYVc3X2dJX3MzUGh5VTNsQWVXOEl0OFV4d1ZWU3RrWTR0TzNTTkZ1WE1vaUhiYS1XT0J4TTV5M3FDQVNXQTREcHQ2ME45b0ctamJUd19ORkVIaFlLRUI4elFZRkhibGthaU5FRlhqc0thSUk0QnNuckQ5cjVqdE5fcWg5d2NDLVQybG9iSjU0dzNOWWRTUXZXa0dKVERMelNhblJXd005Q1BRek0tOUhwRHY1ZElmdm0xWnB3N3lGTDhYLVpjcDZ2WjhPNEg4WlA5QTAw0gHYAUFVX3lxTE5IcExOWWpRVkhoN2FRRE9HemhWTFJTVlFxT1B1M3ZtNEEyN2ZZOTFyS1M4UnlETmRxX0s1SlcxUlRqUTNYeHdtQnVKeXlreElkTDN6cmM0QnIzNFp5ZlRUWFYyd3NuRl9jUXdLRy1qcnlFbkZyX2gxYWhQTnl1U0VRd1c4SkVIcjhrUjNKTjZLOGZMRWd2NEdaMExkZ3kzd0FDTTRWVTFNNXFMdzF5Vl81NVpkSDRkelEzTHpsRF96SFVRU1ZJdjhmNDE3QVNnbEFVWkZMNkJoaw?oc=5,Google News RSS (10-Daily)
10 April 2026,TIMES Indonesia,Media Massa / Pers,Tier 3 (Lokal/Independen),Unesa Buka Pendaftaran Golden Ticket 2026: Bebas Tes dan Kuliah Gratis 8 Semester,Akademik & Admisi,Netral,https://news.google.com/rss/articles/CBMixgFBVV95cUxOMHdDQzRzTzVibXhkWkpleTFPZHRrXzFlejV6U2UwMzV2eWVFQjhEUDlvQ1Qwb2xnU3VzT0wtM05RX0wtdTFpelViTDA1T2ZvVnBGN0RjcnNTaFpMTTg2dEFjTjlVMl9ZQU12WjM2ZjB1aHdTVXRJOUg0MEoyLXNTX2NJd052TXFMcnYzal9CYkRNYkQ1TkZscFZ3UmUtaFFGdHVCTmtVRFdfbE0wcDN0cUVWeTZ4dGV4Z3NISnFUMmFoeGduMmc?oc=5,Google News RSS (10-Daily)
08 April 2026,Linktree,Media Massa / Pers,Tier 3 (Lokal/Independen),"UKM MTQ UNESA Official: TikTok, Instagram",Kemahasiswaan,Netral,https://news.google.com/rss/articles/CBMiQ0FVX3lxTE5oaUNZNklzNFNFUVE5VUFXNWM5MGVHRTlUQzQwQVJYaElYWjlVZVVoYmRZeGtJby1mM3ZwcXo3ejRFc0U?oc=5,Google News RSS (10-Daily)
06 April 2026,redaksi.duta.co,Media Massa / Pers,Tier 2 (Regional),"Usung Semangat Kebangkitan, Kelatnas Indonesia Perisai Diri Gelar Mukernas 2026 di UNESA",Akademik & Umum,Netral,https://news.google.com/rss/articles/CBMisgFBVV95cUxOY1dhdnFtSVJPZFZCcGtobkF3ZGVSaDBiSG52OWxoODdvZG1PRXVjSVFub2VPeFBPM3gyVU5wbWRSNUFmZ2ZvRVFmb3pCTm00YkNxWGpNUVc2VkY0aUd6bEJhWTJCb1l2bml3MnVxRDBWUEl3V2pwZ2ZlQ3k5ajM0THpMR0xERURlaFhPb2gwd0VPSDRBdEQ5ZlQtZzhDbFB1OWFOT0ZKcVdwUXRGZnRJZHRn?oc=5,Google News RSS (10-Daily)
10 April 2026,Suara Merdeka Surabaya,Media Massa / Pers,Tier 1 (Nasional),Unesa Buka Pendaftaran Golden Ticket 2026 Tanpa Tes dan Bebas UKT - Suara Merdeka Surabaya,Akademik & Admisi,Netral,https://news.google.com/rss/articles/CBMiwAFBVV95cUxQVFpzMUdmam82WHk5emFLZEJSTzZnVXdsSmZrdVlQWU9aaUFKMnJDRGR2bVBndVU3bk5lak5HNjhkQllzQXM2c1JaajlkNlFtOHN2QjRuNkRONU8zajRsWW16Q3RlRFU0elpscWtBUjZHOWlUQmlGSGdEeWlWWHhSWU9aSDFIODB6NGVadGFtRTF0bkdORzNZTEtXWXlNbWpkNnRSSjNUS25ocHhqZkJtN09wS254Und1QVRfT0Y4akjSAcYBQVVfeXFMTjRMVnFYekRJbUF4ZG95UkxDa2xDSGhfLTYxam1QMlRWLXp5eHdCem96a2VMRXg1aTU1SU4zMUgxQUtWcHhLdnRaOXJGM0huX0QzSEVtbmVxa19leUFNYnE4Tnllb2V5T09VWjVUTWttTmlHS3U4TWlVaUVqbWFoVzBsQ0E0eURnaDlBdkc2T1BGeGUtTmZlV1NVVXdPYl9hNzczeWhsSEpkMnRYMlE3SDAtQjYtVkk1cXlrUlpkMk85MWloR21R?oc=5,Google News RSS (10-Daily)
02 April 2026,Suara Merdeka Surabaya,Media Massa / Pers,Tier 1 (Nasional),"Unesa Terima 25 Mahasiswa Baru Golden SNBP 2026, Bebaskan UKT 8 Semester - Suara Merdeka Surabaya",Kemahasiswaan,Netral,https://news.google.com/rss/articles/CBMiyAFBVV95cUxNZEdpR0N4c1BpT0dpNTJjcHVwYkx4eTRoMlBGSXVMMk13QkJhMU5FN2tLTnlLbHduN2JXRWw1clJJQ3dSeEpKejhhZ2dlbkxZRF9vQ0hlY2RDVFF3UkMzWG1kMGdabXpxNGgxdUxBeDBrSXJFTkZGVUVtQm9DWjVEWVBzeGNBZ2pqN3FKSjNPbVlFYnJzcjdVWm44NHEwNGNjaFl4ZVpXemRON3pmb18za2NlQ3U2TUNOQmtSS0lVUmRDLVp3Nm82MNIBzgFBVV95cUxQOUJuc1ZEODJBWFNYYWlRS3UxZm1BZC1NZy1qOWpPRGIyWi0wRkhQYWs5MWdScTJrTzlMOXR0MjF6SEdHZ0d1bFNwcjdFQzh3Q0RBNlJBVU54Z1pDSjlBVi1XdjE4SVZxcnRFRnAtMHhLZTlNUVRTTmdnb3NMQmFtLVFFclV0M2thdnV2aVdiY3JrRmgtS1huT0tXcHpkY016MzRvY2NpVVVHenhJQ1VqRWJkZTBPdUlZWURvRTRiODNFMnVxTXpIaC13ZHctZw?oc=5,Google News RSS (10-Daily)
08 April 2026,Infokost,Media Massa / Pers,Tier 3 (Lokal/Independen),Antika House Tipe Mezzanine,Akademik & Umum,Netral,https://news.google.com/rss/articles/CBMie0FVX3lxTE1lZG1mbEJ2bHMzRW04dFVjSXJrWXI5bTR6ZUs2aFhMSlNHVXBhaXcxaHNnS0dPN0VXelVQTzB0X0puOUg0NTNDUnhkUXNrM1FFdm1NSnFuQ19zVEYtcDRQWFhJc2dMRmlIXzRVTzNKM3JUX3ZLaXgwOW9BMA?oc=5,Google News RSS (10-Daily)
01 April 2026,kampusiana.id,Media Massa / Pers,Tier 3 (Lokal/Independen),"6.509 Orang Tembus Unesa di Jalur SNBP 2026, Lolos KIP-Kuliah 1.293 Orang",Akademik & Admisi,Positif,https://news.google.com/rss/articles/CBMirAFBVV95cUxOREFEV2hobFl6dTJ1Mk5pckFPNXc0OHNyRkpOSjVDVVNNTGhsLWo2TlJHZlJib2hqcXI0aGFnb3FYV1NLNlFwQ1R3bHdib2xUMFViWkZGZkRLY1RFRFBVUkV3OGJ4dUNDUy1IbWZMZ0otVFZrenNpX1BhT2pYM0Q1N0YzWGpZSXBnMDNXTjVPV01iYndrM1lMbXNHWFJTY2hSQTRTOWVUVU5DS0NI?oc=5,Google News RSS (10-Daily)
06 April 2026,Kompas.com,Media Massa / Pers,Tier 1 (Nasional),"Berprestasi sebagai Atlet Karate, Radhitya Rimba Raih Golden Ticket SNBP Unesa",Prestasi & Penghargaan,Positif,https://news.google.com/rss/articles/CBMizwFBVV95cUxQaEhYQ013WDZGUGlDWU9uYkZKZ0M2VDF5eG1ndjhRblJUWkRYa3ctdEgtVVJXcVk1bFN3X1JqRGQxMzVMbTNJNEpHamxOZGdhZzk2S2pvRjlfcEZNZ3NaVExvOTdMSi1CMW9DRTQzOFF5NGM0aWZGdEpUX2Vydk1iNVhXS0s2M0t3d2cwZG9vbHBEaDF3eHRMX2hRZEs3NE5wdG5UYkVIb2xZNTFQaHdaTHFjRkpKZkdtVDVLb3lLckp6MXVDdzlYV1R0UHFlYVU?oc=5,Google News RSS (10-Daily)
08 April 2026,Radar Surabaya,Media Massa / Pers,Tier 2 (Regional),"Targetkan Jadi World Class University, Unesa Wajibkan Setiap Fakultas Punya Kelas Internasional",Kerjasama & Internasional,Positif,https://news.google.com/rss/articles/CBMi4gFBVV95cUxPUWZVd3NBalR4NVZKc0JpNWI3czZMNnEta1k0dkgtSC1LQ1hTcEZwajV2OWdzVGM5RHVMeEV5VWQ4dl82WVhBaUF4ZHJDUmhDUE52czRxU0ZLc1JiMVNieHc2STZqUTVzQXBQY3E0R2VweXh6NjhsekF6Z0ZJLUNUcFNuWW9nMWltbWd1Vi1JV3NoVDQ0T2twR1Bmdkk2YkhKZTZFRTRhS21tX2pQaGNtT3FVY1lqeGNiVzVPWTFmOXBmeEY4TjVJWkptTk5uUS1jbkNyYmlOWVloZGdmakY4a0N30gHnAUFVX3lxTE9vZ0R3QmlDbHBydEJmOFd2NHdpaC1XTkRlWmxqMHR3X09nMzR6NWFvTFY0RTBaNUpqb2VndTk2cTNOY21BX0p6dl9WZS10bFlTaTd6VE9fZDFWeTU3VnFCM2ltM1lNSkNER2xfZndUVWl2ZkdaNVRvamR5cWhscS1qT3dlaGxhM29iakVQWkVJUk5nU0cwQUtrTnpjVWFheUdHeDBBelI4M2o5eElDa3BoYjZEZVo3LVVrbFpJYzFvVENaY0RhYUlfbHZKdDNOYmxrRzZiNkc1TndmQURyMVlrbG0yVnhJQQ?oc=5,Google News RSS (10-Daily)
08 April 2026,Javasatu.com,Media Massa / Pers,Tier 3 (Lokal/Independen),"Siswa SMAN 2 Batu Kunjungi PENS, Unesa, hingga Ma Chung, Kenali Dunia Kampus",Kemahasiswaan,Netral,https://news.google.com/rss/articles/CBMiqgFBVV95cUxONFFsSFZUOFZsNXo5djQydVJUT0ZNeUlVczJpc0hySWx6bTlXckdRcDVVazh0M1ppeUhRd3djY1h3alFFenFUOEowcEgxUkdkTlFPLW1LcjdDcnlWRHp6T1RpT0d6M0ZKQ0xjbjVMWERmb3BqSnZoS0VhdGRNTkt6T2xITmh1SUR3VW0teXlfaEZNN21nMVNGVXFia0xvNnhuQVhOck5ja0Z5dw?oc=5,Google News RSS (10-Daily)
02 April 2026,beritajatim.com,Media Massa / Pers,Tier 2 (Regional),"Unesa Peringkat 2 Nasional SNBP 2026, Pendaftar Tembus 53 Ribu",Akademik & Admisi,Netral,https://news.google.com/rss/articles/CBMijgFBVV95cUxQZ19nUHFHSktHZkZjNGpCeGtKRWxpWjd0d2FSSE5MeG1sN3QtX3IwWnB3dU9RZkcwYXFuZDdrMDB4b1JVZ0Y2anQ4eV8tMlNOaE9QOTBjUS03Ulk3SHlWVFdOTkVIbzhWOVRVTUp4NlduT0NHb3d6R0VXckY3cUtrWUZSd1cyM055VnV3dm1B?oc=5,Google News RSS (10-Daily)
09 April 2026,beritajatim.com,Media Massa / Pers,Tier 2 (Regional),Unesa Buka Pendaftaran Golden Ticket 2026 Tanpa Tes dan Bebas UKT,Akademik & Admisi,Netral,https://news.google.com/rss/articles/CBMikwFBVV95cUxQVEd0ZzQxeC1qLVBwNkNyX1luXzJnNW9xRkVXX25HTE5HM1lJU0MzaWhmM1pqYm4wblItRHhCemlfYnB6OEpkQUNtUWREb2tnQjJiUWhNc3RDMlVuOGJQbjZ6NWxWMXFWY0hOa1lZZk5EcFJIbHNhMzNTRUt1cFhiUE1XbGhNQnBNWGE3a3Z2cDN4T2M?oc=5,Google News RSS (10-Daily)
01 April 2026,redaksi.duta.co,Media Massa / Pers,Tier 2 (Regional),"SNBP 2026, Unesa Terima 6.509 Calon Mahasiswa Baru, 1.293 Lolos KIP-Kuliah",Kemahasiswaan,Positif,https://news.google.com/rss/articles/CBMingFBVV95cUxNX2ZaUUp4dnNqdjBjSS1oOGlWc3N3dUdGLUhfXzJRYUNNT2hJN0FrNW1LZFAyejZ4QUNxRDFXcklxV1p6Q0FseE1lRHlkcHNhdGR3YURWdmMyYVNyMEI5dTBhSUFsRnYwZmcxZnlrQVJES0JvaVJoakhpZmNMZURmMzdXeHVPdngtSTJTM3p2aDFEM0h5WHRFQWZXbXpyQQ?oc=5,Google News RSS (10-Daily)
06 April 2026,IDN Times Jatim,Media Massa / Pers,Tier 2 (Regional),7 Makanan Murah dan Enak Langganan Mahasiswa UNESA Ketintang,Kemahasiswaan,Netral,https://news.google.com/rss/articles/CBMixAFBVV95cUxPdFZrNWE2NHVxSEJlWFBLNEtUQWgtOUlPWHJjUGNrbGRzeU9oLUlhREFWR2JSTi1YQ1hzSGpVUUNGdzdBdzBnMU13UmQ1YkJ0QV9SQUdkOWM2a3pMYk5wWkE0RWdXWVNrUmY1WHpXOWtZQXkxZy0xcXpuQTViUTJqWERSWF9hWEVrMlpIU2NlVE00NkRIWHVsYVgxejVDRFNjQjl1NEJpOHYxODlTQWRGUnJxYjBpT3J0YTFGMy1ybWJQejNM0gHKAUFVX3lxTE9oLUd0VEdBUk1kellETXZETmg3eTJTTDhlLWVLdVNmb09zWmJrWWlObGQ4dVk4UlUwcmNqLThLTVJUWUNXaXo0VldrcXJ2cjVPMWZHclZ1aVNuUXZqTDQyem02aDdoVFBlUXpqd3I2QnNDTUh2YzE0MzRHN05RV1F5enZBQ1RlM3otUXhVaXB2Q1l0enRvTW5SZF9QdFlGdGNfOURSTWdqaG5oRDJlaEZZRlZvN3NHbzZHNUhkaUxDeDU4WXZGam1aWUE?oc=5,Google News RSS (10-Daily)
06 April 2026,Kempalan.com,Media Massa / Pers,Tier 3 (Lokal/Independen),UNESA: “Otak” di Balik Layar dan Tulang Punggung Proliga 2026,Akademik & Umum,Netral,https://news.google.com/rss/articles/CBMilgFBVV95cUxNM05zQW5pQTYtR2djVjVEM1BSamlOVW9UTnE1VkFDdk55a1lsbUJqWmdtWVVwdTBsV3FfaVRJWFZWY05iblhXeWozMGlQd2l0MlBpZ1NId1o1a2tNRDdmVHg5bnBCbC1jdGcybXhNN0tpRlZrc2xqcURTOUVTZmJRd3NnMGNyQnloeVFEaTdNZHFZSXpmWWc?oc=5,Google News RSS (10-Daily)
02 April 2026,Kompas.com,Media Massa / Pers,Tier 1 (Nasional),"Berkat Bakat Menari, Shakuntala Raih Golden Ticket SNBP Unesa",Prestasi & Penghargaan,Positif,https://news.google.com/rss/articles/CBMitAFBVV95cUxNdk93MGw0YnRtckhEdTZfcnVVblZCSjRtUElHUFBhTG45c1NSVEZTSmlqU2Z6Rk5xdlNYMHBXWDVSdEpiWmhpVnJ6bGVhWEkzMFh3VkVyTE85MmF1OTV5amtKWmllVTdHVjZ2ZC1uMWtaU1pNNEstN2F2cXJjQmVPeFdUUVU3TUloQmF1MEllXy0tcUtWaVRVZThZMFpfeEkxVDgxYUxVR0llUUNqOUdKWjIzRkc?oc=5,Google News RSS (10-Daily)
03 April 2026,Kompas.com,Media Massa / Pers,Tier 1 (Nasional),"Unesa Buka Jalur Golden Ticket Konten Kreator, Tapi Belum Ada yang Penuhi Syarat",Akademik & Umum,Netral,https://news.google.com/rss/articles/CBMixAFBVV95cUxPX3dxNk9mRkJtZjlxYUpFbzZ6Uzc5QVpnV1lLaTByUUVpSlRRNkkxVTh3LW8tUTY5SVowX01QRmhiR1VOcGZPSzkzb21IdFRCb3JFZ29LNklPXy1CckpHQ19EWE0wb2NYMU1hMEhYbkVDaFlXLU1oNUlqb2I2UVRvR3E0NTgzeHlIdzAyWFBLbUdRSE9tNGFQRmsyUHJqUjVCak1YWVdWZTJWNkRSajVKYmF0YW5mbzlON3E5dE5LTTdRU3cw?oc=5,Google News RSS (10-Daily)
10 April 2026,medcom.id,Media Massa / Pers,Tier 3 (Lokal/Independen),"Hobi Matematika Sejak SD , Naura Diterima Unesa di Usia 15 Tahun",Akademik & Umum,Netral,https://news.google.com/rss/articles/CBMiwwFBVV95cUxQMk5hYm1CRFNibTdqSnN2dzlGdU93VVBIM2tuVUR6WTR5YnM5bm1wNjNMRS12aUFsOC10ZlRVQ2xXdG43VEtmLVdPX09wbjRKUG5Fd2dWaGhSdGM5dGg0MVNEaXpGOTBqajdjTFJITHpPMG5xYVE0Y0ZQbGpvY3NxaVM4QzBySHNWMEd4RC1Tbk5VT3ZtNTZETGpUX3A3NmtmbDVUMWJxQXJzOWRMeGJjUjN1SmJCcl83czJFV1laYTN4STg?oc=5,Google News RSS (10-Daily)
10 April 2026,medcom.id,Media Massa / Pers,Tier 3 (Lokal/Independen),"Lengkap! Rincian UKT Unesa 2026 Jalur SNBP, SNBT, dan Mandiri",Akademik & Admisi,Netral,https://news.google.com/rss/articles/CBMitwFBVV95cUxNbUNQd0YzLUMtTTFKMmF6TWUtTHhGSkVqV0dIbUdCQ1duTkJicTlCb1RtSFMyN0FxTHlWNXlSU21KMGpLN3hXM3NGaE02ZEtnREFwbHJEdEZ4blVWN2t1c1M1WjltSkdBOHdkdlZhSTFYUklCNmNCRHFUTWRMSTFKV0dlRDdLd3N3bDZpMkFDd3ZUM3BEb0t2SXBkbm96NXRCZm5BT0QtRzg0RDVqenZmSFlPQjB5ejQ?oc=5,Google News RSS (10-Daily)
10 April 2026,Kempalan.com,Media Massa / Pers,Tier 3 (Lokal/Independen),"Bukan Sekedar Mimpi, Begini Cara SMA Labschool Unesa Datangkan Pakar 3 Benua demi ‘Cetak’ Mahasiswa Kelas Dunia.",Kemahasiswaan,Netral,https://news.google.com/rss/articles/CBMi2AFBVV95cUxNcXl1SXVFTExVcU10VXk5N3k2ZGx5dmdRSGRwVmRRSjI5R2x5ZjQyTFBvQVY1YXpBUHlXSGhKcDZUeVRUaGliNl82U2pYT0lFaUhCR2hBbENrU2xaYmZQNE1wMk01ZnlfdzR6OEo3RDZRMVoyTGgzajBjNlhjbFdPbE9SNF9SR0VqS2duRkI2Vm1Yb0dvWklmWEhHSW1fZkFUd1BIajhKRGdjdGY4cUN1RzBrS2lxUU90Sk12NkFYcDRtMDN4TFAwaE1kbjZIVDNZZFhpMndoNW8?oc=5,Google News RSS (10-Daily)
09 April 2026,IDN Times Jatim,Media Massa / Pers,Tier 2 (Regional),"Golden Ticket Unesa 2026 Dibuka, Simak Syarat dan Tahapan Seleksinya",Akademik & Umum,Netral,https://news.google.com/rss/articles/CBMixAFBVV95cUxOM1pwS0J2OTZ0XzhXQV9TM1BpV1phU1dhdDBhanprS0MzdDM2QWQ1OFkweDhhcEd6VkVtZ0kxQy1WdW4zRWVkNUwtajhVVnRkWGFjUUNXU2Y1YTQ4TzJGRVFlQlgwX0lTZzNNeGVWdnNMR09oUTlVRHFSRWNmeG5PTWJkcWZCS3lNUTZVUXlwWm5aX3JkTEhUZ2JCXzhMeEJ2cUlIaVFxQXNMaks5TVJ0Ynh2YzZ4a1VlY3hTbml2Qk9xMGJR0gHKAUFVX3lxTE12RDBNQmZKbG12Vzk0TGhxMUFNSjg4OWFZNmJ2X2NPWUlzQjNKSF9zamNhWVVlMDZKZ1JKZFd0NGc4d2sxZk1SVVoxNnc4bnBJUjNfbHIwM3ljTFhrWFJyREcyYTlSWjBsZmFxSkhlZW83bkcwWjY5SC1Vb2RsZjFjTzhxZWpMN3p5dXUzdERSck1jZXhzeFhUanpiT2JrbVR4VWU2TFBkYjRSb01iQ2lPYTFJUGUta1BfdWRuUzMyOG92cXl6U2hPaVE?oc=5,Google News RSS (10-Daily)
01 April 2026,Timor Post Online,Media Massa / Pers,Tier 3 (Lokal/Independen),Estudante UNESA Nain-Lima Estájiu Internasionál Iha Baukau,Akademik & Umum,Netral,https://news.google.com/rss/articles/CBMiogFBVV95cUxOTjhtQm95SFFsRlo0LXppSmZIeWdaRzFZQUF0eUZMbnRST2lPWU1XbFdwZzY0LXFEd2NpazhBWDdhT3NZakJGVTd1OEp3M0VMVDlpeVNCSDRsa3p3eEV5WmFOanFyRGhxNHZsd2t5WnhtMmROYzBYV3pqcmFUb3FSeG0tbC03ZTg1N1FQVGx6a0M5MFI4T0FmLUFOb1NsNkUxQ1E?oc=5,Google News RSS (10-Daily)
09 April 2026,Kompas.com,Media Massa / Pers,Tier 1 (Nasional),"Unesa Sebut WFH bagi Mahasiswa Bukan Hal Baru, Sudah Lama Terapkan PJJ",Kemahasiswaan,Netral,https://news.google.com/rss/articles/CBMizAFBVV95cUxOOFVLbDlVbXV0OTE5ejZNdlFZT0xZdTFhZGdyd1VtaHZRMV9ZMEJIR1M2SGJkckxwMUtPcVpORWcxdUZOMElhZXdMU1d2a2hCU2pKSkdHSXhDOVlIUXRiRl9xdm5pajFsTUhrMTJEN21ocDdDeW9wTDVXZGlFcllrM1hXalZ3VXg3MjM1MGVVVEo0Y09qY1Q1RWZsS0FIcmdWTV91anljcnhtdHdWQmdNRjFPdUNGNVlmN3BBSnFaQWJoMGFXTE92UGJJamg?oc=5,Google News RSS (10-Daily)
02 April 2026,kabarjagad,Media Massa / Pers,Tier 3 (Lokal/Independen),SIWO PWI Jatim dan Judes FC Jalani Laga Persahabatan Bareng Unesa FC,Akademik & Umum,Netral,https://news.google.com/rss/articles/CBMipwFBVV95cUxQd2F5Q05aWkhwd3BvWG0tY2pXYWpaekdSWllXS1ZER3dVU1piRWZzZFdKNW1QY2c0Y0QyNGctU1hiTVl0WHk1dXJtaG5EdzcwZjJ1MnBiMkxmdUhzX1FJZ0VWcUkydGxydWNvZVNNM3cwclRDRXZ4OEVWQ0ZpN0lHWVRvX1RrZm5TTkFJQi1JLVhMM0ZMR01TRFdNdzVBM1JnR0ZkdEs5bw?oc=5,Google News RSS (10-Daily)
01 April 2026,Timor Post Online,Media Massa / Pers,Tier 3 (Lokal/Independen),Estudante UNESA Archives,Akademik & Umum,Netral,https://news.google.com/rss/articles/CBMiVEFVX3lxTFBhQ0hKUEdwT0tNVFk4ZVUwVG9BVGhqNjd3anNyczN4ZkRHczF0Z0hKaFh5SW9KdGpkdGpqMGpISjFrdERPMXZ6M3pMRFZRVEtIX1pWYQ?oc=5,Google News RSS (10-Daily)
02 April 2026,Kempalan.com,Media Massa / Pers,Tier 3 (Lokal/Independen),"Melampaui Batas, Unesa Kukuhkan Posisi Peringkat 2 Nasional Peminat SNBP 2026",Akademik & Admisi,Netral,https://news.google.com/rss/articles/CBMirgFBVV95cUxPTllXTENla0xZQTZUTG8zVWUzRzZqa2U3V1U1Y1NtaERrZF9MLTRPOFMzZHpjTUs0YzZDMldDS2VUdWFPYVhMbHdOZFNqYV95VnJndEVQV0V3d3oyMWhUU3J3ZUdHMHc5dWJnZUVXYlNsLUlaVWRkeGNBTzIwMmE0aUt0bUFQTm1rN2NlVFJXQ05lcGp5MXlQQkx1MGdmbFZNUmwwdjBJczNrVERUU2c?oc=5,Google News RSS (10-Daily)
04 April 2026,Kempalan.com,Media Massa / Pers,Tier 3 (Lokal/Independen),"Unesa Resmikan 25 Mahasiswa Pilihan Jalur Golden SNBP 2026, Kawal Prestasi Hingga Lulus",Prestasi & Penghargaan,Positif,https://news.google.com/rss/articles/CBMiuwFBVV95cUxPQUJ4S2tObjR0Rk43WU9NY2wzMGVFSi03UlBxSGdSd0poNTNiRFU2dWZwUlYyNE9lYURRWVgtMlZCbTR5aDktMng1ODFZdEdnUmxOMm9DZTBURjJLYnBBc1cwMWJYamgzWERrMDFtblc5Z2J5UlJuWHA3ZmkzU3lvQjZOdEFoMEYwZk14cXdqMVh4aVE0QlRjdmVLd3R4dXBra3BSZTFtcl9uaEtZUTA5dDZIUW9nbTZMb2dz?oc=5,Google News RSS (10-Daily)
04 April 2026,Kempalan.com,Media Massa / Pers,Tier 3 (Lokal/Independen),"“Buktikan Kualitas ‘Pinggiran’, SMAN 1 Grati Loloskan 30 Siswa ke UNESA, UNAIR, UB, hingga Kampus Seni Paling Elit” Jalur SNBP 2026",Akademik & Admisi,Netral,https://news.google.com/rss/articles/CBMi7AFBVV95cUxNbk1oSXp5dURlU1E5MGhpUGU1SHV5SmFmYjFCUVNVMG9tNFgtdGp5bUx3YWJsQ2lkc2JDUEsxdVFhWHd2Zl9QOVB6VXV2aFE2bmFhNVhPRUc2VmNrZG1ablFTcFFoU1oxUjdVY2xuX0YyS2dZck1YbllaeUIwUllkZFpUUVVHalU5eF80M3U2M3BydWdZbG9xajZ3QnkybXkyNmxGUHNya1FwVEVMaTEwbFlLY21RR0t1SmhjcHNRdldkUHpxOUdMY1pIZUhoMHJkTmwzWm9kRnl4eHpWR1hDRkQwYzF0Tml4OVlTWQ?oc=5,Google News RSS (10-Daily)
05 April 2026,Harian Bhirawa,Media Massa / Pers,Tier 3 (Lokal/Independen),"53 Ribu Pendaftar, Unesa Peringkat Kedua Nasional Peminat SNBP",Akademik & Admisi,Netral,https://news.google.com/rss/articles/CBMilAFBVV95cUxPN2NTa1JXZ2I3NXFGVjRHcDUtVjBnUmRlWnFOUm9EMGtMWmVKb19BeDhlbTVQTHNVLTFxTk5jNDdUeHFyUklYaS1TRG9uaFhRUndTYWpSQUV6a1pCLVF3YWoxWjZIRWRrdkttS1BqVGZ1YUJqVzhfRzBqSU1Palc1WVBFNGd1QmxjOUVOTWtLMm5hS3d1?oc=5,Google News RSS (10-Daily)
08 April 2026,Kempalan.com,Media Massa / Pers,Tier 3 (Lokal/Independen),"SMAN 1 Gedangan Sidoarjo Cetak Rekor, 76 Siswa Tembus PTN dan Poltekkes Jalur SNBP 2026",Prestasi & Penghargaan,Positif,https://news.google.com/rss/articles/CBMiuwFBVV95cUxQSVRrSjBscjdUYi1MdlZJMmJtcHlpS2lscXNnUzNvWDdOWHNaLWl6UTkwQTdhaU16ZVN4THBtSlVnYjdiZUQ0VGJycmU4N2x5NUZtRWt3RUNNN1BxbTJ2M29zOUwxQUxKRzA1eVlMa09ianZqUHRBMUhtM0dWYk5HQkszUW5KYURnRl9FM2pNUy0wNTllMmg3Qm1tX29mblBaUGgxVnQtZDhLX185SXJvRWs2M08waWNsV1Zj?oc=5,Google News RSS (10-Daily)
02 April 2026,redaksi.duta.co,Media Massa / Pers,Tier 2 (Regional),"Tembus 53 Ribu Peminat SNBP, Unesa Peringkat 2 Terbanyak",Akademik & Admisi,Netral,https://news.google.com/rss/articles/CBMihwFBVV95cUxPUVVTTkVMU0E3LWtpNWx1TUNDWV9MUzJfZGtJdEtUV3drYlpYTzFPYVRJSm5wQkcxeG1ZZjFZdmVNYUc0UFIzd0F2SlY5dllTNUtVODVmWndlM05RRTdrVnRIRWxsbDB0M0Uyb0tyUWpIZ3dlTEhtVWlnZzZhX1ZoODMtVkpvOGM?oc=5,Google News RSS (10-Daily)
01 April 2026,Kempalan.com,Media Massa / Pers,Tier 3 (Lokal/Independen),"UNESA Sambut 6.509 Mahasiswa Baru Jalur SNBP 2026: Rekor Pendaftar Tembus 53 Ribu, Simak Panduan Daftar Ulangnya!",Prestasi & Penghargaan,Positif,https://news.google.com/rss/articles/CBMi2wFBVV95cUxNM1lHUkVLT3lyZHB5cUl0WGxqdVRRNUtyV1lJU3ZTQ1B2WWcyaWsxWlBJNHdrc0p6cWZoMVRMV0g5WW9MSXlKVVRHMGxsT1h4OWJBRWYyWnotZDJpOWo1V29ucXdBTXItTzJJdkpDQ2J3Y3ZGUEFJUVJKSjE3NUhJMzZXQzJHQXhackM2SlIyVUlvMk95c1lLbmtjazVuWUQ2UFlJZUpoeHEyRXNDTms2bXQycG45ZmQyX1BtMEdPT25mODBnQjNNNkQyQ1Jub0hXalZfRGlDZ196QlE?oc=5,Google News RSS (10-Daily)
01 April 2026,Kempalan.com,Media Massa / Pers,Tier 3 (Lokal/Independen),"“MAN JADDA WA JADA! Unesa Transformasi Jadi ‘KA’BAH’ Ilmu Pengetahuan: Targetkan 21 Ribu Mahasiswa,Cetak Generasi berotak Jerman Berhati Makkah”",Kemahasiswaan,Netral,https://news.google.com/rss/articles/CBMi_gFBVV95cUxPYXY3RFg3aUZsN0JfY2htVzdLblp2VDlCaTd4a3BxRHQ4S1lLV3d4NWZvb0E2RFh3MU1qZlU4ZDZjLVRuQ2tqanZHUjBVOVQ5S0YzbHlpVDZnTXBHSXR1aXMwNkxnQmVlaXlCX1FtS08xQVVzNkdJejlRdGFnaFhrT1NvTTRlb1FDWkZ6M3pMQUNOdHI4dlFPTF9sNmxrWE10WjlHa0h1Nm9OdzFvWFREc01MRVk5NlZsRUwzbjBsQTJ0bXlhbHB6bVd6UHBYaUZ5QnZERk9lN3QtUUJPczZUUkZlaWZOWXo2aWhiVmFNZG5hUUNKREtSOUFaSExkdw?oc=5,Google News RSS (10-Daily)
07 April 2026,detikcom,Media Massa / Pers,Tier 1 (Nasional),"5 Jalur Rapor Masuk ITB hingga UB, Alternatif SNBP 2026",Akademik & Admisi,Netral,https://news.google.com/rss/articles/CBMiqwFBVV95cUxNU0hOT0lkNkZDQnpsdjFuZzdVR2UyanpJb0NocHBia0pTZWtKdXdsY1dTa2hUbk82YjVna09KSldyYldacVgzYldGaTNIbFY2dC12QmZSUFI2Yk53NnhrYUZTOFdCcFpta19UUTNERDM0VkhEY29yQWxOcHl0MVFjR3ZjZ3lFaDVLQ1luX29WQTRQa09mQVgyNFlac2JQZmxOOEExRXVzeWxpS3PSAbABQVVfeXFMUGVLUUdDVV9RM1ZXaklta0lxbWhqbng4aVp5MWY4YVJMYVNJbjV5Mzd0Q05FVy1kTWpJVzRlZk9KNUVoRTBJTG9qcWJlUlRjNk93R1I0a28zUDI2amNVakZZZzBaNEtfYzRUY3UzdUNYXy1aZGxSVVpGRmtuUDlLY0VxMDNDbnVzemF0T29lX25yeV80MUxwN2JMQ2xSS0FZMkxaX0UxOFIzeE9UZERHSmI?oc=5,Google News RSS (10-Daily)
01 April 2026,memanggil.co,Media Massa / Pers,Tier 3 (Lokal/Independen),"Unesa Terima 6.509 Mahasiswa Jalur SNBP 2026, Peserta Lolos Program KIP - K Tembus 1.293",Kemahasiswaan,Positif,https://news.google.com/rss/articles/CBMitgFBVV95cUxPSERJeTY3cXZ2aDc5a1UzUlNSVGdyQnYwQWZkTkltejl0VlA5Q1hnMHZnZF8zNHVwdjNYMWp1Tlg4SWgxV1JCOXdPZzhhSXdxSDZ1cHNnT0VYTV9IVzZLSFpRdlFwSEtFOTZxLTJaaWxPcE51UVBvNDZQLVdORXdzZTJtT1pJWHBSTWRBeG5JaVBSYlBDcGRLbjJFT2ZpOS00S1owWE1kZzJxUERVelUzTXBuR0JpUdIBuwFBVV95cUxPeTZUdE5lZFE1YXJDaFAxaGhxdHgzblNHQUFLR2tvbWNXVEwtZTI0R3FlaWwzYm9peXlzVFRZQjN3UHRHOFVaZDJjZDQ4aER1X190NjRyQjRDbGx6ZTBQOXpWNzd4bVBTQ1ZtcmdPVzJaTGZYQW0yQjZOVVpFNERONWVwcGFZd1Z4QmNZSzZ4SXhzQXZWVERWZkN1RS1pNllva0FOOFNoQ2pRaXpkRG1zSk8waThrc0lGQ2pB?oc=5,Google News RSS (10-Daily)
23 July 2026,SMP NEGERI 7 SURABAYA,Media Massa / Pers,Tier 2 (Regional),Arsip Bulan Juli 2026,Akademik & Umum,Netral,https://news.google.com/rss/articles/CBMiWkFVX3lxTFB5Q3JjTDRZLTJydTh3c0d1U3E5YkdKQ1YteWdPM1JKUGJBM25Cc0JLRVNYck1uNnpzMFdWMi14U0piMmVIdUpuSW41c3dfVEZuWHgwY0ZjYTdTQQ?oc=5,Google News RSS (10-Daily)
28 May 2026,STIA Panca Marga Palu,Media Massa / Pers,Tier 3 (Lokal/Independen),IMPLEMENTASI PROGRAM KARTU INDONESIA PINTAR (KIP) KULIAH DALAM MENINGKATKAN AKSES PENDIDIKAN BERKUALITAS DI UNIVERSITAS NEGERI SURABAYA | SANTINA: Jurnal Manajemen dan Administrasi Publik,Akademik & Umum,Netral,https://news.google.com/rss/articles/CBMigAFBVV95cUxOYno0RWNNSjZmTjU5cWFrZjJNRDZQVkVPbkktaGpnQ3QzekRZOTI5OWt6dTAydEF5d20xMlpWWEVmNkRPYjl3cDYyeldKRGF0QkNFTXpqRHdjR1hkTi1hakhSUTRWVjMxOVdPQXczUlQ0enVBWUttTDZTYjdwaTJKVw?oc=5,Google News RSS (10-Daily)
13 April 2026,Universitas Negeri Malang,Portal Kampus / Akademik,Tier Kampus Mitra,"Kolaborasi lewat RKI EQUITY, UM dan UNESA Teliti Ekosistem Pengembangan Potensi Masa Depan Pamekasan-Lamongan",Akademik & Umum,Netral,https://news.google.com/rss/articles/CBMi3AFBVV95cUxOM3c0Z2RxTkx5eDdxYVhRbGk4QUZyN2RIdFJXV093cmR6V1JxQnB5NEFkd2N5UzVSMzVIVzQ1OG4tekgxbWJxWVhSSlZQMmVzdmFOT0pPWnppZzRoUW1PbVctT3lFbkdUbUdmTkFNSmFCc1ZvdFo5eTVBUEF1ZEZxUkJwcktXUmFub2xwdHNONWltZ1VIbFVrbVloN1JwSnU2dy1EdTQ4SzNkclpqalVYb2IxVmw4TTM1TEpFbWJnSHdFbU90TkNWRG1OdFFybU90TUxIWHdDbG1pLUJS?oc=5,Google News RSS (10-Daily)
08 May 2026,Hasanuddin University,Media Massa / Pers,Tier 3 (Lokal/Independen),"Olimpiade Vokasi Indonesia 2026 Resmi Dibuka di UNESA, Mahasiswa Seluruh Indonesia Siap Berkompetisi",Kemahasiswaan,Netral,https://news.google.com/rss/articles/CBMigwJBVV95cUxPZmFxVk5GQUFwU0hnaVFwTS1FRmZNVHpMNV9kQ2tZZi1lRG4wbU5ucGFKU25PdnBLQXZpM0VtaGVrb1pURl9SSjdWbGR5V2lyeGotaFVNZERCRVUxMTl2bVVTYkZwOXkzdmdzOVRPcDdpMW5HWVVJS2xlWWI0WUNSamtKcVVsZDBSTTZhZlNLVW9VMUZ4Z0M2bE9EbnVrOVJBVGI5UnJSSHc1QWI2eFUyOC0tRUczUDZKX2RwZ1NuN05fdmltNzVjZzM5cG1EUUVXWlRuS05IS1VibDZZMWc1NzAzTmc0Qm4yWnpXVzNoSlhYRmRuQ1kzR041aFo3V2gyMXNN?oc=5,Google News RSS (10-Daily)
20 April 2026,Pintarly,Media Massa / Pers,Tier 3 (Lokal/Independen),"Wah, TI Unesa ya, keren! ✨ Kalau dari data tahun sebelumnya, biasanya… - Komunitas",Akademik & Umum,Netral,https://news.google.com/rss/articles/CBMigAFBVV95cUxOUkVKZlFxaWpIVTdxUVZISjk2RUF0emZUU3dtempkeGp3SmdYZXM5WmdGT180eTRPUHBQcmpfX2xGVEVmbHlzUjZHQWhsU3U1UEJRRzk1Mzl3VFFfM1NzSWdmZDIweDNybTRlUk5YTmZ3WWlpTm5hTVpIZ3dpMDBmUQ?oc=5,Google News RSS (10-Daily)
15 April 2026,Pintarly,Media Massa / Pers,Tier 3 (Lokal/Independen),@Aily berapa skor aman buat PGPAUD UNESA?,Akademik & Umum,Netral,https://news.google.com/rss/articles/CBMigAFBVV95cUxPRDNnVm83cFdTS1Awb3lselFGRlRsc1Vxclp5UUtyZ3FxUWNtY21YZlJQalA2b2FWbWQ0UkpfeW9oZVhyLVlTYS1JOHp4UTI1Vmx6VVk5MnI4Q0N3a1RMR2lUeG4tMWZSRnZUNlBvMWdYckhXVDNubjAwdnhHcGlqUQ?oc=5,Google News RSS (10-Daily)
19 April 2026,Pintarly,Media Massa / Pers,Tier 3 (Lokal/Independen),@Aily skor psikologi unesa,Akademik & Umum,Netral,https://news.google.com/rss/articles/CBMigAFBVV95cUxNcE9wdERlTFcwSm8tclZPR1E2NTM0eTA0WU0zRVp3OUZkZmpKSjBwenBxNDFPRTlscXptUExOVVJyUUg1VGlYVlFqN1d2cW9QWXFFUktzT1E5QXVjMXpUeW9iRkpOMXRiWlBnU2FrcHNLVkdJazhKQWdvbENzaVVJTA?oc=5,Google News RSS (10-Daily)
15 April 2026,Focus Taiwan,Media Massa / Pers,Tier 3 (Lokal/Independen),Delegasi NDHU kunjungi Unesa dan ITNY untuk diskusi kerja sama,Kerjasama & Internasional,Positif,https://news.google.com/rss/articles/CBMiY0FVX3lxTE94M050T3UxV3drWVJpLTNBN2JXbkpxa0tSZ0w1YXN1VF9wSDFYeHlqRFYzRW05YW9IaXZBallBR1h6d1JVSHBtNjVEYnhoUklGVmVmYkFVcGM5eUJ1ZVMzNXFUbw?oc=5,Google News RSS (10-Daily)
18 April 2026,Pintarly,Media Massa / Pers,Tier 3 (Lokal/Independen),@Aily jurusan yg sepi peminat di unesa,Akademik & Umum,Netral,https://news.google.com/rss/articles/CBMigAFBVV95cUxPQk9uNWNad3RtRThTbW9JaGt6QTdvbWFiWEw1VWt5TkdVX2hZUHQtUGlKMUJLeFhqYmFnZzFNQzVxT1dpNW5seHVyNFRXVmlwc2lVWUNqVGU3UnJuanVSMU9tWXloblVVbnQyd0dYTlRkaUY4NUxCMmd3LTdlMGh2RQ?oc=5,Google News RSS (10-Daily)
16 April 2026,SMA Al-Islam Krian,Media Massa / Pers,Tier 3 (Lokal/Independen),"Prestasi Gemilang! 80 Siswa SMA Al-Islam Krian Lolos SNBP 2026, UNESA Jadi Pilihan Terbanyak",Prestasi & Penghargaan,Positif,https://news.google.com/rss/articles/CBMiywFBVV95cUxNRXU4VFRoRndQejVjeno1NXN1RzczbnI1YVc5VjFPaXNQQ1ZNU1dSUllJb1N3cFNsalg0MGhvT1hrUHlsYU5HYXJwa2NKYTA2bEVmbFl4SkV2UHk0b0dUNU9PdXBhN25vWWY0NnozVkJKWDlvekllMWtEVTRqdGtWeUJIRE0zaEtIbklqY2lUcmlfVjdzekpxTUV0UjJobWVXdGRIOHFuRlFSS1ZpWGdrdTVGZklhbHplZVpvVXpVU2pmVnVFNEYwTE9MWQ?oc=5,Google News RSS (10-Daily)
15 April 2026,Pintarly,Media Massa / Pers,Tier 3 (Lokal/Independen),@Aily skor aman manajemen pendidikan unesa berapa,Akademik & Umum,Netral,https://news.google.com/rss/articles/CBMigAFBVV95cUxQZ0VNcXN4bDh4X1dnTi05UElydk1QQ3o3LUxZM195UkF2eW1UbjRrMHNRcTBXN3EwLVJvS2VDX25GaHhvbWRYaDJuM3lRLTllNzVid3FRWWVKQVV0UlBLbTRtb2tYd0xwZ3dxeFg4WnFPYlByRFJFdndaVVVBaWpudw?oc=5,Google News RSS (10-Daily)
16 April 2026,tp.ac.id,Portal Kampus / Akademik,Tier Kampus Mitra,"Gelar Seminar Nasional Kewirausahaan, Prodi TP UNESA Tekankan Pentingnya Daya Juang dalam Bisnis",Akademik & Umum,Netral,https://news.google.com/rss/articles/CBMiUkFVX3lxTE80Vk84VF8zN2N6WWdZdUs5TzVLQ0hHUmJYNnF6MjZzNXY2R2FDbGM3NnpSWkNwTWt0WEQtS1IyeGdXblo1WUc0YnVSWFlaSFZvR0E?oc=5,Google News RSS (10-Daily)
13 April 2026,Shopee,Media Massa / Pers,Tier 3 (Lokal/Independen),Jual [NEW] Stiker Universitas - UNESA,Akademik & Umum,Netral,https://news.google.com/rss/articles/CBMigAFBVV95cUxPcVpJZWZSMFl0ZHppZVV4RDRPWFEzM254Vkp2QllPaEZHYnZXNHBJSGwwT0pUMHcteDJvdk1kbHltSldnUVF6RlN4WU11TzNKMHRQR3NkTndHX0lURFpOb1hlcFNJZm9ieEM5R1IxaThOVWZDY25DdllCT3d2S2p6Rg?oc=5,Google News RSS (10-Daily)
19 April 2026,Pintarly,Media Massa / Pers,Tier 3 (Lokal/Independen),"Hai Benedicta! 👋 Untuk PGSD UNESA, biasanya skor aman di atas 650-67… - Komunitas",Akademik & Umum,Netral,https://news.google.com/rss/articles/CBMigAFBVV95cUxPNV93bXMwNjlJNjdncmRqVFU5eVd4WG5fbVVmSS1uUWZ2a0RpZGRTTk94bk05OW1OcFVudHBoLUthdUdEVDNWUEdDMFRkc0ZaM2lMODF6WFYyMnlyZHZubWhWRFlBRjNsNU5Sc25ZUmdGeVRCT25Ed3g2U0pTd3pQSw?oc=5,Google News RSS (10-Daily)
16 April 2026,tp.ac.id,Portal Kampus / Akademik,Tier Kampus Mitra,"Pererat Silaturahmi, HMP TP UNESA Magetan Lakukan Studi Banding ke Kampus Lidah Wetan",Akademik & Umum,Netral,https://news.google.com/rss/articles/CBMiUkFVX3lxTE11S0FtTWxkM2lycFdFb2RIeFpidjFBandjNmtFM1B6VFRISURIaDFUTUZIZktOaDlTMlBOdHp4M3E4c0stekJKMGRhbmNYTnN3QUE?oc=5,Google News RSS (10-Daily)
19 April 2026,Pintarly,Media Massa / Pers,Tier 3 (Lokal/Independen),@Aily skor aman psikologi UNY dan UNESA,Akademik & Umum,Netral,https://news.google.com/rss/articles/CBMigAFBVV95cUxQd190SXZMYjEyaWpLWmIta0tLTG1DMDR2Q2w1ZDlqbHBuQ3JwVU8wXzNQbGU0TjJfdFZqQS1ya3dqVUhZSHZ5RzNCbEs0aE9oM3RVVnNlVUNJUG5CM2tiSUdMTGZrWGZRcDFjWjVQSDRPRFhGMGFybkhBWGpuOWk3dg?oc=5,Google News RSS (10-Daily)
11 April 2026,Pintarly,Media Massa / Pers,Tier 3 (Lokal/Independen),"Hai Dita! Kalo buat skor aman Teknik Sipil Unesa, coba deh targetin d… - Komunitas",Akademik & Umum,Netral,https://news.google.com/rss/articles/CBMigAFBVV95cUxOTUk1MzlaZTBISW1aVmdpZ3FBeERiWXJUMmVsUXMyZjJTYkxHcVpWRGlOWHZVMGZjME5kdVM1WUR1OXVpTDBXdnVMa1dvRWJ6TmhoVlhicUdCTWE0LUVlQ3NkT2RMLXhrSVlxZmgwZ2d1blFidG1peEZLcUNzQzg3SQ?oc=5,Google News RSS (10-Daily)
08 May 2026,Hasanuddin University,Media Massa / Pers,Tier 3 (Lokal/Independen),"Indonesia Vocational Olympiad 2026 Officially Opens at UNESA, Students Nationwide Invited to Compete",Akademik & Umum,Netral,https://news.google.com/rss/articles/CBMigwJBVV95cUxONjRUSlYyNzVQUVRhOTBFT1oxMG8yckFWaXl2OWhBdkJNanpiNG02VHpWcWFSa09xYjdINXg2SC1oWXB1WE55UTdVNE0xY0RVenNsamx2b3lDZWlvUU9iaWl6bFducFc0d0pIT2JIclV1NTdPRDVPSzJiOHZiQlVvMm95dVZaSnE5NjlkQ3Z3OC1TaURIZzRka2hQZ1JULUlacDdxVDRraEhnRFkyWHpCTTRfcy1ERUZKdDdaNG1GWjRZWE10eUwwVVpGVTZ4ODV0eGtFOXZqNTVsS2k5YzJhbTNyY0FmbHBjODZ6NHNJcld2R2o3Ukx1MFBoc2F0aVl0VFln?oc=5,Google News RSS (10-Daily)
15 April 2026,Pintarly,Media Massa / Pers,Tier 3 (Lokal/Independen),@Aily skor aman untuk gizi unesa,Akademik & Umum,Netral,https://news.google.com/rss/articles/CBMigAFBVV95cUxOejVOS2l1MFUxbG1LOERjOEdFemhFdUdIZGRZcmFSZFdtSk5QeHI0YklLR09rVjFSSzJRdlBJUjFLLXBCYkZkcG91MVVyNGVuOEJiNkVXZ3ZfWmNSVTlsaUtIWUdiS1h1VkhmWVlxRy1qTlVsYnJteE8yN0Rrd3pXTw?oc=5,Google News RSS (10-Daily)
18 April 2026,KabarKampus.com,Media Massa / Pers,Tier 3 (Lokal/Independen),UNESA Kembali Buka Peluang Bagi Pelajar Berprestasi,Akademik & Umum,Netral,https://news.google.com/rss/articles/CBMijAFBVV95cUxQcmVSaV9mVi1BNHVJd0d1VTczdTcwbVZrTHhsTFpDODk3SlZDZHlCX2EwV3FTM1pTQUgtWkNXN1pQeGJkTkdmTS1iQWdjQTNSSHdhMWhyNVB0NVFzWU42MVE5dVdlcXMxeUx5bkQ1V2diQkhFWjFydkIwTTNJY18xN2hkbmJPUkxwUFF6UQ?oc=5,Google News RSS (10-Daily)
20 April 2026,Pintarly,Media Massa / Pers,Tier 3 (Lokal/Independen),"Hai Retno! Hmm, 590 buat Psikologi Unesa itu lumayan mepet sih, persa… - Komunitas",Akademik & Umum,Netral,https://news.google.com/rss/articles/CBMigAFBVV95cUxOMnI3amh5MEpPdjdjNVJRNU5fLUxaX0RtOF9wdzl4eGRZMjgzazhoMnJSaU1VM0pfRFR3WU90YS1WbVlOcXNKQ203MUlXNWVpc2c1S0djVFM3LWtvcmxRdWhYUFRwNHdpOUh6S21RTWVSdVJvV21INHREZnE3ZENOWg?oc=5,Google News RSS (10-Daily)
19 April 2026,Pintarly,Media Massa / Pers,Tier 3 (Lokal/Independen),"Hai! Skor aman akuakultur Unesa itu dinamis banget tiap tahun, tergan…",Akademik & Umum,Netral,https://news.google.com/rss/articles/CBMigAFBVV95cUxQT3pIaFotQUlwME1oNnlmaTdvX3ZyM3ZGRjB5dy1IaWFhVThpY2gzS0dvTHQ5QlBqazZZSDZoR1RLX2IySWtJTk0wZ2hjejFvRTlHZ01xX05leEhSdkczVXVVWF83Yy1FdGs5bEg5aDRqdFNEWWJGeXhtbDNydjVQcw?oc=5,Google News RSS (10-Daily)
16 April 2026,Pintarly,Media Massa / Pers,Tier 3 (Lokal/Independen),Renata! Kalo skor aman Ilmu Administrasi Negara Unesa itu nggak ada a… - Komunitas,Akademik & Umum,Netral,https://news.google.com/rss/articles/CBMigAFBVV95cUxPRW5zMmN4T2hKYzIxdzR6MVZ0a2J5VG9YY2RBM2xUeFZGWmFYRURwTnkxSXN3M0I1UFpLTmRYM3MwNGpRTVoxOHNmREp3cWNkUlpJdndNQ0duSi03anR6b3J5MXVadWdlMll3eUl6ZTNpRVhGeTRmeE1PeFZoLWU0OQ?oc=5,Google News RSS (10-Daily)
13 April 2026,Pintarly,Media Massa / Pers,Tier 3 (Lokal/Independen),"Reyraru, buat PWK Unesa, rata-rata skor UTBK-nya itu sekitar 620-650a… - Komunitas",Akademik & Admisi,Netral,https://news.google.com/rss/articles/CBMigAFBVV95cUxQZll1b3kyYXY1Nnc2eWh4ak9tS0cwUHFXZlcwUThvNFFkZ0drOXNObkNNcEtfQ1RCNm5BZUdDOERveER3bjZQRXlXOE4xTTN0RjQ3RlQ4bDYyd18tZ3FJb3VRMTZDMFhTb2xueFFSSHRfbnA3R2tUZWkwRzRNZUM0Nw?oc=5,Google News RSS (10-Daily)
16 April 2026,jatim.kemenkum.go.id,Media Massa / Pers,Tier 2 (Regional),"Jaga Identitas Budaya Arek, Kemenkum Jatim Berikan Pemahaman Pelindungan Kekayaan Intelektual Komunal kepada Mahasiswa Unesa Surabaya",Kemahasiswaan,Netral,https://news.google.com/rss/articles/CBMihAJBVV95cUxPSUVOanQ1WGNoR2w4VW4zTXVFejJ3MmZGXzZZS0hTeTRhdDJnR20yNWlkUlJheTBkRzk2ajJRMmRaSW1kUzJKaDFmUzEycF95UUFpVktmdmw3bXRMM0hlSFJrWE56dFVhZ2kxdkxSeFZDM0Jvb2VkdlBTX09DVmxoaEMzend0U01ibVpGbnJtNmtiSDhmbnRMaXBFeWE4OHRlMFktbjBqUy1OV3JXRjRfVkpZcW93cjk4enM2RjMyODNvMHlrbG95ZzNQcDRlaGcxME1MUXlmaUpoNXlSYlpjSi1RbmVFa3JCREVTZHl1UUFlS3BjTnc0ZEwxV2NDa1A4LXdaSA?oc=5,Google News RSS (10-Daily)
18 April 2026,Badan Pusat Statistik Provinsi Jawa Timur,Media Massa / Pers,Tier 3 (Lokal/Independen),BESTIE UNESA Bekali Agen Statistik untuk Sukseskan Sensus Ekonomi 2026,Akademik & Umum,Netral,https://news.google.com/rss/articles/CBMivwFBVV95cUxPMGxCNDRKRlVTVEZ2MFlLVVgxZ2NGMG84X2tyVHVzMFhacUF4UFZPRDJLMmpZOEtieFZHS0dfcHI2TGxZT2JfWjdiYjZ5R0RUMHFLSElJUDBvM0ZmUUVLWk5qOFpuUjRxUHdZM1JtMDhMbFNPelJkVWpIaVZOWER4SmpjbVUtNmN5NllHb0RFMGFDbUxvNTR5bnBaTTBERXc4TWpWM2tQUUlIc0JzQ0dLWTFWOV95bENtWjZFN3J1VQ?oc=5,Google News RSS (10-Daily)
14 April 2026,Pintarly,Media Massa / Pers,Tier 3 (Lokal/Independen),"Halo Azalea! Wah, buat FK IPB sama Unesa, bagusnya sih target di atas… - Komunitas",Akademik & Umum,Netral,https://news.google.com/rss/articles/CBMigAFBVV95cUxOekRsZ3B2aHJpYUx1MFdnR1NxZFhZY2VQQnY3dkY5YzdlT2tfOTUzUFZrcXRUbnlPc3A3bE5hRzRJbTVhNlBSeTN1UDJYWUtWQ05tT2toWDgyVWhkU1RrZlpONGlXTE9zWFFyM0EzM0VlVURaOXpIZFp4WEZORHhneQ?oc=5,Google News RSS (10-Daily)
19 April 2026,portalbpsdm.jambiprov.go.id,Media Massa / Pers,Tier 3 (Lokal/Independen),7 Rekomendasi PTN Terbaik di Surabaya,Akademik & Umum,Positif,https://news.google.com/rss/articles/CBMipgFBVV95cUxOZFl5bW9wOU55Mk1ZNmNkNERydGx5V3ctMlRwUTF3Rjhpb3RnUnZ6UEd5R3gtMUU2YUpzeVFJTko5eGVHbS1KTWF0bnZCRUtHeXdVazdmb2dTeFQ1ekwzUThfX3NPdVhsblkwOVlJYl8yMFpMQkRLZWNqeUoxMVVVbjk2Tk9yNFlDTWUwU3c3LWhyZGw3Z3pKVTRvN1hJclk2ejdEZmJn?oc=5,Google News RSS (10-Daily)
16 April 2026,Pintarly,Media Massa / Pers,Tier 3 (Lokal/Independen),"Hai Dyah! Skor aman psikologi Unesa itu fluktuatif banget tiap tahun,… - Komunitas",Akademik & Umum,Netral,https://news.google.com/rss/articles/CBMigAFBVV95cUxPejE2a3ZPaVVFWHhkNnU0cUF3MlBCLXV2Y3NDdXgzS2RGR3lLTmpyZUFOUTVLOFhQeUdZTXNka0xVanRuc2dPNmwtZV9wRGNuZjBsQ0lKR2tRN0VhQzFfcFRpblk0SUVKZUw1RTg5NWVxMHVOX1dKV3dFUG4wMGxVMw?oc=5,Google News RSS (10-Daily)
16 April 2026,detikcom,Media Massa / Pers,Tier 1 (Nasional),Kisah Anak Petani Bawang dari Bima Jadi Calon Mahasiswi Unesa Termuda,Akademik & Umum,Netral,https://news.google.com/rss/articles/CBMisgFBVV95cUxQTHdiV0UyS0tWbFhyNC1qby1PRjJUR2FtcFhySmRyZFpzMGV6T2ZXV0dhUHRKRS1XbkNZbGNfOE5xbC1JaWpiR1plREFCN2ZpbDVIWUsxbU1VbDcyVWZOOGJPaUZjdGJ3TjVCa0EwSUJGRUZHVUJpNFFWN1RZaUkzYXBxTm9tQ05qMVVKWXBqMGI2RkZ3RVJpVjMxc3ExNkJ1TkpaWVNKaVVuODE3U1FaOUlR0gG3AUFVX3lxTFBtcDZScWNTTlJxaW9lSmprLWlzQ3YzbllMMEx6ckZqZkdoenNjeUw5bWtuUjVEUnYyQkVxZTM0aTdiRTJnVE1YVzdCLTlQZU0zT0RPS09Oc1FwY1JXNEJuTlJYRk9CT2p5Y0Yyb3ROdXo3SGZkQ1FvREl6bkFSTlE5WlpsVnRnSkFrOWYxUUpLd1lyTTJVUjFMMzAzY1R4OEMtLWJ3T25NUUM4Z0x0R2gxRncyZVBZWQ?oc=5,Google News RSS (10-Daily)
17 April 2026,Threads,Media Massa / Pers,Tier 3 (Lokal/Independen),Dunia Kampus Indonesia | Info Seputar Mahasiswa dan Kampus (@duniakampusid),Kemahasiswaan,Netral,https://news.google.com/rss/articles/CBMizwFBVV95cUxQdHpHTDh6RnhkZ01pTkxoWTY1NGN1X3Z2SklpTGJ0M3ZxUzNqWmRZWFBTLWJIekU5RVdDdFdXVzlRbEx3UXBSYXYxU0FGYkMzUW5Id0lCTHllc2Z4Ym0ycnhBc0tIb0NUYUlBbXNkQWNyX1MyTFhDZXFLU2pKVHFsZXZRYjEycW04anZoUkdWR3pNbDF3VXhIV2FQMFhOV1doSU4xZHNEMlFDc3ZoY0E1c1gxUU52X0NraWFXd1cwRERfempIOUh0Mm1Wa2FWVTA?oc=5,Google News RSS (10-Daily)
20 April 2026,Pintarly,Media Massa / Pers,Tier 3 (Lokal/Independen),"620? Nah, itu dia! Udah jauh lebih oke banget, Retno. Peluangmu makin gede buat Psikologi Unesa! 👍",Akademik & Umum,Netral,https://news.google.com/rss/articles/CBMigAFBVV95cUxOY1lmNTA1dGxhTW1oa2hGZmFEU2Z4Sl96dnFVcEY5amFpbkF6a2ZsSlVvM0FwQUJRZ2I2VnVVcWVFOHEyZ0ctTjg1X0ZHb1I4X1hiSERpai16MWxIV0xkdV9ZSHJYbFBjQVJoLU9tdDVyNDVwaUVsMlluNFdvSlMxdQ?oc=5,Google News RSS (10-Daily)
12 April 2026,National Institutes of Health (NIH) | (.gov),Portal Kampus / Akademik,Tier Kampus Mitra,The missing chapter: Supporting PhD students who are also mothers in the climate of academic mental health,Akademik & Umum,Netral,https://news.google.com/rss/articles/CBMiU0FVX3lxTFBTNlBadkNnNFJQVEM4bGVTZzBvZUZhZGtGdVdKcy0tTDRBMmdlVG0tTDlUTi14OW9HVGRqN1Y1OEdGbWdwNUp1dE5qTUNRRE92ZWMw?oc=5,Google News RSS (10-Daily)
02 March 2026,National Institutes of Health (NIH) | (.gov),Portal Kampus / Akademik,Tier Kampus Mitra,Archipelagic resilience: Strengthening indigenous knowledge approaches to climate and mental health in the Philippines,Akademik & Umum,Netral,https://news.google.com/rss/articles/CBMiU0FVX3lxTE1EcWktMDdvbllSbjRpWXd3UjEwNFNGQVZoNnRjTk8tNXA3aE5VYzc3Z0dZam1sU2tRV2haOXdjaFQtazBDbXFSeVhFT1NONXBscjBF?oc=5,Google News RSS (10-Daily)
20 April 2026,Suara Surabaya,Media Massa / Pers,Tier 2 (Regional),"Campus League Surabaya 2026 Siap Digelar, 24 Tim Berebut Tiket Nasional",Akademik & Umum,Netral,https://news.google.com/rss/articles/CBMitgFBVV95cUxQeVdwX1o0OEdjNHJnQ1YyU2kxeFl0aXhmTDN4b2ZaMDMwLTJ1eHNiOC1vbExLMElBb2ZUZ1BWQmRFSFlINlpTTUp5WnNHUTh0dzJwa3dhVldBU3RRWFJ3U0w4b1hXZndva2l3U0RscGowaFdpZ1B3MFg5d1BIT2tpOThncG1lVVpaNTdWRGo3REthNmRMVHNHa3p1WkxxRnlvOUlxamFIMHRZM3lZWHQyS3d2bC1IUdIBuwFBVV95cUxOZkRjRTF0XzhVMUhJSjFoSzYzM1p4SmRrZEJsLUxpTGFvejJja3AxaWJHalctOTdBR0pBMW1PQ0NEOFI0dklmdHNPX3M1eGJWbFAxbzg1YkhVdU9xQ0NNSWRWYUN3ZDFVc0FObVp3NUdhVVdxWDg4ZDJsVy1Ocy1VZzZ3ZzhEcW4tMkVQcTM2U1RtdmFjU3hEbjZsQV96eFJ2Z1ZieVN3MlRtZVJyaC1iS040RlhOdVlIaGJj?oc=5,Google News RSS (10-Daily)
12 April 2026,dealls.com,Media Massa / Pers,Tier 3 (Lokal/Independen),100+ Universitas Terbaik di Indonesia 2026 Ranking versi UNIRANKS,Akademik & Umum,Positif,https://news.google.com/rss/articles/CBMiekFVX3lxTE9rdVhZZmJFU3FpZEYwMHBqVi1Ecmp2M3lZY2Iyc2hDaXJvcEstSUFJZFJCNzJCMGQzVERRU1hGdDlqcmhzQS1PcEUzQk92Vzd0bUk1ZFBQSmtITXNTR2RNcFd5WU51N1dYN19TeHNpZV9YanYtUTRUNEx3?oc=5,Google News RSS (10-Daily)
16 April 2026,OLX Indonesia,Media Massa / Pers,Tier 3 (Lokal/Independen),Kost Ketintang - Jual & Sewa Kost Aman & Nyaman di Surabaya Kota,Akademik & Umum,Netral,https://news.google.com/rss/articles/CBMiowFBVV95cUxPUjZkcWNQdU9MNWttQ0JUdUx1dGNvRFQ5dGlhUmdNdWhwRkhZTVFjUFVEN1VpMEJfX1htelAteV9NaHNfTDJBWjg4a1kyNEtCV3hHS0tMUVl6SGVjMjZIajlFVlpCMGowRUgyTHhrMG92VEpWN1NrYzJraTc0NjlVcHpkbUxPdGU0YTAtVTVqV0pJdXRnczJ3V0RyYlNmNzBxRGlB?oc=5,Google News RSS (10-Daily)
11 April 2026,Penerbit Yayasan Daarul Huda Kruengmane,Media Massa / Pers,Tier 3 (Lokal/Independen),Implementasi Instruksi Presiden No. 1 Tahun 2025 Tentang Efisiensi,Akademik & Umum,Netral,https://news.google.com/rss/articles/CBMifEFVX3lxTFA3b1dWNGNNV3hPdWNUUy13b1l0WURreXdfT0FDZVNnMzJ5RTRVanhJbFBXaXB2dXA0YmJoODBtemVCQ3BDQ2RqSTN3RTN3OWJVZkpDUVlxSFRHQXdiZm1ZRHNUaWh1TFFLQ3ZKSklZbmFyM2cyQzVpN2liV2k?oc=5,Google News RSS (10-Daily)
19 April 2026,portalbpsdm.jambiprov.go.id,Media Massa / Pers,Tier 3 (Lokal/Independen),"Wajib Tau, ini Daftar Kampus Terbaik di Jawa Timur 2026 Versi Webometrics, UniRank, dan QS WUR",Akademik & Umum,Positif,https://news.google.com/rss/articles/CBMi7gFBVV95cUxNRE84NFlkaEg3em8ycVVCR3pOcjUwQTAzR3YyR3I5RldEbG1ZeDZJa3YydGlFVWdFcDJxd2RkcldqZ3FacjlOYnVsNHpOUmEzbFBNQVFJa09JT0prYXA4SU1wTTQ4YkdsRTVKNDJza3BQUWNScURzTnJNMkdZWFJLZlZHb3dhYW9NUGZpZnptYlkxUkk5QmRLMDFaUHZfNk5oMldDRVVaWC1DZ2RfR2p4RGJ2MVpfdlZqakpZcTRyOHkzYUYydkhwTmpzNnpQZ0g0aWtuU1VMTjJTTTJYSWY1ZVFRZ3ZKMHl5WFR0aXBn?oc=5,Google News RSS (10-Daily)
18 April 2026,Yayasan Meisyara Insan Madani,Media Massa / Pers,Tier 3 (Lokal/Independen),Pengalaman Emosional dan Pola Kepribadian Mahasiswa Dengan Social Anxiety Disorder Dalam Situasi Sosial - Jurnal,Kemahasiswaan,Netral,https://news.google.com/rss/articles/CBMihAFBVV95cUxNZnlUbk9TTllCaFE1cjdIOFFKbXBnWWxDcWJ2ODhfRUFZMlYyWjJSclV2NGU4dVgxd29pMVVFVjEzMFhOdFNuUXN0aFI1b2tNUzVLbk0xaWtkaEtTQnhCa2JaYmZ5WjJkazBhM0ZnRVlBNFNiWkVCQ3FzMGZpRlRUUG1YWEo?oc=5,Google News RSS (10-Daily)
19 April 2026,portalbpsdm.jambiprov.go.id,Media Massa / Pers,Tier 3 (Lokal/Independen),"UPI Borong Peminat Terbanyak SNBP 2026, Ketatnya Persaingan Masuk Perguruan Tinggi Negeri",Prestasi & Penghargaan,Positif,https://news.google.com/rss/articles/CBMi6gFBVV95cUxNWE1LUHp3WTZKZGFHcmJQMlRIVGVaeUh3c2R4R0xQQm5LTGlDQWVESE1VUnA4U3JEcmVIREloMWtPankyTmhYLWR6SmNWM1J2LXh3TTRqNVo0elR1MWFwZURGSHZTYlBjMlFaNFUxZlMxZ2NZYk83c2NRSjlZUU1IT0kySk5jU09nc1k3Ti1mYjlNOHpCNEc0MEJIYXF2QjhyOVQ3b015bmozcHVvR2wzcVdkV0Yta0M2VE16aHlaMGNiSVQzS1ZlNnU3QW1JZnBOclNsZ19oZzZFRVV0WFlCTUJOM2hveGhUdGc?oc=5,Google News RSS (10-Daily)
16 April 2026,zcampus.indozone.id,Media Massa / Pers,Tier 3 (Lokal/Independen),"Usia 18 Tahun, Naura Tembus Unesa Lewat Jalur SNBP dan Jadi Mahasiswa Termuda",Kemahasiswaan,Netral,https://news.google.com/rss/articles/CBMivAFBVV95cUxQYzVyUy04d0pRRkVPcmgtOVZ1UGh2ejhIYWYzeHoxalVZNmpleTBFTkh4cFJGbVAyNFUzblBJOTVtSzJkTjI4dXFjd005cTRGY292S3VTRWR6NWpSUFF4bjJNVGoyakFacVdwaHQ3M2lkZmktRFVpbGZmekpxbnlQQmRaYjZpVDM2d1N6OTRETUJwcURDRW04cV9xOVNwZFM3TFRTV1pWYXdZdHB3bEJVeGh0Y0lZdFZUTXFaRA?oc=5,Google News RSS (10-Daily)
13 April 2026,detikcom,Media Massa / Pers,Tier 1 (Nasional),"Baru 15 Tahun Sudah Lulus SNBP di Unesa, Apa Tips dari Kasiati?",Akademik & Admisi,Positif,https://news.google.com/rss/articles/CBMirgFBVV95cUxOZTZMQXNiSU0xSDNpdXdXMTRic3N2VkUxTW10eTZsZ2YzREpRRXdaZS1QZ0hDblAyRjhDdTJ1MjJZalJnSlFrdnFpY3pkQ282emZGUTlXSFVla0s1eERHYXJ2Tm1Hc2N2S0R2WG9rMGJvTnB4MTkySFkzOXhxcEp4dHJyX2tWODhmbFJITDU5NTlWSWluQXI3b3Q1ejdMNUd0eXFGYi1oaURON042YmfSAbMBQVVfeXFMUFk4a0RoVlFUN0plRGVBN3Brd0FJMkJOaWJyVDZtV1hlYnZsaUZKeUtUMlEySUFxWlFXSEg5R0hzaTlKMUF6d3NHVGlNZTRyOHhUZG1GeWpQNmZ5bXV1YkZPUTBPX1JpMmJxMGRCTzRDT1JPZmJxd09vMUZ0U2RKMU9mNWhjRlBjbnVOZHVSZUNER2xJMnhiRzR5N19ZRmVjVG5TTFpkN1I1XzgtQXVxQnRoOG8?oc=5,Google News RSS (10-Daily)
13 April 2026,Suara Merdeka Surabaya,Media Massa / Pers,Tier 1 (Nasional),Ratusan Mahasiswa Unesa Surabaya Tulis Pesan Perdamaian Dunia di Bulan PPIS - Suara Merdeka Surabaya,Kemahasiswaan,Netral,https://news.google.com/rss/articles/CBMizgFBVV95cUxObjVna0VyLU4ySV9EV1RJWWpIelZkY29mYmE0eVRjd1FaX0E0WGs2VGxnaGdraFdKYlJ3eDdvX09XZUtieTRSOGQ2cmt6R1V2U1FOcFJvVzBQMmphRnk1MVh5ZnYxMFotUlFSNVhjWXF1S1FNclNTRzdnbFhaT0syQnE3R29NMDRtVUQ3MTlsWm1lc2YteDhjdGM3TkhVNGVnV2h4Nk43anVaY3ZJVHBQQ2dFOGNJODFuTEo5S3pXOHZrSFd0MXlGNzNHN2ZWQdIB0wFBVV95cUxNcHBiUl9IemNhNm5Vaml1OUU3ejZEZm5PQVFGTV9UMVM5Sy1GaXV6UmJjQzBhUWIzNVpLVmJCQXpyeTZkRS0zRFR5T1RYeE9GRGxRTVFoeWhuQ0w4T1ptSk1XV2twblhlSWlIMG9Rdk9YMzF0Qk15dUdXdWgxaEcwUUw1S0tuMGxRMWt6Wm9VSnZERVJBNUc2OTlXSXk4bWVoRjByZ0hDdGk1SWh2aTNSNHVYOE1vN1F4aWlGbDJBQlpybzduUTh4Mmc0QnJZTV9ITmhz?oc=5,Google News RSS (10-Daily)
18 April 2026,Suara Merdeka Surabaya,Media Massa / Pers,Tier 1 (Nasional),Unesa dan CCNU Siap Bangun Pusat Pelatihan Guru Bahasa Mandarin di Jatim - Suara Merdeka Surabaya,Pengabdian Masyarakat,Positif,https://news.google.com/rss/articles/CBMiygFBVV95cUxNdGM2Z09IU00zTnE1UGJ5dElqczNldzFwSGVpUFBjLXBwYlJKTU8zbEJrY01mOXQ5V0g2OXBQSEFrY2dPdy0wbDZrdDhsNUNtXzg0RUJoeUdGWVdxNEhxRzJsMVlEZHpLZzlvSU9iVG55N003S0Y0SG9mMFR2SXRQSU9QZDFmbEVVZW1oSHlvdUNONFRkSlZZN3g1Zy1UVXZ5ZzktU0U4X1V2U0NGMlFwa2djbEJJSHlscERWbGlkWHFZMGJhYlBIRzhR0gHPAUFVX3lxTFBMTml0WFZuelIxNnhickYzWm1zdTZRaVVWLVNXMWZ0SHBrSlROa2VUZjB1VXpKNGNzVGtLeThMdU84MDJwelNGZDdENnp3dzNjNzB5emNaM3BMbEtiSTg0d1BoYVpJblVHZDg0Ri01NnNmZUlJczJrcF9aZ19HdE5BdThEZ1lrdFFWVWJMQUszVU90OWQtblJRWWlJckxuWkREZ3kxVmZRc05GV0FuZmJ3ZFpUQWRNOHY5VjY5VDZVNU5Na2pESXlkOElRTGI1Zw?oc=5,Google News RSS (10-Daily)
14 April 2026,Bimbel PLC,Media Massa / Pers,Tier 3 (Lokal/Independen),🔥 Latihan Soal TMUBK UNESA,Akademik & Umum,Netral,https://news.google.com/rss/articles/CBMiYkFVX3lxTE45eHJ1dEhuRmZpVTJPeEZHSWV5M0pQQ0pZbHhiSmVHdmNPWlNxR0VxVUQ0VWxVbllkX0F1ZHBmejhDQTRRdVJIaE9OUG95STJTbzdLSDN4OEJpcFVUM1F4TW53?oc=5,Google News RSS (10-Daily)
13 April 2026,Radar Surabaya,Media Massa / Pers,Tier 2 (Regional),"Disaksikan BNNP, Maba Unesa Pecahkan Rekor Muri Deklarasi Anti Narkoba",Prestasi & Penghargaan,Positif,https://news.google.com/rss/articles/CBMiwAFBVV95cUxQeENWTDFhMHRlWDZnMk9tcWlSbzJOUkJiWjhsa3BRNHBZbnNKcUk0QWExX05WajlJcDFuWHA3R0NPOUY3N0tUd3BHS3VrMHU0OUJiQmh4aEJFRy1mbFZMMVpyM1BLdW9nN0VEMXhSTnVnd2dacGtQcHg4WV9oSVhxOGRwNE9zenhxZnRfZTB0ZENlMkJ0WDMyZVNJS0NYWDU0aG5jdUxjSXRiaDAwMlVBTmtWZ1pqcHhQOFFQbmZJdGjSAcYBQVVfeXFMT1B4MzVvRXJ6dnNjRnhEOEM4TkNza3E4RXM1U2ZsQTQ3bUtDZ2FiOER0SlF1dF81V0YxTW00ZWdPUzczanNoLUs4TjBSaHYwZjlQcVhKQmFvTXlJR1NkWlkzLWtCMlhSTVU3ajJMSEhqdVkxQkxzVVdlMUYwNndwcERuUElqT2RfejQzZU00d0lFMUMxQWpBNFMzaVgyamRtaDAxckdKTFNsT0ViUXJvWHpZenlWWW1JbTFEZHpPMzJnc1dCam9B?oc=5,Google News RSS (10-Daily)
18 April 2026,beritajatim.com,Media Massa / Pers,Tier 2 (Regional),"Bersama Tiongkok, Unesa Bakal Buka Kelas Mandarin untuk Seluruh Mahasiswa Lintas Disiplin",Kemahasiswaan,Netral,https://news.google.com/rss/articles/CBMisgFBVV95cUxOQnpFZzVWY1FVdW5Ud0R1U0tPblhSOWo2eUJoMXZzMVoyMkRXMTVLU1F2U3ZRanppQUY1VzhGRnJ5cklrQUNsWWNBU2ItdFhyZmFqTDBEWGdQSnREVDYyTUhlaHl0TWo0QkFzSzRtUGFnZHZXTEhrajg3cVFIaVhneDMyaEpiZmJrZ2tnRDJBYTFXeThTSS0yY1R4NTljWmF0am1FMFE4MUhrcnZ6SDgzX3F3?oc=5,Google News RSS (10-Daily)
20 April 2026,jatimupdate.id,Media Massa / Pers,Tier 2 (Regional),"Dampingi Mentan Inspeksi Gudang Bulog, FKP Unesa Apresiasi Capaian Swasembada Pangan",Akademik & Umum,Positif,https://news.google.com/rss/articles/CBMiuAFBVV95cUxPSnV5WU5qT0Q2V01ZbzVYaWxyaVJkb1E3Uktkcl96QTR3bG1pQnp2TEZfd3BiSkY4UUxYSkVmSTh0dVNucEFGMGd1MXBjd18wRmZqSW9uN25zMjBxVmNiZzhDTlRIbVRkOXZRUVRTeWlLUDhMQ1pmTzRXbHlnVm9pcmxWT2x5RXY3MWhmV0RsbHlJemFmQkVHX3VUYzRHcWRVRnFoSjFCSFhpQ2g3QWotNExaQ3NhTW9B?oc=5,Google News RSS (10-Daily)
16 April 2026,Suara Merdeka Surabaya,Media Massa / Pers,Tier 1 (Nasional),"Atlet Paralimpik ASEAN Para Games 2025 Jatim Terima Bonus Rp1,845 Miliar - Suara Merdeka Surabaya",Akademik & Umum,Netral,https://news.google.com/rss/articles/CBMiyAFBVV95cUxNVng1MHVab3gxeGdQb1Ayd0NKYWZCaEpBYjB1WFktOTlwZ2g1a3ZKYzFXRGg2R21FQ1RFMmxucmVuZHFLUllBS3g5ajZWcnBEMFA1dnRWU3RQOHJoYzRzSFQ4dkxQcnFkY1ByTGJDWWNaOWJDOTNuUVFGN2RGTkF2cTJRQ1dqSlJYWllqcVluU2JLWGJUc2EwNEtYVVlaN2J1eDhtWXJjNTJhazRtMjkyZFBOR291dEdIMkw1N2ZWeVFvTXdFMHZuSNIBzgFBVV95cUxOQkEtYXFhS0NSeU41Vy03VldhQVRoSHpVNlpZT3BtcTFJaE1ZZzhmNTNUV0E2Qk9hR0tyYndPYlphQzhKeWxPYVBTd0Jla0ZtU3JoN29XRnZvaTROdUVqSzlidVN6bmVXSE9NQi1jZVFVMTFnVGNSYlgzbWhZa0ZnaGNvVXVueEoyRW15WUFTdFdNdzNkeUFhWm5USmdOVTRLaFhpRXd3U0l5YTE1NDJ1MEM2c1k1azZ5MjRSNDJpV0doVXZrOE1XS0g4elRtdw?oc=5,Google News RSS (10-Daily)
16 April 2026,Harian Bhirawa,Media Massa / Pers,Tier 3 (Lokal/Independen),Unesa dan Konjen Australia Perkuat Hubungan Diplomatik,Akademik & Umum,Netral,https://news.google.com/rss/articles/CBMiiwFBVV95cUxPSnFOb2VmUUEtU2FtVzBHTDZKVi1nWnpSTDFvcUQ2T2lhYkZ4YzRRbGRaQ1dMZl85bzh5RElCWUZuMkpoLWNJSkhOWFlmaWUzdzQtRGxtcEh3M0lTbkVQT1RleFpVWllmTVFoOFR3N1NWRDJsTlRnOERkMTk3OWJuaVVkTlI1SG9WRFBz?oc=5,Google News RSS (10-Daily)
17 April 2026,kontan.co.id,Media Massa / Pers,Tier 3 (Lokal/Independen),Daftar Lengkap 119 Program Studi Unesa untuk Referensi Pendaftaran Mahasiswa Baru,Kemahasiswaan,Netral,https://news.google.com/rss/articles/CBMiswFBVV95cUxPbG1zMktYWWpNTXFnQzRIc2lWSDJYWmtiTEVqTFNNbjVwaXlwR3NzbnhZQkExSllQQUpPazRzYXkyTkV5WG5wVWFEMVZYVUxIczl2UVJsQnl5MVQyb0lNa1dBdUpOaXFWYkpCQUJGUnkteWp2cEtrOWRHcVVWaWFnbFhhcXNFRFlOZncyNVhFYVRRMFBnOFpJakZVX2V5RDAzVTF0SnRtYlRaNXNfY3ZvdDBGRdIBsAFBVV95cUxOamxBZDN6NXkyRFowWTFJcU82N2VfRnVJbWRjOURQVlFOekowT2s5clZUZkp5c3gtU1FaTDc4N0JQM1dIQ2tfa2ZteEhtWVNOcnp2Z1UwTFlNZDVrNGJvODFqeDFWQjhBMFgyTGlHYTlneUJxbVZWMW1ETWktdTdnS2FhYk4yQWR1MndGaGUzb1dEWGxxMHlxQnJRU0FhVThhcFZsNkFrOGlmbzF4cEs4Zg?oc=5,Google News RSS (10-Daily)
14 April 2026,IDN Times,Media Massa / Pers,Tier 3 (Lokal/Independen),Biaya UKT UNESA 2026 berbagai Fakultas Lengkap Terbaru,Akademik & Umum,Netral,https://news.google.com/rss/articles/CBMiigFBVV95cUxNYmN1RUJXb0RsLWpWTUtHZ1NDX0Y4SzE1RjRTbXZjcmNpWm9ITzNULWhLUTNGVnBNWEFlcXBMY0tIWDZCM2NvYlB1UEYwdnlWNzRRMUJMUThzS2dreGJIUDJyZEpFMmkzUWdQNmE1ZXVuWWhWWkoyOXNOQXlXeDlxMHNqdjh6T1RvZWc?oc=5,Google News RSS (10-Daily)
13 April 2026,Rakyat Jelata,Media Massa / Pers,Tier 3 (Lokal/Independen),Mahasiswa UNESA Angkat Novel Di Kaki Bukit Cibalak Lewat Film “Di Ujung Pematang”,Kemahasiswaan,Netral,https://news.google.com/rss/articles/CBMitgFBVV95cUxPbmY2cDVrR0F1bFd2d1FYa1VHbXAzSU5WQnRyRGdNbG0tZE1yN1AwNURlMkU1MlhTNVNwb0RqMFFDc0trd1N6LXczbkVHNXQxUnVhMlVtVHpUQk9Wd3pJYUNxX2REY0tLYm1XZ25PcUxpY1k2OEo1Y05uZ3N3MldMV1l2SlZUb3JKUnpCcVZ5SmQ5dnlDN0kzSXVHd0tTTktLMVp5SDRNSDZHRVlnOE1TWkJhZVVwdw?oc=5,Google News RSS (10-Daily)
13 April 2026,optika.id,Media Massa / Pers,Tier 3 (Lokal/Independen),"Jawab Tantangan Disintegritas, BEM UNESA 2026 Gandeng Biro Organisasi Setda Jatim Hadirkan ‘Next Gen Leaders’",Kerjasama & Internasional,Positif,https://news.google.com/rss/articles/CBMi0gFBVV95cUxNSzdjYnJWYlpNVVowRVdhMzhVdmM4ZWZRZDhGU1ViOWVoLUJ0c3RJVVFfRFh4X05oclEyOXNpdVE4YTQxLURDQnhMTmpZVXpnS1JSR2pUWktxX183MTQ0a2tTazlFczF5b1BqczR0QllMaXp4bkJlSkQ5WmlGeTNHTkVFNlJXMmtNXzBING5JUXNEOE4tcWNLNlNocDRkZEM4ei1uQi0xNXhQa2tiRVdCY3g5NXo3VFU0cjk2VDJzdXo5M3dXSWNMd2pQdHpGSU9RMFE?oc=5,Google News RSS (10-Daily)
12 April 2026,Kempalan.com,Media Massa / Pers,Tier 3 (Lokal/Independen),Dobrak Dominasi Sekolah Elite: Lonjakan Drastis Kelulusan SNBP 2026 SMA Labschool Unesa 1 Jadi Sorotan Nasional!,Akademik & Admisi,Netral,https://news.google.com/rss/articles/CBMi2wFBVV95cUxNUXlKWWV2VmlYZ1NvUmNINGtzS1dkV3Y0cnN1MDY2cmtyUld5NlVIbktDa2tpTWlPMlJQckdYOFhuQ0czRU9DdVA3WlpIQXlRcEJFaWFPXzJ1dy1qcUsyVVFzRkhZNUplRUdQX0RTek50bE14b1FFRkw2X2F4RkpIXzZ4VV9RaU5qVV9KZ216RFFnRTdQOXZNVzRYUS1vd0FjclFvYTZDRzRzWUpyVHgyci1mNWlnb29IMnF2TmpMbmc3bzZjclk1REM3YmdKa1F1dFRiMkd3cXFFWUE?oc=5,Google News RSS (10-Daily)
11 April 2026,kontan.co.id,Media Massa / Pers,Tier 3 (Lokal/Independen),"Rincian Lengkap UKT UNESA 2026 untuk Calon Mahasiswa Baru, Mulai Rp 500.000",Kemahasiswaan,Netral,https://news.google.com/rss/articles/CBMiqAFBVV95cUxNR09RMlpSUU9NUU5LQkF2MURnaXA1N0xtLVgtX1FEMzhuNjJnOXcyOEpiY0NZLUhITDlORWEzdG9MSHVaUXA4ZVpKZFlYVXhsbWJ0ZURFN0VaWEhvTThMOHI1Zi1uQnVhTGJrVGh3eVZyVjE5Q3RyNG44eE5FT0dPU1ZFeE1XQ0tpRHY5Y2lqdHF3WWdFTlhCbVNqU1JLdUdWSUg4WVBUaWXSAaYBQVVfeXFMTzNxSjNkQlh1VTZILU9ROGk4OE9UbzRmbHpMQzVXa1FTY0NBRkNFUmpZMVV4VzdHR3JjZmVlb0ZJWVZmeWZfdklScWxsR1lWQ3p4MlQxMmVsOFNBY3BLRng5ZDUzeGl1Z0ZoRlg5bERYMWZJUW44c1BvbE1JcER6cG5ETlRWZEVEY05EVkdNZU5pX2tid0l4MXlOcV91eHBVUlpoeWk1QQ?oc=5,Google News RSS (10-Daily)
14 April 2026,kontan.co.id,Media Massa / Pers,Tier 3 (Lokal/Independen),Biaya UKT UNESA 2026: Rincian Lengkap untuk Jenjang S1 dan D4 Semua Jurusan,Akademik & Umum,Netral,https://news.google.com/rss/articles/CBMiqgFBVV95cUxNbjdVVEROd2VjbWpfX2lKY1Q0UlNtcjBQRjN0TmlJbkY0QlhMSEx6bzJJcjNRNDFkTEFLN1dnYzZ4cTZkX2JadEpzdmI5cWRQX1lyY2w4WE5RYloyai1XMFlaZmVnTTVQbVpmQk1WNk56OWlkYS10NHF6aUdGeVY2UFV0ZWtScGU3cWFWb3FVaWVOaDcyeEo3VV9BMU1SN0NYMGtCMktEVTlyd9IBpwFBVV95cUxObF85ZXY3ZVZLSnRlcTNIY2VhUFJnTTZFaXR5Q0xnOEFNRjQ1bGFCRnZReWxWQXZqY1k1ZHVMZUw0Q1BtLUNDRzZxUl9zZ3BBWEg2YWp5VEJRN3pzZExrZ05WcHJWVVI2Z0ZfWEhnLUJjXzE0d0VVay05dVhMQWgxYUZZQWVDZmxSV05vTHhSd0FNREo5UGRmNFBRLVdkRWgwRDFBd2dEZw?oc=5,Google News RSS (10-Daily)
15 April 2026,IdKos,Media Massa / Pers,Tier 3 (Lokal/Independen),Kost Unesa Ketintang Tipe Kost cowok,Akademik & Umum,Netral,https://news.google.com/rss/articles/CBMifkFVX3lxTE9FNmxUV1ZvM0JybTk1NHYyMzRxWjJEU3NkY0FYQ2J1VVZtMk1qNDRfbU81U0luUHdNbk0tRzM0VU5zZXdPVjl6MjJ4bks2Y283ekx2Q25WQ0VtbzBPMW1VX3FsczhCYnlfZ2lBQk9BTllvVjJSUEpJanlrM0VEQQ?oc=5,Google News RSS (10-Daily)
19 April 2026,Emosi Jiwaku,Media Massa / Pers,Tier 3 (Lokal/Independen),Yoshimi Ogawa: Media Memegang Peranan Penting dalam Sepak Bola Indonesia,Akademik & Umum,Netral,https://news.google.com/rss/articles/CBMiqwFBVV95cUxPRkVsbU5qMmlYRFRON3pzLVQwQ0JCOXBob1dZdndsalNxa2dMUVl0cFN5NEVvajI3NWxnZS01QXViZXg1LU9WLUxhWlFaM2toVy16NWFrY2RfOUs4Q01XS1Vkem9jWWRtQWUtcVRacU00dnF5Vndmb2tncF9jSGtLeWxvMDFKMk9xQy0teWhhekJrNURxQnNmckxaMnR0Mm9aSlU2UXZxdlpqdmPSAbABQVVfeXFMTlUwQXpGQ3h3ZDdiWTh2c1FDLXBwQWptbGNYYk9YVkdYYlpqT1FPSGl5MkhVQVg3VmRuNTRkOTNJd1pwem5vSFVQWUUzM3paVEZBckNMMVVLSkpvWk91UTljdDFHZEZ4N21RclpsVi1vUFhlWHJEMHllSms0Zkl6NU9sS0dXY3V6Z0tHNWJUZDRJQmRzei1pM1A3WjE5eGxlemhXWXQxUjBSUkFvY2E0d3I?oc=5,Google News RSS (10-Daily)
16 April 2026,Kempalan.com,Media Massa / Pers,Tier 3 (Lokal/Independen),"Mahakarya ‘Rumah Para Juara’: Mahasiswa UNESA Guncang ASEAN Para Games, Bukti Nyata Sport Science Menaklukkan Keterbatasan!",Prestasi & Penghargaan,Positif,https://news.google.com/rss/articles/CBMi5gFBVV95cUxNY2JpZFJIXy1lc1RSWkxfRV85QTV4OFlCQkJXTllmdEE2ZGlNTWhBeHU5RmNOMlQzSC01RzEzMmhzQXFmSkluS2FYWEVwU2R1al9lTkVNX043RXhXUVlkZ0F0cFd1c1dtN09OSTZpV1dRQm5EbXdqMTdMS28zb1V1U0w1dWdVNXZOQmU5WndDOHlsZ21PYWhOYi1jcUZJUEYwWkpWc3lCR2o0RV9haHpnRmpxaWg4eHBreDVRelJxWWlnMGNFanZycjduM0V2dVBuWlhCaWpzdXpRMzdRVEU2eUJUclk0QQ?oc=5,Google News RSS (10-Daily)
17 April 2026,Suara Surabaya,Media Massa / Pers,Tier 2 (Regional),1.800 Mahasiswa Unesa Asal Surabaya Dapat Keringanan UKT untuk Dukung Target Satu KK Satu Sarjana,Kemahasiswaan,Positif,https://news.google.com/rss/articles/CBMi3AFBVV95cUxPQW5QZl92dS1leHV2dXNER1doQWpSSTREcHFOcnI1MkZjSm1ZQVdhNlAwaTJvc0hGdVRuVkF4cnhONWhZcF9VSGNnSndKRGZoM01GbTZaRkFWd2d5NXNUZVM0U2JURWlQTVV2anNwenh4UmVzVzlEMnN3NjhSUFZkYkI0UUMwTERDSDd0SXNvQTIyYmxCQmExa1RqU0JrN0J6WTQ5bEVoOFBXZXNSUEFTWTBqcWxQZ0FSUVgyak40ZkJIX3JzRmFzcFA0by13dFowLWp1QlZWX2xaWFYt0gHiAUFVX3lxTE9ObUdwVlB0ajJOX1lRakZSYlFQNjlXQWNsRVVWTDBkZEYweGM0d3lzbHlzXzdHR3ExeWtQNjd1X3J2ekJYa052djhsNUlUNG9CSmZXZkhBc3R5UmlhS1ZZTW1NOUVmbTh3ZC1YS0UyZ3l0M3hUZHZTZlFoSG9HOFI5c3ZUc2tNV09UVUpvbkxMRndVaENqVHdOZUp4WERabDVfbmV6ZE9XSi1wMWE0ZzVyU2FEa2phbjNCNV9aZk1LbjgxTXB0WlhWeDNFSng3VXdWV1pLVnR1dW5uVHNQWWhOR3c?oc=5,Google News RSS (10-Daily)
17 April 2026,HARIAN DISWAY,Media Massa / Pers,Tier 3 (Lokal/Independen),"Satgas PPKPT Unesa dan Unair Respons Kekerasan Seksual di Kampus, Ulas Tantangan dan Dampaknya - harian.disway.id",Penanganan Krisis & PPKS,Positif,https://news.google.com/rss/articles/CBMiygFBVV95cUxQUkl5T1F6Ullwb0VUTU5HcWVBSGNtRE5BempQSUd5NTVvOFRpZGV0dEJDRWh6cFljVTZUTXB0dmFfTDRWRjJibTJuU2pRWVlBUXFTeVl3M0stNV85bnlxekxGeDRvWkNOMVAtajRUdTFVd3hmQVhiTzFvZjNRcUJtZ2hCR1BsQkFVNUtwc1Z5VE9MWHVYV2lsdTdhTW5ORUlqNy13eThIZkhtN1BuSEt0d1hReDF3elNVemIzcWFPSWg2aTN4NnRud3RR0gHIAUFVX3lxTE5sUE5LQkRiZlFPVjJ5eVhVVTBkaUw3bTlQSmJDd2VEeHoyaXVjN2tUdVRzSGV2Vy1PSlZFOFFhTlhKaTVHX2g5Z3B3R1lPbE13VGktWFRYOVVvRnFhbXVsYXBuOE03UkJIR1E2b2JlbEZfVXhJT3RRTTNWUXRxUGM5NXg5SW5iOFZBNW9DVlVKVDdyckkySV83T1hlZ3g2cGt1M08xX0Z4YldTRUdCYlNHNk5pcWNPOXZ0TXBacHRDbnJ4OThnME50?oc=5,Google News RSS (10-Daily)
15 April 2026,Tribunnews.com,Media Massa / Pers,Tier 1 (Nasional),"UNESA Buka Jalur Mandiri Pretasi dan Non-Tes, Bisa Pakai Nilai UTBK dan Rapor",Akademik & Admisi,Netral,https://news.google.com/rss/articles/CBMivwFBVV95cUxPMUdUX1FJVUhDaFNUZXYxYkpteDIydU1IejI4QnVLQ0lWdlhtTEhXZF9uYU5wSXZPUVBlb0VjMl9XSU1NUWprc3BhQjV6OXZVRHRHSU9HQ3FPcTRncEdlTWpDd2ZKM2ZDVWtrVDRHcmpFYzRTR1FCQV9heWtWZkZES2FTT2lCbGlOcG45Z21WcFBfSVJhY05FcVpMV1hYUElVOHpXLVNjRXBWcDlhV0NVZi1UeHB2NERDSzJlVzVfRQ?oc=5,Google News RSS (10-Daily)
14 April 2026,Tribunnews.com,Media Massa / Pers,Tier 1 (Nasional),"Persiapan UTBK-SNBT 2026 di Unesa, Cek Tanggal dan Sesi Tes",Akademik & Admisi,Netral,https://news.google.com/rss/articles/CBMipwFBVV95cUxPTV8ySWx1UHVIYzdEVkxTYWhLUTY4U3V5R08yVk5fYWZXeDRDN0JoVFlQM0dZOE5JbUJ3dWxNXzk2cVlnTTlYUk1hUThrYk1JeS1qbWFZQ2VXajhvZHk4NTE0YnFCQXJra0huaHBZUlVKc0RiUzUwRlNlcXVKNjl1d3N6ak1IZDZ0RVJlclA4cmpPcUFlY2hsRnYzeHVVd0NTV0Jrc1l3TQ?oc=5,Google News RSS (10-Daily)
15 April 2026,Sewa Kost,Media Massa / Pers,Tier 3 (Lokal/Independen),KOS PUTRI DEKAT UNESA,Akademik & Umum,Netral,https://news.google.com/rss/articles/CBMidEFVX3lxTE8tS28wcEdFR2FKN2VYMjUwTXZIakgtWEZrYk00amZ3OHdsYWJHT2MycXBUbkZia2pFOGxJLVBhVzhkSlFab1hnNzhQeUppMWJKZWY1R1pEZ2g2dV8xSmhfU2VHRnd4SmxZTFA4VGNGUm5OdjRC?oc=5,Google News RSS (10-Daily)
19 April 2026,Kempalan.com,Media Massa / Pers,Tier 3 (Lokal/Independen),"HUT ke-96 PSSI: UNESA, Pabrik’ Tersembunyi di Balik Kejayaan Sepak Bola Indonesia; Kuasai Seperempat Komponen PSSI!",Akademik & Umum,Netral,https://news.google.com/rss/articles/CBMi2wFBVV95cUxQU1g4cTZpX216QU1CZi1FWU02VGN6b3ltUTIzQ2RkaERMY0JGcGtQb29zVDI1bjRXVWhjTlpvX0ZBeE4zYzRTdWIyUWtjU25Mcl9SWFRvV0l3WVVkOFNvMkpESGpTamN3LTJ3YTh2em5xMHVpdjBpVWFMbV9QWFpEaEJjbm92YUVJS1RkWVdqTm5hTEdrQlF4VUNqX0ZXVFkza25YeUo3cURRWG44TzRkc1d6Vk1adFQ4dzFIWTcxS0JVZkNhQ05LUk93Y1llMHpteWttTzRpV2lBcjg?oc=5,Google News RSS (10-Daily)
11 April 2026,Suara Merdeka Surabaya,Media Massa / Pers,Tier 1 (Nasional),40 Cabor Piala Wali Kota Surabaya Perkuat Pembinaan Atlet menuju Porprov - Suara Merdeka Surabaya,Akademik & Umum,Netral,https://news.google.com/rss/articles/CBMixwFBVV95cUxQa1pYNlJ1RVVVajJYblo2X3NlSEJIRjRPVm5BZXB4aFVNMWZvQnR1TE0xemRBcnFrZXdOSzlaT0hyaUl0WmVOOHRUVmxsS2czM1M1eEgzaHE5MEw1a19KX2FTYWg3SU9ReFF4T1ZmUXhfbnA5N3dvVnJaODVfRVE0ekIyVG9FbGpPUlJ1cjc3cU9oQ0FWbzdKSjNNVnJyWUZfMFNzcWhBYXg2MVZ1ckRFTDRyVzZaUkIyVnNjRTlyU0UyaDg4TDhR0gHMAUFVX3lxTE1MLWtuNkY0a185MVZNaDhnSW92ZGRfeUViRVBnWFhubWx0MndndG9XVzlvMmVudUQ3SWRTMFp6SW1UVGNUbWNRbHo1WTJkaDVGaTJmZnpXZUtZVnd1RzhRWDhlY1ZubHNrLUVtcV92UjU3VzJFWVVkUERFQ1J2bl9ncjd6cUEzTFVSdmxQRnpLWEk4OV9VWGFFYXRzdGpzUEpkWG85N1hXeV9BMGhmdFNtd0otOV81M2E3Yks0YXhjZ2o2Nkd5N3NqZWIyUQ?oc=5,Google News RSS (10-Daily)
11 April 2026,newstimes.id,Media Massa / Pers,Tier 3 (Lokal/Independen),"Dampak Jukir Liar, Puluhan PKL Waduk Unesa Terancam Diobrak",Akademik & Umum,Netral,https://news.google.com/rss/articles/CBMijAFBVV95cUxPb0M1czVlZTBVUnl6TTRxbkQxWmY0azEwLV9Rcjc3aGtlbV9ZSlBsRnZISEYzQTExZ2NwUEFVNWhGOWozbjZkV2JzdFdrZzJaTTZNR0U2bHBTSWJOTUxmS3o0dm5INFFPd0hNcERqRlBySzhzZEdzRzN4dzhtZmNBQXprby05ZXRUSzREYw?oc=5,Google News RSS (10-Daily)
13 April 2026,Suara Merdeka Surabaya,Media Massa / Pers,Tier 1 (Nasional),Ribuan Peserta Siap Ramaikan Surabaya Domino Tournament 2026 - Suara Merdeka Surabaya,Akademik & Umum,Netral,https://news.google.com/rss/articles/CBMitwFBVV95cUxNRFNvVFdfbEJNVVNkUGw1b3E5eDNKSGlNMm91OHpVaDlUdGt2Q2tzUl80N25QSEx0Vk1TX2d3cTZ3MFVNUkhQZk4tSVUtVDBGYVJaRmVQUjBnYm0wUWVTTTZ2aWVSR1pxcXNhWXpLUVRhd0o0Mk9xRllEV2EzdEltRFNwZzBuYndBb1Q0V1Z0bkFqTno3MTVpb0pNSDJNTk9hQW9uczl0SE9aMUJndkhGd2d3dzNMczTSAbwBQVVfeXFMTjh2cGhsdm1HUFhWYUJmWGwzcHVFRXdmbmNmMXp2ZF9MM0lLZ05FYmVkZ0lXU0pzUzN4RndacHdLY2xJaWVwN0xhTDFCdTVTdjdnSXZOTVBTV2pBWjRSRVhLVWFLb3dGMWlsOUNrOVpTbHZJZG85YkpaeWdNNURoV0wwLXpEMV91RGh6Uno3d2oyT2ZDemRqWkIyLWVJbFdBamJ2NGxtRXFaTGVoOXYtb1N4d3ZfTl9pOENpLWM?oc=5,Google News RSS (10-Daily)
15 April 2026,Suara Merdeka Surabaya,Media Massa / Pers,Tier 1 (Nasional),Drone Pintar Bayucaraka ITS Juara 3 SAFMC 2026 di Singapura - Suara Merdeka Surabaya,Prestasi & Penghargaan,Positif,https://news.google.com/rss/articles/CBMiuAFBVV95cUxOTWx2UUF2SjFCOUR6bjkwODlrRzlBMjdKUGw3Q3dFdmc4a0dTQ2ZMeXBPc2FOSERQR2xzbkhpOXdyUVltcmRGY1hUdE5uNWg3azNZR2llM016b19OTGppcU9yR1hieTRSSU1jeFc0djdieFZ3aXFiTHBldEVmSEdFSjdwcEZ1SjRoR1hXUU9naC1LNlRBOXlFbjU4aTRkdzNSWEpVME04Y0VTdzdicWxuUWhyY29PeFZR0gG-AUFVX3lxTE9TaDZtN1FPTHFXQ0RKOTYxZEdCTUxsZ2NoQ0gxbmFsQlhfMFpEcEtqbHVIdzBWdFdKSmJqUXAzMmxnTDlMVENqUW56eVY1alo3LVVnOGxhMlB2MnMxem51Y1FaNmU2R1Z1b2ZrOUxIMndpVTJQZWdWRlZya0lrUmtTOWp2Q256Z1BrR1RyT0FGcF8zWEZIMXlWZUZncTZ3bHBUS0dEMUE1OHQ0U19xTWFzWWYzbEg5U1BjZGJocFE?oc=5,Google News RSS (10-Daily)
12 April 2026,pelajarpro.id,Media Massa / Pers,Tier 3 (Lokal/Independen),Rincian UKT UNESA 2026 Jalur SNBP SNBT dan Mandiri Terbaru,Akademik & Admisi,Netral,https://news.google.com/rss/articles/CBMiiAFBVV95cUxQZl85bkJXU0ExdU94dV9sYVh4Ymx5ZVBsNVkzamZoaGxJYnlSTVhxZVVWNzJmVS1MZWJSM0Rxa3NvZGpMSDRxc000UmZkb0J0QVc4cE1oNE1mQXNfWTFPeURjUy1tc2pfNTNXeUt3VWpuS0RMSnYzZ1ZjaVR5QUZLT2I3VV9Vak1V?oc=5,Google News RSS (10-Daily)
13 April 2026,Siaga Indonesia,Media Massa / Pers,Tier 3 (Lokal/Independen),"Unesa Buka Pendaftaran Golden Ticket, Begini Tahap dan Proses Seleksinya",Akademik & Admisi,Netral,https://news.google.com/rss/articles/CBMingFBVV95cUxOZGpnYXNfNlFad1dMVVNIOXc2YzBZd1NTTGtVM2lJeUZCSDI0NFBvNTJfc3JRdDRkWG9uM0tPbWFvdXUzbWRxT3JRNjV1OFF2TEk4SGlFb0tNTVlqMGRpdHlicmwwOWtYbjhQZnhiZjYzV3YtSERYVFFTWTE4U3lfRG5GOU1EdW1EUGJkWmJNOHVRZGtHSDJSR09GaF91QQ?oc=5,Google News RSS (10-Daily)
14 April 2026,medcom.id,Media Massa / Pers,Tier 3 (Lokal/Independen),"Daftar Lengkap Lokasi UTBK Unesa 2026, Cek Gedung Ujian di Kampus Lidah Wetan & Ketintang",Akademik & Admisi,Netral,https://news.google.com/rss/articles/CBMi3AFBVV95cUxQTEpHa0JhV3lHa082Q1FtdXRqX05hX2k1RWRrNjZFNFZseWtZT0E3dXEtOWRpSk43dWVCa3dSd01jVHJtZy1zT2dFMkdlUHNhdUMtOWpkUV9RMEZQdFBlX2ExeVlqOTRuQ3NZQ1IxSGVZdWlZX1psblBoT3dRcTR6TXJVaUpOQ1B1d0VBZFVFTU9SLTBUVVhrSFRQQUpPRkZwRXdvSkRfaDNqVzFLYVdJTFJsbFI1SzhhdE9peDRNYy1WNzN0YUZQMkw3Ymgyek5xMEhWQ2xSNjhRT1hD?oc=5,Google News RSS (10-Daily)
14 April 2026,sonora.id,Media Massa / Pers,Tier 3 (Lokal/Independen),"Skor UTBK Unesa 2026 Jenjang D4 & S1, Referensi Lolos SNBT",Akademik & Admisi,Positif,https://news.google.com/rss/articles/CBMilwFBVV95cUxQdWxpTUpJY0NUamtlSkhPLTRVSnBFMGVqZDI5R0otRWpaSTdHUGdMT2hvTmJ3SGxJT1FrU3d4TXFpUFktVW56d2pPQ1ViMHZfazhVVkFXdkc3SmtvOUxuNXBLem1ORUVVZC15S2tlM05xR2s0SmE1OXNMMlZJZ1Q5TG9Rdmw1ckhOQVVJOEdiYUlJSjM4Tnpn?oc=5,Google News RSS (10-Daily)
11 September 2026,accoladeparis.fr,Media Massa / Pers,Tier 3 (Lokal/Independen),Kost putri terdekat🏆 Kos-kosan terdekat di universitas negeri surabaya unesa,Akademik & Umum,Netral,https://news.google.com/rss/articles/CBMiXkFVX3lxTE5aN0tJUVJqS25mZ3lGTnNSbUZZMDQzUmU5QmJfRm14eU84NTZOSGI0OVRWRWNHQV9EazFvY3FNU1RfMmFMLVU1TnktLVJEa3hKSXhvS09JTlNTZXI0Z1E?oc=5,Google News RSS (10-Daily)
07 June 2026,Kompasiana.com,Media Massa / Pers,Tier 1 (Nasional),Mahasiswa UNESA Magang Di DINKOPUMDAG Kota Surabaya: Dari Survei Harga Bahan Pokok Hingga Pengabdian Masyarakat,Kemahasiswaan,Netral,https://news.google.com/rss/articles/CBMiuAJBVV95cUxPa21lcl9WT1lPVWpYSXRYbU8yMDUxWjlHLUNjZG9CZXpIQ1pyMjFOMGctVUE0SWpLX2c1ellTanJmZkoxQXRxRUFiaVZFemtTUDNUTmlldTZGbnA4eVFpZ1hqdGp5SE85OW1IMk1nRnhiN0pJeXF5WU9OeGRwaXZXUEJ5VjFfTXp4R0g4MUVFNTc2aWpISTd4dWpwZlRrVDdHYTFvODlWVUttakZmVENjY01Bb2NzbklNbEU4YnA5cUJSbW9KRm9OcnNoNHY2MG9TUWxCYWhYWVFTQjMyRnFYRkl1X1lfOWsxTzNtNGM0ZTVoTzhzTl9mR214TE5JNjRxUjZCcHhzX3JPd0xTWklYRzJneXB1Z1hYSDZvalBfTll1TmwyU1ZzbnRWUDdOaTRkck5TWkY4QmY?oc=5,Google News RSS (10-Daily)
16 June 2026,Threads,Media Massa / Pers,Tier 3 (Lokal/Independen),Loker Solo (@lokersolo.web.id),Akademik & Umum,Netral,https://news.google.com/rss/articles/CBMi0gFBVV95cUxQTXI2RExXM2JvWXFSRFpnZUxOdVF2YWQ2bjJXM2N3ZTgxYk1QSUxfZjNrWmY3RjRjVTVLVHVxY3NCV1JEaGxWaTlmZTZIUExoZGZFbHYxUV91UVBiRmF1ZGtnWmpkVnRrNVRnNFFNY181Q3ExdEczU19RQVprOXBCcEZTSWhlblYxSFo2dDd3SktDSW92WWlhY3Z2OEhqNDRUeGthZUtCb2NwLTBWM0xlbnFMa3Z6UnlIVG85Yi0zR3Vid1E1cENHZzBzUE1WcjNMcHc?oc=5,Google News RSS (10-Daily)
28 July 2026,"Kementerian Pendidikan Tinggi, Sains, dan Teknologi",Media Massa / Pers,Tier 3 (Lokal/Independen),Ruang Belajar dan Berdampak: 16 Ribu Mahasiswa Unesa Jalani Program Mobilitas Akademik yang Melibatkan 1.152 Mitra,Kemahasiswaan,Netral,https://news.google.com/rss/articles/CBMi-AFBVV95cUxPUUYwN29uQzhGc3p1bU5vd05OOTBObEE3YW9kZTB0TTU4Rk1lRGJFLUt6b1k2M3cyaDlGa3g3VUotMFYyZEU2blZoR2c0NEI3bUx5RExhNVNsZTZ3WHZSVkgxbHM2endSNklkYVRIV1hLQ0VmaVZIMlpTQzNQa0Z1dnhOM0I5OC1vc1lHdnM2elQ0eWQ5Y084OEc1d3Y1YmZqT3A1SC14aGFQOHpSSE03bGtPbFN0WXU5ZzBIQk1zVzR2NzRjMU8yZGtTd3RNSldpR2pSbTZua2pfY3N4bUx0dXBjXzBvV3FGelhVWmpMcGhPbFVpb2l4Zg?oc=5,Google News RSS (10-Daily)
23 May 2026,cv. jendela edukasi indonesia,Media Massa / Pers,Tier 3 (Lokal/Independen),Analisis Fasilitas Pembelajaran dalam Mendukung Kualitas Pendidikan Mahasiswa Program Studi Ilmu Administrasi Negara Universitas Negeri Surabaya | JURNAL JENDELA PENDIDIKAN,Kemahasiswaan,Netral,https://news.google.com/rss/articles/CBMiZ0FVX3lxTFBSWUdqSXJuc1B2ekpvZlh0X281MW9jYnRsb29lWmZqcFNnSUJpNFJhZHU4MWF4anFEN1h1eldVN0JTZ1ZkTGlwSkUzN3A3VXplVk54aW9KM0Rsd0l4OFJVM1pla2ZHSGc?oc=5,Google News RSS (10-Daily)
22 April 2026,detikcom,Media Massa / Pers,Tier 1 (Nasional),Terungkapnya Praktik Perjokian di Hari Pertama UTBK 2 Kampus Surabaya,Akademik & Admisi,Netral,https://news.google.com/rss/articles/CBMitAFBVV95cUxPVk5UaWRGVkNWWEF6ZmI2UjVPNFY3dVFZNTVfTEtNV1hlc21XQWM4UjVIS1RQbzhDMjh5S3otZ2twb0FxZE9EWENPNWdUdUhLYmFPaHNrSlMzdTg0d1p5R2tMZTJDRk9OdHNSSlYtYjFxT0xOQV9pS2V3a2dwR205QTJqbUJiX3YtQUtpaFZ5RVRmMXBqY1FCVU9QclluTFVaSjJWM3lhZEYxd3o0RmxxT09PYTnSAboBQVVfeXFMTU1FeEJnZmhySnVKb0J1NXNSdU16bGE2a0NUVUdPbk83RU5TUjBvY1ZXRmJkYzNmR1hPeDdBLXFsYTVIMEVZamI2c2NmUHFwSHp2c2FfQ0JlZ3RIQ3JVNzNtVmw5YnB5bXR4VTJFdWR4ZVQ2X1FIWUo0bkl1VGROb0hYcVdMMHlkNUdlUHNoN1phaFNvWUpCLVpuWWd0QnhoV1RYdl9rNmw2QlJHQXJpYThDRFdrU3JGUXdB?oc=5,Google News RSS (10-Daily)
19 June 2026,Jobstreet Indonesia,Media Massa / Pers,Tier 3 (Lokal/Independen),"Supeni Saputri, Asisten Dosen di Universitas Negeri Surabaya",Akademik & Umum,Netral,https://news.google.com/rss/articles/CBMib0FVX3lxTFA5aVNWdWRNazRzdDBSNm9CNXhfa2JTZm94ZV9tdk9RMm9zVE1LWG5aR3Y1VGNNVjFHYkU0YlFJSzdLUmQ5ZVRKSGZnRll2Rm92YXdISF82Nk5DX2ZxUmhyWFZvbWtZeXZTT3lDMW9xZw?oc=5,Google News RSS (10-Daily)
26 May 2026,fkh.unair.ac.id,Portal Kampus / Akademik,Tier Kampus Mitra,Studi Banding Pendirian Fakultas Kedokteran Hewan UNESA: Perkuat Sinergi Pengembangan Pendidikan Veteriner,Akademik & Umum,Netral,https://news.google.com/rss/articles/CBMiygFBVV95cUxPR2J0R2lVWGNJQkQ4MDlGb3lSMzNfS0tiZlVRLUxVTVM0YnlMVjVhRks5eEx5bl9UQ1pmWGs3UUtreXIxVW14dXM0dnRZX1ZLQzZpTVNwM01sYlp5b3JNdzAzdmVCLWdlZmxxUDlyQWZaN0pseXphcjNTTk02UDBBM3pkZElNYkRLMnFDRjRVdlpSQ0d1WXJaRVJmcmZxOENGcUViN1RyZ0pFVl9aOTlpY3dXd0t1cW1zUWF2d1hIRU16ZTNWNWlNZXZ3?oc=5,Google News RSS (10-Daily)
09 July 2026,Brain Academy,Media Massa / Pers,Tier 3 (Lokal/Independen),100 Universitas Terbaik di Indonesia 2026 versi Webometrics,Akademik & Umum,Positif,https://news.google.com/rss/articles/CBMiiwFBVV95cUxQcC1idl9yUDI0RmFMMGpTM0NOSk9XVE5SQ0tEX09qSlRqY3VGOVRIa285a0xpTEF5bkt0cWdGTENHSXJHenE2RnI5Mk1SVHNGcWRXcTgxbGZUT181VmZSSmNZRWJsS0gtZFZ5VmFMRDZaalMzY0swT3NZYTJzUmJBaHdRR1FUMHZLVng0?oc=5,Google News RSS (10-Daily)
30 April 2026,ciptakarya.pu.go.id,Media Massa / Pers,Tier 3 (Lokal/Independen),Magang UNESA | Balai Teknik Sanitasi,Kemahasiswaan,Netral,https://news.google.com/rss/articles/CBMic0FVX3lxTFB0VTVYeVZGTUEtSEludnVWRjVBUldOWmZabWVQOW1URUgtNnZxbk10c1FKWDQ3MmhCMjRBVHRkT2pZWFFoSzExNGNOWDVLZlVQenZBSU5PbnJxMEsyVnlqY3lDQkptVDBxZ095Y2xfVkFvNmc?oc=5,Google News RSS (10-Daily)
25 April 2026,IARFC Indonesia,Media Massa / Pers,Tier 3 (Lokal/Independen),IARFC Indonesia Perkuat Peran Strategis dalam Literasi Keuangan Melalui Kolaborasi dengan UNESA dan Easycash,Akademik & Umum,Netral,https://news.google.com/rss/articles/CBMi5AFBVV95cUxPY21oSVdBYTRBQlJSMjJiM2ZrWTlzeVUtNkJrTHQtSTFTMVg0NnlONXVfWFU5cGdmVlJ6SG5KcmtYb3R4dVprX0NmYmFfbXk5d2tDRVlGRE16M2dMb2d4QzdrYUVaNzlLeEVJVGVfbEhBVVdjMFV0ampKOS1BQW9KMXduMTNhalpyNUd0WkRnVDZFRzMtVWlHd055QjVlenhtZF9ZSmJvREpnTGFfUEpldzAzOFRJeEs3SkdnRkt2SG5zdVFBbVBweWxCTFZDd09aMGNQZHJ6VUFVQUVuaW9oLWMwRks?oc=5,Google News RSS (10-Daily)
24 April 2026,Dailymotion,Media Massa / Pers,Tier 3 (Lokal/Independen),"Terbongkar! Wakil Rektor UNESA Ungkap Kronologi Joki UTBK, Gunakan Identitas Palsu",Akademik & Admisi,Netral,https://news.google.com/rss/articles/CBMiU0FVX3lxTE94bkR6NG1ENDY2czZmZUJrMDUybTBzc0tKMFl6U3BkRG9uek0wYWhnYXN3NlBQQTZCMUh0WnR6V21aZ213ZDFfZXk4ellJR1dZSVlB?oc=5,Google News RSS (10-Daily)
23 April 2026,Pintarly,Media Massa / Pers,Tier 3 (Lokal/Independen),@Aily skor aman kebidanan unesa,Akademik & Umum,Netral,https://news.google.com/rss/articles/CBMigAFBVV95cUxNWWVHRWVqcmlCN3hSdGdfYWhXRm5mTThubHVtQXBUdFN1V0JHZERnU1FfeE13MEZHODA4REZSR3A1OUFKTFowMi1kUlBYdTRDaFpJc1ljZ1ZvOTYzaGgtRVRJX2pzSG9yVlRRX1RPRU9mZkVQUFBkcVJGa3E5NjhXWg?oc=5,Google News RSS (10-Daily)
22 April 2026,Dinas Komunikasi dan Informatika Provinsi Jawa Timur,Media Massa / Pers,Tier 3 (Lokal/Independen),"Jaga Intergritas di UTBK-SNBT 2026, Unesa Berhasil Tangani Dugaan Kecurangan Tanpa Ganggu Jalannya Ujian",Akademik & Admisi,Netral,https://news.google.com/rss/articles/CBMi2gFBVV95cUxNSVJaT0ZPajRCUDVaWG5iY2w1alAyZDhnS0NBNUtrQkg4b29BTXl6QklUVWc3XzcwWVlObDVGWnNyY2ROSklMNHFMNnF0all0b0tYNlpKeVNMaWN4Q2lLYUR6dl9fQnhrVFJOS1dwS1ZjZVUyVFRMenBOVkFXbVRZNGVINU5uMmo5eUNWZzBheTVvNEJLNlByWDZVVlM2eHZkZzJYTm5KMTc2UkFLMHk5blZCZzdvQ0Q3a1Z1NkVfM0FZTVhpbjZsX0czd0hWN1FCaDZfWHFsUnc3QQ?oc=5,Google News RSS (10-Daily)
22 April 2026,Pintarly,Media Massa / Pers,Tier 3 (Lokal/Independen),@Aily prediksi score aman teknik sipl unesa,Akademik & Admisi,Netral,https://news.google.com/rss/articles/CBMigAFBVV95cUxOMmZfZXo3WmpWel9qU01zQlVXeC04bnJaZXI1TEFUQlRLelNZeC1pNW96RGFCOWxjemo3R1M4STUzRXN5bFJhZ09fVXNHY0F3VFVvSlcxelRObUpBQ2E3QmpuSVVjSHk3OTBkWi1VbC1xS2xLd2NObHNPbjRrb1l3Mw?oc=5,Google News RSS (10-Daily)
21 April 2026,Kompas.id,Media Massa / Pers,Tier 1 (Nasional),Unesa dan UPN Veteran Jatim Laporkan Kecurangan UTBK-SNBT,Akademik & Admisi,Netral,https://news.google.com/rss/articles/CBMikAFBVV95cUxQLUJzUFhGSE11d2xRRXJaWXAwQ0ppYVJMcEhvSkZpNlJEdllLQllnNWxHOXNIMl8xaWUwTndvdVJneW9MNXdkYkpyRE1VQ0tSWkJ5U3ZCa2xrRWtQZDdlOFMtUVVMNTg0TDh2SWxQdUQ3N0lkSHJqODBuNjRZdExoV3NBa2xKa1FsQWwyVXpiSV8?oc=5,Google News RSS (10-Daily)
27 April 2026,MMC Kotawaringin Barat,Media Massa / Pers,Tier 3 (Lokal/Independen),Dispora Kobar Dukung Atlet PASI Berlaga di Jatim Open UNESA Surabaya,Akademik & Umum,Positif,https://news.google.com/rss/articles/CBMitAFBVV95cUxOUUotRHd0eHZDc3V4MjhpWm5ESlRvS1QxTlk4cV9mbmVkZVJxUjBqZGRKMW5INHhQUG9sZ2JrVDlNaDdpQ3g4bjZRSlpiV2JibHVfdzRTd184SmJETW9ZNDdxemhLODE4azA5ZkUxVG0teXJ0bzRyS3ZiU3Z2dkNPYjFYV0VCdFk2b0hLYVdOSWYxaTZ6eDFwSnZqRFVWM3hLaEFXZHJYWEJZMk5WVjlWbmU4bzQ?oc=5,Google News RSS (10-Daily)
24 April 2026,Pintarly,Media Massa / Pers,Tier 3 (Lokal/Independen),"@Aily Untuk DKV UNESA, pembobotan subtes UTBK ada apa aja?",Akademik & Admisi,Netral,https://news.google.com/rss/articles/CBMigAFBVV95cUxNUDl4YnVDUzlEelNqU01ueXNSTXA5Nlpnbl9RWVRBUUdmUjBEZ0hlM1VFZUNaTm1kZFE2cVE2U2JZcVp3V0ROd2RBVzJDNHhLTkpDWXd1WWE5THdSSFctRXpzZGFnRzhZMXd0dVhOWHhnT2ctTm53TVFHdjg0dVV4cQ?oc=5,Google News RSS (10-Daily)
22 April 2026,Kompas.id,Media Massa / Pers,Tier 1 (Nasional),"Dua Joki UTBK-SNBT di Surabaya Ditangkap, Mengaku Dibayar Rp 100 Juta jika Berhasil",Akademik & Admisi,Netral,https://news.google.com/rss/articles/CBMisgFBVV95cUxNY2VZS1dDTFBVWGFFUGV3UWFtcW5IeXplR2ZjY0JVWWJ2NDg5WDVXRWxnbDhFNjFwamc0TndSaWFEUW1xMEJSQTdfVUdTekEwNjF4SWdvZ1NtLXdvV0kwbngxaTVDTm9Fd3ZkUXQ4LUo4MlJZV3cwaHRXRXQ2NGlPdmFxUlFxSkwxTW9qOG9aMW44bTd0VFJwVHFENFpYUXgzSUUwbXlSZ0ZUY1gyYnNTMi13?oc=5,Google News RSS (10-Daily)
22 April 2026,gofood.co.id,Media Massa / Pers,Tier 3 (Lokal/Independen),"Kopi Kenangan, Citra Raya Unesa",Akademik & Umum,Netral,https://news.google.com/rss/articles/CBMixwFBVV95cUxPV204LWJtdnB2eXRXWjVMT25IUExtRGUwOGIzYXFXbkpxcU1pVDc1Q1BTOVlGWEtReWxJMldFdzV4OHJxelJ3VHZsSFp3dHpGdk1NSF81VmE1RllCSDJIYTFYZlM4NDBneXFQc1dfTjI3dEZfdm43YUdJT3pHZjRzc2hBMUpOTVhfNjlvb3hPeW1hZXNfSVRJLWxxb3VSQTdBN21UYzVGS1kyVVdwT1ZuckN4RVppMWk0Rnd3ZC10M2huSHc4a2dV?oc=5,Google News RSS (10-Daily)
24 April 2026,PTUN Surabaya,Media Massa / Pers,Tier 2 (Regional),Kolaborasi Global: PTUN Surabaya Terima Kunjungan FH UNESA dan Prof. Dr. Rob Van Gestel dari Tilburg University Netherlands,Akademik & Umum,Netral,https://news.google.com/rss/articles/CBMi4wFBVV95cUxOTkJ1ZlFyVmlrNkc3X2ZyMVdyMmVaQnd0LWR0OVBaaThxbTJhRFhCWExHY1RGQW1sWDZVRFNmaU5nRmNRWi1ROHVwWkZvZFRKZk11ZTcxV1lIZk50OV9uSjVva1k3Z29xZkxDdXNvb2JhOF9hVVpVZmdoTHd5anZEUHRzdVdBRmF0WG5FQ19KbWI4T3BBNHZoUEpLb2pBSEMwMXpZMEJwaWpvcHBGbDl0MVdnZFBwLWxmbzJRZ1Bnd3FWUFF1c2VOcjc2T1J0Q3h1Y2pweXdLM2lxXzhUYms5UjRxbw?oc=5,Google News RSS (10-Daily)
22 April 2026,Pintarly,Media Massa / Pers,Tier 3 (Lokal/Independen),@Aily skor aman pendidikan tata rias unesa,Akademik & Umum,Netral,https://news.google.com/rss/articles/CBMigAFBVV95cUxQNGhOTDNnNDNUd3FPM1ZOV1phNE1ILURmUE11T2g2TVVFWllqTXJhb2JxRkNnX21KVlhnTnRsdGdQVERLVjczQkZVRmhEdlhLYTVvSWllczlPRzdFMG5sQ2tjT00yMm5yRmZDdHZvTTVVUl9XNnlDLXMwOWZSTlhkMA?oc=5,Google News RSS (10-Daily)
29 April 2026,Badan Riset dan Inovasi Nasional,Media Massa / Pers,Tier 3 (Lokal/Independen),BRIN dan Unesa Jalin Kemitraan Strategis Dokumentasikan Pengetahuan Lokal - BRIN,Akademik & Umum,Netral,https://news.google.com/rss/articles/CBMipwFBVV95cUxPOU11VnlLWFROTFFtV0pRT0txM01OQTBYY2k2MmY2eEJ5LS1KSFFGLTU2YXluUzdyMC1qcEhiUHREWUpWRTY3RWZmZnBFU0dLdWFkSHQ5SjNUTEQtLXNRdUhJWGZPQjZfWFRENWFyUm1zTG5PNzZlbF85X0tNamY5MFBQMWQzazFvbHl3V1c4TjBFY2c1cTlJRkpGdkhuQ1ZIeGRYN085cw?oc=5,Google News RSS (10-Daily)
26 April 2026,ISBI Bandung,Portal Kampus / Akademik,Tier Kampus Mitra,FSRD ISBI Bandung Lanjutkan Kolaborasi Akademik melalui Kuliah Umum Sistematika Tesis Penciptaan bersama Magister Terapan Industri Kreatif UNESA,Akademik & Umum,Netral,https://news.google.com/rss/articles/CBMijAJBVV95cUxPZ0V5NmVRa204VEVhUHotV1BGdm8xeWxGT2pKSVNiSWtIaDA0U1ZlRkEzcWtVTWp2SmUxZk9JQ254MkFvYVdsOEFzZHFRYkFZaTNaVEJsTWR1R05YMDR5M25RUHpXbmJ0NjJ6bE9PVkFYelYtN2JvRGtTY3ZOVEJQTVctTUk3VzZ3WHZnTG9POEdrc1BsRDRjc2lZU3dXVk5FVDRncHoxcEZMTXh5R0FmRWhnVVd2R0d6MmRNLXQ0TzE2R00xdUNYVzhUazdnZHdiZ2ZjV2JMd3RCXzU3TVdXV19fZUp5UWRaM0o1Z29FWnhYT0ZORGN2UWQxMDU5NG1JekFpX2pKdm5WTVVX?oc=5,Google News RSS (10-Daily)
22 April 2026,Pintarly,Media Massa / Pers,Tier 3 (Lokal/Independen),"Jeswin! Kalo Bioteknologi Unesa, skor amannya itu biasanya di atas 60… - Komunitas",Akademik & Umum,Netral,https://news.google.com/rss/articles/CBMigAFBVV95cUxNeV9TMWpVVEZBb2JTamMwcFZ2XzJZcE5NbGR0ZFNTUmxHTFVNMnNoYkFQazUzWEE1cXdqQ0hieUotLWtPakZoSVVuSENDcHdWQzJBcEpDQUtld1JWS05QWUhUSXFJb2c4XzItckVtSHFENC1lNEszOTUza29pdmc1RA?oc=5,Google News RSS (10-Daily)
29 April 2026,jatim.antaranews.com,Media Massa / Pers,Tier 1 (Nasional),Rektor Unesa: Penutupan prodi perlu kajian mendalam,Riset & Inovasi,Positif,https://news.google.com/rss/articles/CBMimgFBVV95cUxOUzJITjR6SThwOXhpOFpEcFNOQm1GNm5BUXhhS2VnaEdjLXdsb0o3aVB2UGVZLVNTTEpuR3hsUFRCcnBtYTVxMnVvMG5VNmdtUC1LUldHQ19GampqLTlndVQzTFlDcVRFRUQwZUlpbEdTenFiX054anQ4SWduNjlZQ1liOHBqZkVEUDhjb282T3U2N0M5WWpqbEZB0gGfAUFVX3lxTE1sSndYWlFnVWhjc1NFMjZBd1J3WkZUUW8yRlBNM1B6SWlhalc0RkxUbDIzT0QwUFI2T1NCYXdLbFFrT0pOMEZTeVJQcTRsbUpzUWFQUTB1SUVCcU9MX2IxRTVHc21RNVVraWN0VFZfX0NlQXhyMF9GcGw3NG9CamdyZGIwX0NDMVpsU0U1M1RfcGREX2dfZmJFLUM5V1FmYw?oc=5,Google News RSS (10-Daily)
21 April 2026,ANTARA News,Media Massa / Pers,Tier 1 (Nasional),Menteri PPN: Pendidikan jadi fondasi pembangunan jangka panjang,Akademik & Umum,Netral,https://news.google.com/rss/articles/CBMiqAFBVV95cUxORmMyakx3dXR6alkwYUdRcUdXN19OZVE1REltdVRVYVpWU1E4S25fdTlNOHpDRFBDcWRta2ZRR3hxTzF2clJDUjZJMzdPdWxNRTNCZUZnLUdvN0o2R3phWVp5UDhtdFFoRGM1TkNIMGFSektodU1DaUJ1c2t3S3NwaUdKLWhEQUtDREZWdnJ0ZkFuLTJxaW03aXk4Q3J4VzU4dFRPRHZvN2zSAa4BQVVfeXFMUERzYnVGbGliRGJ2OHFrRjF3cTZHcXBjVHFuYTU5ZXFreHFjVnJuZG5OWjd6NnFoNExJUjZCMGJtUGp0eGFfRGxuVE9HVXFmOW13WFA0dnBucXNUREw2ZmNEMC1BQzYwSFdoRHNxdFV5cHFJOXV2ZFZybEROaXVZOHhocThsVGlyYlZ1aWMwdFoySW5QYlBtUnhJT0M4VHBUN1lKWS05ZFQxX1hXTzl3?oc=5,Google News RSS (10-Daily)
21 April 2026,Jajan Kost,Media Massa / Pers,Tier 3 (Lokal/Independen),Kost Putra Bangunan Baru Strategis Murah Daerah Lidah Wetan,Akademik & Umum,Netral,https://news.google.com/rss/articles/CBMingFBVV95cUxNU1U0Y0JwaHp4b2E2UU42RjljdHhuaDlCRl9nNGhLMzlZeERlc0N6dVdOZEFtMGZlNWlPTUQ4MWJQaHdGa3BWUENrQWgtRmhhb3JTQlRlSVlvZUlzZklwbU1Jb0IwOGN3Yk80NVhXWGIyQ0RoX3djdjI0Z3RqajdreVBWaElZVG1XSVdXSHBuVUFpTUlSalpkeDlhYnZMdw?oc=5,Google News RSS (10-Daily)
22 April 2026,detikcom,Media Massa / Pers,Tier 1 (Nasional),"Kasus Joki UTBK Unesa, Pemesan Berpotensi Ikut Terseret Hukum",Akademik & Admisi,Netral,https://news.google.com/rss/articles/CBMiqAFBVV95cUxNa05icEFGSm14YzF5X18xRkJkWjB0ZGJ3Tmh4SHNaS0tNRS1Lc3hzWUdKWkRrNVZCZnFUNF9mNUhfbGU5cW5YUE8xZ2lGX0tPX2swZlVqeHZQdXRkMVNyQnk4YkkzcTRKWEh2aHJpakhCTXRkem1feFNsM3RLY28yR3ZXQjRSa3hlZExablQ1SUdlVmVOM1JNa3R6N3JUVXlmT1NKX1VnWTnSAa4BQVVfeXFMUGpSOEFCbXhNNWhnRjQySkM5T1d0REdaOTEzM29UVy1iTDA2QS1Ld09vSFBLTWtzZ1gyTU9LOVRmcTZmU1lOR25fTmJ6Rko3T3Izd0s2SThSWVQycEw2SW5TT2NRRl9sTU9GbUY4SExIR2R6dTBOdVZuMldZZVdKVTY0V0R2UXllSkFTaEtSMjVVbkdMb1ZYSE53bnVNUE1ZRDIwUUtUZnJnRS05ZWZB?oc=5,Google News RSS (10-Daily)
22 April 2026,detikcom,Media Massa / Pers,Tier 1 (Nasional),Fakta-fakta Praktik Joki UTBK Terbongkar di 2 Kampus Surabaya,Akademik & Admisi,Netral,https://news.google.com/rss/articles/CBMiugFBVV95cUxQZnhMT3dFR1FuYUI0aFhTV2k2alRzd0FkaHRwemZZOWJrQXgybVpSMC03c0gxWXZLdDdqekJGcGFMclpDZmxLcUhIX0ZXWmk3Mjk1eDVTVG44YU1Ta01yQ3NMb0YyYTBSWkpqdldUMmd0VGV0aDQxZWNEQ0xKOVI0UDVJbG53ZC1vVWh1MUkwOW5nSlVMc1R5VnRIcnhld2ZnYjliVGo2NUhNRGxEQ0ZXS0Mzd3JqZDBlYnfSAb8BQVVfeXFMUFoza2RNdHdqeFFrTXN5LVkwdVdNTTV0ckg4dURLb0MzS1dYV0paVEVQTTJhbjI0UzdKWEs5TTBpdTFzVWV5WXgyRk41X3BCWU1JM2gyb3BMZ2UxM3ppMHhFc3U4d2tiU1NRdkVQd1N2eXNQbjBKWHcxWXRrNzNMYzlHT29VeGtOa25fcnhGUDNDa01DSmQ2UmNqWm05ZXNaUC05RE5QVDYySTN5NXNDNmpiaTNvTGhzT0VFVjNoU0E?oc=5,Google News RSS (10-Daily)
30 April 2026,Kompasiana.com,Media Massa / Pers,Tier 1 (Nasional),Sinergi Mahasiswa PLP UNESA Sosialisasi Anti Narkoba dan Kekerasan Seksual di SMA Kartika IV-3 Surabaya,Isu Hukum & PPKS,Negatif,https://news.google.com/rss/articles/CBMi_gFBVV95cUxPZHliYWVQUHR1NElNVHc5SWx1aExlanJRbUR4cjZpVWdCS09NMU1JUXROeElwcDdaVERKdVVkX3MwTnB5cWYwOXNvenlQWmhlc2dkSVFpY24ya1lNclVTVHFFZEVrN2hzSW1CUDF2a09SbVFuYnNFdmJCSGlTRW1VeDllZ2NBT0FseE5ucGtFVEtHOFlLUTlGRG9tMHdKOGtadnk3TFdkTGpRa2c3bTFDeWZnVGhSMzhUX3h6bGR0R3lzb216WFdwRTE3eVdTN1M4UGxLZG14TFh1TXRXN19sMlRVSVIwaUtUTUVsanc5MUdQMEtJSDJYaWJqWlFWQQ?oc=5,Google News RSS (10-Daily)
25 April 2026,iicls.org,Media Massa / Pers,Tier 3 (Lokal/Independen),THE EFFECTIVENESS OF SCRIPTED ROLE PLAY IN ENHANCING SPEAKING FLUENCY AMONG EFL STUDENTS AT SMP LABSCHOOL UNESA 3 SURABAYA | EDU RESEARCH,Akademik & Umum,Netral,https://news.google.com/rss/articles/CBMiYkFVX3lxTFB0NjJFaFhNaWVaNEVGOXAyNzZPblA2Q1pHNGpMV1pSOUc3YWtjbmxRRzdLLTc5cVpXc2VONi1oSzlBajZhOTJrMHpnNEVxUk1wOHhJZU85XzQ4QXNuWFZiZnN3?oc=5,Google News RSS (10-Daily)
27 April 2026,fkip.unisma.ac.id,Portal Kampus / Akademik,Tier Kampus Mitra,Kaprodi PBSI FKIP Unisma Menjadi Pemateri dalam Kuliah Tamu Prodi PBSI FBS Unesa,Akademik & Umum,Netral,https://news.google.com/rss/articles/CBMiqwFBVV95cUxOSG1aTmh6U3dqVmtJZzlNZFByQUJOblRVUEEyZC1IZFdMN1c2WmprMU9TR1A3cmZEeGMtVklrS2UtVkV4Vk1CVklvSkt1aWw1Q1JQQUZkVnRUUEFVblY5emkzVlRCVFV0aUpGWEpDOU5PT0R4TDNGNHl2eENPaS1jRlVtZnFKa1IwTFhjN0xYUEhQbENZMnNJU3RMYi0tZEJJX2ltSEhVRGFRU1k?oc=5,Google News RSS (10-Daily)
22 April 2026,carapandang.com,Media Massa / Pers,Tier 3 (Lokal/Independen),"Jaringan Joki UTBK 2026 Terbongkar, Fakultas Kedokteran Jadi Incaran",Akademik & Admisi,Netral,https://news.google.com/rss/articles/CBMiowFBVV95cUxPYUZQeFdRaUtIWFV2emVaRURTX05sakN2UDdfN3Nsa0tTcTExZW9uMVI3SmFuVjUxUmYxQUFOYWlkZUVteDNsNUx2dzNVSkZSTGM3Ylh6aGVqUGxZUFk4NXhUVTZ5cVp2SGJoV1JCLWNabWxwbUI3V3Rrb0t4WjFTUnFab1J3N1ljRWFuQVRuejI5aVR6MldSQlE3Qm0yemtXV2Fz?oc=5,Google News RSS (10-Daily)
23 April 2026,Kompas.com,Media Massa / Pers,Tier 1 (Nasional),"Jalur Golden Ticket Unesa 2026 Masih Buka, Bisa Bebas Biaya SPI dan UKT",Akademik & Umum,Netral,https://news.google.com/rss/articles/CBMiwAFBVV95cUxQWnAtV3QxTDBlNnNVNjlCQVZlUlo3OU5GQ25iSjI0bUVNcDZQUUpMZ3Nqc09CMk84QzhFQ0dxbVdvaHBkeVpkcW1fRnNSSEhpNGtpdGFGdFd3amFsbWEtYldOMTR5OF9iQXRKMUlGUWdBaTE3Q0hJLXkzUE1iMmhZY0FGQ2NZMkprM3BBQVE3T2JHbEt0VlBBcVZpWTQ1aHMzZE51R3E2SXdrSHN2eTMySE5mbThSWVMzaFpoQnhPbHc?oc=5,Google News RSS (10-Daily)
23 April 2026,detikcom,Media Massa / Pers,Tier 1 (Nasional),Kecurangan Pemalsuan Dokumen UTBK 2026 di Unesa Terungkap Berkat AI,Akademik & Admisi,Netral,https://news.google.com/rss/articles/CBMivAFBVV95cUxQQVNISXV5OTlIUWY2Mm5FZEJyQzdqaF84WENmWHZDSkRRSzg1ZGVyZEF4SnhfeTMtQ0xGV0tRalpWaUZnNS00WE1lZmpmOTVTR0poYnl2ZGVpNENaRmFlZkUzRlUtY1ZQWE9pZkRMLXI0ZE9wT0M5bmxMQVlRQVRDbk1Md2x5QjJfWkJwVl9uLVNxenRfVXB3MlJ5VGNQNkVzWjNRN3hrdTAxMC1qLWhrMjJydExVb25rTGctc9IBwgFBVV95cUxQdWtfaUk4b2E3N3FtZk8yNlVSb194cms2SE9od19RREhOU0ZwNTYxRUlhR2xfbDliSmk3U0llaGctZmEtd3NsTEdCOXM4SGN3NFEwRmtVYXRoUGN3MDlNQ3k4elRLMjhGaEhaSS03Mk9Gemp2UmdhaHMzSU1iT0p2QU1JLVNESHpIRzlrdjl3QXdLd3FIbnRzSXZRQjJ4Q1hDYVYyb3c3RkhielJBTWJfdVdNZWFST3N0dUltS3BaY3N2Zw?oc=5,Google News RSS (10-Daily)
23 April 2026,Fakultas Kedokteran | UM,Media Massa / Pers,Tier 3 (Lokal/Independen),Fakultas Kedokteran UM Kembangkan Inovasi Nanoteknologi Diabetes Lewat Riset Kolaborasi Guna Akselerasi Target SDG 3 dan SDG 17 | Fakultas Kedokteran,Riset & Inovasi,Positif,https://news.google.com/rss/articles/CBMiYEFVX3lxTFA1a09iclNLLXE4aGNzMV9yNm9NWWN6ZWlFeGNKSFVWN01mcUREdEpxVDM0b0d4T1FEaFlRVzRlNmhxbjZiVVZueVgxUDFZZ0x3OWVQbHBya24wcTNaYWZVNg?oc=5,Google News RSS (10-Daily)
30 April 2026,magetan.go.id,Media Massa / Pers,Tier 3 (Lokal/Independen),Pemerintah Kabupaten Komitmen Bangun Magetan melalui Metode GASING,Akademik & Umum,Netral,https://news.google.com/rss/articles/CBMikwFBVV95cUxNZWN6a0dPR0JtTG90LVpGZ19vVVpqak56MlJaa0RlTklsRUsyNlUzQWRlM0lEZTdGLWYxcGlPZjluQ0s4N2VxeVozanhRSkM4NmNVc2M2N2M3NVBxQnJ6VjhtX2EtVTVTRUFDanE5b1A1UHN4dU5SbUJMWHZpT0VlUnVFekY3THJtQ2YwRzBlZjhTOGc?oc=5,Google News RSS (10-Daily)
25 April 2026,detikcom,Media Massa / Pers,Tier 1 (Nasional),"Unesa Buka Jalur Mandiri Prestasi, Cek Syarat dan Cara Daftarnya",Prestasi & Penghargaan,Positif,https://news.google.com/rss/articles/CBMirAFBVV95cUxONlJCUmQ5OUFpeDRSNFdfV2JiWms5RWptbXp6Yy16MzVTaFBnWUdVRW4ydmNWY1dYS0JMTG1sRlVyVDk1eUNPM0J4ZFhNM0lrTUVlR2lSUnJXa2M0WjFEVVpnd3k4aUUyYVJaRTh2MWI3QkpWVXZ0RDE2b0U0ZGNiaXBpRnN6Y1BEUkQ0b2dPQnlBQmd5S25WbTBkMTJRYTdNalFibzF0S2k3RFpO0gGyAUFVX3lxTE52UDVfZjdsNGVtOHlUdlZENTFzY19yZ19GS0tVVDV2d2txcXhmUWw1TUxlUktKeklKdVhpVkNLTE41OENETlozQXFwLUxXT2ltVkRFY092SGlMLVZ2RXpUNUoyU0pHS1pHcUE5UVVFQXlyOFNILXdKMzlfMTNGR2l4dk94cTZReGdkZ0lGVXVJWEJkVkhOMlJMZFA5YnZpSmVvWkRuWmJwd3g3M2N1X0lBbWc?oc=5,Google News RSS (10-Daily)
22 April 2026,detikNews,Media Massa / Pers,Tier 1 (Nasional),"Terungkap Praktik Joki UTBK di 2 Kampus Surabaya, Modus Palsukan Dokumen",Akademik & Admisi,Netral,https://news.google.com/rss/articles/CBMisAFBVV95cUxPbGxYUUluUDZOWnRfQldmU1ZiZ3MzTEVTRDBHTjNaRVVvakdvNnlsaE9HLTFiTE9HYlJmTzQ1RkdhRnFIc2lvaE9xVTB4MGMtdVBDeFUwTmd4bjBXRUlVMFZiWnR1UlA3SE12VGFTLWxyUVdCXzljZ19kV2FTZjJEeFVkWE10LVQxbW02aXpJV2ZYTklXMm11RkRhLWllRzRYdXRqT29PcU5ybTBsaFpRRdIBtgFBVV95cUxOR0ZVVWxETVhDWFYxYVdoU2RUOXI0b1RKSFhxY0dZSjRscGx5UzRZQjU5dlRSdHFYU2xtbHQ1MnhPRE1TMHFvZDY4NHVvRzVhN25LMFctbDNkVVo0TVhJRi1HQUUxTl9YOWt0NFA1d241WE1XTlRyaEdzcWxMdFQxbG9XMHVEZElzRGQ4QzB1dkFucnNUOVJwTWkwSVpBVzhxRHFBbXd1dXp1WTdua2lyTTR3S0NCZw?oc=5,Google News RSS (10-Daily)
21 April 2026,Kompas.com,Media Massa / Pers,Tier 1 (Nasional),"20.000 Peserta Jalani UTBK, Unesa Pastikan Jaringan Stabil",Akademik & Admisi,Netral,https://news.google.com/rss/articles/CBMirwFBVV95cUxOOFVXRjdLclV1dDkzTlVMejVuVThTeURDY3BBMjI2c0dMU05SNS1WdGt0d3V4eFFpUzlQbnh1VmtjUEx6TC1GUVZ0MVVjV0VETlU4UEozRkx6WEx0WnBGMGNnUG1WUXlvcDY1TVM0TTI5MlRYSWd2dE1MdHNwbkRucUo3VGtycG5tUWpfSUtQSTBvV3Jpb1d6Z0JCT2lCLWdmblB3ZXotRE9yaDhVVmMw?oc=5,Google News RSS (10-Daily)
21 April 2026,detikcom,Media Massa / Pers,Tier 1 (Nasional),"Kampus Lokasi Temuan Kecurangan SNBT 2026: Undip, Unesa hingga UPN Jatim",Akademik & Admisi,Netral,https://news.google.com/rss/articles/CBMiwAFBVV95cUxPQnB2dTFXU25iczUxZGI1S0ItSmZhaXlGSXhmMldsM2pvN2x1RDI4NlVVOUM0ZHNaM0ZvXzNPYUNrekNDRXZQWllYRVdMT0NpaU1JeW83b1FLR1ZiSlc4TS1ROWJmeEhpT1BVWWJTNjNQSDVFMERPQjUzSGR4RDdWOURHbmNZTjlCVHU2dUQyYW85RUtsczZ5V2ZNeEo5Zm1vTnFYcHZ0dkdtNjdVaGpqODZtaVlsVlBQNGNBOHFhcnTSAcYBQVVfeXFMUFd2WVlLcWo5S0FOZ2tmZlZwX3V4amZFMm95N3dlUUJCdEREaVNCdDN4UlNjcFVNOEJmekkyYXAyS3VMZXEwb0R5cEh4RHVzQ2cyTkNkdUEtR0wwMDZOQ3ZHNXBXZ3UzM1NnMk9EdDZsUFZBd3pYTnZLbzRJdmZrR2NUSzNjVHpoLVAxNWRnVFE3anlWVXZhRmlORWxNZ0FCSlI0ek9uVEV2R3ZBMkFnbWZhQkdvUXE4QlNRWF9TbTVnYVVSR3FB?oc=5,Google News RSS (10-Daily)
22 April 2026,detikcom,Media Massa / Pers,Tier 1 (Nasional),"Pelaku Kecurangan SNBT di Unesa Palsukan Ijazah, Nama Sama tapi Beda Foto",Akademik & Admisi,Netral,https://news.google.com/rss/articles/CBMiwwFBVV95cUxNREc3WlA0V3JvemYzcUowVGs1S1ZNb0FMU1llVlBYQUhCbFRfcFFWRlk3SEo5UEJrWUJfeW1CQWJaUHduamFKVWRmR3kxOVc5OWVaZFJiWVM1Vml3M1hDWFRUWURwcm1SLThycy1abjFZejE3c3Q5eThEQnBHVE1PRTNDZkMtNE1nb1pTYkx2NEgwZkFtTjg5ZlRkVURYYm5xVHpaZnZmSmJnU2pMa05EQ0ZDVjFLcThidkpRcVZRN2ZRREXSAcgBQVVfeXFMUDI4VFE3RFl0YTEzVDRYcEM5N0FkeWowOWp2eVlTRDRyTUNHTUk0TmVlOTBPV3lQVTRTR0JMMVZHR0RYWmJhcXNZdHRHX25qREIzU19FMG9oTGpId3FGMnA4cHlXUFVwLW96NlU4YlRrc1B0NGhlWFV6cC14VHhvajNoYnRRcGtnc0tHaUJJREpQLXE4T3ZUNUhUcnFvZUtnYWtucE03UmsyMXMyc3hsTkg2WFNhWlJpV3Z0d3lfMzRCa19adXppN1A?oc=5,Google News RSS (10-Daily)
25 April 2026,PustakaJC,Media Massa / Pers,Tier 3 (Lokal/Independen),"Literasi Keuangan Gen Z Ditingkatkan, Easycash Gelar Edukasi di UNESA",Pikiran Pakar,Netral,https://news.google.com/rss/articles/CBMiwgFBVV95cUxOLXlzUTYtMy1JY2czbFp0ZHdEOUk3eVZlZ1JJaEE1bnU3eHVLc29MUHp2VVVRRzdHcHhfSWgyUEYzenBnbE40RF8wOHIteld3NjBTSjVLQmtIZi1GczJYVV9rQkpMMFpTWDNUSnJtVjRYc05IcWJpN2pjalMxZktJZFBXWFNaQjc3Z0J1Tnk1VlRlV1FZVEl3Z3otVy1oYWNNZVJmRzhsQ2NzNTdEcGZDTzdNZVBEd1pXMnphVDYxTEFxZw?oc=5,Google News RSS (10-Daily)
29 April 2026,pendidikan.kpk.go.id,Media Massa / Pers,Tier 3 (Lokal/Independen),Artikel | maraton-3-kota-kpk-pantau-implementasi-pak-di-provinsi-jawa-timur-bagian-kedua-1777526838,Akademik & Umum,Netral,https://news.google.com/rss/articles/CBMixAFBVV95cUxPTTI5YXFoM3JRYWFLSDdkWFVFRlVtbTJLSTluaE9rOWFwSThGZmJQOFNGLV9UVWU1clNtSHJ2VW1nMUZHYXBNT0FSUzNCQzVnR2JUaDAxNG41QjZDS2x0WmN4X19fQ0RBRXNQQTdBaUd3Rndmb3Y0ZEkxMlVLbGdnQkhSVXVFVkdpRlRnZjdGLVBBcVFLWllSeS1EYW9WdGVFSmxXTHV3VG5xT0I2bVpaS1RsSG1WMXNudDczWjVESERUREVT?oc=5,Google News RSS (10-Daily)
28 April 2026,Universitas Islam Negeri Raden Mas Said Surakarta,Portal Kampus / Akademik,Tier Kampus Mitra,"Tunjukkan Sportivitas dan Profesionalitas, DEMA UIN Surakarta Tuntaskan Dinamika Penjurian Lomba Debat Nasional",Akademik & Umum,Netral,https://news.google.com/rss/articles/CBMi1gFBVV95cUxNZ3VFSmFiZFZFenVTQ2N1WVRGVE96WU4wVVUydjkwMEVLcE5FVDRhMVhhbGdvMmswUUpwTFpEbm82bmtvTm40SzNOU3VNV1Q2R042SkFIRmlWNHFoTWpRMzZsajcyQl9wUEVIaUVNb0pXYVdsSTVZQTVNYTYwZWU5d0p4OEw1RnV4VV9FWU1wNGpobFRRMnFreURsOVNFX0tFbU5kamlWOU5FeTdJSkxreVZQMF9XeFpHeE91bXlINmpFZzhOUjdtZDdIM3VkUVl4NGxxaDNB?oc=5,Google News RSS (10-Daily)
29 April 2026,Kompasiana.com,Media Massa / Pers,Tier 1 (Nasional),Kumpulan Artikel Terbaru unesa bankjatim,Akademik & Umum,Netral,https://news.google.com/rss/articles/CBMiWkFVX3lxTE9JMDFRZmJ6cGdOT3ZVNTFURFlpMXlKSzJwWDhFSWZhU1YxQ3o3cm1JN1N1TW5rcjlnejc4eExSN294ZWpDY3gzSVNEOTdaX0FHZDVONTF0R2RUQQ?oc=5,Google News RSS (10-Daily)
21 April 2026,jatim.antaranews.com,Media Massa / Pers,Tier 1 (Nasional),Unesa tangani dugaan kecurangan UTBK SNBT cepat tanpa gangguan,Akademik & Admisi,Netral,https://news.google.com/rss/articles/CBMiqgFBVV95cUxQaXFZOEdsNGtmNXlpcFZrYm5JZmp6QkpvcFVUSFZ6ano0Q2hjQjBkVHJkVlBWWEFTNXA3c1cyV3NobjYzUmZtUlVYNFlPM1psOVF0SFlHR2hteHhrZE1SWDdyY0ZFYXFkXzJQeW5tLUlBcVhmbXN2N3B2ZzFheEFnOHVrV1I5QWlCRmNzT0tGeElMUzJhNHZFNHZ1UXZWbHJIb0VkVTdrODNxQdIBrwFBVV95cUxPUUpMLWNEUkR1d3g1a2h2WWo0MHZCY0FUakRiTkMxTWlNeV9rZ2g2bTdfaWR2bHkySDZaZ1pBRG9LZ3NKbXpjSU1nQ1pUaW95SEthS2NxRC1paDIxUEg1R3h6SzhxYWhkWmF1bnBzb3hxckVCVFVqaXNUT0FXYU9yNTJlOTVtWUJiRlZEZVZWNUpJcW55dmViVzdlSXNGM190ekxiaDlDcGIzLThTYUlN?oc=5,Google News RSS (10-Daily)
28 April 2026,jatim.antaranews.com,Media Massa / Pers,Tier 1 (Nasional),Rakernas PB FOPI bahas strategi prestasi dan kejuaraan internasional,Prestasi & Penghargaan,Positif,https://news.google.com/rss/articles/CBMisgFBVV95cUxQSTllemlRQmpYUEZsM1NPRUR3cWlXWFFkczVOMkFySVdCNG9lTC00MTJMaHJhUnlEeUJjQk12cEZGQnlZQl9wcC1jNkltVXBqWFVMejNsMnJoY0pmOVU0LWNBUGdVbkx4QkRERV9BNk1jNktLcFA2WHZTemFMXy0xZ2hlNzRWVDBveTFGMGM1MGNTQ3pVTGpBTjJMeS1pRmgwMjI1cEhzR0kzN0dxSzhSMTd30gG3AUFVX3lxTE43NjRjOEJBdktzX3JYRDNQZVN1S1dGOVJiZi1DZ3BzZ3FZWDRFMzkydDNvUGVMM1hKcUdtSkhWTDBGeEpFQjM3TTFKT1plR2xTeXRfcDEwLXU4bmNxZUxtRzE5RUEwNXZJTkVoTUhnVUxVZFVMTFFId0xoNUJYWHExcGt5aG1JOUtLVlJEbmQxd3JjYjlsYWRVRWRxQURPaFRmZzBmV0kwbElLRkR1ckpWcHNxSTRSQQ?oc=5,Google News RSS (10-Daily)
21 April 2026,Tempo.co,Media Massa / Pers,Tier 1 (Nasional),Joki UTBK yang Tertangkap di Unesa Palsukan Ijazah Peserta,Akademik & Admisi,Netral,https://news.google.com/rss/articles/CBMimwFBVV95cUxPN3F2S0I3ZmZNOEZCc0doSVZ3ODJoVkQzTjNMMHpIWlpkSk9MV3dkS1huU2t5LU9BTTl3MXJoNzNSME5VdVhaalAxUXotRGFhdGdXc0FyOG9TNnN5NFRUSGFheVZLdlBsclRXM0xaUnZ1YmNCSTgzSG1NUGNwZ1dKbU9WaFNqWkE5MXlscXVib0pCWXB2LXNOdTNfNA?oc=5,Google News RSS (10-Daily)
21 April 2026,Radar Bali,Media Massa / Pers,Tier 2 (Regional),"Hari Pertama UTBK SNBT 2026, Panitia SNPMB Temukan Perjokian di Unair, Unesa, UPN VJ, dan UM Malang",Akademik & Admisi,Netral,https://news.google.com/rss/articles/CBMi3gFBVV95cUxNU2VRY0laVlRjNF9ZRXh5RUJkTWJwYVk5UlpCUXg4UWd0Vmc4dDk5UF9ueGdRaFF5dFc0NjlzODhMZkVZRVI1M2tCV2tSMm5jTkIyZzdCdkkzQjlrZVJvOUcyOUhpWWN3RDF4OTFlaGR0T3g1TVF5TE5zbjV5S3NVcXVpUFVwUk82Y3k3UW1TSHd5Z05rcUZkdHZRelNHWXd1eXFqdXJxRTFsSlRxaVc0ZDQ1NnpDQWlFX0drWVhta1pwdUFzb2Z4eEhJc1o4YTBNRlgxUE5Qa2p3ZzFXb2fSAeMBQVVfeXFMTlFlOGhjX2Q2STQ5N1BhT2dtQzQ3dGFSR0JMTmRDY1NXb20xc0NtYVdkXzhjVHAzVFdCTkxkNlhvSThfR0hrbXZZWWVOTEdSQ0xIdlZJS0czQVlqaGhqWHI2a09ER2xMd2Y3Ykl3aWlEeGhDR0xfYkY1QUdnbkhsZVVGMEdQclRXdnYyWlRvX1U3RnozLWlHM1VWeDMwQVRwdkQ3Qi1qMU04emRFWFNhWjhQVWJTcDlDQ2dRdW1qanBrNUptNHA5TG1LWnZ6Y2t0WnRhTm5Xb3lCN3NWaF9sSEVIdWc?oc=5,Google News RSS (10-Daily)
22 April 2026,jatim.antaranews.com,Media Massa / Pers,Tier 1 (Nasional),Wamendikdasmen tegaskan sanksi tegas joki UTBK 2026,Akademik & Admisi,Netral,https://news.google.com/rss/articles/CBMimwFBVV95cUxPZm5CQUtMVHZIT1lZZmFhZHkwUHNKRUxCQjM0TXlSVE1BMUI3QVNoWjB4dUNDb3JIZWo5a3luWjdrS2pOVkhjRGlpcWFEd21obnZEY0xwQ2xWV3I2ZVJZVjJpNnJpb3FVQ2NVOEx5LV9DcWYxdU1jVlpySllMYWxoNjZHVnMtU0ttcjdnS3psNTF4Q29na2Uya0VOSdIBoAFBVV95cUxOb3VQdW9iaW1vR1g1WHZEOV94ZVBOVXZ2Q0dWUVBIc0xSNkxmRmVFSE02bDFoYlJfYVRFb0NiMkNXdWxjSmU2cnE4MGxFdGpiSU80R1pqS051YUwzUjlIbWhYNnBfTGdCN3ZFSUpmSEdFWVdvRWJXYmNWaHhKY0tibDVfcXlGeDkxa0RIbUttemtPQnNCTUdHaVBzcGJwakJl?oc=5,Google News RSS (10-Daily)
27 April 2026,Universitas Muhammadiyah Malang,Portal Kampus / Akademik,Tier Kampus Mitra,"30 Universitas Terbaik di Indonesia Versi Webometrics 2026, Ada Kampus Tujuanmu?",Akademik & Umum,Positif,https://news.google.com/rss/articles/CBMingFBVV95cUxQTXJ6WThuTWEwU1BGbldwaXdfWTZmTUptbWR1akhyUk1uVXV6MXlBT2dub2lIRFg2QmJLbEU3c0hmbmlPMDk1aThuOG1tUk5OM21jM2ZqZDVJY0ViTVZjYk1wUl9ZWXMwQk1DMnNjam9LMXYxR0prcnNhQWtTMzdVOXFTVkZ2dzk5dUxqT3dudzVPQlEwNFJRR3V1U3prdw?oc=5,Google News RSS (10-Daily)
23 April 2026,ranbitv.com,Media Massa / Pers,Tier 3 (Lokal/Independen),Unesa Siapkan Pendamping dan Perangkat Khusus UTBK Bagi Peserta Tunanetra,Akademik & Admisi,Netral,https://news.google.com/rss/articles/CBMiqAFBVV95cUxObk5xVDRmVWljUUtLcUF4di1MTk5iNzc1aVpxNWQzbkdBc0xHejBwcFBrM0JKLWlELWRNTjF1RThkNV9XOG5ITmE3cmRhRmFsVDJhaGt2MUJ5dFRoeFhKZ0tBSmNFLU1wZEduc2dpNVdmdVRfeVFOWlNzQnQwS1JWNDREYU4wcVI5WGhjSmlnc1c3bWJuWlBwRXppR2hETFh0WkNfVTNIdWM?oc=5,Google News RSS (10-Daily)
23 April 2026,Threads,Media Massa / Pers,Tier 3 (Lokal/Independen),Tribun Jatim (@tribun_jatim),Akademik & Umum,Netral,https://news.google.com/rss/articles/CBMiywFBVV95cUxOR3VWMEQ4VFRQTGFycUNGM2lNZFY2cnhfWjB1bFhJU3Yxd3l0RlR6RnJlQkEyeDRxc0xlMm5ZcUtQd2VNUVNQYTJBaUQ3dElmcTIzRnk2SXdNTmR0V3FyWGcxaERCYnJzY3FkdUlXVG5qY1RFUC00ZTc0VkI0aUNUcVREb21DaV96dGVrSlIwZXlHVWlLSDlGeTNBNjRFZ25jclNVSWFPQTcyUEkyQ0VOdTJibGxpazVteUs5NnVDaTBJYmZ0bzBiLWpZbw?oc=5,Google News RSS (10-Daily)
29 April 2026,sudut kota,Media Massa / Pers,Tier 3 (Lokal/Independen),"Siapkan Lulusan Tangguh Hadapi Disrupsi, Unesa Mulai Rombak Kurikulum",Akademik & Umum,Netral,https://news.google.com/rss/articles/CBMilAFBVV95cUxQU2lkNTdxbEhUTk1wN3kzQmRYaHg0b2lKS0s1SEgwNEhpUzBpb3RJdVQ3cGt1VVhUWHZZeXRMOUF4Q1JES1QxbVRobjV4RERoYk5rbGp5STNla3lSNm1nSGFReEoweG1IVC00cjJ0YUV1Sm5wN0IzNWhNd01xTllzbmxnX0xzcW9zdXZybWdjSUVGTnZ3?oc=5,Google News RSS (10-Daily)
29 April 2026,publikasiilmiah.unwahas.ac.id,Portal Kampus / Akademik,Tier Kampus Mitra,"Analisis Penggunaan Katalis Kalium Hidroksida dengan Presentase 0,5%, 1%, dan 1,5% pada Alat Elektrolisis Hho",Akademik & Umum,Netral,https://news.google.com/rss/articles/CBMic0FVX3lxTE5zdVZKYVdTV2hxUkpIczMyelV6S2o5c05EcWxqdU1DTUhqSWVsMEhIaEtQMzlESVpDQ2xJcmZVSXpSS3BWdW5sM180Q2R4bDNXWXVCaUlSYVQyakpHSkRYNTRZZXNIVzViV3pHdC1FZXM5b3M?oc=5,Google News RSS (10-Daily)
29 April 2026,TIMES Indonesia,Media Massa / Pers,Tier 3 (Lokal/Independen),"Kisah Elpanta Tarigan, Wisudawan Tunanetra yang Langsung Diangkat Jadi Pegawai Unesa",Akademik & Umum,Netral,https://news.google.com/rss/articles/CBMiygFBVV95cUxPSmxIc2l0T3lzdUtqcXlaLUxwRFBpd3RRWWJ0V0tFSXkteGcwcWVMV1BOZ2dsSUdIY2pHZWdNNW5ybXNWLUlZVF91UjBOWEhQTU5GYy1IMjhoN01MZ25HR096Y01YUVZWdlVYdGw4czJmaFdyWG9la2g5MUQzSHF2S1ZuUU5HX09XUVkxRDBDaTRnMWNMNzFJTWwzR0RQOFBkaUNJNkpLd2pMclF2c000bVlTVUJMbmFxeWRJZl9OZzhfS1RxTUZ3dVRR?oc=5,Google News RSS (10-Daily)
21 April 2026,RRI.co.id,Media Massa / Pers,Tier 2 (Regional),"UTBK 2026 di Unesa Kondusif, meski Temukan Kecurangan",Akademik & Admisi,Netral,https://news.google.com/rss/articles/CBMimAFBVV95cUxNYWVTTnhBSTdYVTlReXBRNnFpX2JRNnJWQWg4VTlGakI2dnQwSTJqbTRlNUVTbTEtU2xRRm12bzVvcU5XQWpvalJtRGdHYkdaSnRVMmdwck1mc29tWFVEZEhkbWwtdTN2V3F6X21oVUlvNXExRzVSaWJ3RHhJZlpxYjFDVlBBR0hrQWRYQXNNX0thR21admhsTg?oc=5,Google News RSS (10-Daily)
29 April 2026,Suara Merdeka Surabaya,Media Massa / Pers,Tier 1 (Nasional),Unesa Bentuk Mental dan Keterampilan Mahasiswa dalam Benahi Kurikulum - Suara Merdeka Surabaya,Kemahasiswaan,Netral,https://news.google.com/rss/articles/CBMixgFBVV95cUxNZUxlQS1EdXU5NkhVLTRIYjBfb01WaGJER1VzMVBKQmlqOV94eFJZLVNkRFJSenRFV3JkRTFVR2VRTG1sVmIyN3YwN2pmNk12S2hNc2NVU3BlRGtSNnR6aXNHUFBNR1RDR0xaRHFmYXFTa0Z1dzVET0wxbDFRcEJfUnJ5ZEl3UVh0MFZwUy1NUExSYXhUeW5UVlB3M0d6cVUxd1hPbWc2eXptOGJsbkoyUzFNVlp2cUt4Umw4LTJMeDBmNWhYbnfSAcsBQVVfeXFMT1B5MHZfOGFDY0ZLUWNRZUxpUkpFUmFSUWNTUjZ0QXJWRW5Ta2pOaFZRanVrM1dXaE5WenNxTE5OeEdvclhGVUlid1JhWEVPaDh3Ynd1NXhjUm9zSVZ0Y1g0S1ZxVzVuakJtYV84VWhCRU1xbjZlM2lGYjk5ck5CX004VnJTZHpSUU5ZeTJkVjQ2WFFVMWVGanBrUjBQUnZFdHhyVUJMV3lhVjQxMTdsaHFZT1ptQnNCRjZhMjgtOWRhcnM3OTJoZGZfVW8?oc=5,Google News RSS (10-Daily)
27 April 2026,Suara Merdeka Surabaya,Media Massa / Pers,Tier 1 (Nasional),DSI YPTA Surabaya Belajar Tata Kelola Transformasi Digital Kampus di UII Yogyakarta - Suara Merdeka Surabaya,Akademik & Umum,Netral,https://news.google.com/rss/articles/CBMi2AFBVV95cUxPSmljU0J2YkZXeUIxdVFhOXBQclNvcEtJRVJiUzREVnBXZXpHaElvUk5MemdzMmgzT2V2T0oxakdaRnAyQXNLbUczcEtSU0gzaW5PaXNPQXdva1B0MTNVelJ5SnRkbUNTWFZLZEdTWG1DTjFDX2FnTHdOZ1NLX20wUVR5Y1laYWFzUTlJSFpiOTBsS2dLdG1SSU9CemlXZy1nSDF0c3ktNU9pZUJSYWFqcGtiZkZoUEFOa0RuaVdPcmRta1c2V0dURzhiOHZtMU5NWHZhOXpaODnSAd4BQVVfeXFMTkVSRG9Jak5HaUh1c1FVdGkybXV6Ql9OZlhzODdpaWZpYXltcnVmeU9ZSm9wVmJOcTE0U0dfNkJ6M1kyWjI4UW1JRk1xRjlsdFQ5bXNBZ3ltUW4wV0ptUkRQX0Rjal9MelhmZ2dSVklySGgtVmxudDhYTmhrMmpsdzRRTjhvSFIyajE2d1E1TVYtMEFpTjVrRl9jNTBVcjVISmVCMHRXcWJQUk1kZmVfaUpyV3hXU0ViTWFCNVpDdkhfMjJWQnl6bGZMTDQtOWJOTUdWWFdGeXdiRWtWUHNB?oc=5,Google News RSS (10-Daily)
22 April 2026,liputan6.com,Media Massa / Pers,Tier 1 (Nasional),"UTBK 2026 Hari Pertama di Unesa Diwarnai Praktik Perjokian Pemalsuan Dokumen, Satu Orang Diamankan",Akademik & Admisi,Netral,https://news.google.com/rss/articles/CBMi3AFBVV95cUxPNDI3MmVfSzh3LUJWYzJqZG5uZEg0MjRxUlBEc1BncnlVNlltZV92RXo0UEhJSVJrdlVoQTBzN0FOVW52WXZIRHV6WWVuT3BvVjFNOUVLSnhlWWlaVVZ1QUJtdmtyVTNoOExZaVUwazA2dDlvejhCTjdqOEdDbzZIU1l4REptcnVHckNhb2djZzNSOWtLQ09OdjhTVTMxTVlzWGtsb2ZYckxoVmV2Y2JsZFpBOUVsZDByMGpjb1Z1Zkp5WjRpQnlCakJZRHVULXRvSnktN3RFRF9aOGRi0gHPAUFVX3lxTFAwbnduY01IZ1NHSnhTS1VZSTN2N05FMXFxS2ZfM3hrQUNPZzdHUXpVTWlGOWxFaUZlVWM3eW8tTV92clFPVEZhX2R4a3FBdFNZZHNPamg1Smt5ZjhuSkJnSVpUZUlseXdPdXB3Rk5KYmhlRm0wV25qblBjN2ozNVI3TndmdXlhV1ZnSmpDbjMwYlVUWm1HTUo5RWM5NVZidXZ5Q0lNTTNHWHh2N3BPQnRKUWxvanZLRE1fb1pmQmhGOHluQkxTVi1wNHgtWWp4MA?oc=5,Google News RSS (10-Daily)
26 April 2026,recordplayerpros.com,Media Massa / Pers,Tier 3 (Lokal/Independen),Kuliah di UNESA Arsip,Akademik & Umum,Netral,https://news.google.com/rss/articles/CBMiXkFVX3lxTFBCc0d5UE1odlFGWmtid3E3SkppMXNuTXhHZmx6TGRMbzB1R1VrVG1mLWE2dGFYVFJETXdGMHpWUlNZRU9temNxamM4eXBLcDIzaEs0cjQwR2pWYURmZ0E?oc=5,Google News RSS (10-Daily)
22 April 2026,mojokerto.disway.id,Media Massa / Pers,Tier 3 (Lokal/Independen),Terbongkar di Hari Pertama! Unesa Gagalkan Dugaan Joki UTBK-SNBT 2026 Tanpa Ganggu Ujian - mojokerto.disway.id,Akademik & Admisi,Netral,https://news.google.com/rss/articles/CBMiygFBVV95cUxQQkp5UkVsb0VKdXQ2WnVVTy01T2V4SmN0RzJHalFoemxTc2VTR05kZVF3YWtVbEZ1Qm0wbUFaeTNZMGdnSHNDcWFaVVBobl90b0VXU2tTLTVTaHRQTHZ1d3FYaG4weTlZbmM1NjAzMHl6NEtiNzZzLUkwNFdscmpFYk4xQmlBMmdYdnAwS3FIcWpMSUZXX2k4eENQOUZGQkNtbWJHaXdvcDVQMGRaRzFsX2paM21yRDVsT3BTRVJOVVRvSXd5V09xSERR0gHCAUFVX3lxTE9weWxGcFpBT09aOTlNcTl1dTVVcndMSEEwaEdNTU9NQVh0UEM1QVB4bkpudEhFZEszaWg4Yzh0MFVfc3YzR0lOOUxSWGJqeFJQS2JHVVNPSUxwcF9NMXUzWkM3QVN2dHVpMU9hT1RBUk1za1NqeVlVWVQ1WnFaQlhENnhCVWJELWtOblBqcEZBaWZ2RXBRTnNDMUZaZThsWng4c3VPbHRkeEJtWndmTXRxVFlzaGVPUi1DTWVYNzg0QzVR?oc=5,Google News RSS (10-Daily)
22 April 2026,ranbitv.com,Media Massa / Pers,Tier 3 (Lokal/Independen),Wamendikdasmen Blacklist Peserta Pengguna Joki UTBK di Unesa,Akademik & Admisi,Netral,https://news.google.com/rss/articles/CBMilwFBVV95cUxPRlVQVmRlVzdLUGwxTUw5VzdCOWMxcUhjUW5IWWh6UmRGbmtkOWVUenlWWXlndWNKZjVweWFHeEZnZUl6cDFIRkJCdWlpUlY2d1dkeVM3OXM1dExuMHhzQ2p0dmN2c0Rxb0NaUWswU2J2VC1Ga29lTWgxZ0tjM0N4MXFhdFhjSS1EMlFOcG0yOWJMNzhCYWpB?oc=5,Google News RSS (10-Daily)
29 April 2026,IDN Times Jatim,Media Massa / Pers,Tier 2 (Regional),Prodi Tak Relevan Industri akan Dipangkas? Rektor Unesa: Masih Dikaji,Akademik & Umum,Netral,https://news.google.com/rss/articles/CBMixAFBVV95cUxNMXIzYnU0SnRrWjZHdXF2UTlKaGFVekR4SXh2SGJxN05neEY1eFlJMnlYTTFHR0pFaUFLVFl4eTM3VGZXVHV4TjU4OFBlUGJ1VVNiM0FnY2dwanFhaXctcHJoZmNVOF9jenhLV21ObXVNM0lmS3I5UzVPUjVjdTMzaWdqVW9hOU5YZUZOaC1XVzdHdzVmeUI3SnZUd1o4SUVnOHI4Z1dsTXdvQUZTUzNablJpME5Fajd4aFRDTTdJYjY4YkFZ0gHKAUFVX3lxTE9rcFo2SDdJMHgtZTBORm1janFrY3lMUHhtalZnRnpLaXh5QmxUNDlVRHB1SEV0T3Btd0duTVpmcnZYU25tWTkxZ0RuY1BkOHJENWRtVklhVWdwalRDY3dpS0ZydmtuYzFXcDZvWHZYY3lsSkN3QkR3clM4MXdxNXNqMDRDM2dFZHd2QlBrWjl6YmdBanhNR0stSVd5LWNnYU94SlNQNXZrWjVQeUFKa25BWTBiY1EyZmRrd1cyRi1EeGQwb0JITGNNRWc?oc=5,Google News RSS (10-Daily)
26 April 2026,recordplayerpros.com,Media Massa / Pers,Tier 3 (Lokal/Independen),6 Alasan Mengapa Universitas Negeri Surabaya (UNESA) Menjadi Salah Satu Kampus Terbaik di Indonesia,Akademik & Umum,Positif,https://news.google.com/rss/articles/CBMixgFBVV95cUxQRm5SZmpFeW1RMVBwQkxBOGVXMExocDRtWTJqUmVBXzF3Q2dEYmFDUFZCLVFXTnZ3RDNiZHRCakZDQTR6SHJPYVBrQ0diVzJLNFhYSXY4bmpOQXZ3a2VZakdnZWQtNzZUU0U1UVMtX3VKbjhMbnVwVVcxT0NMTWxOemtoYk1sQl9SZHpwRVNmcXFncVhweW5hM2tDSUw5eEtTbWwyQk9BQjlmMjFoTmNVNnpobV9wVHFqTWw3cmNDSVhYYnZnOFE?oc=5,Google News RSS (10-Daily)
22 April 2026,CNN Indonesia,Media Massa / Pers,Tier 3 (Lokal/Independen),"Joki UTBK Tertangkap di Surabaya, Pakai Foto Palsu Incar Kedokteran",Akademik & Admisi,Netral,https://news.google.com/rss/articles/CBMiygFBVV95cUxORFU4MWpWWktEN1Z2R2d4dHVNQVVBM2hkd0NKNFh3Qnl1NjIyN2FMbHRBTHBRWTB4bjlSX1RLUWNQdGswYVE3RHduMXNoMk4tVS1xU1dSN2JJRnRBVl9aZ0t3MUNFSW1pTFpmX3VfLTNseDZrSHdMMDJINEw5Q29hSXBHWDR1YU5oTG1qM2xuYTJ0MTVvOXdqWHF3VkZPZWQxMVIwYUxzQmRVc3E3T0VDS1AxTGdwcVA5Nl82clBZQy02M1JKSXczSkJR0gHPAUFVX3lxTE1VU21OUngya0YtRmg0TmVsel9OUXpxNlNkbmh3MVRMQUROalJFemg5R3NMWEtfcWZ5NlNrUDdMcy1BWVhsUXN0MVUzejNjbmxST1NyTXYxSFcyR1VWZF9kWjVzdTNLWnVfcUtEYTE5LVhEQ1RUdkJCTU9YRzZ5SXFVenphMndVdzZ2Y3pFMHZJek1SUk1mc19tZkxXVzRaU21yODhSMzJ2Nlk4UkNsRUxyZS05Tmx1Sk5LOHZDWnFZemNWN3VkMUZvZWYtOXBVSQ?oc=5,Google News RSS (10-Daily)
28 April 2026,masmuba1.sch.id,Media Massa / Pers,Tier 3 (Lokal/Independen),MASMUBA 1 BANGUN SINERGI DENGAN UNESA SURABAYA PERKUAT ASESMEN PSIKOTES,Akademik & Umum,Netral,https://news.google.com/rss/articles/CBMiiAFBVV95cUxOekloOWx5dDFjTGQ3enVxUE5faFMzbWVNaVA3cVdLTTlRV2dsUEdTSTU0d2FNTUVxYTFZRU90SUU0U3ktTENWU3J5VklPbjlsbEhaWDlHMXExYUFhYjVHNzA2cWVsellMQVhLQVRZSmhNWm5TX1lmLUE4Yzd6a1ZfZGNsaHhGQUpW?oc=5,Google News RSS (10-Daily)
22 April 2026,ranbitv.com,Media Massa / Pers,Tier 3 (Lokal/Independen),Siswa SMP Al Muslim Sidoarjo Belajar Produksi Animasi di Mocca Studio Malang,Akademik & Umum,Netral,https://news.google.com/rss/articles/CBMirAFBVV95cUxOVFZnaE1JcFU4YTZMVzNtWW9pWUZtS1UyMTBTbVpUbjJqSUZ3VVdReHlpNUdpbVpfSkhCY1JYbXRub1BFZkNoZU5LajY2RnB3WExFWW5RNEVqMHpoUmEtTVJxRmVLeDE0eVJuN2d1cUQ4blhxbzJtRENQZkpwQ1JxNWRjZEIxTEdodjNxR2FVemh3QWJBVk8xMW82UzB1NXB3ZzVxeHVHNFVrYXdU?oc=5,Google News RSS (10-Daily)
22 April 2026,Kompas.com,Media Massa / Pers,Tier 1 (Nasional),"Terungkap, Peserta SNBT yang Sewa Joki UTBK Incar Jurusan Kedokteran",Akademik & Admisi,Netral,https://news.google.com/rss/articles/CBMiygFBVV95cUxOWHZJMnhBMFEtbXgxREthZElvY20tbUgyaDJjbHJMVEZmbFI4V3Z2b1hsUU9WLVBScVJJallkRElNd0M0VW1ab0x6UUFDdUxEVHA2aE85ZlBvOWQ4MzR5VjhKOHhsMFd6cW1YN3gwVmY3eVo2U21DTE8zd2w0OVpXOTR1dXRyS3BBTXZtQnBDNjc0SkpDRUNTNjJzVzF5blNxVDk3YVZoLVNrSU5pUHZfb3lKSGlnaXFlRS1uS2RSOHBxZGoyS29jMXRR?oc=5,Google News RSS (10-Daily)
22 April 2026,Kompas.com,Media Massa / Pers,Tier 1 (Nasional),"Unesa Ungkap Identitas Pelaku Joki UTBK, Diduga Jaringan Sindikat Nasional",Akademik & Admisi,Netral,https://news.google.com/rss/articles/CBMixgFBVV95cUxOY0d1MTBrWndZM3hjX2trSXJDWVRFQlM2cF8xZV8zYTBtTEpLTUNzb3hENzRqVGxvWDhBcjA3MjBET2U3OGx0V3JMS1EzcjRpbGxXcHFKYmJzbzVzcUJRcXc0a2RxcXRHZ1c5VGhVbFozMEJOTDJvZlhQVUg3eEdzNjJmYXdGY083ZWpFYk54VnJhSHpXNWFUR1YzUGNublA2OVBVa3FBZDMtTlMzbjY3T3R6ZGpTWE9zMlFyaVhnZFNaLUgzOUE?oc=5,Google News RSS (10-Daily)
22 April 2026,Kompas.com,Media Massa / Pers,Tier 1 (Nasional),"Kasus Joki UTBK 2026 di Unesa Kini Diusut Polisi, Motif dan Modus Didalami",Isu Hukum & PPKS,Negatif,https://news.google.com/rss/articles/CBMixgFBVV95cUxQNUtHTWRaT2dJNEdoZ0N3MnhKTEhGU0ROUGswbkFlN3NxR0R4YTNuLTNJRVoyYnR2Y1BsQmRvYzNRdVJpOWlPb3pzTzdqSTNMRTFnbnlPT2xER19nblotOVFPMU9HZE5pNm85Wk42TnpkTDRfeWl3SVVjVGVwNThBbHRaSmg5VHZTWGVNSTFUakxjdW5Bb184SHVxbVN0R3Z6V3BnX3JZX0RMZUxOMGtCWlRjV1dVTzJPTnE2OS12NlFyMmhLeVE?oc=5,Google News RSS (10-Daily)
22 April 2026,medcom.id,Media Massa / Pers,Tier 3 (Lokal/Independen),"Curang Pakai Ijazah dan KTP Palsu, Pemeriksaan Berlapis Unesa Gagalkan Aksi Joki UTBK",Isu Hukum & PPKS,Negatif,https://news.google.com/rss/articles/CBMi2gFBVV95cUxOSzc2U0lJTmZTd0JyMGdyZEp5blVpQ2NEaG5ZLUFlVFZZRTFJNjE3Ykh2YlE2bUZSdzFReGRvUmI4MmtCMEhuWXFEWTNHclIwd0Z6aXoxOHMzY1FyYS1Camd5eGpRUkJCYmN2bzdPTENjVXp1aW9BbEpldXk3TGR4WGxHRW52bEV0dFg4OVZTS3hmVU5SRndNLUdualM5OEtRNDJtb2RJWnZ3WFFsTGhNRmNZOFpoRkFCR2lZeTVoOTh2TE1CelBTbWZqeDQzUjVENjR0dUdFWFIyZw?oc=5,Google News RSS (10-Daily)
23 April 2026,Kompas.com,Media Massa / Pers,Tier 1 (Nasional),"Alasan Joki UTBK Beraksi, Unesa: Katanya dari Keluarga Miskin, tapi Baju-Kacamata Bermerek",Akademik & Admisi,Netral,https://news.google.com/rss/articles/CBMizAFBVV95cUxNMTNsTTVwaTJqSURtdUt0ZkN4TU5iLUF6TGNpTTlIQTQ4ZGR6MVRGNXBseUk1Wk00Wnh0cFpLUFFvVkdUNlUtbUJzT3RwY1BESVhxQWJOQVNRX2U5NjV6ZTdyQTBNRzZhNDdremItb3A1VXc5ZVVBYjVBR3ExbW0xdGZMUGNWWVlTeXZpMElpcVhfRy1GVWV2TXpIakI2UFdQUEhMRTdRTkZiVTQ0YjJyckdyZW9kQUFfcDl1Zi1ybkgwcDZETi1td0VpVUw?oc=5,Google News RSS (10-Daily)
22 April 2026,Kompas.com,Media Massa / Pers,Tier 1 (Nasional),"Tertangkap di Unesa, Joki UTBK SNBT Kini Diperiksa Polrestabes Surabaya",Akademik & Admisi,Netral,https://news.google.com/rss/articles/CBMiwgFBVV95cUxOaFJnLUFPWWVveWJia3dKZEc0Wmk2WUZ5UG1QeXNwV214WldGQklCR2prMHVuUTNYeWtZTlhGYVlwSUhIU19jY1BpZllabDJVOXhYZVFGbmxUWU1GSTZVWFd1MWFEWTdoS3JkYUdSU0FfdHplTGQtbHpZVDNxc1ZYdWs2QzZkX1JwU2xaMWNieVJMVXVoY081ZllkSnduQ1BsU1RnYUtZTUFfWFBuVjFGVkplYldxVVVQZXlKU3VDWEYxQQ?oc=5,Google News RSS (10-Daily)
23 April 2026,HARIAN DISWAY,Media Massa / Pers,Tier 3 (Lokal/Independen),"Literasi Keuangan Gen Z Masih Tertinggal, Mahasiswa Unesa Dapat Edukasi Finansial - harian.disway.id",Kemahasiswaan,Netral,https://news.google.com/rss/articles/CBMiuAFBVV95cUxPVC1HSk5kaDBBdXB4RmtUQkdJeEhWWDZFaUxGUXNhQmJLa3dNVG84UmVSdTE5NzR3SWplcVVpOUh6X250UGJ2Qjc4aHJPZmRiR043b1FoTlRxY0RCV1M2SW9TN0FBRk1VbGpRMDRLYzd3b1ljek5RWFNUYzNVcVlkNGhUNGdCZHVmTVNHeHA5SXZjS0ljZWZfRFJOWTNCVlpmNE5VbTM0NlhNZFdsNGE3MzA1Mnl1cmlf0gG3AUFVX3lxTE4yYWVqSkRtbHhnME9xZVRRanluRk5lcW1sYXNTMEY5LUpHcld6TXVUWEl1X0Y5bGRoeUx0cjBHcXRWWE1OM2JBYjRXR3E3S2ZOeHUxQ29TRUJ6OGtHWldlT3RkNzIwR3Z2TEMzeG9jVXpzazRvT2E4Ml9tckFOY2ZtSGxIQVJwcGRvZkhuSFFSSVNncDgtaTlYbzdxckNGWUx0azNNWUpLaHlpSkNBd09Pd0lIQWFvYw?oc=5,Google News RSS (10-Daily)
30 April 2026,Threads,Media Massa / Pers,Tier 3 (Lokal/Independen),Nurul Sepal Sepil (@nuruul_____),Akademik & Umum,Netral,https://news.google.com/rss/articles/CBMiywFBVV95cUxPV0FrcTVkeVBzdGRGd19LdkJnTS11S3JaZ2Zpc2lBN1RhRWh2RFV1MnJmSHhTUGhBZWFISFNvU1d3Vm5IMF8xbDNzQlJqbGhJX21kLXZqT2hLRzVBWGswbHZnZEc1RXFkQndwOExvMGU4VVBvVjVWWXlJS3ZfRFpGVGdLUFB4ejdMMlEwMF9PT1V4XzBlenFQREhSQ3R4Y01RMFRURGk3OGd3TGFnVzVpRVVRbTlWSHVCcDFNd0xZZTBvNzJwUUlSSkF1OA?oc=5,Google News RSS (10-Daily)
30 April 2026,Kompas.com,Media Massa / Pers,Tier 1 (Nasional),Momen Rektor Unesa Tawarkan Beasiswa S2 atau Pegawai Tetap pada Wisudawan Asal Medan,Akademik & Umum,Netral,https://news.google.com/rss/articles/CBMixgFBVV95cUxNVi1MSDZlOHJHQTNaeDZuVHVkalpWM3BZRF9GM0xqNTMtMzg4ZkFLV0RqSWFuU1Vma3phTDYzelVFX3dVOEYxVGhUQlhlQ0lXS2FoX3dmN210cXZMcHRzREM4MWEtWUdUVTJZNk1IYy1sNTFKRmFOandRSGRhYlhWTlRPN0s5Mkw4eUd1Uk5PUGNLdkw0bTEyU0RYSUZFb29fV3UzSmtOSW9pZURzM19YRDFVQ0lHcVlEeEtBQ1JSd1BfdjdseUE?oc=5,Google News RSS (10-Daily)
22 April 2026,Suara Surabaya,Media Massa / Pers,Tier 2 (Regional),Unesa Menduga Joki UTBK yang Tertangkap Jaringan Nasional,Akademik & Admisi,Netral,https://news.google.com/rss/articles/CBMipwFBVV95cUxOVk5JMWlBVW55RnNwMU1hVjJKSlN6enZnNEtfUHBCZ0RwX2x4RTlRcWhKTWFWcGR4QVo5aGdXMG93dHJFdUQ5ZVNPZWw4QzFHd3hfNWpvYUZsSXVYYlFtcDBQUmJBZkoydkQtZkNaUm1lWklNcTdobjhmQ1MyZ2dSNTdQdzJqOHNCX2FFSWttYlU2MUxtdzUtZUlqQ3lpTlZMek5kWHpFb9IBrAFBVV95cUxNNXp4V2V5N20tcFJlM21IQ0xRWlRRQ21yelFxZWFUSkN2aTFubS1PRFBtV3RmOGtFTzQxNG15cUF6MldiU09Za0xoZTZXeG1CdUJwQkd2N0dzQ1NwUVBYcVAtaEN6VWI0LUVHeFlzNUxCckdBcjlSMy1vT1VPUGQtbFQ0ZmZad3VNXzlZc1ZtbHRZa3Fpa1dQRlRTOWFRM1A4cFdpam9BRkVEUUdB?oc=5,Google News RSS (10-Daily)
22 April 2026,Tribunjatim.com,Media Massa / Pers,Tier 2 (Regional),"Joki UTBK di Unesa Ketahuan Curang, Modus Semakin Canggih dan Terorganisir",Akademik & Admisi,Netral,https://news.google.com/rss/articles/CBMiugFBVV95cUxQbjRxRDJmRFFPcjVfRkxTcXU2b3hsS3NPYm0tSFV5c2RZQ1d1cXctYlNacXdpRE9aQmlzSTFUeV9GMUZYcmkydFFBNGN2ems0UUlSamszUFd1WC1peHV2LVpOSW5wdnQ1Mm55aVljaHhZQ1ZKdzJaZktob2NUU1dNWFdMWmNldVNwWlg3MTR5UE9WNHd3SVRLSDRrMWVaYmUtblp3RUxUVDkxcS1TUEFZaEd2ZkRRMnh0MGc?oc=5,Google News RSS (10-Daily)
28 April 2026,jatimnesia.com,Media Massa / Pers,Tier 2 (Regional),"Perkara Belum Inkrah, PAW Anggota DPRD Magetan Suratno dan Juli Martana Ramai Dibahas.",Akademik & Umum,Netral,https://news.google.com/rss/articles/CBMirAFBVV95cUxPLXBVMnZHbGxhd0hfR2RVM2xsbnFkRVRwd0I2SzNSZkZDQUZTaUdtdHhWNTZmaVZEOUdhdTNNM0ktM2Q4SFdDVWtJaXpwT2J5REV0SVRGWDdjLXo1eXMzU1Y1dFZaVjFLcHZLRWExTllYVjlfQWJRLXlrSFVwdHhpVng0aDNvMXYxTFpPT0RIWU9fLWtKVmdIUG1EakZoLUFzSlU3R0dtVThsR2Ft?oc=5,Google News RSS (10-Daily)
23 April 2026,Surya.co.id,Media Massa / Pers,Tier 3 (Lokal/Independen),"Sosok Prof Martadi yang Ungkap Modus Joki UTBK Tertangkap di Unesa, Pakai AI hingga Blangko KTP",Akademik & Admisi,Netral,https://news.google.com/rss/articles/CBMi4wFBVV95cUxNMWFlVDh3M0ZVSjhUMGlqS1F2MEZJckxvbEFmaDdhb1JWS2ZUMlhXNDZxY3ZNZVdra0U2dC1UNGI2Z0JtNWdhN3l3ejdPdDgxaEZBck9YalVMOHRfb1V2YkloN2k4Y3JjT0xHdUZmdEZPbW9YbDdaQm9JTW5zQmRJZXZKUUJRblU0TV9JMTYwRkEtUUYtdmF3WnZraW1CbElzdmw3dGtkN0pLc0s2bS12QnJRSnFrUDVsd1RuQm1BT3hTODZYelUyd2EwcDZ1UHlSQV9DZTRJRmt3dnB4NDRoVHl6Yw?oc=5,Google News RSS (10-Daily)
22 April 2026,IDN Times Jatim,Media Massa / Pers,Tier 2 (Regional),Polrestabes Surabaya Proses Terduga Pelaku Joki UTBK SNBT Unesa,Akademik & Admisi,Netral,https://news.google.com/rss/articles/CBMivwFBVV95cUxPTWdubHlDVmxRNW9taDFwNWJ3T1hPWF8waERWZGhEMnNaWURUSkxqSE40eUdYOHY5OWYyRlJkbVZsMHhFOUNHOHhfbkxRQms1dUVzdnNsVUNCY3E3WUJIbTg4S2FsZjgwZkRMVUw2X1NyMXNJaHB5bkFxSFBxRjF2OXIwNWxqRnhSVk8wNEFlTmszWW94ZjB2Qi1BRmtiOXdRV0x6dldhNGNjdzJDZUlsdlVyWFUwMlZ1Q1Bkbmkxb9IBxAFBVV95cUxOcV94N1UtUWZyRGhFdFBjeTVWckc3clZGTy1YMkV6ZnpVb0FuWFo4TTRmR0J0cjdlaUg4b09YMkNhaTQ1QTBXSDRWMEc2OFRsM2p6czNXeXc2U2xHaGFvTGJldFpGRF9Jb2NFRDd5Q2FubmhabGxFYzdFWkZ2am5zSzN1UUx6ZnJZcUZFUUtFb3pYdWZ0eWJOeDk1TldPemFMMEgzN2ZyVHdDMmx3RXpWS0pZTmxFekR5UUR2T3cyZlZ0QWNU?oc=5,Google News RSS (10-Daily)
25 April 2026,ripost.id,Media Massa / Pers,Tier 3 (Lokal/Independen),"Rakernas 2026, PB FOPI Siap Jadi Tuan Rumah Petanque Piala Asia dan Piala Dunia",Akademik & Umum,Netral,https://news.google.com/rss/articles/CBMiowFBVV95cUxNbHlrX3BibUs0VHFZbVVRaURwTFNBTkxFSTNBNmx0dmxfQ3lGbG1waUhTTFEwTG1Nb19pSks3WWFtaUtFbWU5cmtweWExVXhWMmlOMTh6ZHpwcXpna253MXVGcjU5NG9YTm1Ud3REWFFWSlhRdHEtWWZ2cHRJQ1gyazk5QmJnTXBobTFMWjZEU2xUaXRlTk5xZ2NOeDFyZ3NuY2ZV?oc=5,Google News RSS (10-Daily)
30 April 2026,Kempalan.com,Media Massa / Pers,Tier 3 (Lokal/Independen),"Dobrak Sekat Eksklusivitas,Tim Ahli PPKn Unesa Bekali Guru Magetan Senjata ‘Modul Inklusi’ untuk Sekolah Ramah Anak",Akademik & Umum,Netral,https://news.google.com/rss/articles/CBMi3gFBVV95cUxOdUtmUUpyUU1WOHFqMXpxMV9jYnBfSWFGVENYaXp4RTktOGw1M2QxRE5CN3AyVzAxWGlCa3FXUnJZb2t2dUd0S25iM2RQTHdQLVpxSDhrcXRRWkxVTjNBQTNUcjNsUmpscHd6NnhqYmVJdURmeUlhV0MxSDY4WWpOdk5DOXAxN2Z2UnREVkM0VmFKUzJPNVoxSV9ZUzNoVzNPZExPaFFqWUFJRGE3QjF3VnVYdUMyZS02UGtVYUpxMUlMaVZpQksxTlJpU3hfODg0cFhtWi1nSTJVTzRUaVE?oc=5,Google News RSS (10-Daily)
24 July 2026,Jadwal Lari,Media Massa / Pers,Tier 3 (Lokal/Independen),UNESA MedicRun 2026,Akademik & Umum,Netral,https://news.google.com/rss/articles/CBMiV0FVX3lxTE5qWTYybUxVVWh3bFhhem9BTFhXbEMybEhlOFBRMGFXbjVfbFdoWF81dFdNOFkzdXhQQVlCemxWUWxsTXVpVEFRNW91Um5aRGNwUDB6UEVmYw?oc=5,Google News RSS (10-Daily)
25 June 2026,"Kementerian Pendidikan Tinggi, Sains, dan Teknologi",Media Massa / Pers,Tier 3 (Lokal/Independen),Satgas PPK UNESA Turut Perkuat Percepatan Pencegahan Kekerasan di Universitas Kristen Petra Surabaya,Isu Hukum & PPKS,Negatif,https://news.google.com/rss/articles/CBMi6AFBVV95cUxNQ2dYdEVIeml2cjI4VkotbzJlYjBERzczaUlKZW9URUk1UTJzVDlWLVJPaHBmajBZVUdLeko1elJTT2dsenJadWNxUFMzOGhTOF9xMzNLRTlLYXl5UjFRa3ljRnpKU2RGYkprSHBCajVXY29hMHJrZVFNOGs5dEZTUXlJN1lxMUs3ZHl4RTljanZibm1yWTlkM29abXZfcTBKaHpmRnBKQVJJM0EzM3BYWjh0aEdiTEJjVXk2bVhxVnlyRy1lSWhCX0tCS1U1UG9OTlNGREZRSU9DcDNtVTNncGowMUZoSzd6?oc=5,Google News RSS (10-Daily)
04 May 2026,magetan.go.id,Media Massa / Pers,Tier 3 (Lokal/Independen),"Launching GASING, Ajak Siswa Tak Takut Matematika",Akademik & Umum,Netral,https://news.google.com/rss/articles/CBMie0FVX3lxTFBVeGRlOTROR2dTTU4yd0c5MVVGMlczZnEtNUpMbl9qNnNlWjNQZ0tyeWNMUTg2SDJWbFBWOVB3NUtGUi1VSFJZQTl6bHdIeWtXRndKSXBpbVhBR01DUWVscWU4TEJiM3pLT1hNV1drUFlmV1BWWFBwTFVGWQ?oc=5,Google News RSS (10-Daily)
07 May 2026,UNIVERSITAS ISLAM NEGERI MADURA,Portal Kampus / Akademik,Tier Kampus Mitra,"PERKUAT KOLABORASI RISET, LPPM UIN MADURA KUNJUNGI LPPM UNESA",Riset & Inovasi,Positif,https://news.google.com/rss/articles/CBMipwFBVV95cUxOaWs2NFE2YW4waFNpTm9RRVd3bXhBaVdtWTAwVGpyZlFRd2FWNmt0aG9WdXg3UTl5enBHdkNhQ2tvRFE5cU5iUVZkNEtUTU0tZVhhNGcxSDFxOThoZmJRTjlqVUFkNk96Si1XcXc4MmdQY0Iwa25aSVFIeHZIWlUtTkR4Snd4YnNfVU9TZzlzR2NjanNsUU9hbFpvSDE5bHV1VDR2Tl9BQQ?oc=5,Google News RSS (10-Daily)
07 May 2026,Threads,Media Massa / Pers,Tier 3 (Lokal/Independen),Lembaga Publikasi Ilmiah (@internationaljournallabs),Akademik & Umum,Netral,https://news.google.com/rss/articles/CBMi2wFBVV95cUxPNnFOUWdlWUV3enNXc2pmc0R2cFR1cHFwSml4T1JNMUlLZ3NiXzF2al9maUs5b0RjLXBGQTlTRWxBYkZxNlhBQ1RCeWlzcVpjNzkwMDljTzFjaGYtRmgxTVBMU2ZjamFpMHBjaXQtTWZYSTRSd2V1aDJkSGFYLS01amM2U2ZWcDJmbW1VY1JXZ1lQbGpSTV95RWJsbkZna1Z2RWtlS3FWZ2lmLUt4U0J3MmlWdFdWVGJqVmNtOE9BejFWRVhGTVFSUHNQRUU4bFA4Y1YtUGFaWFg2bUE?oc=5,Google News RSS (10-Daily)
04 May 2026,kominfo.magetan.go.id,Media Massa / Pers,Tier 3 (Lokal/Independen),"Wakil Menteri PPN/BAPENNAS, Rektor UNESA Bersama Jajaran Pemerintah Kabupaten Magetan Tinjau Pembelajaran Metode Gasing.",Akademik & Umum,Netral,https://news.google.com/rss/articles/CBMi4wFBVV95cUxOMjBGSmZoUlc5c0FiNTZHZ0ZkSnZSTE5Pc0hZbnFKNkprUEllRXhhT1I2Yk9ob2NZeGktazJ5QzR1dHFjZnQ2TWc2Wm5nVTZxczN2cWhhRGZZdmhLVDNhT2RwZ3VPRXJ1NzQyeEZ5b093dEFyU0VaSHllX0RobmRxWFRMcGhkenJoM01LMjFVckZNOXZGQkMzcEk5YWNPTmZqT015WTRPQ2V1UWtaUzZhTmdDUldQNWFwZkVMME1ZWUp0VHNXUjlNUmN5V0s3YWxzdUdWWjFOd1VLdUpiWUh3Um5RSQ?oc=5,Google News RSS (10-Daily)
04 May 2026,Kompas.com,Media Massa / Pers,Tier 1 (Nasional),"Belajar dari Tragedi KRL-Argo Bromo di Bekasi, Dosen Unesa Usulkan Automatic Train Protection",Akademik & Umum,Netral,https://news.google.com/rss/articles/CBMixwFBVV95cUxONGg2M0tLODVOQjFZSmVsSzZnU2VsNmF3a1IyX3htZkF3NmRZb2R5REdOeFFYOVpYb0RGWWRHeThTVFpYUTVmSU9Vajg1OE82aXpWQlhfSlg0NE9YODFNRWY1SldhRjRRWWFOOU4tMndaRFVKdC16SlB4cnR2WF9IUF9ZdTRseWhyRXBHdFhEc0xGem4zVXJLS3VHQ2VBTlpORmlEUmNTeURQSURpVExEZDJxazJEMlNsVHNUbFJPN3lvbzAyWFVV?oc=5,Google News RSS (10-Daily)
04 May 2026,Kompas.com,Media Massa / Pers,Tier 1 (Nasional),"Foto : Belajar dari Tragedi KRL-Argo Bromo di Bekasi, Dosen Unesa Usulkan Automatic Train Protection",Akademik & Umum,Netral,https://news.google.com/rss/articles/CBMiyAFBVV95cUxPYjd4TGVQQ3hURFh6Yi14MW1HYzZROWw4aU5hWGl6YlVRT0tlYkJ5T3hISzQzVXctQjQ2Vk5Ublh1NnltajFWcTFaR3JIZEJOdmRjQmdDVVFXOFIxNjdWY0lGTmh6T0JSVF8wbE82VTlrYXR0NXJ2NVNKVkJYS25nTk9qcmF0SFVCamRHU2NsdF9mUmd0OWctY0dubXAxUjluWHFKQk1sXzc5enQ1M2RBbFpjY25PVDNzNVBDYkh6eU1kamdfZmRkTg?oc=5,Google News RSS (10-Daily)
03 May 2026,Superprof Indonesia,Media Massa / Pers,Tier 3 (Lokal/Independen),Tunggul - Guru piano di Surabaya - 150000 Rp / jam,Akademik & Umum,Netral,https://news.google.com/rss/articles/CBMi2wFBVV95cUxNZ1NGTUUzTnp1U3dkekd0U3A1X3BzcWZDS2diRXJVQ3BBV2E2R2NoTUVCV3FrVjJMbFBFZXVYdTJWRHlaMmFycnBZZjR1WHdwV1ZIOFdmU3pNbzVrOEd1cl9KN0xwMUxESG1mbWZ0ZTNmV0tuRk1ZdzRmNDVFaVJ1TkI3Si1BX0M0dU9MOTF5dXdpcHlIV003Tk1aVXVhUVM1R0tCazNhZXJnWXQ4dFphUm9jSzNGMmUtaDZtSndVZ0tPU3ZMSTRueVFRb2w0WkpOTXNKVld0bmlJSTA?oc=5,Google News RSS (10-Daily)
03 May 2026,Kompas.com,Media Massa / Pers,Tier 1 (Nasional),"Hilang Penglihatan Sejak Usia 12 Tahun, El Lulus S1 Unesa dan Dapat Beasiswa S2",Akademik & Umum,Positif,https://news.google.com/rss/articles/CBMixwFBVV95cUxNZEZEc3NRX0dpdG5PeVM2MTJXcGtiMjJBNU02UTl4SFFhU0pMY21hb2hvTWZwczdWSURLVGttbmQ4bDNzLWtDbjJVUk1SV2haQnBjWlBOVDdJRDdVbTNOejRyem1iY2psWEp4QnNJTURYd2UtOWN4dVVXZ2RXVmFRMEhDREpEQ2lub0xKU1ByUXlHcWxTaUlMRERFN2lPYnhtOHdPbUxOYnEtRFFiYTJ5RkE4dUpzUUQydEJjVjlOaGdhSnlqTXVF?oc=5,Google News RSS (10-Daily)
09 May 2026,detikcom,Media Massa / Pers,Tier 1 (Nasional),"Peserta Di-Blacklist Tim SNPMB, Mahasiswa Cumlaude Joki UTBK Akan Di-DO",Kemahasiswaan,Netral,https://news.google.com/rss/articles/CBMitgFBVV95cUxOa3I5aWNGdXYzYlhhWkN3aC1RS3IxdHphZVYyWFAybmxER2YzUEt1VlF6R01aRjg1ZXY5WEs2Tk5ycUlWdzE4b0hOWTZzakZCbEk4OEZyaVpjTW5BRjl2c0xRQmEzY0F3RGVMS2tWd0NReXp1ZThBOE5KSTBDWmFyc0N3WkllZkpoSUVidmdQcmhHQ24yRFA0cEdEVDFPY2Y0aXp1aGdwU0pSUU5xTWhpOGpna2xYZ9IBuwFBVV95cUxPU3lyV0NNZlZIbVNsWWt0eW90VFpLR2dQT3lQSVJnT3Z6RXVlM0hfRHFrV0plZTNZcFJaeUJlV0Y2aUswQTRfdnNSNzdIZWN3NVJnQWhoTnZBV0NmczJxbURVSl90SDZaY05nNGZiYmhlbU9fcThzXzhmNDNueUtkbUNydVQ0QWJXaDlLbFVvTXJKUURfaE53OGY3dW5lZE1KZmxzLWNHVlBEUEo1TTFjdVF3SDA3cXVEZTlZ?oc=5,Google News RSS (10-Daily)
04 May 2026,Sang Juara School,Media Massa / Pers,Tier 3 (Lokal/Independen),Bimbel dan Konsultan Masuk Kuliah No.1,Akademik & Umum,Netral,https://news.google.com/rss/articles/CBMiTkFVX3lxTFBjTDRKcEljLXQtQ0wySUJRZVlnSE9relhlNnBhUnJXaWtvUDlOekxSM3MyT3h6dS0tWG0zb2V2VUcxc3lkdE5iLWVxMGhFUQ?oc=5,Google News RSS (10-Daily)
09 May 2026,detikcom,Media Massa / Pers,Tier 1 (Nasional),Gagal Kuliah Kedokteran Pelajar Sumenep Malah Jadi Tersangka Joki UTBK,Isu Hukum & PPKS,Negatif,https://news.google.com/rss/articles/CBMixgFBVV95cUxQWFB4SzJXLU96NkhMdmVIY0hIQnVpTEltQnFQcllQeXZIZmw2X05URUdVcWFFTTV5WjZzXzA0ZjQzOVVfVHBfSnBDSzdxN21ERktVakkyYUhobWs5TWZLdUdNM2x0RF9DNnBMTUJGVkd2c0hObHMyRjlyME1NMGp5anFWb0pTSmlZZE5hQjR3Vkd6UnY0N2dGQ1FkdFVYNWE2WURHRlEtMTN4aFdqOTZUemlqTkVmYVdQaHRBMXEyZC1YRmlHQmfSAcsBQVVfeXFMUFhMWWFrcDFUZmxjOFFnYWw2dmNoMFd3aWxycTl2WDdad216R3UwVEZJTzF2YzNJQVRrTlJjTFpLX25EY3VxRnRnS1RRWVM5YnpBd21hajgzeEtyLXdRT1p0ZmZGWjduU2g1RGp3a2hVRDJmaDQ2QVRiRWRUVnkxOXc2dDd5SVRpX21UNXFKdEZYWkpxa2xUQkhBc1Ixc1VXbHlBTS1PQkRXd1c3cExtaEc3YVJET2NxeFB5Ynd2M0pfYm1yTjk0YkJHZ3c?oc=5,Google News RSS (10-Daily)
07 May 2026,detikcom,Media Massa / Pers,Tier 1 (Nasional),Detik-detik Komplotan Joki UTBK di Unesa Terbongkar gegara Bahasa Madura,Akademik & Admisi,Netral,https://news.google.com/rss/articles/CBMiyAFBVV95cUxNT0tQUzgyckJXdUtMdWFMb3BIY3VmN3lSemlIcEdVRUJMTTgtZ2QxbGkxWlEyalhoaFc5NkNMMFNjLW5UUlpac2ZaQm12YTF3YXFWRld0b1hrTWo1WFpEZ0gwUFU5eXdoWlpkVl9ob2l5RXdwUGR0OW44a2NvNG9SdEFnV1pFUHBvUzJfcGNLRXBqbmhlY09WODRoQXY5bDNaMGJNRzdKMnZvSmtxS1lKdm9hTXkybzUzTFJRa1d5WkJMd3V4NFVIMdIBzgFBVV95cUxOT2VZbENtWERIand6VkdRQWY3dV9VMGxpb3hmZ1BtV1k5UEZGLTJyM09POGxuc2x5QzZ4a1ZZMlhwdVdhcWRtU0o0ZFNHZFp5NDEwTkJiZEg0a3QwSnVKQ21TUlV1dVNOSF9Hem1WbVN1akNmaElGZjlKU2dldTlXakctS3A3cTdSd1FuMWhOV1VZN25xVzhDTWZTYlFUcWFXMHB3QUJ4UFlybG9xQW1nZlJNaGhkVURvTDRFY0lVOTlEX0Y1YkQ1d3BpSlZBUQ?oc=5,Google News RSS (10-Daily)
02 May 2026,detikcom,Media Massa / Pers,Tier 1 (Nasional),Inspiratif! Wisudawan Tunanetra Unesa Raih Beasiswa S2,Prestasi & Penghargaan,Positif,https://news.google.com/rss/articles/CBMinwFBVV95cUxNdkRiV1Iwc1RHNzhDZWFJTGpvdktfMWxRUXdsSUtfY1JtYVFsM0QwN282RnVnZ0ZKOXRXNjNBY3pfV1VCS3NlbGtZdnlqSm1CbWZLLUV4SEVVZElBek14VFBCMGtQV0lqWTRYcmlLQzBrMnJLOXA1eUVMYkcyUHgtSGx1dFNVVVQwbHdPUVU2dHVSZzEwQTJDei15alZVNFHSAaQBQVVfeXFMUG03LVhqUVIzam1VMUZocEtRY0dFbTQyMG12Z0wxc0U3MkZraFhIT1RaMUVsODE5aU5mNmpZaF80N1FDRG1pTThuaDhiU3NuME1GNC1EUG9YTjJJOXNVXzZlM0pOUVdHaXdDdkJBUFBQQy1zanJTNndFMHdWbVJpQk5Pd2I4LWVTN3NuTnFXZUo5bDZfcjJEdXhNOHJQeGNvS2NaWTg?oc=5,Google News RSS (10-Daily)
04 May 2026,kominfo.magetan.go.id,Media Massa / Pers,Tier 3 (Lokal/Independen),"Launching Pelatihan Pendidikan Berjenjang “Gasing” (Gampang, Asik, Menyenangkan)",Pengabdian Masyarakat,Positif,https://news.google.com/rss/articles/CBMiqAFBVV95cUxOQkhPc3dSbWxuY21Zd1BIMENKSEpLRnNJUjdRSF9LQjdxNzk0MXUwWHFjU0hTdXdsZV9VSE5aSzBoUmtCTERQdXRpNm42dDN0M2p6T3g5dk11X3dRbllFRll3Tm00OGtna3ZtQ25pZjBIU2dESFJlem5SQ05FajRqaElhT2pqMnFfeElVeVZVUkNVcmpfMThXc3llUE5YcVB6Z0dabTJ2R00?oc=5,Google News RSS (10-Daily)
04 May 2026,BINUS Business Law,Media Massa / Pers,Tier 3 (Lokal/Independen),Business Law – – Page 17,Akademik & Umum,Netral,https://news.google.com/rss/articles/CBMic0FVX3lxTE50cmRHY3FDakFLT3dmRC1TdWh2eDBFeEFUNEFSazBvQ0ZkS2xRRmRVeC10VE5MaFREZHF4SDIwNllCM2Rmc0RQSlQ4TnBDTDhYbEtIdWRaY1Q5UjRMZjdlODF4UFkwVWg0RlRFeHFDUlVLZkk?oc=5,Google News RSS (10-Daily)
04 May 2026,detikcom,Media Massa / Pers,Tier 1 (Nasional),"Pakar Unesa Sarankan Automatic Train Protection demi Cegah Kecelekaan Kereta, Apa Itu?",Pikiran Pakar,Netral,https://news.google.com/rss/articles/CBMiywFBVV95cUxNXzhndXBxSW0zLWFxYXBMellCNmN5ZUlWcy12NS1KZ0hhTkdpUDJJc0t6MVllWmlUUXVWVEpudmNkUVB3enBEbkxyY05kSDJwWmNlckxlNlIteFdtYTlJdUVZV3BLSW5iZmZXVzRLdUpETDJ1SkxxS1A5YWZ5Mkg3dEtDRnpqV285ZjlqZGJoT1lSNjBuaGNWT0N0a3RmbE9VMFcyTklWLVNnQW5nODdicGVhQnd2SlNVQWtuSUNPQ0g4MVVPTUlaVFRyd9IB0AFBVV95cUxOdktEVy16NktQQ2tkSXFKZ1BSa3l0OVVERGwyQ251VWkxR0l0bHVkODBCamx2Z3g0cnFYRi1ZRVBMWWRiTVpSUjVFWjRBR3BLRHB6Wm5yNjZUZm9nazBhd2txVXFYTXlHM21KZUVlbTdzTUtiRFRGc3JrSURKQXBqUTBjYkp4WjFaNlFOcGlnX0VyMk8xcThWakxqbFhmV3FYQXRkbFNfT1lQbTBRWDJTZVhOVWJUMzB6cVF5LWJKLWgzYmxiSVNkRFJiQlh6V0Na?oc=5,Google News RSS (10-Daily)
08 May 2026,Threads,Media Massa / Pers,Tier 3 (Lokal/Independen),Black Steel FC Papua (@blacksteelfcmanokwari),Akademik & Umum,Netral,https://news.google.com/rss/articles/CBMi0gFBVV95cUxQUHpWMTQ2S1lYM1lJekhlcEE5VHJSTWRHMjhjVHZ4TDBlMG9yYnhtLUo4TmpSLVMyODNKQkItYWlDc2RvRC1HeGd3WW0zQlgtbEMyVnhpc0cwYnk1aFl1ZktwVHo3eTI5SWtzalk3UEVaZjJDd0xFSXBLc0JoYndlZms3N1NkNFowMHhmaFRxQjVxR1pzcXN2ZnlLVWVxdFJOTF9ycjJndHBINnJTS1M1aG9YY0NuckllbEU4SnByNG45dWc0NkhURUdXTUstQXVJNmc?oc=5,Google News RSS (10-Daily)
01 May 2026,Kompas.com,Media Massa / Pers,Tier 1 (Nasional),"Campus League Basketball 2026, Universitas Surabaya Raih Gelar Ganda",Prestasi & Penghargaan,Positif,https://news.google.com/rss/articles/CBMiygFBVV95cUxQX1VjR0pjUFN0dDBPMTZ6c1lfRlVDdUJSalB2Mm1IdzFYcmVSMWJiajF0YWE2eVdZU3EzdG5KN1N5QXgzanRrYlIwVFVfMXBvUU5rTGdCekVrZ3FRdHBDYlVtSXdmVlgyNmRseEJMNmNaSXpVODhGbm13dWljQm0xY3hidk5ldGd4NFJ0SUU1YmcxLXBsM1NkeHFOWlJtRUVsR1daZ2pxQldGdVlDa1BUM29rREYzLS16bVZZWEx4NUVmeXZMR2RXVjNR?oc=5,Google News RSS (10-Daily)
08 May 2026,Suara Surabaya,Media Massa / Pers,Tier 2 (Regional),Polisi Ungkap Tender Perjokian UTBK Bisa Mencapai Rp700 Juta,Isu Hukum & PPKS,Negatif,https://news.google.com/rss/articles/CBMiqwFBVV95cUxNVmVYRVhGTE5ZUlZRcFBORFk0bkl1MGtybHdNSnhwY2NibFJhQzdva2ZUTFdaSUVBSDdHTTFKaGpUbXV5Z2ZTb18ya3ZabEU0MGgzck01cXZqamE0dGJVem1sdGFEUno5UUxZSVI1dkh5VG9LcE5XWDBwczRzR28tLUNrSS1PNlNncnlpcFBsR1gwYlpIY2VrN1FfVHE4WFdYRVpMcnBrdmdsYUnSAbABQVVfeXFMTWVqdkQ4V0Y4ZHBzQlNiYjVxX0FjRG1IRnU3eFBLT1JsZ200REZTamprQUtKMTFla1I2SjFtWHpHVURpNjRQQ1BOYm9NODhSOXZqdG9LUjVBaklJeEtjeHhuaWtfNlVRMnZiVmZHNnlHSVhXZmN2a24wbEZXcmtwYlhpUnYydktMSnJqSDdhbWowNzhxaHFLa3BCUzN0TmQ5cklMMktid0xyUXRYRmI0VG4?oc=5,Google News RSS (10-Daily)
09 May 2026,Universitas Muhammadiyah Malang,Portal Kampus / Akademik,Tier Kampus Mitra,Kampus Terbaik di Jawa Timur Tahun 2026 Versi THE Asia University Rankings,Akademik & Umum,Positif,https://news.google.com/rss/articles/CBMimAFBVV95cUxPcjNNUTVpaHlGOHo5REdtN0VQaWQzaWZmd2dUbDRfS3EyU1ZRZjdTamFVTENrY3RNOHA5bjBHWmNiU3c3M3o5dW9nc1laeFdOLW12SkZiVFlHM2NaS0tKMWYxeGN4VmtsYkhnU2x5VTQyWng0WFdKcjJTVnR0N3FOcjJRSTJrQk54RUtsaE5ZblU5TnFhcEtVSw?oc=5,Google News RSS (10-Daily)
08 May 2026,Kementerian Perumahan dan Kawasan Permukiman,Media Massa / Pers,Tier 3 (Lokal/Independen),"Balai P3KP Jawa IV dan UNESA Perkuat Kolaborasi, Siapkan Program Magang dan KKN Tematik bagi Mahasiswa",Kemahasiswaan,Netral,https://news.google.com/rss/articles/CBMi5gFBVV95cUxPZDFLNUE2WGVfQkhSaWRCdHg0a25fMzNPc2NDNlU0X3NqTmpBMmpYVkY5WHhLQlBFX1gzUm42bmdhOGdOZEdxZVVfRnNrOXVBakpPZjRZZlppWllKRUxfVFdLVGxFeG1WT1hDaVV2alh4aTJKSnpSM1d2bUJBXy1RN1N6X0VyMHVTd2oxaTJpM284UTBKZ0E5VVh5Vi1oS3FaZzlQSnRXRVVoWkhYVHNpS2l6MHdua2FKRHVNUUxNSFFoN0tuekNUMXVJQTlBZy1fdmtJOVhuRUllU2tNaDZ4ckVHZGNyZw?oc=5,Google News RSS (10-Daily)
01 May 2026,ranbitv.com,Media Massa / Pers,Tier 3 (Lokal/Independen),"Unesa Kukuhkan 1.416 Wisudawan, Tekankan Resiliensi dan Adaptasi AI di Era Global",Akademik & Umum,Netral,https://news.google.com/rss/articles/CBMisgFBVV95cUxQMHlEYWhiRDdxU1VPRU1GMHZTRzZsT2tJajh1d2NNZWt0aWtzRnNRUHRXVFpEN2lwLXJhejRzQ3BjdnhqNmsyU2hJbDZNZzhiLTM3S1hpN3l6LVN3S0F5LVgwTVJpVjhKcXQySHJmQ1dCYjdYY21ZMUNqa3NfdTVYTjJ2UDlDRHFYeHNCcjZ1Q1NfME0zX1FtWmF6TmFYVXRPWEZXNFFrWldLY28yRm94by1n?oc=5,Google News RSS (10-Daily)
04 May 2026,unp kediri,Media Massa / Pers,Tier 3 (Lokal/Independen),Pengembangan Media Pembelajaran Digital berbasis Quizwhizzer pada Pembelajaran Sejarah Kelas XI SMA Negeri 13 Semarang Tahun 2026,Akademik & Umum,Netral,https://news.google.com/rss/articles/CBMib0FVX3lxTE0wekdXVTFUd3JWWTVKcjM0aE1VekVHVldram83ZW8yRkM2bi1neUltWE5hVFQ5dGlyMkNZNnlaX3UtS0xHZFJMQlBUWU9RVVowLXNTY2pPRml1QjdBeTJXN0p6WmN2ajYwVFVkeXZpUQ?oc=5,Google News RSS (10-Daily)
03 May 2026,detikcom,Media Massa / Pers,Tier 1 (Nasional),"Cerita El, Atlet Paralimpik Tunanetra yang Lulus Unesa-Dapat Beasiswa S2 dari Rektor",Akademik & Umum,Positif,https://news.google.com/rss/articles/CBMiywFBVV95cUxNN2NhSXR1N1E2bURpU0lLMGg2a3pxT3hPMFVOem1MZDZlRzlRVTk1NlpOU3RsWjhaT1VXam1TZXlJRTBVNzFNWVBJN1ZlcWU0ZVhfSnpHQzJab0wwemVqQzQ5aFk3d3d2QXphVkZRWThIUWlXaDIzZmQybUhuQzYwVHhvWFdtblBmRXk1MG1iYndrVGRlUmNjRXhQZEhqcTBrUkhFOG0wZi1WUVVNZndPdlgtZGdWX25ENUJMMXNrVkZVVHozdXpxaWJCa9IB0AFBVV95cUxPTlVnbTFBMGFlVlBObmNsczV4QlhOYmdBcC1pcXVPSlZLNjB1U2xMbE9LTHZ0WG1GZE5wX2k2VEozcDVqZjh6QU9VbHlIZjN3QUFSSnBEX2hhZlQ4N2xadkt1bVhWOWhMMGhVcFZ2WDBNS0hFNXRLYzJoaUpMZFBHRVlEUlZjdzJ5WEgxTWJBa1NVX0c4Y1hlbldjUXVEeFlmTnBVeXZoY3MzU19nVWlfVng5VGU1TUJscVQ4d0ZZdy01Z01aLVVmVXZVLVZPcFdZ?oc=5,Google News RSS (10-Daily)
10 May 2026,joecy.org,Media Massa / Pers,Tier 3 (Lokal/Independen),Pengembangan Multimedia Pembelajaran Pada Mata Pelajaran Ipa Kelas VII SMP,Akademik & Umum,Netral,https://news.google.com/rss/articles/CBMiYkFVX3lxTE1CTTQxcWJBUGVUbEgyYWRBZjNuS0J1QzQtNjVvM2VsS1pseW9LcDdWZTIzNlBRbjBlVVZGVjlLRm5UbGxMcjBGNE5JNkJNYVlzLWdSNTQ5aUprWW9UVzdXQlRB?oc=5,Google News RSS (10-Daily)
02 May 2026,Suara Merdeka Surabaya,Media Massa / Pers,Tier 1 (Nasional),Mendiktisaintek Minta Kampus Dukung Program Prioritas Nasional - Suara Merdeka Surabaya,Akademik & Umum,Positif,https://news.google.com/rss/articles/CBMiugFBVV95cUxPYTBGSm9OQ1hndjNha1Jwc1prdlhIcmRNYnpLdFlaM1hDaWxhRlBBVy1jYy1ucXFFNDRhbTZnMG1ETG9nbzZ5dGNPdWc3UVpNZnlSYXhTMzQ4LWdSQ19lWVpxVTdBQUpreXJ6UWd0dnB1eTVMUXFjdjRfVWhyLUZxLTlqM0pybzVRNE5ncF90Q2djMXI5bUpfN0hvM05CN1daRE1MMzROZjdIU2QyYmQyUmRMa3pjYldLVGfSAb8BQVVfeXFMTm5HTkxwb0Q5b1d4SmNBZG9jY0N3WHEyWnB0Nk55bk1Za2FVOFF2QXJ3cWdNZ2h4NlJqTG1vbEJwQnZweDV6SGhKNnd1ZHN5ckVBUnNyNktUMUZvMVdPaFJTaV9MZFBKeHdrUXNWNzZGbHYyemk4WVBkOEZqWnZXRTVrNkp4SDIxVnJOZWJJOFQ4dGd4YlFKSWg2SGE3LWIyaTZDWEw4c202TzRMSjE5MUswVDJyZXFINmFfMGlKbUU?oc=5,Google News RSS (10-Daily)
06 May 2026,Masoem University,Media Massa / Pers,Tier 3 (Lokal/Independen),KIP Kuliah di Jalur Mandiri PTN 2026: Ini Cara Daftarnya dan Kampus yang Sudah Mengizinkannya,Akademik & Umum,Netral,https://news.google.com/rss/articles/CBMizAFBVV95cUxNVFdma0JZYjBzNU5zbEZ0Q1pmY3ltNFZPZ1AyOG9OS0xFQmFfX2NFR1gxdEZxakdkQVVSbUlLMTkwbmF6cjYtS0M0RzRxMnhBZERDSXdrUTYwaDdzNC03RmJiVmp0Yjc5Uk5fdlRkQ0tyTmVPU1pjYXdEZDVuUklPTnlhb1Q2YzM3RTROWVp3YzFTaERJa0gyUGN1UEg2RTlURzI0V0pjSWJFa0Z5U1NJTnpOOFZra3hobHpRdzJjNlV5bzF2V0xqcFpRanY?oc=5,Google News RSS (10-Daily)
06 May 2026,jer.or.id,Media Massa / Pers,Tier 3 (Lokal/Independen),Community Resiliance and Implications for Waste Management on the Coast of West Aceh: The Existence of Beach Cleaning Volunteers,Akademik & Umum,Netral,https://news.google.com/rss/articles/CBMiY0FVX3lxTE5tUnZBenpwa0RLTzJUYUFSUTNfTGpQZ2tJcXFVVUxjcTktbnJhM2k3LVpGYTZyNUpnX1VSdGFHbHNGdUpLNlNVdXJWcldHVC1zc2U4OERwX2NJTWRhaWg3NGhHMA?oc=5,Google News RSS (10-Daily)
04 May 2026,ripost.id,Media Massa / Pers,Tier 3 (Lokal/Independen),Kisah Putra Setiawan Menaklukkan Sport Science: Dari 'Gap Year' Menuju Panggung Wisudawan Terbaik,Akademik & Umum,Positif,https://news.google.com/rss/articles/CBMiuAFBVV95cUxQNTFSai1IdThQbzlpaFpoSHZJVHEwek10dE8wUU1vcmJJaGVBeFdaTFNmVktDTEtrY1VmNjlINVZnNUd2ZUVyN1Z3bWhPN0JrLV9ET0thNmdYNXNXZUtmMHZkS0hfdVhBc2NTejI3VlU1VmsxZmYzZXIyTHR3b3FQX2xvekl6VnFaOHRBOHc5NTY5MFVBSWJpZ0xYMjRFMkF3TGs4NjUxSzVxa3JVTkRrYjh5cW9TUHhz?oc=5,Google News RSS (10-Daily)
07 May 2026,ripost.id,Media Massa / Pers,Tier 3 (Lokal/Independen),"Mediasi, Jalan Damai yang Win-Win Solution, bukan Win-Loss Solution",Akademik & Umum,Netral,https://news.google.com/rss/articles/CBMikgFBVV95cUxQMjZwODE5S2pzZFNEcEhTTDFfYV9NMkE4aHVPOGRyQjhJMUZRZUl0dDVobXE2R2YyZ0dEclJXc2lRck1vUFI3MW1nbE00WXUxMGxqNDhHaUF6c2VMLURGRzRsYXBxMlIzQllPdGtwVUZ0cllsR3FnQ1lGYmlIb1pOMnlzaUVlZ1NNNmxYanRReEszZw?oc=5,Google News RSS (10-Daily)
09 May 2026,beritajatim.com,Media Massa / Pers,Tier 2 (Regional),Mahasiswa Ilmu Komunikasi UNESA Gelar Sosialisasi Pengelolaan Sampah di Tambaksumur Sidoarjo,Kemahasiswaan,Netral,https://news.google.com/rss/articles/CBMitwFBVV95cUxNTHNodnV2OXJ3RFg4d2pRNExSWGpnZFUtQlFWMFFyWXRKUm5SdDMwMXFXcTVUNUQtczBZZUdLWVZEanRva3BYSXZkUjB3TjEwbDdPRFVCRU5Ec2xWQ3dmVmtnMjJfakMzTVBSSUgyWnRFNzdNQW1wRmRIT0w3WEhFdW1udWt3aDBPRmtoMjBoZk1lMVNoTGRYQTJXUlVYcXRUa291SHBveGNsMVNOU1FXLWpVel9MczA?oc=5,Google News RSS (10-Daily)
10 May 2026,JPNN.com,Media Massa / Pers,Tier 3 (Lokal/Independen),MRPTNI Dorong Sejarah dan Budaya Jadi Fondasi Strategis Menuju Indonesia Emas 2045,Akademik & Umum,Netral,https://news.google.com/rss/articles/CBMirAFBVV95cUxQZWxOcldxZDQ2LUZ5Vzc0bTYtVDd1dmFTQWlaVlhQUUJBU1N5S0hMQjBHS3dUWjByNUN5SjN6NUpsS3NnNUI5cjh4MUJMN0d3S1Z6MUlsQWUwb2VSclEyMjZMOWFkdEktbklPZDBjMHZvZW5KV2VVR1dZMExtaEdvT1RuVnlwOEM5ZGh6TnlRWDFMMk9jeTJmRzl3M2ZkMTFOSzVSRXZ0UHZXVkhh0gGvAUFVX3lxTE1Xb0FxREhJUVNOWkU2RGJlSFJRWmh2d1ZkYmliS1ZLVTFJRVllcDhDbm1xWGNVZHlsd0QzLWhkM2JpZnUxQWp6dEdCc04xTmJqLTF5WnAtMzJicWdQRVRHTWFNUHlPajRBZnNYYzlpeXA4MWQ3YzBORUxIV3h6TUM2LUhEZldoRWxfQ3B6bURQQzY3WGtXYXVNaHcxeUlEakJNalBsQk1FRlJQVzhUSzA?oc=5,Google News RSS (10-Daily)
09 May 2026,medcom.id,Media Massa / Pers,Tier 3 (Lokal/Independen),"Once Mekel Ajak Slank Blusukan ke Kampus, Berbagi inspirasi ke Anak Muda",Akademik & Umum,Netral,https://news.google.com/rss/articles/CBMitwFBVV95cUxOd2xFOXZOT2k3RE91MHlMUHhoSmpZeXNqUGM1WFJCM2R0Q3RWNWJpdThNaVR4Q1NJYkNQVE5sQ1FtbGY1XzdQNWdlMUhNUTlERE5UTXY2LUlvZTRENlgyTHgwWUhLV0ZQTzhXeDBnRG1jQXM4aVJjaUtrYjBZbDZDSmc5dVpyX2NoWjlueVozLVBXcXlfZXY0ekEwelVDRHE4WFZyOUNVNG9FNkl3LUJLMVFwb2NYV00?oc=5,Google News RSS (10-Daily)
03 May 2026,Harian Bhirawa,Media Massa / Pers,Tier 3 (Lokal/Independen),"Hadapi Wacana Penutupan Prodi, Unesa Fokus Perbaikan Kurikulum dan Integrasi AI",Akademik & Umum,Netral,https://news.google.com/rss/articles/CBMiqwFBVV95cUxQUnpqTlN0LW1mOFJBY1YwNlZMOFplYmY5QkRyMHZjVEFXRmxmaElKUlFEcU4yYlRqWVkzc0ZMM1RObWRidFdIX1pmRlFRSUVLcE9xOVBqX0ZHejZMYkE2NXFnVEJhSHZwRnFqOEx3Vl9BclF3X0ZIRlZFUUFZWnloWmdzejl6RWczYS1yOC1ta2VZdkxFVElJYkVBdGVYVUFzd0k3eGYxX1A4UTA?oc=5,Google News RSS (10-Daily)
03 May 2026,Data Indonesia.id,Media Massa / Pers,Tier 3 (Lokal/Independen),Infografik: Daya Tampung SNBT UNESA Terbanyak,Akademik & Admisi,Netral,https://news.google.com/rss/articles/CBMikAFBVV95cUxQMGUwRlJXWVBNZ0dKMGNnQnU0QldEV3NkdzdSUWNLSnRsajFWMTZVVDZtcGlOM1c2cVhpWVI1UlFOd09CZTVfLUV4UHBQLTBWajB3d1R2WlJ3eFpKalk0QU1SM2o3UUV0QWJ1aEN0anRwQkdQaHZnMktXdmxIMG1lZXNYQ1I5ZmpSWk1SdlA0azY?oc=5,Google News RSS (10-Daily)
01 May 2026,medcom.id,Media Massa / Pers,Tier 3 (Lokal/Independen),"Pendaftaran Golden Ticket Unesa 2026 Dibuka Sampai 8 Mei, Kuliah Gratis Sampai Lulus!",Akademik & Admisi,Positif,https://news.google.com/rss/articles/CBMi2AFBVV95cUxNbGItUUUzOUg4SjV0QmdjS0FzLTRtT1hVUlVnczF0VzBISmYtTk9SQzYwWjJycnVral9RVFFUMXBoUDFzV1k4Z1BqWG5ldDczN0RSRUpaSjhyX2otNVJlUzZHNkJUb1lVNmhCOHhNT3REN0kzRkttTk13LUk2aTFIWmEwd2RrTWE2T1Nmd1l5M1dCcUZOX1pSUDRTbk9sQzdXTzBfNXJxSXg1OU5YSm5NZzU2ZE9iOWJ3WUxnWk5fMkN4SXluZjlaX2U4YWtjR0JXOGtURU9BNGI?oc=5,Google News RSS (10-Daily)
09 May 2026,jatimupdate.id,Media Massa / Pers,Tier 2 (Regional),IKA Unesa dan Fakultas Hukum Gelar Bedah Buku tentang Mediasi untuk Lindungi Profesi Guru,Riset & Inovasi,Positif,https://news.google.com/rss/articles/CBMiwAFBVV95cUxOMHlUZDh0WWhTNkxKT1Q2X3pKdUktX1VubFBlZE03Q3dZMzE4Um12M3NNam5STy1TOHFUN3NfcHJwb3JyMUEydEN4aktIdnQ1Zzc0aTN4VzFmZ2dQdFR0eUY4bXRDbHoxWmo3TEZVcmJERUotM2c4YWxKZ0NNaVFqTTAwU0s2YnpteEg1OEJ6b2gxSEIxeG9Cdm1XankxejJKLXpKZHE1UUZUVXdWM0VlcDdyZ3ZVb1Ryek02MTQySDc?oc=5,Google News RSS (10-Daily)
08 May 2026,timoroman.com,Media Massa / Pers,Tier 3 (Lokal/Independen),"Program UGSMA Unesa: Mahasiswa Belajar, Berbagi dan Berkontribusi di Timor Leste",Kemahasiswaan,Netral,https://news.google.com/rss/articles/CBMisgFBVV95cUxQbEtfbFk5MmpsczNNSzhUOV9xTDFxeTlRVDFzbFk4Q0JRSXlDdXR5YTBzV3ZPcHpDbU9haXEwTURGNEZqRmg2ZjVsUWY1UkFfQ2NSdDE1ZWlqcUU5UFVzeF9IZC1kVDhqNnZwa1JieUpzZThmeVRqOW1QeWVEVV9FUHhRdVkyRTNrUGVCRWVpN1NhSWM4ZVo1UkJGRU84RHlDdzhxOVVoNFBPTWh2V21xeEpR?oc=5,Google News RSS (10-Daily)
08 May 2026,timoroman.com,Media Massa / Pers,Tier 3 (Lokal/Independen),Program UGSMA Unesa Archives,Akademik & Umum,Netral,https://news.google.com/rss/articles/CBMiWkFVX3lxTE9Mc3RKeWtibDRjWDllcnNkR2xEb3NUT0RQRmtMNlJJZTNncXNOZ0sxX0hyelN1SG1uZkhob2VvaVZIcjU4RGt3LWdsN0pHMmRyaWJtYzBMMjlXUQ?oc=5,Google News RSS (10-Daily)
07 May 2026,Suara Surabaya,Media Massa / Pers,Tier 2 (Regional),"14 Tersangka Sindikat Joki UTBK Ditangkap Polrestabes Surabaya, Sudah Beroperasi Sejak 2017",Isu Hukum & PPKS,Negatif,https://news.google.com/rss/articles/CBMi0wFBVV95cUxOUF9PdjNNeXQzOUdIRTd5V05pSHJRSGtfS0o5bDNOeXZoNFJpczYtbjJmaUNEUnduaE9FYjMtN1FpMG9TLUtwOU1SR2hJQ2ZBNU96NnNxRUhvVzBkemFQY0FPZ21QbzN4eU14RUUtaFlPTkxHS29jNG9mbFh4N0JZR0xMTUR5cTQyLWFENzY2NGxlNjJTYllRLWNhMzVVb1d3ZGJkSDNYdDdHWVJVbzdUOVJVT0pEdjZ0TjdYM3JyMGN2b2ljMXkybWxSQld0OF9OaDhn0gHYAUFVX3lxTE1yakVOR1hPRnhPWGJmVi01QklVZ0ZIMkZkOFVlVVNyTS1USm90VDNpcDZiN0R5TXpUZm9lN0lLRWIzNGNKYzNGSm1oRS12d2RWY0dPSU9VWTNma2JiZVBvNG4tbTc2NFpEeGxKOUdkMDVCTmtMMm5pbGprZ2JlSEFVbEYwNHBKRlNZTE9RVFVjUHZfTDVyRUF1U1F0aWRCMjVXRFE0NEhSQVhacVk1SlE2NWJBUmlMWUtTRWZGcGNLNnBYbERSSWczbG1QUk1EUi16bXlkNXVIeA?oc=5,Google News RSS (10-Daily)
09 May 2026,Good News From Indonesia,Media Massa / Pers,Tier 3 (Lokal/Independen),Bisa Kuliah Gratis di Unesa! Jalur Mandiri Prestasi dan Kepemimpinan Sudah Dibuka,Prestasi & Penghargaan,Positif,https://news.google.com/rss/articles/CBMiwAFBVV95cUxOUGJLZW1VT0tZcFdwYkpNa01WM2lab1RsaFpDdkJ5dFlsb1IxUzhweW1uSkZ6cTRIMGdwMk51OGk0VkNDYlUzM2lwNWpHeFFGMEtMRGVmS2dKQnFWeFhlQTNpejVRcFhMV1BuOUhZdmVnRV9sd2hCTE51RFZJWW4zZW10QzJkdUpBR2RudjRzazh6clBZN0pkdC1fWFE4d1RHUVNiVjMxUHZvYnoyc3NTSDd2cmtGWEJSOENuZS1Od28?oc=5,Google News RSS (10-Daily)
07 May 2026,Tribunnews.com,Media Massa / Pers,Tier 1 (Nasional),"UNESA Buka Pendaftaran Jalur Mandiri Prestasi 2026, Cek 12 Jenis Jalur Prestasi yang Dapat Dipilih",Prestasi & Penghargaan,Positif,https://news.google.com/rss/articles/CBMi2wFBVV95cUxPTi1sZDdMVm50RGpNZndpU0JpeXB3b19za2pQNWU0czMyaTlBUVRnYnctSXVacXVEZjFtcmtZbzhZSFI5ZkQ4ZmM3ZG4xTDZ6alVKeWZfZlh6Sm9ENV9PeEduT0Jfd2tlcFFxaTNURmp1WUlGaDFJWmR4ZG1OUkd1cjctWi1VVzRZc2t5QkItak5vZjdaSDVuSlh1MTM5U0l1T04yR1lPZmNJQnh0YTV4bHVRN3RZLWs4bU52cTVJb2dkS3h5Zmp6d2tVcHhYYnloTnI3SlZYSm5lbHc?oc=5,Google News RSS (10-Daily)
10 May 2026,iNews.ID,Media Massa / Pers,Tier 1 (Nasional),"Pecah! Lagu ""Seperti Para Koruptor"" Slank Sukses Menggetarkan Konser Gema Kampus Unesa",Akademik & Umum,Positif,https://news.google.com/rss/articles/CBMivgFBVV95cUxQeWFBWXhfY1llQ0EtU0ZTVm43Q01ZTGZTZ1NGZzBrZU15RW9XaXd2VGJwX2NqNzJTTmpfeC04S3ZTbS11ME5kOTAtQ3BpYl9oMzN5UFViazJGZGtNOFR4U0NvOEc5Ym5tNHlmXzB2VjFFUVlZRTVwbkc1dmxFdVVDWHdCbkRySEZ0aFNlYWVHVUU3ZWpPYjh2N2N5dS1hOEtONVFuQlBDTWtjYS1KMnJvdlAtOUstNHZ0SHFuN1RB?oc=5,Google News RSS (10-Daily)
07 May 2026,Memorandum.co.id,Media Massa / Pers,Tier 2 (Regional),"Kasus Joki UTBK Unesa 2026, Polrestabes Surabaya Tetapkan 14 Tersangka - memorandum.disway.id",Isu Hukum & PPKS,Negatif,https://news.google.com/rss/articles/CBMiywFBVV95cUxPNkh5VlE1V0RxbnRISzlfX3JBNVVwblVIVkNVSTRsSy1NNHRicnZhM18zQjg1RG5NQ3g5SzhxSEI1SjE5TUxBajNLSHVUakhMYWotT3Mxa2p5aU1id2pRTnF5UXp1NmNVTnVjU0ZzcGlXYmRLNmdSbjl4R21Td0NUR2taYU5mbGN5b2xzU2I1ZkFZYTc5VzdfZ0V4bGNfeGpmbUhuZWRjSXEtczNJaExYaUxXRlpSV3dwY3BEeHl4WFZSdXNHelJhUS02NNIBrgFBVV95cUxNRjdLZmdMclg0U3hiSnJzbExScElleXdJSDZLb3lwZ2lpT0ZPNmw0MU1ScXcydVduOThyYk9NdUpsQnpHOXBnYUFwMklfWEJqZ1dUSl9nTjZIaEFJTWxwZEsxNUdkTzlveGhBYnc1aUk5ejczT0RIVnZ0dUI4MnF1SEtSSTFacldFZ0ZzZE43N09uNUo4ZG4wTHUyeVAxZXl4allJNl9kLVJzMWxUUUE?oc=5,Google News RSS (10-Daily)
07 May 2026,Memorandum.co.id,Media Massa / Pers,Tier 2 (Regional),"Fenomena Bunuh Diri di Surabaya Jadi Sorotan, Psikolog Unesa Ingatkan Pentingnya Dukungan Sosial - memorandum.disway.id",Akademik & Umum,Netral,https://news.google.com/rss/articles/CBMi3gFBVV95cUxOaWxTRFJrQ1FXbTQ1dUVzSlVFSnpUeGVOZUNrdU9STV92dVp5UWlNei1wbkdHMG1KcGpfamN4OHdKdVJ4RW96cm40LUQxRWF3OXp4d29yY1BpWHJGWmU4SGFZQkhIVmF4MzFpSFFLdU1ndnc2aW9OOHRuejhxUllIZXlmdzdJVnlRUHk1cy1FZlRQRmh3N1dkbHdGeHhVWGhXV0ZZTXBlOF9qNkxHNGFMcDdrbHRqZjJtNmxQdENXLXEydGRJYmxmWXo0Wm0tWVdXTTBSWXh6VEVYamh5WHfSAdABQVVfeXFMTnpudWJQa29QZEF2cFIwTUdBWWNVVVd3MFI1QkVxSTFMOXVIZ09kaE9FN05Pc21iWjhRQVVlWjJGcVZYU3ZFQ3Zzb01YMmdtbjJDcl9QUHRIQ1k0TTQtYWpkajJNNDZMS2Z2QmgzSHI2S21vSmpPNl9hVTVOQTJCLUR6ZjVreU91VDJhODI3Nm5QTDVYOWt1cGR5bGM3bmt1MTdfNWJEZk5pV2Z4VGRGNjhoQXBuOTNSbXMyN0trTmYzellPbWgzOEdKODkyZG5oSQ?oc=5,Google News RSS (10-Daily)
02 May 2026,Suara Merdeka Surabaya,Media Massa / Pers,Tier 1 (Nasional),"Gebyar Bulan Pendidikan 2026, FIP Unesa Komitmen Lahirkan Pendidikan Bermutu dan Setara - Suara Merdeka Surabaya",Akademik & Umum,Netral,https://news.google.com/rss/articles/CBMi3AFBVV95cUxQeUJsZ3AtT0FQeGxyS0d3MUJoU2N2U0M2SXRFZ2ltZmlyb09qb250SV9MYXhrU2QtS3B2bFhqZlNLR2VPZDVER05JWGIxTEQyUVI1cFVnT3RiZWRjR0htN3NuM0hTZDhPU05DMlYzOGRpSGc1X0poY01LNHRZa1Rja2dJWGI3eWpYSjEyRzR3Szl4QWhacnh5bjFMcm1hblNGLU9TbFZQUFdJalBTVGNDR2N4ZE1zTkl4S0FaZ3AtR1lGWWx4LXVqZDZYZ3hiWV9wMHhmVlllMVBVbW900gHiAUFVX3lxTE1ObnQ5UEVHb1BxZDM1N0FVOFZQY2pmUDh0OWJnNS16cTU3QWE4cGM4YVhOZS1mLUFlTGVJdFBoZUhPdUtTQVBIRm5ESEhiUm5KTGpaUll4ejl1ZmgzUkotZFJlb0tieUVXb0VTdGNYbGdXNkt0Y1llcWVaZXFBX3o4WVBPTWlYMUxPUV9sVXZuQXVpeWxpUk8tTU9ocEd5aHRmX2dnWVB6Mlc2Q25DaE9lRDNyZUd6T251Tlh6b3ZKdE1OMkZzTFg4T1c1RzJUbjc4SHBpdEtNOUx4V2VEUEZWWFE?oc=5,Google News RSS (10-Daily)
06 May 2026,detikcom,Media Massa / Pers,Tier 1 (Nasional),"Unesa Buka Seleksi Mandiri Prestasi, Ada Kesempatan Bebas UKT 8 Semester!",Prestasi & Penghargaan,Positif,https://news.google.com/rss/articles/CBMiwgFBVV95cUxNdGw4Uk5UaW9yWlM0aDJZeGdBc0ZNYTBqLTRlRGMzNk1vbWNyamEwREdpRll3RFh1V2l5SWV4SEtOOHAtZ3lZRURpTUZXRzZ3amxlNmNwblVRSmZuTXBfbEk2UmNkNkJLRXBrdHN6UG5rbUNlbm9SbGhyNXJKWEVoTjNST2xrLThUWUpMekpkV3F0Y3hERlVacnJyQWhkT2lBMmhDOF9Nb0tGUFIyZDZrWVZFVDlZOWZ1eEU4RVNNczhGd9IBxwFBVV95cUxQUkk2MGJWMDduMGw0eDczRF85ZU9qQkt5OUg5aFRMWXpDU1dVYlBDRjJrYnpUNG1ZY211dVpEOW9zQ2xUN3J0Q2EtTTkwQkhLR19Xd2RKYy1sRFNQSjlkRVo3WTRHZTNId3BvSDdwdHhReHQzSlFFSkI4YjlJVmRwZlFtU0EwY1pSeE85U0ZTWE9Td0U0SFktbDY3STRMbGZVSHVNTncxMHRpV0wzU0tyZ3hjZS1GeDF1dzF5UkliMkxnNmlWbmQ4?oc=5,Google News RSS (10-Daily)
08 May 2026,Suara Merdeka Jakarta,Media Massa / Pers,Tier 1 (Nasional),"Festival Kebangsaan GEMA KAMPUS Digelar di UNESA, Slank hingga Alffy Rev Siap Gairahkan Kesadaran Generasi Muda - Suara Merdeka Jakarta",Akademik & Umum,Netral,https://news.google.com/rss/articles/CBMi9wFBVV95cUxQV1hmUmNsQWdtV3VnRUJ1OWllaW5hSEIwNFhxQVZNaFNHWWdEQkc3SGVobHpid0pLR0oxUHI3YnBGd0hWVTVsUDRIS2M1eDBVdTNvMkw5NlVTMHM4NE1iS25YOU5LLWE2dVVXbG9IaDktRlFpZ21LMVgxZ3lMYUJ0WUUxSUhPMklnV3dqajFTb1lua1pGaWdleXVIalRLNEtiaG1VWGhBUUJfanUtOWszUDdRbVZuZmJEQllmeHE0WjA5MEdYRTYyYkluS0VQLTlrTHozNnZReWxFaFRPX1RtcWxDVWVycVM2cVNRNjZxZi1zaGxiSDRv0gH8AUFVX3lxTE9MVHZuTkJ6TWVqcjZqdFMwRlRpN1pTQms0eWRIZTBpRzRKZm50RkFCVl9fMG5HaVRrazBsSE1LQTdOZXVHZWItYnNnT0lXZkxuYWZ0QWtBNnB3QUJCSzNOQlZIekoxc05YS295aGQxTnV3ZDVHdGItTFIyRGhWbVRDSEFWWG9CYnhLQ0c1cF95Z2w4bXlrNkFLbUlMdkRoa2hUQnlKaHJfYXdpQ1QtcU01Zk03STh4Q2xXd3FyOUVXM1BNMnVuRHJPU3pSaFEzRmVhOHlVbXIxUEJLQks5ajU2RDMwQk5yN0RicFExc1RaX3EteDRPZlRjOUJIbA?oc=5,Google News RSS (10-Daily)
10 May 2026,ERA.ID,Media Massa / Pers,Tier 3 (Lokal/Independen),Unesa Sukses Gelar Festival Kebangsaan “GEMA KAMPUS” Seri 7,Akademik & Umum,Positif,https://news.google.com/rss/articles/CBMijwFBVV95cUxQOFJHV0FtMnZxUlo3TlJ1UkRJczFaRjJ2eGNQNXNtYUFZUG03cGFvTVBPRUJzYUZURFVlcFR1Q2p1clpLc0s3M2ZDeWRiXzcxdFUwWnlXcTF0MWtBcTBNRGRVS0J2X2lselcwWVo0ejFXTHU0bEt1WmNodWtEMDZrYVRrWjNVQ1hnUkphcVNPWdIBiwFBVV95cUxNYWtxaFFqNEo1Z1lJYzFpcUh3TmRnaV8yc3hEMGRvLWJZeFduTmpqWHBWVm4xazJqdDJwaE1CdXdJeWNRbFc4d3JFMVN0dVdaM1pUcHZIV2VORGlHdzRORHNjQzdQMTN0TnZ0RmJCUmxHczJ0czU0RDBQamdscWdRYzFKTFR4bWtaS2Mw?oc=5,Google News RSS (10-Daily)
10 May 2026,JPNN.com Jatim,Media Massa / Pers,Tier 2 (Regional),Musisi Nasional Ajak Mahasiswa Unesa Jaga Jati Diri Bangsa di Tengah Arus Globalisasi,Kemahasiswaan,Netral,https://news.google.com/rss/articles/CBMixwFBVV95cUxNUVd5OC1YdGpWbkZsbkZpNUZPRHVKeVVFWTNIRFZ3TXEwVlZFeDg5bV9TODlUdWg3WUtZRTMtNGZVRDhfdGpLYUFwRkhFaTFPUFo3ZnpQWFFqY0ljRjJwbzdEVzJtTjFFRXpIYl9lWGh5dVRuTk5uY2xGT2F6dlMwdTNXWlRIcFZSVEpqQkJ4Smh5QWl4VFdKVE5Ld0RNQUFzSTQ2TDFiaWQtM3ZnODd5TG0xODJ6QXU2MGZzcUtabDJfZnh3Q3Nv?oc=5,Google News RSS (10-Daily)
10 May 2026,Magetan Today,Media Massa / Pers,Tier 3 (Lokal/Independen),N Kost Maospati Dekat UNESA Magetan.,Akademik & Umum,Netral,https://news.google.com/rss/articles/CBMibkFVX3lxTFBsMmw0NGxGdEJqejB6Z2JTT1NkTFdkWTJOclZPd3lCNVhGclNMRWt3Qjd5OEVnQmxKaWpKbTlMQmw1Y1JrYlhsVF9DTG5oaWVPU1BkZHl1UXNqQjFSTU1xUTNJSGllM29Va3FEbTdB?oc=5,Google News RSS (10-Daily)
21 July 2026,antaranews.com,Media Massa / Pers,Tier 1 (Nasional),Peneliti Unesa kembangkan kandidat obat antikanker dari flora tropis,Akademik & Umum,Netral,https://news.google.com/rss/articles/CBMirwFBVV95cUxOUTBYUUZHMmktVEo2ZzM2a19GYXFkOXg0M0g1amhuQlZfWGJSMjB1aDNPVmpkYzkzdUdKLVNqcTNlV3Q3a0pNaVZkbmxSWUNiVlVHb0ZUMnVsMjUxX2lkUlkxb0hDb3BqclpBdGVkcmlmSS1STG15NzlFTFdzUnNGUlc0LXV4ZVBEenVhQnpJUkE2OUdYLXA4aGxTdDFNX29LdVZwVFNRWlFtSWppMzlB0gGyAUFVX3lxTFBwQVJoazI4bVFlVzZlc0ZIdDF1WkQ3YktyZnlMOGpoU2NYbWE0Tnc5X0dBRjFtWDdWanRVdUl3Smhtd1ZpVGRZSEFBSXdQUlIxN2ZfYU1FdkJWNVhsMkx2OV9oWHVzMWNGcDdCeU9yNXFCZHZNSWo1U0EyelRHbExaZk5RbHZmYXlPdm5uUERaSUF6UEVWTC13aVp5U1N0NjZZb0xibl8xYXluVkt6LUdGdXc?oc=5,Google News RSS (10-Daily)
09 September 2026,hokisentosav.com,Media Massa / Pers,Tier 3 (Lokal/Independen),"Rs graha medika wiyung🏆 Kost Putri Dekat UNESA Universitas Negeri Surabaya, Pakuwon",Akademik & Umum,Netral,https://news.google.com/rss/articles/CBMiYkFVX3lxTFA0X05XTk1FWk1Ebk92S2Q5Y3pNa1dVVG1ZaUQ5YkNuUzNKV01yWDVTQWpkLTFNQWtheWZVUlRtYTJLWG5hY05uMmVwLVc0TVE5aXkzN1JpaEVZVkxQdTNWSFlR?oc=5,Google News RSS (10-Daily)
16 May 2026,SMAN 2 LAMONGAN,Media Massa / Pers,Tier 3 (Lokal/Independen),Juara 1 Proker OSIS di UNESA,Prestasi & Penghargaan,Positif,https://news.google.com/rss/articles/CBMiakFVX3lxTE1aWUZjcURxRWF5WnAyRDVVV2lkWmpMRWkzSnBJX2F5QlFiS2hZeG1Za3F6UW1fTE1zWGJrSFQ1N0xQQ1RnN0xxUk4zZWhya0NZaTd4bS1KejNkaWxidGN0NzJ6a2l4VmNlSmc?oc=5,Google News RSS (10-Daily)
12 May 2026,Politeknik Negeri Banyuwangi,Portal Kampus / Akademik,Tier Kampus Mitra,Poliwangi dan FBS UNESA Perkuat Kolaborasi Tri Dharma Perguruan Tinggi,Akademik & Umum,Netral,https://news.google.com/rss/articles/CBMimwFBVV95cUxOZ1F4enZuckg0ajA2aVd4dmFSa0ZFdURQX0l4SVotZFJRdEZzWlFyY3d4V1MxbjY0Qm1uSXNMMFBRemFtM0V0TC1rMXlkRFpMNm83Tlk5SUpVUWJya1RQdDNDWWcyWHhDWjAzWTY0RzQ3Ti1FbDFHUzVHemhkcV83cHFRREtYWlU3b3ZxMFZJa3hRLThtTEVzWXNyYw?oc=5,Google News RSS (10-Daily)
15 May 2026,Universitas Sebelas Maret,Portal Kampus / Akademik,Tier Kampus Mitra,UNESA Gandeng FP UNS Dalam Perkuat Standar Akreditasi Melalui Kolaborasi Strategis,Kerjasama & Internasional,Positif,https://news.google.com/rss/articles/CBMitgFBVV95cUxObUxJNVJ5dG93Y3QwajZBbmh0MnBVLWI3QUhWM3Ewa1JPZ00tMkFCbWZ5SXlzRUwwVV9WT295dTZVRGxCUmFtbWFjakVoYXhQZ2VQMHByWm5OSC1pQ090elR0VUpFM3pnZ3l0UXlpbERkTldVNkhleGxjSWNCUzYyWlZRT3RWa0ppY05fNlRMUDdiOXZVSjBaaFZWY09xbVhrWEtOM1BwSUdDWlc2c3J5bDZISUQyQQ?oc=5,Google News RSS (10-Daily)
14 May 2026,Universitas Udayana,Portal Kampus / Akademik,Tier Kampus Mitra,Unud Terima Kunjungan Tim DIC Unesa dalam Diseminasi Model Layanan Disabilitas,Akademik & Umum,Netral,https://news.google.com/rss/articles/CBMipAFBVV95cUxNR0lHOEcxNFBwaWN5d0RpY1hCNnd0eHZ4dmowajlqMzE2TE5ZZC1pYlpIUll1dXp1RTByaERUQUlUb2xScU5yNjliUnVzZk1oM09LTkIxY1d0WVdaaTV0Z25uTVF0WnpMeENQWWEtUE1OZUMySUZjSHhBZGNYd1lyZmJjUi12Q1Q5eUduYk93TmIwdnlCbndRVHo0U1JyYkQtU252eg?oc=5,Google News RSS (10-Daily)
19 May 2026,Threads,Media Massa / Pers,Tier 3 (Lokal/Independen),S-2 Pendidikan Dasar FIP UNESA (@s2dikdas_unesa),Akademik & Umum,Netral,https://news.google.com/rss/articles/CBMizAFBVV95cUxOckVXcW9SNU5DZWZWRHFGWTU4czUtWDdPcHJNb2ZaeWo5NEZOS3JhbmUza1FsWlRkVXNHdWVtc3BubXRKRWZYbU1pRnd2SVN2RkZvckcwZlNZd013MDFUaUNrelFTUTlJdnl1a0hwY1ZROGdRdl9wdkNqeHNCTWpOMkRacUVoOUhhZWNGQTdWWFgyNVpkd1V0TXVXTkRoUnNvbEJWUTBWQV8zQ2w4aUpoZTl6VFpYSVpBcjNWajFRc3hEaG5UQjgwUE9SaTc?oc=5,Google News RSS (10-Daily)
02 June 2026,SMP Al Falah Deltasari Sidoarjo,Media Massa / Pers,Tier 3 (Lokal/Independen),"Student Internship 2026, Siswa SMP Al Falah Deltasari Jelajahi Dunia Literasi di Perpustakaan UNESA",Akademik & Umum,Netral,https://news.google.com/rss/articles/CBMi4wFBVV95cUxNcVJXRXR6c2llSG96SzdUWk1td1h2MVJsRnE5SjNESGVGV0xqZTRJV19iQXlXTVNUV2IxNy1WLUNUU3BQTWJtdGdCVjI1TWlpcnlrQ0NNU2Zwd1Q3YjJHTlFDWFNLajNLaFJPUTQ5M01DSUhnNVhoVFFQZU1ZSkQzVWxyOTZLbTdJbDhINEFFamJMZnotM0dqNG1DWUExTmx1UWg3cGpPcU5EVHdpdmVkai1jRTdRT3BidVBxZXpINGJxX1RlaVUwNEQyc1lGYnhoZ2lTTHcxNTZlemJscGtXczNuSQ?oc=5,Google News RSS (10-Daily)
29 May 2026,Yayasan Barunawati,Media Massa / Pers,Tier 3 (Lokal/Independen),"Event Detail | YBBS | Berkarakter, Kompeten, Mandiri",Akademik & Umum,Netral,https://news.google.com/rss/articles/CBMiiAFBVV95cUxPTlpZNnFYeE9IUEQ4WHlmRjJJN3JLNnBnTzV5YUZvOU9ocEpUUnhnUnlyenEzRmZjMTNWZ0g4ZFM5dnN2VTFfREhvX2ZQTEJzNFF5M2FzRmpDQlR6S2V0SFB1bHZNZU5tVTNnN0VZZ0EteUZaSFJIT1NIYm4yZF9NMXhQYWExNHZF?oc=5,Google News RSS (10-Daily)
19 May 2026,kumham-imipas.go.id,Media Massa / Pers,Tier 3 (Lokal/Independen),"Hadiri Seminar Nasional Unesa, Menko Yusril Tekankan Pentingnya Regulasi Adaptif Hadapi Gig Economy dan AI",Akademik & Umum,Netral,https://news.google.com/rss/articles/CBMi7wFBVV95cUxQT0ZvZXh5alZFUVVvVWl5dW1sMkxHdEIyNXRHUUlUVGhqRTI5UmxZcWc2VzRJM082WWpUWnNRTnhnRDB1cHBxMnd0U3pkSWtDcDZ0Vl90THlHQUVTcWNaYUlNbnRaV2F0LXVaaUtoa1J0ME5CMGRyTVR3WXhJVnhSVm9oYnVHSHdNa0Vla3gtRzFIcUZzMlByUDF6NEhuVmxJRlJZaXR3NWZQNG9nMTJKbHkyVWRWcDdvVTVmbXkwNUV1Y1lKeFhGd0VOVU01MlVFUEVpN2VOdjM5TlNmSThoakF0VFY0eG5VVlFRNHR6Zw?oc=5,Google News RSS (10-Daily)
18 May 2026,smanegeri2tanggul.sch.id,Media Massa / Pers,Tier 3 (Lokal/Independen),Membanggakan! Ahmad Daqiqul Aqil Wakili SMAN 2 Tanggul di Program Bina Talenta Indonesia 2026 di UNESA,Pengabdian Masyarakat,Positif,https://news.google.com/rss/articles/CBMi0AFBVV95cUxPdWNYOTdYUUl2azdjOHVoaDY2UnktRXk0RUl0MHFDOWRKaWtHbUF4ZnZLa28zYy1scmRpNURtTnFtc29DMWNFT2lCdXJwOUQ5dWl3MEZuX3k0bzh1Vzl0UU5VaGQ3dnh2eDNOYjJ4TjJjQmZSTEVSdjkwS254Wl93ZnEtQlFZTjVRMzB6a0lFblhVeVB2ZVRqVmxNaUNxdnhSdFd2SXZGdGlBVjFTTVJkdi1ud2poVTFmSmZ5R0UyQkQxaE8xcXB2X01ZTks5U1ZI?oc=5,Google News RSS (10-Daily)
19 May 2026,antaranews.com,Media Massa / Pers,Tier 1 (Nasional),Yusril tegaskan pemerintah tak perintahkan bubarkan nobar Pesta Babi,Akademik & Umum,Netral,https://news.google.com/rss/articles/CBMirwFBVV95cUxNM3Y1dGthbFdSTUZ0eDVxNDFSYTRPRnotVzUycF9zSi1Ed21NaW5VRTlwd0pfSmF4eDZtdWV5U2FDRmE3VXJ6NnI2MXZDZUpSUW83Q1F5cF9mdndEQ29Cd0ZYNUpiZTNjQ3BaZW56cGdRcEtEY2JFYVI0TThEcWg3Ny11dUgtQjhmTGhlSllmek5wdW5XS3JyOGNZdnJBTjFUWlhFVl82aTlCaGE2WkRF0gGyAUFVX3lxTFB2cVJOczhPTHRkeWthQ1UyS1doZ01BMDJZRXcyQmh3T1BHODdXaTNQNXJjazBrWnpZRWw0dWQ3eGxVQUc2TE5td1BRbEdPSDdObm93cWNpQlYzZlNxb2tOUkQyYXpYNnlpWmV5Ym9Na21tMi0tZ0JVWThYc0JSdl80U09fY2luRzFFeXJjOHFPdWs2TWFLUUNtbndld2ctSVhFc1V1clQzNG9HRmNKX1VOS2c?oc=5,Google News RSS (10-Daily)
12 May 2026,sdmusix.id,Media Massa / Pers,Tier 3 (Lokal/Independen),Bangga! Jhonathan Perkuat Farfaza FC Raih Juara Sepak Bola,Prestasi & Penghargaan,Positif,https://news.google.com/rss/articles/CBMigwFBVV95cUxOUUo2WXRQTmNIRXBuYkUtT0JPa1RtSHNuOE1tTWliYU9QSk5FYWU0Nlk2N3drb0dHVmUzNjRObTA2MEV4WTYtT2tMRFJfeEdDbHE5a1BwNklZSTV0ekNJcDhXZ2ZwRnJPcU1NRzluRjNZNGpzVmtIekFSUk1ZczVCdTMtWQ?oc=5,Google News RSS (10-Daily)
19 May 2026,Fakultas Perikanan dan Kelautan,Media Massa / Pers,Tier 3 (Lokal/Independen),Sinergi Bahari untuk Ketahanan Pangan Berkelanjutan melalui Studi Banding Organisasi Mahasiswa Perikanan,Kemahasiswaan,Netral,https://news.google.com/rss/articles/CBMiyAFBVV95cUxPYWJkZ1V4MHdNRFU3TzZWZHUwRWZxRmJ6QXd2czJjS08tYVNOWV9XUUVldWowM21sRzB2VmlubEZfTWlVQWgteXl6Nzk2dFd4MHZLUjV5MzEzQzN6THEyX195QTBrWEk1YTBtejhZY1NtbmhTd2N0VGVnanR1RTdBb0xObk1Wb2o5ZWMyenVyZ2FWZ1p4WXAzUjRuOEZ6ZG1VTGdfcktDYjlhZ1JlMm5WQlZSSTFpYW9aakpfSVgwVUJkUEtjdlE4dA?oc=5,Google News RSS (10-Daily)
12 May 2026,Green Force Run,Media Massa / Pers,Tier 3 (Lokal/Independen),Ini Daftar 5 Lapangan Lari di Surabaya yang Cocok Buat Jogging sampai Latihan,Akademik & Umum,Netral,https://news.google.com/rss/articles/CBMiswFBVV95cUxNYW10cW9vbDFqRm5rYi0tNmpxQlluR3dPWWxpLWV4UGVId2NBSjc4cHpMYTdIX1UwNHV2cF9TY3FZTGRkRFUyMm1LQUtHVXNjcklteS1lNi1Hb3E4amlVNkRjVEYxT01vOUttX1dyXzU2UW9PN3I4WkJtbzhsbVFDRUNEdW5Bem5pUkxyZmNmcFJmODBjYTVZOW5NcUVGNVJWYVRDSGhLbXFjR0FaY3NnRDFicw?oc=5,Google News RSS (10-Daily)
16 May 2026,detiknews.id,Media Massa / Pers,Tier 1 (Nasional),"Dr. Yuhri Inang Prihatina: Echoes of Gim Embroidery, Sulam Gim Pukau Pameran Internasional EVOLVE UM",Kerjasama & Internasional,Positif,https://news.google.com/rss/articles/CBMiyAFBVV95cUxOY1J5VFhLTFh6T3dqNlgxSUpMbFMwa19GdndTNUowVlBMbXo5YnZ0eXNWVWFLay0td3ZqWmJZY3p6VGhGSFJFaGc1OFMzb1ZtcjVIUUZQOURmUk04WGJvQjFONkNKNF9IX3lBaUVyZTVkNU81NkFlMVJRdHFkcWN0NXF4alNkNHlKei1RRWF4YktYelBpR3h3MU1lWmptc0syOE1iTWxjT3JfZ1NTbVM0MVF0MFQ1dERVTjlzb0VXRk1xQWY3MUJYMw?oc=5,Google News RSS (10-Daily)
11 May 2026,detikNews,Media Massa / Pers,Tier 1 (Nasional),Fatma Saifullah Yusuf Ajak Siswa SRMA Ciptakan Lingkungan Bebas Bullying,Riset & Inovasi,Positif,https://news.google.com/rss/articles/CBMisgFBVV95cUxOWFNuNzlLRkwtVExyaEVRX2hNQjZMMXoyS19YMU1paXV5UlpDM2M4UmVBZGVicGRIdndJcWJmMkJQUDRMVnUxaGRZbGxmaF9QXzNzeGQyM1A1b1RHc2lvbnlTbW9idkFoZHdyaDJoaUdmZi00UDE4NkFhS1ktaEt4c3hIbGI1ck15M0VWTFRGakJ5VmN5eTB0UmpjWGxlNXRrMmtzZC11U1E4TndlamdzYi1n0gG3AUFVX3lxTFBMcUplcFBHNkYxTXBBUzNETENfNnRobmQ3ZGxuckJHaVhkckFJUVNxV1NzbmpEbmpMaV9sTVJyT19Xd0NIN29UZWVVbEpQNGFrZmNhSGl5Qy1ZUlRZQ2VLc0Rtc2Z6WGM2UEdEVElYb3A4OUZUR19lQ0l4ZVNCWXpMVVk3Qlo1SHdYMlVEQndZRFMwbGtSY21JZDZhRkFtdVZTcFYxNUZ4cHdGeHczcFJidzdXdkU1aw?oc=5,Google News RSS (10-Daily)
12 May 2026,Yayasan Pendidikan Dzurriyatul Quran,Media Massa / Pers,Tier 2 (Regional),Asist Proceedings Template - Word,Akademik & Umum,Netral,https://news.google.com/rss/articles/CBMingFBVV95cUxNWWN4THViUWVfd3JqSGo4ZlZqNGQ0eWxfZVVBckdDN1lQWXdGNWYxemNxelhZeFVNekFtOGVLd0h0c0hpLWktNlNuTVR5V01WN0dMSHl0b05YWXk0NzFnY1kwdnFiVDJIMkkzQjF4R1RsaDhCcXd4NnlyTnlic0p4QXlFRGMwb09vQ09aUmpRNFRLa2tqYUE5MTVHcTREQQ?oc=5,Google News RSS (10-Daily)
19 May 2026,jatim.antaranews.com,Media Massa / Pers,Tier 1 (Nasional),Pemerintah upayakan pembebasan jurnalis Indonesia ditahan di Israel,Akademik & Umum,Netral,https://news.google.com/rss/articles/CBMisAFBVV95cUxPQndOR1o4eV9kTGNEQW5YaHZIbHBHcHUyRU5OcjlYdUhQZHNyc2VsaXBPTGc3OGRWaGw1cEd6aEVsaF9kYkkwdE9namNDUmlXeUdGbEpOSzNqVGpwRm1sU1NrSTFBYnBHOW9HWTc5Mng4Sm5IeHBnOGc5Q3hyWFBmRldsVnk5LVBBbWNId3FCQTFoQjNwNG9GZjZqakZ2VXlsa3VEM05XRmVpWllpVS1ORtIBtgFBVV95cUxPNXFta0RvWlpsYy14Rk4wZ0JOVUJCQUZINmVqcXBTWjNReHczRXRhTTNZWjZqaEZ6OWlaaDQ0elI1RDc5cE9iQndUYjZ2NDZNdE5yb1ZMVTdJd0hUVWNYZUl5TWhOa1Y2TDVhVjhzMWk4NFB1VmtTdHlPeHJOc1NHQUlJcGItdGNiNUtOcVd3RXNUY29lWE9GM2h5RlJ0N3h0OWRyZHY3Zl9YcWJEbjRlMDhON3hrUQ?oc=5,Google News RSS (10-Daily)
14 May 2026,Skuling,Media Massa / Pers,Tier 3 (Lokal/Independen),9 PTN yang Buka Jalur Mandiri Pakai Nilai UTBK SNBT,Akademik & Admisi,Netral,https://news.google.com/rss/articles/CBMia0FVX3lxTE8xazhVdUxDaTJ6LXgzVmdQZm9XeVlBRnFvdjZMTm9vVXd0QUdRTktGVjJ3SkZuMXloZlFUV01KMWRTNjI1RzMwMzZMdlp4NVR4SHZwWTNtUUF5aU1qUmdJbTJTajdROGsweGFJ?oc=5,Google News RSS (10-Daily)
19 May 2026,Memorandum.co.id,Media Massa / Pers,Tier 2 (Regional),Yusril Ihza Mahendra Soroti Tantangan Hukum Era AI dan Gig Economy di Unesa - memorandum.disway.id,Akademik & Umum,Netral,https://news.google.com/rss/articles/CBMiwwFBVV95cUxNNEdXTUVyNlpMY25BMFpBQW16NmZFbnJ5MkdKdVMyV1lNUkxMQmFibERGd2w4c3ZYNVZyRVZRcERKblh4ZzlUX1dYd2haamd4T0hQYU13QzlkWk1QcDNRaWdra2RObGl3Q0hSNy1EYk1Fbkx3MUR1ZTJob01xcmFzaTFOcFB1eWh6QlZKRHFFUzlsU1hfYmZKNGQ1VkZVYjl6YTM3d01kbEN5LUR2V2JPNHdsV2hxRnRWZTNZLV9tZ2tseTjSAbYBQVVfeXFMTURKeHcteWIxdW80d083T1E0UWtyZlNDSFRkaUxhVFV0andnSnREQndTcjlfeWVNT3VnTTFDYUFmdlRFTHNOdms3bWEydzlIOF93THphWUs0S1ZGRk5kV2JlV3RPRU5pNnpDU0NSWXF4RGw3Mk1tMVZKZ09yRFllcDNyZEN2MFFhMmMxN1JUbWItYVplckI0OHlmTVc1bGs5SGhydVh2VmJaWmdaV191c01lQlk2bGc?oc=5,Google News RSS (10-Daily)
11 May 2026,Kompasiana.com,Media Massa / Pers,Tier 1 (Nasional),Kurangnya Kesadaran Masyarakat dalam Menjaga Kebersihan Lingkung untuk Mencegah Bencana Banjir di Daerah Ketintang Surabaya,Pengabdian Masyarakat,Positif,https://news.google.com/rss/articles/CBMiuAJBVV95cUxPUFJKTFBjanZwdmt2OVo1MlY3SjJfYmxNVVRKa1gwM25ibENsaTJfejB0Y29pcTZ2U19GNjZqcEVqQnFsRlBtMU5PM1U4azdKU3p5ak45YUxoZVBBTTNXRnp2amJScmhqNG1NUkdreUo2enVyUTRiY2REWFJzMnJTUTdnSWtyeElfQ3ptQ09sZDR3bHFvOW4tMEJ6Y08xcDVrLVNCaTJJdE9qVGhBZ3VXQ3duVnhlREFaTS1qMG9QM3JEYVV5T0hUZFBiSGU2YkJrUmZteXlHSkhMVzRRZGRqUkk1RDc3TXV4SHZmakR6U2VkZjZCU2lPSGxLRUdZc1piSC11Mm43Nk9RbG53MUpITTJtNjh5SjktTTZjZ053N01jbVdHSmhzdzlhcWtPOWtQZERZUllYdDA?oc=5,Google News RSS (10-Daily)
11 May 2026,ISBI Bandung,Portal Kampus / Akademik,Tier Kampus Mitra,Rektor ISBI Bandung Tegaskan Pengetahuan Tradisional Harus Terus Digali untuk Menjadi Energi Peradaban Bangsa pada Forum REx Chapter 3,Akademik & Umum,Netral,https://news.google.com/rss/articles/CBMi6gFBVV95cUxOM2stXzVlclpqWGFiYzRZYjE2U3Vfd1JnTjBlWk5NNnpwdk5oNjJtbGpYMjdIWFJTYVMwMzhZWV9DV2VJMG43ZkFmZ2RlVGVQUVFCZWJEOEtVMS02YVR6ZzNoX1Y4MFVUNlFKbG01UjdmbkZmbWN3UFNacFA5cF9WOTVscmw0MExvSW8yM2k1eVE2eG4wdE1FUm5FVWhLTkV4YUhTZnJWV3pkUHJ0bmhUYTNrQ2luWnpOTGs1b0VUVlc5dWszUzdIWFBfQkpOWXdHQXFQSE1fNnprZWN6MWE2LURTUnJTTU0wUnc?oc=5,Google News RSS (10-Daily)
18 May 2026,ASOSIASI RISET ILMU MANAJEMEN KEWIRAUSAHAAN DAN BISNIS (ARIMBI),Media Massa / Pers,Tier 3 (Lokal/Independen),Peran Kecerdasan Buatan (AI) dalam Mendukung Proses Pengambilan Keputusan Kepemimpinan,Akademik & Umum,Netral,https://news.google.com/rss/articles/CBMib0FVX3lxTE9lWUk2dkRPRkNKN0VVVEJOMEs3aFR1UXJFQ29IQjdZYjY0bk1zbzlwa0RoTmF4V0hVYXhOV3JSUC1aUVJYbHp5dzRoLW53anNmLTZaTkp4NDdfeTlDaGdfSGtEbTBwWTZ6ajJENGF6WQ?oc=5,Google News RSS (10-Daily)
19 May 2026,ranbitv.com,Media Massa / Pers,Tier 3 (Lokal/Independen),"FH Unesa Gelar Seminar Nasional, Menko Yusril Soroti Tantangan Hukum Era AI dan Gig Economy",Akademik & Umum,Netral,https://news.google.com/rss/articles/CBMivwFBVV95cUxOejBaNnpVaVFGSGRRUDlvTVJzOEoyUkdnWXRsR0RERWhnaEVvV1FvenRtc3RCN0NQVzhSX0Z1Q0VYOS1TdFZ1TWJMMk5faWhkQzl5VTBPdEEtNTdOZ1RWaEI2VjNWT3RkMDlac0E2SG9Fb3JPMFpFZnE0endOOFlPQlFpRjUxNzNmT3pNM2xQc2V0SXBtVjBMOG1zMUZCZGVSNTd1QTlHSmVxNXdleDJ1Vld5QVIxdXJjam4zTmJYOA?oc=5,Google News RSS (10-Daily)
16 May 2026,Politeknik Raflesia,Portal Kampus / Akademik,Tier Kampus Mitra,Peran Partisipasi Anggota Dalam Keberhasilan Koperasi Merah Putih,Akademik & Umum,Netral,https://news.google.com/rss/articles/CBMib0FVX3lxTE4xcGpoOHdXM0ZBMURwdDlNMkc4R0N1eE91enlUNHh2M3VSUU5GOWxRX01rdnplcGgzdTBoTXQ5dE9tR3llRWNCRXRQbDBCNWdBSFZIc3gxRUFlbEhaQjJCQVlTbU5ZN0xrZVNidGVlNA?oc=5,Google News RSS (10-Daily)
17 May 2026,Universitas Ciputra,Portal Kampus / Akademik,Tier Kampus Mitra,PENERAPAN TEKNIK APLIKASI PAYET DALAM PEMBUATAN KEBAYA KUTU BARU BERTEMA MYSTICAL ORCHID,Akademik & Umum,Netral,https://news.google.com/rss/articles/CBMiaEFVX3lxTFB6TGFiX0I2Um4yS0FMck83TjlxdWxsdjZPam1fMU1GM3pJNUdhMk1MNWh2bjhacno0ck1QTGNjek5qTnJLazZXdWdZNjZzaTJkOXN6RFFjbDlfdGRBdXBIbk1OZm5naU5a?oc=5,Google News RSS (10-Daily)
18 May 2026,SD MUHAMMADIYAH 15 SURABAYA,Media Massa / Pers,Tier 2 (Regional),Serunya Mengikuti Simulasi Manasik Haji di Halaman SDM Limas,Akademik & Umum,Netral,https://news.google.com/rss/articles/CBMijgFBVV95cUxPekk1RmlSVFVsY3FFeVQ5UDFjSXQxWkdGN056NUhXTldmSWVpNkZaWUVaYk9mUEczVGRiYi1lbHJLWXJ0c3ZzUmZwam15MzI5bnV3a0RnOGJxU0dDaHRhQXBrZlhBdkh0dnpWZWJncnZrSjRlWnRiR3FqRU5JNHFGcUxkU3R2QVc3ZzByeHdB?oc=5,Google News RSS (10-Daily)
13 May 2026,Betahita,Media Massa / Pers,Tier 3 (Lokal/Independen),Panen Sampah Plastik dan Popok di Kali Tebu,Akademik & Umum,Netral,https://news.google.com/rss/articles/CBMihwFBVV95cUxNRzBFM2RKbVlWTXI3bllLZVIxdDNQTWJVOXMtMkI2cUVsM2hleHFhNVJveW9IRTRmUU42bzhMUS1FTmJSNHBjYUhuakx4VnpzLW96X2JwZ2t1YlFoZ0F1UUo4SEJfNTJEREhxTDFFTGVMek1FMU9tR3M2RzE2bjJpNmlDZGkyRkk?oc=5,Google News RSS (10-Daily)
14 May 2026,National Institutes of Health (NIH) | (.gov),Portal Kampus / Akademik,Tier Kampus Mitra,Beyond cultural competency: the unseen spectrum of gender microaggressions in Nordic maternity care,Akademik & Umum,Netral,https://news.google.com/rss/articles/CBMiU0FVX3lxTE96enFIcVRIelVwckVoNTdyV29XczRRcmhXSWtaNkxRbF9UblBRMXgwZlJIRGxYS21iS1cxemUtaWNlNVJtY3g2THNmaHBDTXlqbXRZ?oc=5,Google News RSS (10-Daily)
18 May 2026,Radar Bali,Media Massa / Pers,Tier 2 (Regional),"261 Ribu Siswa Lulus UTBK SNBT di SNPMB 2026, Simak Jadwal Pengumuman dan Cara Registrasi Ulang",Akademik & Admisi,Positif,https://news.google.com/rss/articles/CBMi3wFBVV95cUxNWGtsbDhnNXh1cjlMdjl4c3hLbWxMTmYxQjNtNXBQZWptWmczbmt1NkQ1QUYySHhCNlJEcS1waF9IaDVPMFZ2X053dTZIU1FUZDZreUxZbGhGZzRubU91UDhkc2JtZ2hsYTE5TWFLcEhGR2tJUGI0REdBdkp4Nng1ZE5QdjRBbllWMVozelZ3cUNEU256OTVLQWlnMXZ4R3BFcFUtdUxXQ0VZbGx2cnlwSWtQU2F3WC1XR182SWlIN3Z2ckNITjRpVTB3MmxTSXdmNXBJeXBtclN5RW5GSWVv0gHkAUFVX3lxTE9qMzhjeFY3WThCbzVMbkFhY3pmZjRpNGsxOUtINVZWOUU1Y294VHczWHRzRW51RFlmaVpBMFU0c1dFQVFreVFxVGJwZmhkZjRfUkphdFZRSHA2QUdoQ1E2SWM3SjJfd0dsUXpxVEp2S1JxRWhJTmx0WGxndTlwTklIbUlSTFRIRDFLTm5JeGs2OXI4LU1fNTFZM09RSTBhTkxtWVZldzczc1plSDNfR1A3RGpPUXJiOS02X091TTlSbm1FVWI0aGhUNmUxam94Z2JrUnRxM09mWEhXbWtialRKOWJuMw?oc=5,Google News RSS (10-Daily)
12 May 2026,Suara Merdeka Surabaya,Media Massa / Pers,Tier 1 (Nasional),Dosen FKK ITS Jelaskan Gejala dan Ancaman Penularan Hantavirus - Suara Merdeka Surabaya,Akademik & Umum,Netral,https://news.google.com/rss/articles/CBMivAFBVV95cUxNSHV5VVZtcktHZ1hiOTRkZkl4YnhOYUhCUXdyUkpJTERHeXJEUFUxazBQXzhTMG9BTTRYblZoYko5em9xT0ZlZ3VDbTFqMUhFLThYT0FHZnBCZ0RkQWphekpmeHpkeHJBc2xqRU1lbjZUVnREczB6UWdFM0d3cGNBaGxXR0F4bjNHa2JXY281dkx2d2dQclFINnI4UWlvWkpBdlRVclJIWkRNQ01lV1FjdEpTUnJPWkg3UmNOMNIBwgFBVV95cUxPUURERmNNempGb2FFOXJ5ckpBSnVJZ0NId0lpT05DRzlMRnJyOC11NEtuQURQSjN1dzR0S25pMFYxcU1LR1RjSXhfdVdvemZHSm5TaDFHdFdRbXk4X24xVW5zTTY4T000cjltMGVlS2ZBb2VJMTlaSDN0bGhNc0hHV0M5X3BUdmYwcEpqa1g2ZE9WUi1JTXlGQmtEUjh2X3I3dkpjLWR3dVNoeVRwNXNCcHVVMjh2amJ2TXBkTGFKYWdZQQ?oc=5,Google News RSS (10-Daily)
18 May 2026,detikcom,Media Massa / Pers,Tier 1 (Nasional),"Unesa Buka Jalur Mandiri Pakai Prestasi Pramuka, Ini Cara Daftarnya",Prestasi & Penghargaan,Positif,https://news.google.com/rss/articles/CBMiuwFBVV95cUxQczRvTjNFV1V2bzQySG1WUHV1dTFBUWdCVVJHeFNwMmk0OHlDbmV2VEVKdVJxMmpGLW9id19QeDFZSl9yRmFiQzVSbTF0VzN2dEdxNWFLTGNyTi1uMFNBVUNpQW5zR3NMM2tpSGJ1UnF2cXk0TllSNnRiY28wbzFoOE9QdHJYNmREd3ZlSkV1WDF5NVhFYmJfYWlSdktsNkRPcWphdmRPcnlPLXpUZ0J3TDlmUGNWX3hqbGhV0gHAAUFVX3lxTE5SREVHdXJLQ1NRMUhBcjlkTjZQU2NQcHY4V0ZTYlVpM3VfVW1DU0VIVHBjWXFrVnl6aDMzYmRQY2tGNXUwdy1CS2pEUGVicjdzODJFUW5LOEluc0hfNDltMDVaVXk2R0lPWnYzcGVPSlBpZmNOQ0NBb2lVNjNQNmFnR3BRU281dTJVMEV2Y2NHd0hiamdwSzBkYUh1Um5rbUl0VDQ2X3g5eV8xa004Z3puMEZUbjlJYk1ENDd1MXhqVQ?oc=5,Google News RSS (10-Daily)
12 May 2026,jatim.antaranews.com,Media Massa / Pers,Tier 1 (Nasional),Wali Kota Surabaya ajak orang tua untuk mendongeng kepada anak,Akademik & Umum,Netral,https://news.google.com/rss/articles/CBMiqgFBVV95cUxQNGVwM1ZrSWZxeXRzTm4wZEZUWjdfaHA0QlZNcG5Lb3k0N3lsVVRjM2s2djBCWldfd3hHTVl3MklVSlpiZ2dNUHBTeHlxZHJTT1I4Vnp4NGRQUndFU3htR0pYdFpOd2VjcTNFVk85U1RTT2tYWkw2V0VZbDUzbTZUYzBoVERtRWNmTHpRMWl4QnhIYjduMnpZNGw3ZFkzOVhVWGd6X1JVR0w3d9IBrwFBVV95cUxPV2FSWmdQeW9oMkVpMUpYWXRsM00wdTNxRDNqRUwxaGtTWXdYZWVwVFY1a3lXbkw1d1k3RHRhRGdvdlpuQ3NwQ1VOZWo3cVZOVXRITTczY2V6OHFWcjMyQUVDZk1Qa3BzTVlwLU5uM2pINi10YUVXQ25veGpXQnNOaTVmWUNBUTc2MHpwQWJFeGRqQ2lSbUZXNWtSN2V4Z0drN0JodnE3R05xdC10cjZV?oc=5,Google News RSS (10-Daily)
13 May 2026,SMAN 2 LAMONGAN,Media Massa / Pers,Tier 3 (Lokal/Independen),Juara 1 Debat Bahasa Inggris Dalam Ajang LDBI,Prestasi & Penghargaan,Positif,https://news.google.com/rss/articles/CBMigAFBVV95cUxQWnpBdWRMMHA4dlpvb0hzb3ppQzFNYzBKUHlLeWdVa21zb2tSM2FrLXMyUWpqbmJOSXhjQ1BEaDFXS2V0MDh5aDV1QktzRWJDNEJkYU1wVHdmMk9xNHg4dURxZ2hHZkpSRFpxTGRRbjBUYXByV1YtVXprWDJwdXBDVA?oc=5,Google News RSS (10-Daily)
05 June 2026,2026.citsm.id,Media Massa / Pers,Tier 3 (Lokal/Independen),The 14th International Conference on Cyber and IT Service Management (CITSM 2026),Akademik & Umum,Netral,https://news.google.com/rss/articles/CBMiOkFVX3lxTE90T19BQ3doN2NRVy1SS0RfNU1pTkE3c0hIUkNuOUJla0VJNVRUaWhNRDZiZkM0dDdOcUE?oc=5,Google News RSS (10-Daily)
19 May 2026,Universitas Riau,Portal Kampus / Akademik,Tier Kampus Mitra,Jurusan Ilmu Komuniasi FISIP Universitas Riau Gelar Lokakarya Penyusunan Rencana Pembelajaran Semester (RPS),Akademik & Umum,Netral,https://news.google.com/rss/articles/CBMi3wFBVV95cUxNa1JHdDZxelc5QThkZ1NlN2ZKc2VEbEt2WTlERHRmdHlmTDhvOWl4dlMtTlN3VTdTMzRkenJuZ2l1YVU0WjZDQ21XZUZxaGNxX2F0SE1oMEkxYUZGN1I2WWwtZWdOblFmMkdja3dlazhGQ2FDUDY3a0JrRVhTOWkyVWtEZ08xV0hrekw0RndRanhEcWs3UEtuZTgwMFh2ejRBVFliNEk4ZjRQNDBxYXlnbEhuczZ1bDFOSTFsY1VpdV9WRkxoUFMzX3lSeUVTM3hqM29tU2NqeENud1E5NlNJ?oc=5,Google News RSS (10-Daily)
12 May 2026,digamed.net,Media Massa / Pers,Tier 3 (Lokal/Independen),Stres Kerja pada Guru Anak Berkebutuhan Khususdi Sekolah Luar Biasa Negeri Pesisir Barat Lampung,Akademik & Umum,Netral,https://news.google.com/rss/articles/CBMib0FVX3lxTE1acjlzRHJZU0dSaURVY3gzZUJHZ2VsbWtxSzBQWXJYQVVuQ0hnU0twTFh3dVNJRklhOFM3TE4yRTJOWnc5cTZTNnZ2cVBieWNJUlhsUlV1czcwUDYyNlY1cVB6VzlqSnVRMWRQV2RYcw?oc=5,Google News RSS (10-Daily)
16 May 2026,APPISI,Portal Kampus / Akademik,Tier Kampus Mitra,Pengalaman Subjektif Individu dalam Hubungan Pacaran dengan Pasangan yang Mengalami Avoidant Personality Disorder: Studi Kualitatif,Akademik & Umum,Netral,https://news.google.com/rss/articles/CBMicEFVX3lxTFBVMC05d0pKOWxNX0pVYzlQdkxnM210R3h3ZW1nWFlaTHctOU1KdkhUcWZKanhMbU9tcWNjWDJBYzRXX0ZidUNqRmhEY1FFdnlOeVVlTzBNUFRRVG1LcGZUVnphNkY2eFVKVE5BWmVnY1E?oc=5,Google News RSS (10-Daily)
13 May 2026,Telkom University Language Center,Media Massa / Pers,Tier 3 (Lokal/Independen),Direktorat Pembelajaran Digital dan Pusat Bahasa Telkom University Gelar Roadshow ke Surabaya dan Malang,Akademik & Umum,Netral,https://news.google.com/rss/articles/CBMinwFBVV95cUxPUWs1aDZZZ3J5Yk9FMkJGamlCa2FSQjFmMlVZME41dXdreE1Yd01IVXBqaklOa2JLMU83YUlVbHVBUkprWHU0MUdDMGwyM1JvUWozTnBtNnVqekZ0U2g2V3YzMkJFTlZaTW5veE1WT0RZZDYwdjdrMGQ5WGRaTFNPWWlkb0F5MHo1NF90U3VLZjdRdnBGYXdlRnhDcUNJRHc?oc=5,Google News RSS (10-Daily)
19 May 2026,UMSIDA Preprints Server,Media Massa / Pers,Tier 3 (Lokal/Independen),The Effectiveness of the Sidoarjo Financial Information System (SIKSDA) in Improving Regional Financial Management Performance at the Regional Financial and Asset Management Agency of Sidoarjo Regency: Efektivitas Sistem Informasi Keuangan Sidoar,Akademik & Umum,Netral,https://news.google.com/rss/articles/CBMidEFVX3lxTFA4Y08zdDhjRzNyV21JYm9BSjFxZnNhazl2V3RsTndPUGJUV2NtaEtucktqSmFKOUpaOTBGX1dRR0RFNFB0VEVUTzJWQTZRYVgxMFFPV056SUw3cmxFVlFRaFU3OEV2cWZCTUxoUExZaG5rR0NO?oc=5,Google News RSS (10-Daily)
14 May 2026,Yayasan Pendidikan Dzurriyatul Quran,Media Massa / Pers,Tier 2 (Regional),Pengaruh Metode Bermain Peran Terhadap Kepercayan Diri Anak Usia 5-6 Tahun,Akademik & Umum,Netral,https://news.google.com/rss/articles/CBMilgFBVV95cUxNTEtrckd0eW1tWGRlODdqTnozeEtZVWFWNXRyemhUcG5aTGpMZmJSZTNhMjQ3VXBlR19lTkdReHBYR2FXSDNRYThOVUVkSlhLV3lLaVpMQ2lqYmp2TUdIX2F1NEJRdjl6cHNSbVFSZmFjdk5pMDNIYWlwTlBic0J5ckJ1TGRnNkdFOTVuc1NZU29oY2tVdmc?oc=5,Google News RSS (10-Daily)
12 May 2026,Universitas Terbuka,Portal Kampus / Akademik,Tier Kampus Mitra,"MWA UT Hadiri Forum MWA PTNBH di Bandung, Perkuat Sinergi dan Tata Kelola Perguruan Tinggi",Akademik & Umum,Netral,https://news.google.com/rss/articles/CBMiogFBVV95cUxNUFdMZ1lLV25OaHJWNE9JMGNJNkdzRkJOUkZzdVR2TXFFenNLS2MyNFdnek1CX1BTemZKbXR1YTg0NUlyQU5HRXdRVlJ1dG1rb2J0Q3RkVi1Hd2I2MEEtbFFMTWlRTjZZV0FTc2Q4ZmZwUVB4eWJmLXFxSWNfQi0xQjdjTzhubTVCNHo0ZEVDQlBJZEgtbHFDSEtjbEQzdTloT3c?oc=5,Google News RSS (10-Daily)
14 May 2026,detikcom,Media Massa / Pers,Tier 1 (Nasional),Kapan Pengumuman UTBK SNBT 2026? Ini Jadwal dan Cara Ceknya,Akademik & Admisi,Netral,https://news.google.com/rss/articles/CBMirwFBVV95cUxNTTdGcGwzMXJ5UXJYOWVOUWRpaG9rcGZqRkg1S2Y5UVZtRmQtS2xDaDlmdUFlaVlwOVhhdHNPMFBBV1JXdjI3cUJVSkRHdXVFWG0wSm9fZHVrOTRaMDhwM0tNN1V1aVZ1Q0NGbVFWZDlmbTV5OEdoYXZNT1hpdVQxSm0wVE84c2d0VTFkbnlYQ0lBTVoyVDJWZkZ1V2NWekpGaEZCT0ZuTnpkV3NuWU0w0gG0AUFVX3lxTE93N3NqR2ttWF9adnNZUmtCWjVVbEhJNUF4SjNjMllnRU9ZZHNqSWl4M21aWnlwaWZxM0JGMk5KZEwxTHVIQnQxclM5bHZfU1dubDNFQUJVMFl6Q1lQSVVhM0RYTkFsNkxOS2pIMC10XzFsSVlVWC11bm9yaUpTR29OODRYckVyX0VPVnlzRlZ4X0FQaVo0Yk1ERUUzSG5DU0xZNWtkSm51eTV0c0JTMHBqSXcxNQ?oc=5,Google News RSS (10-Daily)
19 May 2026,Kompetif,Media Massa / Pers,Tier 3 (Lokal/Independen),"PENGARUH ENVIRONMENTAL, SOCIAL, AND GOVERNANCE (ESG) DISCLOSURE DAN KEPEMILIKAN ASING TERHADAP PROFITABILITAS PERUSAHAAN SEKTOR KESEHATAN | Jurnal Akuntansi Kompetif",Akademik & Umum,Netral,https://news.google.com/rss/articles/CBMigAFBVV95cUxORTA2UUxEVXpzeUVFT2VzTmNOZGZnUWdCbFRva2dvNnRHdF9PSUd6TjAzNnR5cWJ4MUR4S0FTWVJSNFlwYUF6OGhJQWNMeWkyUEJiT1JhcmdxUE9neWx1UW5TVEpLNk0xSFlxc3o5QjExV1ZfOVhBTWNOWTV3TnpURg?oc=5,Google News RSS (10-Daily)
11 May 2026,Poskotaonline,Media Massa / Pers,Tier 3 (Lokal/Independen),Mendiktisaintek Dorong Unesa sebagai Kampus Percontohan Pengelolaan Sampah Mandiri,Akademik & Umum,Netral,https://news.google.com/rss/articles/CBMirgFBVV95cUxQV0tDNmp3dDlTdGtTeVdUemJzb2lOc3hHNmFaaGdaem5IRUlHR0MzZkxyXzdSbm1Ob1p6WEVwV09jTkFERjhSQUdZYVRFbTRiWDZaZU9aMTNaQXZEUlBnNnAyeGFFbEd0TGtKTWRETXIxaWV0Qnc5SUlzekhmcFpRc1hpZGVQbW5MTzAwdnZQdGFxN0ZPN2NRRDFYbk9iakVWWmxjM1hseWtBZmNXZlE?oc=5,Google News RSS (10-Daily)
11 May 2026,VOI.ID,Media Massa / Pers,Tier 3 (Lokal/Independen),Once Ajak Slank dan Musisi Lain untuk Berbagi Inspirasi di Kampus,Akademik & Umum,Netral,https://news.google.com/rss/articles/CBMimAFBVV95cUxPQkY1Vl9ZYnJYRUZzRTJzcUd5dFlndFlweWpyU0ZSbzBsQUdsaWJia1dfSC1nX196azFieTdldTk5Nkp1S3BLOXp3c2V5bEF0WXhldU9SR2haQnk3VUg5Q1ZfYW9mdXFYenpmcWZXVnVIcEtPQUlnV3lRMTF2SzBoMlNlVFJJQWZ1U1hacEx2RXlxNmxKY3dmRdIBlgFBVV95cUxPRlhoTWlvSWVhbHFSbWgwMWNMdW00MDhlcXpJWHo5RncxeWJacC1wZnhXdHhGdGp5VTFXeW5XaTd6eXVLSnY1b3ZsUXkyUnYwVjRiZ0VYalpPMHJ6dkdJZHhHSXdaaWJKNVBreWJmbFJzVnBkUHJkd3ZCb1QyRzRqVFlkRWJaWGE3NFNkMGNxcVlKMDVWT3c?oc=5,Google News RSS (10-Daily)
19 May 2026,beritajatim.com,Media Massa / Pers,Tier 2 (Regional),"Di Unesa, Menko Yusril Dorong Penguatan Regulasi Ekonomi Digital",Akademik & Umum,Netral,https://news.google.com/rss/articles/CBMikAFBVV95cUxQQlFGUEFlVm81X3ZRU0ExY21GeUdPNkNpdDkyc25sSFJOQWFfMzBLMDM2eXJRVkRGbzFKcXpRZWZrc0ljbkVIWWxzeGZBVEltT1h1aF9kYXlYdE5MYUNzWXY1NGlzSEE3TTR6NUQ2LUp6T2hhcWQ3dFpON3Q0dUgwOTU2UWowMG90VVNfWEt1WU8?oc=5,Google News RSS (10-Daily)
18 May 2026,Telusur,Media Massa / Pers,Tier 3 (Lokal/Independen),"The Alana Hotel Malang Hadirkan Rawon Kendedes, Sajian Autentik Khas Jawa Timur",Akademik & Umum,Netral,https://news.google.com/rss/articles/CBMirwFBVV95cUxNNGwwM2RTMG5yOTBDZ19rNThicnl2Z0NEVFZnSDB5RmU0aXdJTlMwa255SkJodEVzUjBWaXFGS3I1WjV3NmNOZGk1VHctUmJJcldIdWlaSVZlRWRKcUV2ejhtWlpNY0d4ZVM3ZDFEOWdRekdGRTNlTks0YTRQXzZKelhpSlFPemdQOGpvNlpteHkzTVZUb01kS3RuV01Lb3ctQ203YXdValBlZWRCN1A0?oc=5,Google News RSS (10-Daily)
11 May 2026,jatimupdate.id,Media Massa / Pers,Tier 2 (Regional),"Reaktualisasi Marhaenisme, GMNI UNESA Lidah Cetak Kader Militan Lewat PPAB di Wisma Marinda",Akademik & Umum,Netral,https://news.google.com/rss/articles/CBMiwgFBVV95cUxPeTlFSFc1cWx2N29VYnE1cWRJY0FkZFBLRTJvTGxxdnBMLWlUUEpYb3UxUUpGY2U5QklsemkzRjlXd0NCUEVwdGR3dXZUT3E4TVJ1Y3NFaUlLTjF0QTlWM29iOE1EdVRqN3VnWU5WdWV1UkhSNG9jc0ZOT3ZNelJHZExNZ3VONEk4WVJQN0c3MTFvRHREWkcydGV3VGxhakVZaDA4VXlSYk4xX0w4czg3MV9WVWdaZmhzN2RHdlFQWExnUQ?oc=5,Google News RSS (10-Daily)
19 May 2026,Surya.co.id,Media Massa / Pers,Tier 3 (Lokal/Independen),Menteri Yusril Seminar di Unesa Surabaya: Soroti Regulasi Gig Economy dan AI,Akademik & Umum,Netral,https://news.google.com/rss/articles/CBMiygFBVV95cUxPYnZYellvQmRsVnR1aGZTZ3FzLTVrTnY5UEhRS2hGN3hTSWtjenJIMHBRTDJpT2dMbHZIUUUyc0RXVXdxamIyaUc4V3hja3NoRHcxdld3TWhRYU5ZOTAxNjRrSkgzSWg1RXk3cktHdnB6YS1DUndqTktZeUM1bDNpY09DRE1teVJRaFlfYU4xY25XcXc5QXNqdGZJVkkyUkt4WXBtRklGcFVpdDNFVl9zVDVqQ09yMlI5dTRNZUdqbHBSbHh5c1VfbGVR?oc=5,Google News RSS (10-Daily)
17 May 2026,Garda Jatim,Media Massa / Pers,Tier 2 (Regional),"Pasar Jenar Ponorogo Bersolek, Jajanan Tradisional Disiapkan Tembus Wisata Kuliner Modern",Akademik & Umum,Netral,https://news.google.com/rss/articles/CBMixwFBVV95cUxORlMyOWNqa1pkUWcwdGxYUXkyZnlQUUVzNHJsZHJKem1jdHAwZGVZQzB6N09BNWNUZ3hoV0pBa2diQkJQaDhkQjdFNVBEbUJyTmVudXlZSWdlbUJSb3l3YVlOLWw0Q3ZnbFNYR29hQkVnazg3TDVaVHZLeEF0SFRKRWNKampZaEN2SXJwR040STJxa05jOC0wVU9ZblFKNXFBajB0TnFzaWZqNm1ZZzBidnYzOTFoUkxNZVFqZkNVSnFJa2FLei0w?oc=5,Google News RSS (10-Daily)
16 May 2026,jatimnow.com,Media Massa / Pers,Tier 2 (Regional),KADIN Jatim Soroti Ketimpangan Pajak UMKM dan Korporasi,Akademik & Umum,Netral,https://news.google.com/rss/articles/CBMikAFBVV95cUxPWXloMjEwTnFLaDNzMmRqZGxpbTZsTkJaRHhvcGQzZzJrZ1FHd3JJcjNyTFNiTlVua0h1cjJrRm9pWVI4MEY1czhpZEtESmxTckNSU0FpcnpnZDlicVJmMmVEcy0zMkdrTl9SWXlvZU02cHVWTGdqaWZydndJNFk2VVBzZHJwSnlLQW5mQ2J3ZVjSAZYBQVVfeXFMUExYd3dkR1RLNWdrQWlHekRYTm9ZRlpJdG9QdFQ1M3dyR3RTeG5DLUpYOFltWTVmN0Z3cktmbERsdzUzbUpHdS16T09SdndlcDFtUWJBc3NOM0xPQmFnUVliZlBlZE5tNlRrSzczVTF5ems1OEJBNlpxLW8yZFRMWWN1UG1tSmVLeUYxZmZyU3U5ekc2WnBR?oc=5,Google News RSS (10-Daily)
13 May 2026,IDN Times,Media Massa / Pers,Tier 3 (Lokal/Independen),"Jalur Mandiri Prestasi Unesa 2026, Bisa Bebas UKT hingga Uang Pangkal",Prestasi & Penghargaan,Positif,https://news.google.com/rss/articles/CBMimgFBVV95cUxPZlcwWFoyNEk2cEdrb3hYRU1ITXZnUW42V1dnQmdSaTkzbHBuVGVQalJoVVdoX0Z5YXM5RVNnLWxURGwtMkR3Ulh1OFoxaXk2WlJXbzl0Q3RDVUhET0c2a2sxZDFxLUFmb3pkUkVreGVPdS1UOGN1QUNvSF9iZ1pFTUR1VEdad0k3SnhSQ29EdHBZRTMxcGk0dElB0gGfAUFVX3lxTFBNaHkxM0Vrd1E2cnAtb0MzZEVwRG9QUUN5d2VDajNCNWxtOWVwZW9MX1NOWERRY3c1a2tBcU51eTVMSHYtc05jVmlmNnRkWnY2NUV6bzVxazdyOUhMOXpMekxMUll6b1RKUTNfNEVXM19tNzJ2RTJ4bU9VWm9sN2NqRkNFZWFlVE82T0VCNmQ3NjNrNU5POFU1dFVoVl9PWQ?oc=5,Google News RSS (10-Daily)
19 May 2026,Memorandum.co.id,Media Massa / Pers,Tier 2 (Regional),"Sinergi Cegah Kemacetan, Polsek Lakarsantri Dampingi Satpol PP Tertibkan Fungsi Jalan di Kawasan Unesa - memorandum.disway.id",Akademik & Umum,Netral,https://news.google.com/rss/articles/CBMi9gFBVV95cUxQVmllZUwwZGg3cmJELWRrc2VYdFUyelhqT2NsenZwSGowQ2lhQWozN1JkS1ZZcFJlaHVUOEpnbnMwM215dks1cHlqblh3S2d4N0o2SW11U3ZnWWtIUTlsZldvWHdDR1FoM0c0YVU2MW9nSGtZSnQ5Z1NraHVXeHQ4Mzd6THktQ3JJRDNoZHM1TldTMEtadHpSSlMzM0l5NmZMSnowTnpHRlFIV0R6cVRZdmJBM2Y4QzR4WjJHSGtWTlJyMkU1YmtTUWJ0ZjhVRDc0aVdPQXRDOG9oNDMwWVdiSGI0dlF2X1dNTmROWHZ0RE0wMnJUcWfSAdgBQVVfeXFMUDRvbmpNbm9MZ1FLLWZhY2NrbjJJUlJneENmZEZObzd6ZXdXcVhvRkRyMzFiRTdvYVlNVGR0eUpuZTdMSGpYcm1qWE5TdDMxOThoXzZReHkxbnBRRjJfZDlHeFlSU0g0Rmh5OGhTMFh4NHlwcHNQSGJQbVF5S1lZeURFRTFKTDRLVUY2azNyLXBRdG1rZ1dMQXB5ak50NExiUGc0dF9IeFdOOE5qazVVbUhfc3QwaDVtQ19pUzJqcXUyQXZPb1JaeUY2WGRJbFQta2VKTm9ZZ1hU?oc=5,Google News RSS (10-Daily)
19 May 2026,ANTARA News Gorontalo,Media Massa / Pers,Tier 1 (Nasional),"Yusril: Pemerintah tak perintahkan bubarkan nobar ""Pesta Babi""",Akademik & Umum,Netral,https://news.google.com/rss/articles/CBMiqgFBVV95cUxNdzZ3NWdpMHVUaVJMbFlBX0NfVzlkSjdBZlR5OTg5bDdHWnZMY1JiLVBfR3JiNjVQOE1jNW10aTkteUtQcjBqRWQ2UmtlX1NwXzZYVWpaa2xRY1NEUk8tU0dSa1U5cFZLeE4xQnR2RW9IT2VMdG5WbnRQaF92NS1FcHBDa2N6b3VsZHVGcDNheDZUVTBrbm1kT1Y1LU5nYjBTbHgzUVlZSzVvZw?oc=5,Google News RSS (10-Daily)
12 May 2026,jatimnesia.com,Media Massa / Pers,Tier 2 (Regional),N Kost Maospati Hunian Nyaman Dekat Kampus 5 UNESA Magetan.,Akademik & Umum,Netral,https://news.google.com/rss/articles/CBMiigFBVV95cUxPbU10VEVWaHREQVVHdzlOWUF0UWNtWWhHRjVKXzduN1h6cTZKcktxZE5VVnBsM2N5eVNNUFlPQXR5S1Z4RUI0V1ViUkR3R0o1T3lFWTkzOWRJYnVZYUxTRk53T3IxTmxNeWo4dGo3UE1lSi14R1NGd25hdUR5TXI5eVZKV1hibml0VWc?oc=5,Google News RSS (10-Daily)
13 May 2026,Threads,Media Massa / Pers,Tier 3 (Lokal/Independen),Naik Angkot (@naikangkotdotcom) on Threads,Akademik & Umum,Netral,https://news.google.com/rss/articles/CBMi0gFBVV95cUxNMzRtb3pVWmVDS2hIV25ybHc3VGtRUk9nLXFWM0UzYllnN3F0Z2dNVkl5S0xkREYwcHhiM1gtNFNpZzJRaTZrdlpuSjI4NmE2RGtDMDdPRWl6cmNpOFFUa3RDeVFxenI3U2U3WV9zZnhoaWE4amU4d2Z1RTVmUnhvWVBHbmlPbXlZSE9DejhfUTVrU1lJRzc2dGdyXzJpc0RRX0YxWEFPQ21Qa3NfdUVlQjJ5Y2lPa0k1XzA5WTN6Tk51TFl4ekZQZE9hRzh4ekxBWFE?oc=5,Google News RSS (10-Daily)
15 May 2026,ripost.id,Media Massa / Pers,Tier 3 (Lokal/Independen),"Persebaya Ngamuk di Padang, Hajar Semen Padang 7-0 Tanpa Balas",Akademik & Umum,Netral,https://news.google.com/rss/articles/CBMijAFBVV95cUxNWW9zVU9TMGFHVHpWMzdTS0NGRmZxTmJFMm4tenpGVkRlNFhrclU4bU5CSnRDOWo1dGREdUNBNGZfZUZBRm45LWtiUmtVbThud0IyQmRUREZxcmVXVjZkSlFCNDFCZ0psX3BDUFJXNmlqZWZvVGxXb25zbTJtXzhwUndXZHBkNkdIWFItSA?oc=5,Google News RSS (10-Daily)
11 May 2026,HARIAN DISWAY,Media Massa / Pers,Tier 3 (Lokal/Independen),"Slank Bakar Panggung Gema Kampus Unesa, Ribuan Penonton Larut dalam Lagu I Miss U But I Hate U - harian.disway.id",Akademik & Umum,Netral,https://news.google.com/rss/articles/CBMiygFBVV95cUxNUm43TDBld09JX1MyT0Jyd2NkZUdrRjh3XzlNRFcyRFlEZU15b0FyNEYya1lMQlVxdHVCd1h2UldUWV9sd1BSVm5ZOWRUMFhxcTRDSGFVd3U5T3VPSjVDR0hvQ29fdTNZWU8tbnYyc010b1BySjRrNlNRVXBiZUdLRWx0eGtqNFZ5STV6MERCMDNabzNNbG9USlpMMGZ2UWczdktxeDcwOEZYSndsNHNzdWo5V2hwbGFPdnZWdWZUdHRQSUpMemJQTlpn0gHIAUFVX3lxTE9NMzVjQ0pRMWJLNDQ2TjNRRjRpYkdCdEI3ZmE1aHlBS2hmU3ZfMFotYXVWaFlYVktfMXM1WmZUUnJiVkQyS1c0S00yNzVNS0E5b2ZhLXNCTnRjb0h4emk5UHA2SGZYSkt0OVNzLTNSVFdhbHZneFNlMENJcm1YNndILXVhNWlnNkY1TnRXNHlaU0dvbmVUdlhSdzFyekRkVEIzWktyRVUzeW50SFFxUnVNNjVxRmx0TldqVFQ3Q1piZkJPbUJKTlN1?oc=5,Google News RSS (10-Daily)
18 May 2026,detikcom,Media Massa / Pers,Tier 1 (Nasional),Kapan Pengumuman UTBK SNBT 2026? Simak Cara Cek dan Link Hasilnya,Akademik & Admisi,Netral,https://news.google.com/rss/articles/CBMiuAFBVV95cUxNMzhBNjFsdW8tVnBPVnFxT0pEaUF2dVNqM2kxY1BscFdDYUZyUjA1SVcyN0VXT3ZQREN6ZUhPSVBHSkhNWGNaR1lDQ0ZxY2Z2Q044aEtwTkk3dHRFYWJTYnkzTVdXNHlzU0pjNkEwWExnMkJfRHYyT29NLUR2UExMbmFUTkdOLTVtREd1aW5HT3dTcEUydXctc3FQdVB2V21Gd0dYenhpZndCT2VzR2tYOFNRNTM5TWl30gG-AUFVX3lxTE96bUloMkJWaXQxMFduSFpYYTVSc2gtMFdmb1VhVjNhVmUtRXhrRVVTb3kyMVlSVF9KSDcwemJnNlFaSWdfZEhvMFItSERyVmlSR1N0WllDY25ITjZOSDRId0FnOEFjc3k1UF95STNYX3dId09mcjBGWmlBblpaWHhEQi1sVlpBY1J6bEpieFY1TkpXUF8wZUpPSUlMQkVpcHlYSG1acFlyUUxDV0xxb19HU3U5dUdxbkNvSWxrNFE?oc=5,Google News RSS (10-Daily)
18 May 2026,Threads,Media Massa / Pers,Tier 3 (Lokal/Independen),Farida Ayuningtyas (@faridatias_) on Threads,Akademik & Umum,Netral,https://news.google.com/rss/articles/CBMihgFBVV95cUxNenRWTFotYTVVMkhQQ3ZFM0RTcVo4OFVYYXJuQW9SX2Vmc2pzVTJyb2t5LWJRckZyc1FvMGJBaW1jM19FVlR3YUx5RFFGOHE4cERkcld5SzFLZnFNZmRqQWhQeE1kMTZGQ3RKZDRfaFYtUmlsTTBxaExwSk4tRnRkZmxFelliUQ?oc=5,Google News RSS (10-Daily)
15 May 2026,NUSABALI.com,Media Massa / Pers,Tier 3 (Lokal/Independen),PASI Badung Matangkan Mental Atlet Jelang Pra PON 2027,Akademik & Umum,Netral,https://news.google.com/rss/articles/CBMimAFBVV95cUxQWUlObGtZYWN1bHRwdF9QTlBweWZJTEtENG1tLW1qaG15eE5vaWJDRFhQRk5YTkU3Y251VXdlWkpjRmNwdVRXcXNnSXU3V0xRa0VFMG1Fallicnl4anZKWVFXcFdWemNZazJFYzlVUElJeFowcDhic01zeVRGRzYwRm12YXpzQzBYZWRwSG9CdFpGTHRKazhoZg?oc=5,Google News RSS (10-Daily)
12 May 2026,Kempalan.com,Media Massa / Pers,Tier 3 (Lokal/Independen),"Membaca Peta Potensi Diri, SMA Labschool Unesa 1 Surabaya Luncurkan Tes Minat Bakat sebagai Fondasi Pendidikan yang Personal dan Presisi",Akademik & Umum,Netral,https://news.google.com/rss/articles/CBMi_wFBVV95cUxQZDFnNEdYY2RzRmMzcXhPcDhKb0pwX1dqNEk5UWYyUXhxSTItbEswX3k3ZXRYYWNtYkg3b00ySERJV2dsY1FPOF82ek9MYW9ldzVQUFI1WjY4dGRoVkhFLWJ2QkIwNXJVSndSeWFGekVXeWN6MjRaLTN1MndYSmFBblBIaDZ4aW5rREFEd3BoQllHVXhzbi0wNXFwbFBvcmc3RWdPd2JBNmtYbUdYRWRvWU5DdllJV3lxR2RteVpRS3ltWDAzVDdtV0FVZndwOW9GRVF0TGxveXMzem1vY3B5Z3hFVUVZVUZfUDd4bzBTQmxvdmtZaEZ1bGMwQ2NXVG8?oc=5,Google News RSS (10-Daily)
17 May 2026,Narasinfo,Media Massa / Pers,Tier 3 (Lokal/Independen),"N Kost Maospati, Kost Strategis Dekat Kampus UNESA 5 Magetan",Akademik & Umum,Netral,https://news.google.com/rss/articles/CBMiW0FVX3lxTE9fcU9XTE1Qdmk0VDhHS01jMjdSa1ZfNUFiVkF3ekZqbjlYUTVYUV9FZDhZVmktQkdCeVVfOHdvaEpaVTh4TEFfX3NnSHFzelBfMnNBQlJKSndmUTQ?oc=5,Google News RSS (10-Daily)
11 May 2026,redaksi.duta.co,Media Massa / Pers,Tier 2 (Regional),Dosen Ikom Unesa Turun Gunung Dukung Desa Wisata,Akademik & Umum,Positif,https://news.google.com/rss/articles/CBMifkFVX3lxTE4ySUc2MnFReUZ5akpuMVJpZXB1MDBuMkxGVUtwUUpsWjhiVUpXSFFWUEVYcFJYQmtQQnRXdGpZRl8tcHludERoVElfZzE3OHExYlBIcFplTEctb1U4VFFBa091LVdSdUVrRzlnMlMtMFpFdWpSRldlY3oxTTJ3UQ?oc=5,Google News RSS (10-Daily)
18 May 2026,Tribunnews.com,Media Massa / Pers,Tier 1 (Nasional),"Unesa Buka Jalur Mandiri Prestasi OSIS dan Pramuka 2026, Cek Syarat dan Cara Daftarnya",Prestasi & Penghargaan,Positif,https://news.google.com/rss/articles/CBMiywFBVV95cUxObVVuQlVKUGw3NGxHaWJ1WC13ZDRZUC1IRGR3TzVNN2hocVczcHl4dEtWY0dvTnZWZWQ2VXhFTDV1cGZ1QW8tbkhzbkVMNjluOEZvSG44VVNhbGhTMnI0b3AyR3lWLVJoZkl4QUpvQzVTTXZ1Y0Q1aldVdXM1WlNwTGVFR011NFJ6UGFIUUZIdVRQSzNNUTN4S1hfMnNobXhsWFdhSVlzZHRQalhLa1pPR3UyV0FPandQWVlmNzZtUXpnNzJpNXdBcUVCaw?oc=5,Google News RSS (10-Daily)
11 May 2026,Mojok.co,Media Massa / Pers,Tier 3 (Lokal/Independen),"Lulus Sarjana Dapat Tawaran Beasiswa S2 dari Rektor, Elpanta Pilih Langsung Kerja sebagai Pegawai Tetap di Unesa",Akademik & Umum,Positif,https://news.google.com/rss/articles/CBMiogFBVV95cUxNZmZHUi1oNEVSeGlEMXhOb2tfbzA0OTlaeDE2TWZTTlZOMU53b09DQmhOcllpX0tnTjdsZ2FpRGVOQkZHSVpUWkQ5LUxyMUhQa2ROOUVBWnhGZzlOeHVXMEx4N0pUS2xoMGV5SVdKRXMxR3U1ZkZVdEpoenQzVG9nd0ZIT1VPQjdEUHZGdjJEb1lKS1ZIZmh4Mi1CeldQQ202Unc?oc=5,Google News RSS (10-Daily)
17 May 2026,Magetan Today,Media Massa / Pers,Tier 3 (Lokal/Independen),"Slow Living Di Magetan, Tidurnya di N Kost Maospati, Maennya Ke Sarangan.",Akademik & Umum,Netral,https://news.google.com/rss/articles/CBMinAFBVV95cUxNR3Mybm9SM1RSSjBwUDZ4T2FaM0tuNUxqbkh5Z1J5cmFiZ0JQSGNIRlJHTHEtdmFuTktPUVJOcFNNQ2NsTVIxMERVdEpRLVVUbDJkWW9veHgxaUJtZHc1eDdCTDZxQzdHb28tYmJsOVVvTE5xblhZdXpPckNxYkVDTFlzbXRPZ0FQSXN6d1gtODhoZ0FESkF5YTktOVk?oc=5,Google News RSS (10-Daily)
20 May 2026,detikcom,Media Massa / Pers,Tier 1 (Nasional),"10 PTN Ini Buka Jalur Mandiri Pakai Skor UTBK 2026, Cek Daftarnya!",Akademik & Admisi,Netral,https://news.google.com/rss/articles/CBMiuAFBVV95cUxQbWlHcjB2WXYzM3hNQjZSLVFDTXduVzgtWWIwN2ZWVWRYZUhKczlta3RlUk1rRldULW9FbThSUmtLU05QTUNwNnFrVDJWMS1WQWduN1gtTnBEQ1hVLVdOX3VBeEpQVlhDZThQbDNwcHgxeUQ2ZlhUMEp5SnVNUEZTUHBpRVNRRVgyUmFsUV9oY09VMTlOVzFEWnZreEpnRWp0V25sakgyd2xjX2NfZ3JramloWEQ2TmtE0gG-AUFVX3lxTE9ZQVhjSDhFdXBfaHdpWklzeWg3bFc1Z1RWOVVTeGpmMU9ueC1kVVFPSHlMWFdlR0NOMmdVWk5fbDk2dkpYMy10ejBkR3lGdkFXQl9CUFloY0pRRTBlSnBpNS1CV1loRzZPajVTMTFDXzJnc1hkbHh6bF82XzZYdXRCUUlUTzBTQUhfOTV3TDRJa19GbzR6RGN1ZGZxUzREUHZBbTZsUHU0YVFEaVRZNkFRUW84LTlsTFYwX2l1emc?oc=5,Google News RSS (10-Daily)
19 May 2026,Radar Surabaya,Media Massa / Pers,Tier 2 (Regional),"Di Depan Mahasiswa Unesa, Yusril Akui Hukum Kalah Cepat dari Ekonomi Digital",Kemahasiswaan,Netral,https://news.google.com/rss/articles/CBMiyAFBVV95cUxNbTdtMkp6b1pvd3lGbTZVZFdaUFAzMmRtVHJLWVN5SVBudmhvSmEwQWNLeC1OQ0UwajE0Q2tnYnJvV2tHbWJWRE1icFpaOGxxQmhacC1GUkZSc2ZReVQwT09mVlhQMlB3c2R0SXVpeXJVN3hOY3dybTFiMnl0RlpKQVAyT1ItSDBrX1RMa0pvVWUyM1VMTTBQdklFbFlLYmRxQnhwWENuQWRyUFJrV3BqcVZXNEFfLUJrN2RVNlVsT3h3bjdraGZSddIBzgFBVV95cUxOaDBJUEV4WWhYdW1OUkRUTTh1aHg2NTQ5VEtZR3I4T3lJbi13bGhMNElXTWZHREdpTEpiMS0tNUktbF9aOGRCdldoM1J1d2FNY0d5UGRtT043MDQ5RVpfS2N5TzhRWi0xZzU0Z1o4ajF5NGxMZG44R0J5SUlUXzE1c0hPZmkwckRZOElTRTJSV2kxVVZhbUFJYzhha3lpOUVkMWtPd0M2YmRRR1paSHVEc1BzUTFKajVXSzBfRDdHdHFBZFNrbldsU25MTWZkQQ?oc=5,Google News RSS (10-Daily)
16 September 2026,RRI.co.id,Media Massa / Pers,Tier 2 (Regional),Berita dan Informasi universitas negeri surabaya Terkini dan Terbaru Hari Ini,Akademik & Umum,Netral,https://news.google.com/rss/articles/CBMiakFVX3lxTFA0VWN0RUFnbHFxVk1VNmUyX3pWU0RMTkZMRXJkUFFWcDRiWlFrenJqMFhLb2pyZkRWazUtNVNJZGVjV3VUYjdnX1RfcHctVXY5UC1sUXIzNGVYTjhqSFhqTThtbFlSMmtwZlE?oc=5,Google News RSS (10-Daily)
01 August 2026,Beasiswa Disporapar Kota Mojokerto,Media Massa / Pers,Tier 3 (Lokal/Independen),Login | Mojokampus,Akademik & Umum,Netral,https://news.google.com/rss/articles/CBMiakFVX3lxTE1rVnY3cWpsc2FON3hjYlVYTkxyZVY4WU9QaVpoa1lKUk1mUWJxMlpmZTBmUkNPRnkydkR4YlowWGxzQ3NudVFFYzdqUE9hVHhfU19EdUwwYnJIemRlemcyOWhfaHR6VlI0NUE?oc=5,Google News RSS (10-Daily)
15 September 2026,climconforte.fr,Media Massa / Pers,Tier 3 (Lokal/Independen),Unesa ketintang surabaya🏆 Gedung G-14 Fakultas Ekonomika dan Bisnis UNESA Rekomendasi,Akademik & Umum,Netral,https://news.google.com/rss/articles/CBMiXkFVX3lxTE5Ub1N6ZTFLd0RHb3JvWVZ3RFRZbTFpUDF2dVF3MDR1ZkVtdVh5WnMzTzlOWkZNRkVFZmowRGV1cTRnZDhIOGRmb0p1QmlNWWc3UUNOUWxLRVBQNDRhbmc?oc=5,Google News RSS (10-Daily)
10 September 2026,yycqueerinnovation.ca,Media Massa / Pers,Tier 3 (Lokal/Independen),Biaya kuliah di unesa🏆 Universitas negeri surabaya unesa ta 2024/2025 sebagai,Akademik & Umum,Netral,https://news.google.com/rss/articles/CBMiYkFVX3lxTE53UEVxQVdaams2YzRsN0V3WVdFckl3c1JzSjVxdjVPYm1QNWdLWTJoNUpxMk1HRDZrcW1KS1UycWhkNUk1dGRLbEx4Z2xuaWV4TXZxejRtbVFfaWlwR3RtaFZn?oc=5,Google News RSS (10-Daily)
16 September 2026,Universitas Bung Hatta,Portal Kampus / Akademik,Tier Kampus Mitra,FH Universitas Bung Hatta dan FH UNESA Perkuat Kolaborasi Riset dan Publikasi Ilmiah,Riset & Inovasi,Positif,https://news.google.com/rss/articles/CBMiswFBVV95cUxQeW9IZmh5LWU3UzJZb3NPSUpwZmFHenNkZjl0SFl6cUpHcWhadlh2LUdUM2JfZmtWd2FfLXQxSjJzdWhWTU85VWxyMnh6WWtqOU5Nd3V6TjlKZlZhVl9wRHBNSjBIYWpQRVZaZ0w5alhyV2pTcmpxS2l0bnIyZXh2cVZkYXhGZmFJdGdPb0NBRHVPSEw2MWtUaVNsLWpYRkJ3ZFVTcWJwdG9WdVBMTVVUUC1WQQ?oc=5,Google News RSS (10-Daily)
21 May 2026,Kompas.com,Media Massa / Pers,Tier 1 (Nasional),"Unesa Masih Buka Jalur Mandiri Prestasi Akademik hingga Keagamaan, Cek Ketentuannya",Prestasi & Penghargaan,Positif,https://news.google.com/rss/articles/CBMivwFBVV95cUxNUGNxMzlPVjVLRFc2YmgwMmFadTU5aVJjOGliX2hjdUtsSnA3Sm45djNkOFdfNFFQYnhaRUp6aWdlUUhMQTJLeDVDcS1nMk15NzIxNjI0TVg3ckVTZi1xSzVXVTlLbjc2OHVHQlFlRWE5QVZZLTNWLUZnOTVpTUJRQWJYTUNLLV9JcDdKWHNGNXVpMEVZYUVVMmVvNjRIa3VQOFBRSDVMLTZTb0RjS09GeGZBR0pSeTl3emZtWkJzUQ?oc=5,Google News RSS (10-Daily)
06 July 2026,Kompas.com,Media Massa / Pers,Tier 1 (Nasional),"Jalur TMUBK Unesa 2026 Diumumkan 9 Juli, Cek Biaya IPI",Akademik & Umum,Netral,https://news.google.com/rss/articles/CBMiqgFBVV95cUxQZjZUQ21HVm93dlg0cnhBQ0wyeDM2cU9HakZQbU5Td19oR0dzRFBxbjFlU21sZjU0d2Z0SlhNZXl2NnNOSzZkSnJSOFllU1FVUjk4MEVIUF9XMkZNN18yNGFmeWE5WGJmeE4xWFpIM2hoRld2ekcxMFdlT2tCVUg2N08zMDJldTFmWlFUNzJIeGhXTVY5V25lRFVIcGZXVlJBX1ZwbDlWbnA2UQ?oc=5,Google News RSS (10-Daily)
07 September 2026,Protean Institute,Portal Kampus / Akademik,Tier Kampus Mitra,": Kampus Unesa 1, Gedung E1, J1. Ketintang, Unesa, Kec. Gayungan,",Akademik & Umum,Netral,https://news.google.com/rss/articles/CBMickFVX3lxTE1CdkhjamVfTmN3Wk9JdUQtYzA5RXM1b0VBLWJjWHZUbzUxQ3dsaU1ISjF0bGVTd25sdTFKSGYwLVAxQXRFWVctbm5qNEVjNkJNTS0yTzQ1QkF0ZkpPX3NGa3Z0Q2ItYzhKYVhHc0ZFdkpFZw?oc=5,Google News RSS (10-Daily)
25 May 2026,fkh.unair.ac.id,Portal Kampus / Akademik,Tier Kampus Mitra,FKH UNAIR menerima kunjungan dari UNESA untuk Persiapan Pembukaan Program Studi Kedokteran Hewan,Akademik & Umum,Netral,https://news.google.com/rss/articles/CBMivgFBVV95cUxOQmt4QXFScEJjU1hLOVFPM3JmTXcwb2V5cGVMVE1PZndxSUE2dnFpSWxickcwYTl0ZXdNbVJwc3RncTBlUExBR0Rjd003NGxLeGE5TFNXRUpHWnA3V2p0R0JaNXNOclFsajNSZHBnbjBaMHZ5TUdZM1JFUXNfY3lkZm9DeFAtNXA1a2xlTUVOSkw2blRZZEp2RjJZeUg3MXhzSEVGNjdSN1AyY0RNMWtVaDZjeEJxaDZfb2NOMjhn?oc=5,Google News RSS (10-Daily)
26 May 2026,al uswah surabaya,Media Massa / Pers,Tier 2 (Regional),41 Murid Kelas XII SMAIT Al Uswah Surabaya Angkatan 13 Lulus SNBT 2026,Akademik & Admisi,Positif,https://news.google.com/rss/articles/CBMingFBVV95cUxNV1ZkRGh3cXlCNGoyNENZZUV4SDc1MXB4ejczb3VBTlZDVFNncHlsdmhLR3J6S1g3ZHE1Q3lkam52azY3Q0RJakg3TUdHYkp5MUlPVUpMbHVXRXVQVWFmRE82a0JNSUFsbFc3RE50em0xSWc1UkU2UmlNbkNoeUIxa3ZRRUtEaWNnRGllR2JlTnMxc2tweWZuUm1rVmpQZ9IBowFBVV95cUxNQzNFQVFLMllESVVpOXRVQWVQZEhHMjdkWENPSGE1enJETE1pSkpTTTRJTEtoV3V4cmlBbENzMGJhMXVFd0NQOXJwVkE4amZiOXJibUdBUmxCTnY5RXQ5UXAwLUJvRDZoVENEYTduY2Z1ZGZGeWVGeG1USlFHV0p5T1dhYVAtS0RmbzZQcW1Dd2ltbGpxeGZ3Z01IRld5UG16MEhR?oc=5,Google News RSS (10-Daily)
29 May 2026,Kompasiana.com,Media Massa / Pers,Tier 1 (Nasional),Mahasiswa KKN UNESA melakukan persiapan penampilan gamelan karawitan dalam acara perpisahan dan wisuda TK DWP Kenongo,Kemahasiswaan,Netral,https://news.google.com/rss/articles/CBMioAJBVV95cUxOMVdONEcyc0hLR2tQWXE2bVJQZkN6cml3RFc1YUhmMnFOY1FwQ0dkOGNWWDlWQ0loVFNJUWo3dl9FNmJSUDhaWHRaSVQwak9yMlduUXdqZ3h6TUdsaGViVzJPcEo5c2ZRT1FGeUlZc21WQS10ZnZEN3pma2REQnM4VkZIRU41UnB1UFQtb29jRm1NT0lJb0pKMlBFRGNZTTNPd0lNSWZ0Tm5oMkIxUEh1Zlh3UVRhM2t0UVBJbUFXREQyWmdpaFdqcDNzQkNJREdrd0l5aXhtYm1IcTFIeVI0SXlYeW1PeDcydE1Fa1NlMnQ1VnBxTWZlNUdYWWNhWmV6cl95X1o2eGRGN1lIbGJxU0N3SXRJdmJKeXFmTURQMWQ?oc=5,Google News RSS (10-Daily)
29 May 2026,Threads,Media Massa / Pers,Tier 3 (Lokal/Independen),Publikasiku Academic Solution (@publikasiku_id),Akademik & Umum,Netral,https://news.google.com/rss/articles/CBMizgFBVV95cUxQMTJINzZid2lZU1hhbEpuTU1acWdRa2p0RjBsMVVjanpGN1ktWjlLQkkwaDR0VXBmSDF6NnhNNi1hZnhqY2pXUTNabjNOeHhkWXF2eFJDUnBhN0xzYUxWa3p4Z1RjY0FVbkRlb3JMaWdaUHFCTkpCTE5OWmFyS1d6dF9YU0l1UzA5anhNMmVPMThkN1NXZUNtVlNTSm42S3o5R1F4aTh4VHYxU0dyVks0MTBfa2ZyUkFhN3E3WWMzdXJONW9TakQzTmV6Qk5hQQ?oc=5,Google News RSS (10-Daily)
26 May 2026,BPSDM ESDM,Media Massa / Pers,Tier 3 (Lokal/Independen),BPSDM ESDM,Akademik & Umum,Netral,https://news.google.com/rss/articles/CBMiwAFBVV95cUxPV0FPZ3hwYVhVcXJ4a0FZUi1zeWNhNUZSUTRTVjNfTDBhWEhkanhSWVNCN2RVcjRVZlE3QUEyeWl2VnpyZVBJeDlwYlpIbHRYcFVmMEUwSnJHSExIOTFCQTBFVGpaclJwcW9Rc2FDSE1CTHVsVkdqdUJwMDg2MW84dUhfWkRCYmYyeTl5TXhneHA5TXV1aTBqVi13YThWX3FINThUT1I3VUdvQnFFdWUyTXZxd1pEaUpoVWhhUHBudVM?oc=5,Google News RSS (10-Daily)
30 May 2026,website SMAMDA Surabaya,Media Massa / Pers,Tier 2 (Regional),BANGGA! Siswa SMA Muhammadiyah 2 Surabaya Tembus Jurusan Impian di Unesa Lewat Jalur UTBK,Akademik & Admisi,Netral,https://news.google.com/rss/articles/CBMirAFBVV95cUxOVUF2RlRuUDVXMllnVWowaHhPMUpGT1NTN2JGQjBNMlUzSm9HQVBKTVV4LW5pLWEtWXBkM04waU5qeVJoVXY1SW1NS3ZnaVBjekRsY3EzaUpwaGJXQ0xuakxKcC1xNmxpT0VpSlBtS2ozaW5xRzZxUXpyTjRRdXB2RFlLMTRQNUV6Z29fMjRZbC1JU2lIVUsxazRFQWI3MmpqcVRmaFNjemRDUFFX?oc=5,Google News RSS (10-Daily)
21 May 2026,Pemerintah Kabupaten Probolinggo,Media Massa / Pers,Tier 3 (Lokal/Independen),SMPN 2 Bantaran Satu Atap Borong Juara Kompetisi Dragonshot Nasional di UNESA,Prestasi & Penghargaan,Positif,https://news.google.com/rss/articles/CBMiqwFBVV95cUxOaVgtRkF0TEEyNERiSjZ1V3Rta05rMGFJMzNsMmdtSG00VENuS3JLRWVyUHpNcmR3MS1wUTFreUJhZnhHUHdROG80UHFCTG5VR2FuaHpTTDhHdy1JMjhLanZzR1hBN1ltN1lSRWY2aElTU1AzRm5rSlNQbkZWUWxTMWZOeldVQnFVSjlMeFdaUFdVdzA2OEUtTnlkRExfNklVamZNdkdibDROblk?oc=5,Google News RSS (10-Daily)
22 May 2026,Kompasiana.com,Media Massa / Pers,Tier 1 (Nasional),Penerapan Student Center Learning (SCL): Kontribusi Mahasiswa UNESA dalam Meningkatkan Keaktifan Siswa pada Mata Pelajaran Moctail di SMKN 4 Madiun,Kemahasiswaan,Netral,https://news.google.com/rss/articles/CBMisAJBVV95cUxOU0NmOUNzbFlOLTZrTXdFeFB0N0JSWUZnV3dLblVqRUV5endJZzJNOGNjbTRITlhiSmJRVmFZNUNLUk9LdnUtQVhMODdKRlB0Z1pROTlWM21tUWowb2NxMm8yNHNVZXJ3a0pENi05SS1za25NbFhoUV85cHNSdkFzOUw1VlB1VXdWYms5NkpFQ181UnMxLTlVbmdrNUNCd1o0VGgybHdlSi04bGFUZ01UUVVwcWZFUnRFOS1tWFZlekRJejFiM3FGUzVjWGZMQjBhaVZ5TzQweG5sSmh0RzFHOS1CUzRNalV3Q1ViYVBLbnVmblN0X2RUMUxHWC1ZWGZFWXktZ2hWMXZpbTNTWnFMQ1RTbkdMVzlsTnRmQjVTeFRtS0FsLWM0Z3JoNkNfTnpo?oc=5,Google News RSS (10-Daily)
25 May 2026,Kompas.id,Media Massa / Pers,Tier 1 (Nasional),"Kejar Pendapatan, Kampus Negeri Gencar Buka Prodi Baru",Akademik & Umum,Netral,https://news.google.com/rss/articles/CBMiiwFBVV95cUxNSTRBdGp1T3d0cm1BQmxBLVZoRThPZWtNV2tLUHRTbkpURkQ3WFB1bTJwV0JLSTJ3dkRWMmVjRjlJWWdpSV9xcU1HQkN5aGxNaDRXaFRVWGptemVyUDk4ZkRiNDdIeVBUWDFRUzRwRWpXSkNwYjJwTWlIYnNBLUZRWTBhQjUtYWZrVTlZ?oc=5,Google News RSS (10-Daily)
22 May 2026,Universitas Diponegoro,Portal Kampus / Akademik,Tier Kampus Mitra,OLIVIA XI 2026,Akademik & Umum,Netral,https://news.google.com/rss/articles/CBMiXkFVX3lxTE9KWXpaWHJaVmwxVHVwTWo1M1dObXNTMXc4RHBmMGdvS3ZlbFpEdVR3ZXZlSWg2T0U1c2Y3NERsczIydlZsSHR3b3ZOdW9pdWw5UU5wVURZbU1nVDJwWGc?oc=5,Google News RSS (10-Daily)
29 May 2026,cerebrum.id,Media Massa / Pers,Tier 3 (Lokal/Independen),Cara Efektif Memanfaatkan Ujian Mandiri Unesa untuk Masuk PTN,Akademik & Umum,Netral,https://news.google.com/rss/articles/CBMiUkFVX3lxTE1jOWZMbHJCQnp5QUlQbXBTc08zSHBIYzVIV0Jid1NpZDkwTi0wVFB5LWd3bjJqTjFSMHdPQ0czckR0RFBWMEtkZWVBY0p4SUNULVE?oc=5,Google News RSS (10-Daily)
25 May 2026,Kompas.com,Media Massa / Pers,Tier 1 (Nasional),Jalur Mandiri Disabiitas Unesa 2026 Masih Buka sampai 29 Mei,Akademik & Umum,Netral,https://news.google.com/rss/articles/CBMiswFBVV95cUxQMUVOQkpBdWxQVUV1ME01UDdWOWNVR2FuUklyOUR6THJEdFNQNlZ1Q0dFOWY4eFRYdXZTaFFGTVVwRmFtM3ZsWVFkbHh4ZXVfcTNmWmxvQ003MU01bWx4LURabGJ6X1dZQjg4MVgzVTZOajJlQ0NCSGt4bWZNMm5vcllZb3B1SnMtdy1Wb0dKcjFrMVNTN0R2THd6TGlfcmpWeUJYSkVOci10c0JGSVotQ0k1RQ?oc=5,Google News RSS (10-Daily)
25 May 2026,antaranews.com,Media Massa / Pers,Tier 1 (Nasional),Unesa terima 8.292 calon mahasiswa jalur SNBT 2026,Kemahasiswaan,Netral,https://news.google.com/rss/articles/CBMimAFBVV95cUxQV1VxMXktdWZrZE5FdFpPX0FSUS1xWGxMODkzTU9pc1JXeFRpS19aTXIxQkc5T1pKUFhZSVNLY3VSck9sUHp2Z2FOeWI4bmpKZ0RwZ0I1LWMwaTVXdlRfYWhjdHBiY040c2QxOEV6ZHNYaDhQdWRGQ21GdXJIM1p1ZnZSaEVYTEVrMl9RSndIS0FaUnFjeHdWVNIBmAFBVV95cUxQV1VxMXktdWZrZE5FdFpPX0FSUS1xWGxMODkzTU9pc1JXeFRpS19aTXIxQkc5T1pKUFhZSVNLY3VSck9sUHp2Z2FOeWI4bmpKZ0RwZ0I1LWMwaTVXdlRfYWhjdHBiY040c2QxOEV6ZHNYaDhQdWRGQ21GdXJIM1p1ZnZSaEVYTEVrMl9RSndIS0FaUnFjeHdWVA?oc=5,Google News RSS (10-Daily)
27 May 2026,Kompas.com,Media Massa / Pers,Tier 1 (Nasional),"20 Prodi D4-S1 Terketat Unesa di SNBT 2026, Keperawatan Kalahkan Kedokteran",Akademik & Admisi,Netral,https://news.google.com/rss/articles/CBMixgFBVV95cUxNME5XemZUSWE2UUtvYnJxUW8yMHBXcnlja2J3dGs3S2pLSXRYZFZKM0QtcVd2YW4zUm5TSF9yZF9ReU9jYmNaTmI3cDRYWmNvaGkzUkJfRUlvVHlVSElfWDE2aHI0bkZkMXNTcGdpeHJmSDFnajRLM2ZxRTZlWk1RYndDcXNESW5PaVE0X3BneFVpNzJNb1ktZjRITXIxbTE4Y3ZEM2FycEZBalJlTVdKeWZoR1R1a3FmR0c4N2FadnV2NlBjUHc?oc=5,Google News RSS (10-Daily)
29 May 2026,Kompas.com,Media Massa / Pers,Tier 1 (Nasional),Trik Lolos Jalur Mandiri Unesa Pakai Nilai UTBK SNBT 2026,Akademik & Admisi,Positif,https://news.google.com/rss/articles/CBMirwFBVV95cUxOMWpYY3hveWNlU1N1aERCdzctTUJOY05tRzRYYWdkekJ0bnlRa2JqaWYwVHlFeDBwVEI0U3AzaGVTd1JkQTVsSDFtUlhvaGtONThhRHNBbEtfZkVvZGxNblFJS042dFNQeXFaZ0tVVlF2cEZsV0pfbmZMcVc3ZUt5clRkMXU1YklmeHIxOEtBSElUQkJudk91blFUZHVOX05RWF9uTEhVNjZjVnpoU2hJ?oc=5,Google News RSS (10-Daily)
27 May 2026,Traveloka,Media Massa / Pers,Tier 3 (Lokal/Independen),Cityscape Studio Apartment at Benson Supermall Mansion By Travelio,Akademik & Umum,Netral,https://news.google.com/rss/articles/CBMixwFBVV95cUxNdkFLTV9QSGFfMDd5eFVKei14aFkxUDlVeWRBdzZCb1hjMHg4YWwyUUJvVWxOY0dsakVDU01SMHRYWlpCa0lsRUU3d0diYWhtWTFjTDUxOGFRWnZNLVZ0NGwxdTFsVC1wTUZJb1VJZ1oxcWlrWWhuc1oxNHhhMHhUNzQxX0hlVG9UYnBuTnh1akhnRGNXQnU1dnd4b1k0eWg4OFozQVdzZTRORkVIUnVPakE1ejcwZmM4dlJpV2wzNWhFdHFEcjMw?oc=5,Google News RSS (10-Daily)
22 May 2026,Lumajang Satu,Media Massa / Pers,Tier 3 (Lokal/Independen),UNESA Surabaya Bahas Strategi Komunikasi Bencana untuk Cegah Kepanikan Warga Lumajang,Akademik & Umum,Netral,https://news.google.com/rss/articles/CBMivgFBVV95cUxQZkxEaTlxTEQ3ZncyeFRhN3hlbkRTOEhpQ3Y4R3p6ejd1SVRKOUNITUpjNDlnajV0VFRkZnRvOVRQcUFFcFNrNVpuOUhlVGhTYnEzOGRnaXp5czJ3OGQ0QkNrVmxlMXpZQ20xb1NrcjY5UXFON1lwSUFTYUR5Ujh6al9ySHY0SU1ma1ZvWHd0T3dTMFoyUkpqeFhQS2ZXVFo0Vi1ud19vZVpCUkNIbHZ1U2VlbWx6WlpJczUyTEZ30gHDAUFVX3lxTE1kbnZLN2piODVaMG1hMXJzWExfWGM4b1pKcm1TRVd2bFB1TWVYU3lpY0RhMmVWck1iZDBQX1N2Y2FOSzZONXdRMHVNZ0VLQTNRcmc5LXJKdlp2d0NwdldldW5DbGZCNGJfUU9xUk1lRHNjLTIzcDNJejByU1JGUXdiNzFyVjMyTjhxTkozRi13cFl4ZThLa01kLUVoZFdCbWdNVjIzNFdvWW52dzVfbHVlZHNLZFlzbk05MGI4YkxVSHloQQ?oc=5,Google News RSS (10-Daily)
25 May 2026,detikcom,Media Massa / Pers,Tier 1 (Nasional),"Pengumuman SNBT, Ribuan Camaba Lolos PTN Surabaya",Akademik & Admisi,Positif,https://news.google.com/rss/articles/CBMimAFBVV95cUxOdm9INDFiNGxUVEM2VWVQRnRtaVRFQU04cFZrUXNyN0thUGp2OWhqMEtZRHJhVXpuNGxxcV9FYVFzYWgzeFI1RDhYam9oamh2THUwWVMtUnlUWTZfbEFlUFNMZGdleC1PRFgtemVPS0VIXzMyZDNBM050Y3RJcE9DVTYzSVJwbE9CZHBpUkZXUmN6WURoSDRfT9IBngFBVV95cUxNTnRIejN4VDZmd3RqMUxDcTNqb1EtN3JXRHdkaDRXbFFnWnFLMlFtc2V2TkxfZ203V3lxbVp0QzFScjVTS0ZScXQ1d0I2S1g3Z0M2M3kyNk81TWZUaE0zbkVXQnVhclp2Z2NSNXZtdGp0SWNOSnRnSGZUOWxKX1A2UExyVzNmY05mSkJ0M0FFOV9PaTlTV3lBdVdOUlBoZw?oc=5,Google News RSS (10-Daily)
28 May 2026,PWMU.CO,Media Massa / Pers,Tier 3 (Lokal/Independen),Atlet Tapak Suci Sambikerep Lolos SNBT 2026 di Unesa,Akademik & Admisi,Positif,https://news.google.com/rss/articles/CBMieEFVX3lxTFBxTExDcjR6MlJaZERBRW45RmdadXR1VlNQcFpsSDQ0VkNpaHFGQWxqMXlJR1JoOEVpNzg5VTVqUkszWTJ4b0lRWWt1UmxHVjZILUtwUEt5SFczWkhlLUdxOTA0ODZsUTNOZXBLY0FBYU50ZmtIVjZZUg?oc=5,Google News RSS (10-Daily)
29 May 2026,Kompasiana.com,Media Massa / Pers,Tier 1 (Nasional),"Belajar Sejarah Tak Lagi Membosankan, Mahasiswi Unesa Sulap Kelas Menjadi Arena Edukatif",Akademik & Umum,Netral,https://news.google.com/rss/articles/CBMitwFBVV95cUxOak12cjh0RV9YZzZWMkY2eXFGN0J1TlZPa0V1b0FHNHpjaFBZeEM4WE5PMEhkcjl5d25XMERpX09nTkk4UFFISVU1eGY1cGFYOEI1cEcwdXlpMVNGXzdGc2FOSUhrMWxuU2dTTy1oN0s5NmJfSDRhMGk5Y014VE9Jc3lmYmN0bUJIelc1OUxBMVptT0xudkVXUHd1LWVpSG16ZkM1eS02VlRGS2I0LWNTSkw5dVdKODg?oc=5,Google News RSS (10-Daily)
26 May 2026,jatimnesia.com,Media Massa / Pers,Tier 2 (Regional),Meriahnya Lomba Takbir Lampion Malam Idul Adha Di Magetan,Akademik & Umum,Netral,https://news.google.com/rss/articles/CBMiiAFBVV95cUxNUEZ2VmtjQlFmNnZ3eWZVQWVQZk1zSFJsQ2pnUFVpeDhYcDgyTDVKbkdQUzI1MzllbTlHNEJGVl9vWi1kd0tGWmNVYXdDc2JQTktkY254UHNBdkE1MEhLM2l0UVAxWE5Gcm5TWkhvaDRSQ05WWkVNcDl2SlI2UXc4WW96VzI0MkNu?oc=5,Google News RSS (10-Daily)
31 May 2026,Threads,Media Massa / Pers,Tier 3 (Lokal/Independen),EVENT SURABAYA (@eventsurabaya),Akademik & Umum,Netral,https://news.google.com/rss/articles/CBMi0AFBVV95cUxNcERfdG8tSG14amtSb1FJcTc0TUtWNWt0MjZlT3RrNWFyc3NvS0hVUnhPa09yTmg2UWlvR294TXIwRTdxUWZiVDVKYmxVTmJpekRibVlmSDlCQ2Jkc2hZczFVSlg0elVhdkdOWWxGSTZid2dSZzY4Tnk5S0VqRTN3b2dqd25ZWEpra3lhU3A1Tk5RZ3dCVk5tTFdkYldoZzcxVVE4c3hoSWhCSXlvSnNpQy1lREowR2h5SnVNcWdTVGRIQ2Y0bmI0cXBnaUtGZDRW?oc=5,Google News RSS (10-Daily)
25 May 2026,Universitas Bengkulu,Portal Kampus / Akademik,Tier Kampus Mitra,Pengembangan E-LKPD Berbasis Problem Solving untuk Melatihkan Keterampilan Metakognitif Peserta Didik pada Materi Larutan Penyangga | PENDIPA Journal of Science Education,Akademik & Umum,Netral,https://news.google.com/rss/articles/CBMiZEFVX3lxTE04NTVwWHdNaVNsbVRwMGFWNWtvSUJ1RGFLcmlUbWZLZW8zMTE1cEc1anFfNmJ1d3FGUXNraVprV05jLXdzT09acWtxTmpFQmFxY2pfa1JYdGk2eW0tVnNMN1hUWW4?oc=5,Google News RSS (10-Daily)
25 May 2026,Kompas.id,Media Massa / Pers,Tier 1 (Nasional),"Kualitas Dipertaruhkan: PTN Makin Gemuk, PTS Menyusut",Akademik & Umum,Netral,https://news.google.com/rss/articles/CBMijAFBVV95cUxNTVNub1ZId3BFa2hpRkhDREdoMFk2bElaQ29pcEdHcFJMSllaQWhPcFVjNUZfczRvekFKWUJ6R0NyVmtoUzZZUlpyV09UVWlTTlhybGRXaGJOanV5NUl5UDM5R19XVldrQXRKbEVPX0lHQVZWdS1Da1ZpVDJoRFFHaFptQzhsMUh2WWpnZg?oc=5,Google News RSS (10-Daily)
29 May 2026,indoposco.id,Media Massa / Pers,Tier 3 (Lokal/Independen),"Jadi Penghantar Material Aktif ke Reseptor, Unesa Kembangkan Obat Batuk Berbasis Nanogold",Akademik & Umum,Netral,https://news.google.com/rss/articles/CBMivgFBVV95cUxOek5hXzN0ZHpVZlhiU3VNY1AyTjd0WkZpNlREV2t2NmlhUGNpVTZPM2lpbE1aVW02N0xhQmhSXzJ0TW5oMTU3SGo0b1piSmJpQWsxckZHY3NzVFN0akhfRG84dmllR0xqZWl0VDlvaDUwNmJ2Mk5mSkJlaHpzdGxvM3lkUV9sdGlBNWktQWctOHhvWkFMLVhmYVh0ZGJwSURDUjI2VnB1TlRQMXoyeVFESXlVYkxiQ1QwTk9taERB?oc=5,Google News RSS (10-Daily)
21 May 2026,franskeith.me,Media Massa / Pers,Tier 3 (Lokal/Independen),1st Winner - UNESA Go International Startup Competition,Akademik & Umum,Netral,https://news.google.com/rss/articles/CBMiYEFVX3lxTFBXWlVGei1rVy15V3E2WERGMk9FcXR1bTZwcW9nWDFJcUhUakJ4cmthNVN5ZXpxLUREVFI3Z1RzWlUza21uejJkOTYtR01rWkFlQnNKeXVBMGpzcXhkVGZWcg?oc=5,Google News RSS (10-Daily)
30 May 2026,Universitas Balikpapan,Portal Kampus / Akademik,Tier Kampus Mitra,IDENTIFIKASI DAN ANALISIS RISIKO LINGKUNGAN KERJA FISIK DALAM UPAYA PENGENDALIAN KESELAMATAN DAN KESEHATAN KERJA: LITERATUR REVIEW | IDENTIFIKASI,Akademik & Umum,Netral,https://news.google.com/rss/articles/CBMiggFBVV95cUxQR1ViN1Q3UUVlSDNicVg4RzQwSFEtSlJOb0dEYjcybWhtc0hxSHRXTWE5dGZDelVDZ09FMklJTTgyUkRHeWhzdV9ZSXNqX0NoWWNUalJjczNQeFFUNlpjX1MwV1BDVzhUWlEwMjM2TFo5dnZ0ZkplU25fZmJ3am1UeE5B?oc=5,Google News RSS (10-Daily)
23 May 2026,SMAN 1 Pakong,Media Massa / Pers,Tier 3 (Lokal/Independen),Link Universitas,Akademik & Umum,Netral,https://news.google.com/rss/articles/CBMiW0FVX3lxTE9mc0ZxZG41NFJpNmJGeDNuNTY2OWxMVnRxeVAyaTBKQlVzcUNEUm1CMmxDWml0eXA4SzA5ODJSWWVqWEJ3ZWs0VEYyTG1UQzB6ZWQ1S0pmUEhXR1U?oc=5,Google News RSS (10-Daily)
26 May 2026,Untag Surabaya,Media Massa / Pers,Tier 2 (Regional),Badan Pengembangan SDM,Akademik & Umum,Netral,https://news.google.com/rss/articles/CBMiY0FVX3lxTE1SQXhZSEtaTjBOWlZCWUdMZHJQUmFyZ2lWQUNXVkdBdl9qbTVVYnZ4R0YwYzVaMHVlLXpsS1Y4dUtXend1SXdZamQ2ZGxoSm5DcmhrTzRmOXFqdk1xQ0VqNEcyRQ?oc=5,Google News RSS (10-Daily)
24 May 2026,campusleague.id,Media Massa / Pers,Tier 3 (Lokal/Independen),Profil Daranaia Ammara Indra - Universitas Pelita Harapan,Akademik & Umum,Netral,https://news.google.com/rss/articles/CBMikgFBVV95cUxPSWxhVXdlcEFUNkI4Q0lZNUFpNWtPbzkzSnVJakdqVmNnN1poS0FialBNNFZDSEdTUmFXSndSOW9KcmlVbjR3T0ZSSnYzWG5MdTdubzZZby0yQ19UZXJrcmx6RllyejdDaExJazc1SWVYYW9TYlpYbTVrY3lkNUg1YVFlbzNPeXJJWUZZMWVlMURFQQ?oc=5,Google News RSS (10-Daily)
22 May 2026,LPM Mercusuar,Media Massa / Pers,Tier 3 (Lokal/Independen),"Lanjutan Persidangan Tahanan Politik Komar, YLBHI Surabaya: Saksi Ahli Melenceng Jauh dari Perkara Terdakwa",Akademik & Umum,Netral,https://news.google.com/rss/articles/CBMi2wFBVV95cUxQdTJ6UHVwQ1RJSUNPU0hMT2VEdEFrN3FQb01IM0MtZEVWT1R4RXo3UTRPSjc1Y2F5U19fc3pPaVBtZjRReHFCc01BajJKZ2RvNll6YXpsZy1iU05MTVpXMTdfdF9YVUZkMU5MUmtJMmJmcndQWlFVdlFzRHhQNVNnYzVzNlVjM2MwQl9zMWhtc3Zoejd2cnJCeWdKQ05BQkpQY2dJbVlnYmg0UUVPaTNTYVdYUUE3TzBtRG9RRDZfQTQ1d1JkdmJiRkdLd0FPU0RDclVzSzNCeVVhaWM?oc=5,Google News RSS (10-Daily)
30 May 2026,SINTA,Media Massa / Pers,Tier 3 (Lokal/Independen),Universitas Negeri Surabaya S1 - Biologi SINTA ID : 6644417,Akademik & Umum,Netral,https://news.google.com/rss/articles/CBMiggFBVV95cUxQZXVONUQyMVdXQUlOaGswY3dKVV9mSWpDYkoyaFkzMVNGeWJhWk9sR0lvWVdONTROaElBVWk3THBlVldaVGh5eVAzMXVtVjdfWWo4UXdiNEJONlprVDNSUUVvSGJ2UkVKZUwtOEdSbFpXX1BzcXVSRWczbWVBVThGVTJB?oc=5,Google News RSS (10-Daily)
22 May 2026,UINSI Samarinda,Media Massa / Pers,Tier 3 (Lokal/Independen),Sinergi Lintas Kampus: Prodi BKI UIN Sultan Aji Muhammad Idris Samarinda dan BK PTU Berkolaborasi Hadapi Tantangan Kesehatan Mental Kontemporer,Akademik & Umum,Netral,https://news.google.com/rss/articles/CBMiigJBVV95cUxOS0JQdEJiM2NzTEJ4QTdqQm1Ec2VvQmhPeDhMQ1dseXdNM2o4MlhhVWpzQTRZSFhUcVQweHFIbHFYQWotUjliQjBmemhvX0MyellNamdJZG81bGZJZnF0R0Y0MlhUcl8yZG1qdkNGLU94XzdSNDR6RkRJenVjODhtdmNxdVJHTEpFa1NSZzlHSms4SnczT2hsbW5zSmgtNlhuUEdXaDZTSlN0dGJzd25OTldBVmROd1UzYy1lSDRjZVBSQkVteGF6NG5ZR05PSFpveUhab2pxbHBwMlhQRUVrOERYNDBNOGFuZGlQNzIzMWRrVUVjMzlqOGJ5Q1FUaG1USGNVMGlNdjdOQQ?oc=5,Google News RSS (10-Daily)
25 May 2026,APPISI,Portal Kampus / Akademik,Tier Kampus Mitra,Konstruksi Standar Kecantikan di Media Sosial dan Dampaknya terhadap Persepsi Diri Mahasiswi,Akademik & Umum,Netral,https://news.google.com/rss/articles/CBMilgFBVV95cUxNMFhJMW1PdlljRG82R0lyNUphNUNLOU9Cem1vVTA2d1BaWGlWZ211RWw2TVdKcTU0MzkwS1pDeFZVaEg1dGx1S2dJNnhSeTlVLU1WZk9jTDlmVWVPMXc1X0pudXhrRlpHZ1BhSFVWMzhWR042bXdWUk9UMlNpZ0ZQeHlpNk1jdXhzYlFfeWxjZEFhOU9Wdnc?oc=5,Google News RSS (10-Daily)
27 May 2026,artik.id,Media Massa / Pers,Tier 3 (Lokal/Independen),"Unesa Terima 8.292 Mahasiswa Baru Jalur SNBT 2026, Prodi Keperawatan Paling Ketat",Kemahasiswaan,Netral,https://news.google.com/rss/articles/CBMiqwFBVV95cUxOWXo0c2xkdVNTWDZjc0lQTE14VFpVcEJ5V2E4YUFZYlRvcUtxc1kwWEMzN0pBRUFSNG1FMWJLbWNTanJ6a2lSZTQ0SkZpMFZzbzBwbXVoMnZoZXh0R2ZQQVI3U3JQTEMtOVZLRW0zMlYtbEphOHY4OFM2SUlFa1pZdjdNeUsycG12QncwaWxHbHpxQlRCU1M2bWRIUE9CRldkMnJGVDBNdTdIVFnSAbABQVVfeXFMT2J1MTJ0RHRudG14MmdZVFVqUFUwREN0aVgzQTJsOGV4VnlxVF9CUTFYYWMzNURUNVFtZnRMc1NiandONVJtVzl2bDhjcjBwMXdkb3YyZnI5RU1FeENaMlBsS1RvWHl2OGdCRG14UUhkbXJXM3NQbUtUZ0dhUy14d1ZudUZ4eFRKY3AxQU92bkhNYngtbVdoZzIyYnZOVVRuS3ZLdFo0ODVuZ21wWE45ZGI?oc=5,Google News RSS (10-Daily)
27 May 2026,Universitas Airlangga Official Website,Portal Kampus / Akademik,Tier Kampus Mitra,Futsal Vokasi UNAIR Melaju ke Delapan Besar NCFS Region Surabaya,Akademik & Umum,Netral,https://news.google.com/rss/articles/CBMilwFBVV95cUxQZ2ZHSG53Y0pKamlTRTlzR0haQkk0TUozSnRlbldsMnB3U2lITjNYVE1iTFFWUUJZQXdDcjh0WmtoeFdocHQyS1ZZZnJnb0FkMnhwM3VKbUIxLVN4NFpYQVRqb2p1eWctT2dFOGxOX3o2YjZZM2RJYUhHOUhZSmd3dXNNUTZsbkhvMFhqVW5mY3VENlVvZ1Vv?oc=5,Google News RSS (10-Daily)
28 May 2026,yayasankakidianemas.org,Media Massa / Pers,Tier 3 (Lokal/Independen),Kesaksian,Akademik & Umum,Netral,https://news.google.com/rss/articles/CBMiV0FVX3lxTFByVVg3V0VmRVVSM1FUaFN5bnU3Qk9vRVF2X2RWVll6VXdjbmxRc0p3SWlDYzhFUGpQWXV1ZElGemoyZGZCRmR6NTZwOU5PVEk5bjVQelE0UQ?oc=5,Google News RSS (10-Daily)
28 May 2026,Mahesa Research Center,Media Massa / Pers,Tier 3 (Lokal/Independen),FLAMING BLUSH: Transformasi Flaminggo dalam Luxury Style Cocktail Dress dengan Teknik Beading dan Emblisment,Akademik & Umum,Netral,https://news.google.com/rss/articles/CBMidEFVX3lxTE9xVElMSzNVQ3g2X05JMzRpYWl1a0Y4eDMxLVNTTTB4ZmY3Y2E2LUswM1ZvYXM2WnVaOUlDNFlMVng4SGR2cFlQMXJjbmpaRGdHYkNVRFJwZVJteGZCQWhxOVRTQVRpd1huT2RqRW13VHRBYWlU?oc=5,Google News RSS (10-Daily)
26 May 2026,malang.ketik.com,Media Massa / Pers,Tier 3 (Lokal/Independen),RPH Surabaya dan FKP Unesa Perkuat Sinergi Ketahanan Pangan dan Kehalalan Produk,Akademik & Umum,Netral,https://news.google.com/rss/articles/CBMisgFBVV95cUxQbldyQUx3aW1vdXVsVXhIZnZCeW0xX1hjRUJjanE2emNBRXdtUjMtVUJJTTdpRmtfX25Ob3pfTFg4ZGFpT003WFc3bWRNX09GQ1hHenR0U3Y4Y0xzeld6SEREVmtoVE5WOTlUUUJFV01KMmZWSHdJUHYtVUkyYkUxZzAzVVJfTmV5M3dXblJLNjc4bVY3ellQM2hVbkE1WXF1dDNIaW42bWJ4a2xlVTJFeG53?oc=5,Google News RSS (10-Daily)
24 May 2026,Lapisnews,Media Massa / Pers,Tier 3 (Lokal/Independen),Anjungan Provinsi Sulawesi Barat Terima Kunjungan Edukasi Budaya Rombongan ‘Arek Suroboyo’ Mahasiswi UNESA,Pikiran Pakar,Netral,https://news.google.com/rss/articles/CBMi0AFBVV95cUxQRm5fOFlMOUNFMU9yVndTNWFfMEJMUHNRTVNieGFzSGp3XzllVzRwajlUWjJIWVROOGxtZWxmVkUydmNoZkVxdktDWGVWb21MazRWTWtKUjhjQ0YwWWwtSG5xT0hiUFhUWGo2X0t2Ukh5TlJkUVZONkd4M3dtd1p5UkxmeDIxOGNTRFZPT0liakc4dnVUM3BBMXFhSnAwdU94ZmpwblpiOGdFMGhCUnh2ZFU0RnNhYTJwSUIwVlBqdVcyM3NsZ0NHc19fR3NQWW5Q?oc=5,Google News RSS (10-Daily)
29 May 2026,detikcom,Media Massa / Pers,Tier 1 (Nasional),"Unesa Terima 8.292 Camaba SNBT, Ini 20 Prodi dengan Persaingan Paling Ketat!",Akademik & Admisi,Netral,https://news.google.com/rss/articles/CBMixgFBVV95cUxQbFBXT2RWazFRb3NiYVNhTXFLcC1pTnlNUlRNam5WOU94WGRMeEtCTnlJQl9mQ0QxQUpfOG9lTjgtWEFPcUt1YlN3X3AxUmxFbjZMNnR2ZE9qU1J6ZGFhZ2djWnVkNjNtRzlnWE9kdmQtMndudXFxMzBiN1Q4bENaUUM3ZWp5dG01R0NsaXdvZHFhamJMa0IzZW1yMjE2U29WeUR5MlNjM25VUXI5VUdnTldvT0JMNXREM011elRFWUpIX0pRcUHSAcsBQVVfeXFMTThOOFF0YTJMS3doYWF1Mnk5TXNGa2JNaWs0aXZESVNucnZHTGRlMGJxWVdXWDh4dEV2WWNLS0hRM3R5Z0NJWGZhNlhQZmJLQUphWjVZamZEeTZqZFNLODFjeHVna0gxTnVFYWp0Y3lzZTNoNGtNSFU2ckRCWGMxQlVLNXVKUHlfcWt1UHVTV1ZHUVhKZndZdlZIQnJZSmh6VVdhUS04YjdlS0wwYVIyV2tLSk1RYzdGQVBxSkZoY2RBSTE2cERhN2RJcG8?oc=5,Google News RSS (10-Daily)
26 May 2026,Tagar.co,Media Massa / Pers,Tier 3 (Lokal/Independen),200 Aktivis IMM Umsura dan Unesa Mengabdi di Pelosok Mojokerto saat Iduladha,Akademik & Umum,Netral,https://news.google.com/rss/articles/CBMimgFBVV95cUxQYWlxcVkzSFBqdUJkcUhrNm8wSlpFRkwtZk85VWN5MnpWaHpaSlQ1Z2RpNjBvQjBmSGdaRkNOOHBScmszaERRR1YzdTdtTDRwYmxBdkZJUGRiSnQ2cXFRRTEwZDVKazRXaUgycWVScVVOOVBFU29RS0txcUZHRFZGdDA4VlkzZVRiWDZnLWIwNkVLdDlsSmltZTBB?oc=5,Google News RSS (10-Daily)
28 May 2026,PWMU.CO,Media Massa / Pers,Tier 3 (Lokal/Independen),"Merawat Humanitas dan Menghidupkan Solidaritas, IMM UNESA Gelar Bakti Sosial di Pungging",Akademik & Umum,Netral,https://news.google.com/rss/articles/CBMiaEFVX3lxTE1jWWI3bWJXWXhwTmdXMkEyby1VR1RITHJFQ3BGMXRFanpwbmtsVjF5SjZENnJVYWl1WE8yTGpqQW5SZlVRWkdWOFNscHR2OUl1Vk15YTN5ZGtJdWFOOV9KNjJGV2RIQ2JV?oc=5,Google News RSS (10-Daily)
26 May 2026,detikcom,Media Massa / Pers,Tier 1 (Nasional),"39.662 Peserta KIP yang Diterima SNBT 2026 Dinyatakan Eligible, Bagaimana yang Lain?",Akademik & Admisi,Netral,https://news.google.com/rss/articles/CBMi0AFBVV95cUxPOWV6R1FEbXJSeVd3LUJ0U09FY1h2SWswLXZ6WjVEMHZHeHpRdHJfVFBURHMxVDQ3TW8ybEV1aTVTdVg4dDAzVFNPdUpfSHNHWFVUZWRWbEQtMVprY245QlExVWVjVDRRNDNpLXVjcmE3Y0FVUDJIVHRWS2lIaUZpR1BvdmFGZkZjVUEwSlFDR0JleWJ2RWRFdmdpc2Y5NXl3cXBNUndHejJTQVlnWC1TNnNTY2hBbWo0X25fcFRFbFZLbE0wb3RkUDlYc0pjS1hv0gHWAUFVX3lxTE9hdkZ0aS1SM3FweG9FZGNkQ0lQbTE4OG9tSmpGd2RaM3dOLUZlYzNvSXZ4bTB5TFFKVFk5TWt3Q05icnlpVkxJMEh5VEF1Xzd0WDZSQ2M1YUkyQ0NmcjcyRFUtMEVmZXRGbXotNjVvSko0TmZfR0tQMWZTVXVmc0dDcU0xcnpOSG5mM3VydGxkRWhNZGc5dlhRcmZnMFNrYmVuSmFmQXIxeGtKdGhMaEV1MVYyWjFPYUNwVlRjYVA0Wm5tUDdIdlgwZUYzLWdSLThfODNhNkE?oc=5,Google News RSS (10-Daily)
27 May 2026,INOMATEC,Media Massa / Pers,Tier 3 (Lokal/Independen),Implementasi Bantuan Interactive Flat Panel (IFP) dalam Mendukung Digitalisasi Pembelajaran di Kabupaten Bojonegoro,Akademik & Umum,Netral,https://news.google.com/rss/articles/CBMickFVX3lxTE1oM1dCbldJZUY2WXZDUkV5cFNjWUVHb2dEb29nOGhvUzdtcGlqbjRVNE5JMHkwd21QUXU2c01UNFFkSlFsc0pYeDhFU0d5a2o4ZW9fWXZRazhiaVlzR1Mzd2VaaXJka0hwZ25iZzVvT3l0QQ?oc=5,Google News RSS (10-Daily)
28 May 2026,memoonline.co.id,Media Massa / Pers,Tier 3 (Lokal/Independen),"Budaya Jawa Mendunia, Siswi AFS Asal Italia Mahir Main Gamelan di SMA Labschool Unesa 1 Surabaya",Akademik & Umum,Netral,https://news.google.com/rss/articles/CBMiywFBVV95cUxPR1Bxc0x2dWlkMjJvQ0ZYLVd4N3p6ZVU4RDFLYnRRQVZUUmEwZ0Z0bEtQckxJcnVyaHA3YU1CUWVHbDNMR01IQklkMm9JbDVoNGh2aklJUFZIR3poSm5yc3RjdGZpbjQ5eHlPejBVS1dCTWVCU0NoQTVLSEtpcko4QkNEeHBmLU5NbWVfY0xZczBxRlJQWFFDdzlfeE1kLVJhT2dzYVhOQlhudnNHUmo2M29jVTRSd1A0amdIbHdPVXJpZjVScm5RS3p5OA?oc=5,Google News RSS (10-Daily)
25 May 2026,TIMES Indonesia,Media Massa / Pers,Tier 3 (Lokal/Independen),"Unesa Terima 8.292 Camaba Jalur SNBT, Tampung Ribuan Penerima KIP-K dan 2 Mahasiswa Disabilitas",Kemahasiswaan,Netral,https://news.google.com/rss/articles/CBMi1gFBVV95cUxOb3lRa0NUdGhjUUROcXc3UTNRTXdPcFQyU21ySS1YVnFORU42R1RPUllYQTdUTHcwMlo5V05jUVdFeTM0amFDc1Y4a0dNbkxUV3I3VGdHaGVSc2Y4dGN4TkU4MVBidnpBYWxRcFhSTE1lemJDUENuRkRkZDl1dGhBTmNBbWhjZGpaV3RudW9DTXZMS2M0T1hKR2c4MjRzajd2UTVIdWNIQkJhR3hmY3U1cUtCcmdwNGhaRW0zcm1xcmNySTRsdmd5LV9sX3NiTUs0QVFMOEdB?oc=5,Google News RSS (10-Daily)
25 May 2026,sudut kota,Media Massa / Pers,Tier 3 (Lokal/Independen),"Unesa Terima 8.292 Camaba Jalur SNBT, Prodi Kesehatan dan Vokasi Puncaki Daftar Prodi Terketat",Akademik & Admisi,Netral,https://news.google.com/rss/articles/CBMitgFBVV95cUxQMjlOWF9nZ19ETDVrdGdHWlc4NFlBSUdVcHBaOEpnaU50dW14NkxNY1ZXaWFJbDNHZ2JhNjllcWpLUGtCejUydHFJUnFJeTNjZ0tENFptWnRteXNEeDlSay13cmFLUEtHVko1bC1BMGtEbm40emdrYWRRTUtVYy13eUdWRHlIZG1RbHV6UFl5WEFUM2ZaVlg3OVdkYV95ck04T1hLdE1XRUNVUHBHc2lnSjJ0R0Iwdw?oc=5,Google News RSS (10-Daily)
21 May 2026,Universitas Negeri Padang,Portal Kampus / Akademik,Tier Kampus Mitra,Prof. Rifma UNP Dorong Penguatan Keilmuan Administrasi Pendidikan,Akademik & Umum,Netral,https://news.google.com/rss/articles/CBMikAFBVV95cUxOSEtNNEZLMi1RQzhEeDl4V1Y2WWdfMUZEbnBwT2JJaTR4cXhRbmIyMzVqcEFIaDZVbnBEY2s4VmYwUm82dFZhV3A4MFc1OUwwaWlWcVFoWjFfMkVLRlI4WDl2UzlONDVfZXV6RWotb2syX1V0SXZGTnlFTDNxV3N1akxlbW5NSU5GU282bF9OMjU?oc=5,Google News RSS (10-Daily)
28 May 2026,Politeknik Elektronika Negeri Surabaya (PENS),Portal Kampus / Akademik,Tier Kampus Mitra,PENS Tembus 13 Besar Nasional Pendanaan PKM (Program Kreativitas Mahasiswa) Tahun 2026,Kemahasiswaan,Netral,https://news.google.com/rss/articles/CBMiuwFBVV95cUxQejdZa0lvdHA2UGZrYXE5Ni03ZjhmMkV1YXRveUlXX0ZNd3ppYUhHOUUzLVpLM1F3MS1JdVctS3NDYzlBcVRwaENDOUlzRjU4S1JyLU54QVBZcllhQnVERTBENmJqYlo4MlprZjFNTmZQUk9TTTlLMGR5d2F2dnVDRmNROXZRM3FiR09raGVDckRTaFQwc2toT2ZXeFRMVS00MHlRdkVVZmc2S003WUNSdlQ2UHY3MXdhS2tN?oc=5,Google News RSS (10-Daily)
29 May 2026,Akademi Tata Boga Bandung,Portal Kampus / Akademik,Tier Kampus Mitra,Pengumuman Hasil Ujian Penerimaan Mahasiswa Baru Gelombang-1 Tahun Ajar 2026-2027 ATB Bandung,Kemahasiswaan,Netral,https://news.google.com/rss/articles/CBMixAFBVV95cUxPbGs1b2RIcEwwSkVpMW9yMXlvbkJZUG9KLU1Sdm5SWkp1MVhsaGNaSk94eU1LelNSNllYWXNKVWp2aGFDcGhIdDJ0RS10a0ZUQk9KUl81YndmRGR6S3ZseEdvWW5qb2Z6eVhkWW9UeEVoYlkwU2pqUjY5bFZSd2RSYU1GTVg4LXdUQVZOUFEzVnlsRXVmWEVESEowbXFNMzNTVXdpcUxuWExHUDlhc09pSWZXQXF4dVc4bGVzMi1fSmtFcnpE?oc=5,Google News RSS (10-Daily)
28 May 2026,pizzamediteraneo.ro,Media Massa / Pers,Tier 3 (Lokal/Independen),Uncategorized Archives,Akademik & Umum,Netral,https://news.google.com/rss/articles/CBMiYEFVX3lxTE9UdVlMZy13UXZuZTNaX0V4bDBnS2g3MVAydDdJaGRPbjYyWmRqY3IwcFd3cGVfdERIUjYtUGJFc2w0SmlQNDVmUnZSVWlTSmlDQ2pnUGt4VXlzV0dpNWNldQ?oc=5,Google News RSS (10-Daily)
27 May 2026,MAN 1 Yogyakarta,Media Massa / Pers,Tier 3 (Lokal/Independen),"98 Murid MAN 1 Yogyakarta Lolos SNBT 2026, UGM Jadi Tujuan Terbanyak",Akademik & Admisi,Positif,https://news.google.com/rss/articles/CBMirAFBVV95cUxQZlFiZkNHckJlZ2tCSjVPbEpvQmNuWlNmSjg2Y09ZOUZLdWd6YUZrZjNPWFptZmUxaVROQzJGbmRFR0hBd1l1QzBfOVlJX1JfTWwzc3RiVTdadnhCUlYyWEhPZGRWRU1icS0xTnVjRkJIZm1aSGc1eVdxV3lvclhDOGZ1Y1Q2VmNvRzdtMEJQTC1XalRXR2JBYm1JSms2OVM1ZW5IRHZmYmhLRHpU?oc=5,Google News RSS (10-Daily)
25 May 2026,Tirto.id,Media Massa / Pers,Tier 3 (Lokal/Independen),"Pengumuman SNBT Unesa 2026, Link, dan Info Daftar Ulang",Akademik & Admisi,Netral,https://news.google.com/rss/articles/CBMigAFBVV95cUxPZkxycUU2VzRZRXBHeEpPVlJzU0J4TVY2SWhhb3QwZzVqT3htMW5yQndFV2MtSHp6T3FJWkJ6TEh5STZxcE9FaFgxY2x6d1FlTTZESE9IekE5VVZnUlFQaG1zTlgzc0hNR3J5aDdjNm5pQV9lN3BWaXVqTlNoN1dORw?oc=5,Google News RSS (10-Daily)
25 May 2026,Tirto.id,Media Massa / Pers,Tier 3 (Lokal/Independen),Daftar Lengkap 20 PTN Penerima KIP-K Terbanyak SNBT 2026,Akademik & Admisi,Netral,https://news.google.com/rss/articles/CBMijwFBVV95cUxPUGhWSmNqdEpPTHdRM1RyVF9jTnJJOThmYXdFdGVIX1JKd1VyR2NqbGV3dW5BVFYyOUp3eTdrYzVNaVpDQ3UtT1F3dnYxOUJWMzBLM2FlN1hDZEQwZzdSNXg4M2Y0WEwwa3d6X0dfU3h6ZzlzTzdSOUFucndmZHg1R042ZFlQcUtiWWJUcUttMA?oc=5,Google News RSS (10-Daily)
28 May 2026,kontan.co.id,Media Massa / Pers,Tier 3 (Lokal/Independen),"Seleksi Mandiri Unesa 2026 Jalur Non Tes UTBK Dibuka, Ini Syarat dan Jadwalnya",Akademik & Admisi,Netral,https://news.google.com/rss/articles/CBMirgFBVV95cUxNLV9JQ0dxS3Jvd0JoYTBxRW5uNDVfdFZ5ZEJLRlY5ZGhXNFdHV2FRMjR3OW1pNHU1UnFwdi16MHNvUXI4a1RjUjJ1eGNLeGVmWGlSVGt0Vi1RdmE4THRjRGR6bTVVaVNRMGM3bEhxc09yUkNLdmRxbm5vT1lJX3g2WlhsWHFrM01WVW5ranVFQTRiX0lwc2tJY09CSnlyVXEtNmg3eW9wank2OVREc1HSAasBQVVfeXFMUFZiMVZ2YVloTEctYzc4X3RhUEljbnBGWEppQmJUTHV6NnhlRmZUT0FyU19tWUVOSmtLa3pPMFpkUlhtWGtLR1p4ZHBmejVzN2l0ckxreVFKZXZIRjFPUkZ2dmlDUmNIU0RORDVmc09PV1FnakY0czZzdFRrNHE3ZlVWVExIYjFpQzhSeEwtWm9JRl9ORmhGaEI5SjFCZ3IwVVM5V0M1eUl6MHJJ?oc=5,Google News RSS (10-Daily)
23 May 2026,kominfo.magetan.go.id,Media Massa / Pers,Tier 3 (Lokal/Independen),Semangat Magetan Ajak Siswa Mencintai Matematika,Akademik & Umum,Netral,https://news.google.com/rss/articles/CBMihgFBVV95cUxQb21OeXVCdVZTT3ZIM2tMVVVwRnRmSkRCLXNLRHh1UWJvallyQUR5NkhFZDVXNS0walNQY0NxaC1icGN2Sms1d0NUNlBrLUtPazNxNk9CN1lVT0dVMEpHeTlWLXRWSWdtRFA0WTNyM3U3RVVnelE0bER0R09LQWlrRllVZTdzQQ?oc=5,Google News RSS (10-Daily)
21 May 2026,SMK Negeri 3 Surabaya,Media Massa / Pers,Tier 2 (Regional),DKVINEMA HADIRKAN SUASANA NONTON SERU DI SMKN 3 SURABAYA,Akademik & Umum,Netral,https://news.google.com/rss/articles/CBMiigFBVV95cUxQanp1WU5lWE9oMWNuODNPMXUtRGZLVzVLYk9XUEVOajM3TTMwM3ZLUm9iNEVqd2VtcTFITndycTZMOUpHaDhXbXl5M2kyQ0o5VTduWTYtUWNOa1Uydm5lM0szcHBWU1YtOFFPekp3MW1ZZDktTElBUS1WYTMyOGVOSDd4TUJWcUowSFE?oc=5,Google News RSS (10-Daily)
27 May 2026,Kementerian Agama Kabupaten Kebumen,Media Massa / Pers,Tier 3 (Lokal/Independen),Berikut Daftar 32 Murid MAN 1 Kebumen yang Diterima di PTN Favorit Jalur SNBT 2026,Akademik & Admisi,Netral,https://news.google.com/rss/articles/CBMiswFBVV95cUxNbXQtVGNYQ05DU3RULVAzdk5oaHltNnFRTGhrcnlldlYzcW1nZWQyU2ZNd0lKaDB1OUJXaDFZdS0wOC1BRUdPSlNGT0RTUnBVczlPOTZRTWVxM1M2cjZObzFmMU9BWWlyai1WVVlmMWRyV0MzVXluWGdsb2JNVDItR3E2S2U3SkhlT2FNYTFrZmc0c0YxaUoxRGhXZ2RLT0lZMDFCWkQ5dlI2eWUwMWlqV2dDMA?oc=5,Google News RSS (10-Daily)
31 May 2026,universitas kapuas,Portal Kampus / Akademik,Tier Kampus Mitra,PENGEMBANGAN MEDIA PEMBELAJARAN GOOGLE SITES BERBASIS INKUIRY TERBIMBING TERHADAP SISWA KELAS XI SMA NURUL HIKMAH PADA MATERI SISTEM PENCERNAAN | Edumedia: Jurnal Keguruan dan Ilmu Pendidikan,Akademik & Umum,Netral,https://news.google.com/rss/articles/CBMib0FVX3lxTE5WMjFOTDBNQjBCWGxOaXRFclhXUXhGSGw0RUJtTG53N1ByNDR6UFpHeXIyV1hRdlVfdXhVZFVuUW1na05ON3BNLWFtV0RnVVMtV2NXenBQU2Q5NzdoNTMtRldJVnU5RmtMVVRiX0cxdw?oc=5,Google News RSS (10-Daily)
26 May 2026,Aktual.co.id,Media Massa / Pers,Tier 3 (Lokal/Independen),Unesa Menerima 8.292 Calon Mahasiswa dari Jalur UTBK SNBT 2026,Kemahasiswaan,Netral,https://news.google.com/rss/articles/CBMimwFBVV95cUxQLVdGa2V3V2x2Y2h1MThPMUE0bm05aktPTi05VWJ1Y24yaFg4a25iTUlVWmRodEZBM3FjQTkzQzgzQlVUNDlXQUZNQnhDMGZCRWgxdTNQQ3JlX25zb0Vmdnp3TmJZZUwwcDdzSW03N2RrYk15My1nQi0yQzM4T05fdkx1NjRiTzlXOENra1J6Rjh2VnRzRzFNblRfbw?oc=5,Google News RSS (10-Daily)
28 May 2026,Asosiasi Asesmen Pendidikan,Media Massa / Pers,Tier 3 (Lokal/Independen),Evaluasi Psikometrik Instrumen Fatherless Menggunakan Pendekatan Rasch Model,Akademik & Umum,Netral,https://news.google.com/rss/articles/CBMiakFVX3lxTE9UVkJwN0kwZ1BKVGdZMDE2RndnQ3lWTlA1QlI5VHg1VFhmanMwd1FyVHozczNLYlh1VndfTGJmMkJKajdkSVhyYnFlWTNZYnMtaks2bHREeGlUaUVZNFdTblBTZkpSMVJLdmc?oc=5,Google News RSS (10-Daily)
26 May 2026,Tagar.co,Media Massa / Pers,Tier 3 (Lokal/Independen),"Naik Signifikan, 41 Siswa Smamsatu Gresik Lolos PTN Bergengsi lewat SNBT 2026",Akademik & Admisi,Positif,https://news.google.com/rss/articles/CBMimgFBVV95cUxPSWJSWTRUOEZ2Y1p3N2U1dTRRTktUV0V4bGFuTlJPcnVEZ1hmdExlNlJLR1VPNVFlMGE0S2dTb01teWUzUHNGeHREbnBJd1IxNzJQSlkxRjBJTWRoTzdVT19XbHQ2TnFZTTlsdUgzYnMzemNHSnU5ZEFhbEJzTU4tS1JMZTNYQ3VQSE9fNk8xRjdfRVMyNFpUUjl3?oc=5,Google News RSS (10-Daily)
25 May 2026,APPISI,Portal Kampus / Akademik,Tier Kampus Mitra,"Implementasi Kebijakan Program Pamsimas dalam Mendukung Pencapaian SDGs 6 di Desa Mentaras, Kecamatan Dukun, Kabupaten Gresik",Akademik & Umum,Netral,https://news.google.com/rss/articles/CBMicEFVX3lxTFBhRFlXRE0tbFNTZ25OR0FpeHJ2SUpQVVRycm5qYUxmcm5SYVY5WExCTGdMb3g1Q3U0VzlyRTM0U2tJWkFtRHIzTm54Y2dFNmowREFqb0l1RE5NcUhzX09SWXh0cTlMMi1UREtEeE52RGI?oc=5,Google News RSS (10-Daily)
26 May 2026,Tagar.co,Media Massa / Pers,Tier 3 (Lokal/Independen),"Dari Notifikasi ke Pelukan Haru, 15 Siswa Smamdela Lolos SNBT 2026",Akademik & Admisi,Positif,https://news.google.com/rss/articles/CBMiiwFBVV95cUxQSnN2aUhoYjRJcnRSNjlqWE45dmoyQlU3MXM5TE9zT3B1dVBIcTN6cW1zT09URjgxNGdJX3ROSVhhcU5CQkxPVE9ERXowVUg3bjQxQm1FandxTEdZT3A4b2JfQm9UeDNxeDJIaDlJUF9HaHlYX2VqWVBSd3ZyZEp1Ti05OHNFMWlvUTBF?oc=5,Google News RSS (10-Daily)
25 May 2026,Tirto.id,Media Massa / Pers,Tier 3 (Lokal/Independen),Daftar PTN Vokasi Peminat Terbanyak & Terketat SNPMB SNBT 2026,Akademik & Admisi,Netral,https://news.google.com/rss/articles/CBMifkFVX3lxTE15OHR5QkN1MkRIa3BTX2lybndmSDRab2plMFpLc0NHS2xnejN3REpEQ1c4WnhMWnc1NEh1UkthYkVhdGFfLU42aE5NOHliZnQtcm9WQl9HbWdMRGh4UEt6Qk56Qm5KdTlnQ19wTTdBeVp5NWd2UU5uSGZKYVdLUQ?oc=5,Google News RSS (10-Daily)
25 May 2026,Telusur,Media Massa / Pers,Tier 3 (Lokal/Independen),Wakajati Sumsel Pimpin Pelantikan Pejabat Eselon III dan IV di Lingkungan Kejati Sumsel,Isu Hukum & PPKS,Negatif,https://news.google.com/rss/articles/CBMivAFBVV95cUxQVGZ5WW9BaFNQcmV2X1cyTmcxcGx5Z0pkZ3FSMGpFcXdqSWhkUExRdE5SWnhfajVHLXpCQ0ZJenVjVlItN0l1QnpMWXVIYW5vSkxKWVZpUGpsT2ZNLUxacU1kQVFTYW1kc3U2a1E0RXByMUl6SjNJUzFxaHRrR09zNGVFU0RRb2Qza18xdTFHYnFnRDRteGtGVlNWZVZHMHY3aHdmbUxoYm52Qjc2V1JYaW1GUnBsRm9ieXlDNA?oc=5,Google News RSS (10-Daily)
28 May 2026,Kompas.com,Media Massa / Pers,Tier 1 (Nasional),"Cara Daftar KIP Kuliah 2026 untuk Jalur Mandiri, Kuliah Gratis sampai Lulus",Akademik & Umum,Positif,https://news.google.com/rss/articles/CBMixgFBVV95cUxPV0F4a05ZdjhlMVUxTWR4eGxDVDd2Z0VRQUkzV3dBYU8wWndJRFVrb3dGSGVOVFVlWGJZVDJOVy1VTi1Ldjh3Nm9RVzJrNW9zaE1Ucmk4alFsQWwyYjA5VGU0LVlqTDR3dHg5YmJuR0IzZE1seWpVNl9tZTZkRHJLY1FLT204MXgxeWJGdDdxLXRlNG1DV1QxU2dFZ0pTWlZjRUpFbjljMEdHY1BEbjUtd0tRRzgzOElEVDNKUVY3emRaWU9xclE?oc=5,Google News RSS (10-Daily)
12 September 2026,abetterresolution.ca,Media Massa / Pers,Tier 3 (Lokal/Independen),"Qurrotul aini artinya🏆 Qurrotul Aini PGSD, FIP, Universitas Negeri Surabaya",Akademik & Umum,Netral,https://news.google.com/rss/articles/CBMiYEFVX3lxTFAyUWVjNmQ2R1dNRXZLaFlTWmd2eDZhODl6Qy1OaVZFckJaVFZOUHRZMVRaOXZFTlFLMl9ka3BtcUZjZnk0VVowd0t4cXZRTmJJY0piTG15QkpUVFk3MERVUQ?oc=5,Google News RSS (10-Daily)
08 September 2026,Pubmedia,Media Massa / Pers,Tier 3 (Lokal/Independen),"Technical, Financial, and Sustainable Building Management Feasibility Analysis of the Universitas Negeri Surabaya Teaching Hospital Development | Sustainable Civil Building Management and Engineering Journal",Akademik & Umum,Netral,https://news.google.com/rss/articles/CBMioAFBVV95cUxQdkJTOFBjZm13Y3I4c1hwakhiNGZsTmlCOEljN0p5SnFBUkFfSksxdlJZOU56bjFaeVpldEhYdTRSZXljSFFQUlJwX0RLTG9nWllaZVljeTRkOTJYaFlTN2FGQmtkWDRBeURTbVoyRld0MEtlZnZfdlNuMGtkVGJtNDlGNnFrMGdWT1FTODlVRWRSUkhFdVFycUtieVc2MXlC?oc=5,Google News RSS (10-Daily)
01 June 2026,Linktree,Media Massa / Pers,Tier 3 (Lokal/Independen),"KONSTANTA UNESA Official: TikTok, Instagram",Akademik & Umum,Netral,https://news.google.com/rss/articles/CBMiR0FVX3lxTE9idWxQOFlVbEotaldJU2NyTktUdk5odmRxM0QtZ1JXa2dOa2d3THN0R2U0R0dfWWpEczl0OTlxdTdEeDl1amo0?oc=5,Google News RSS (10-Daily)
07 June 2026,gofood.co.id,Media Massa / Pers,Tier 3 (Lokal/Independen),"Boona Dimsum, Unesa Ketintang",Akademik & Umum,Netral,https://news.google.com/rss/articles/CBMi0wRBVV95cUxOY2VfdXhrZnF5aWw4dHBSMjR6ZXI0eGFjOVJJMk1yWi1WYTdJVFhuYnZ5bFNncTViYWJfekhPbF9zNGpIWE5tM2ZSXzNldXJfZ1VoaHJDek5KQU5zd2FSbFlIZjlybXlCOGk1c0FSZ2c2SnlrS3E4QnA2MC10ckRZcWk5Ukd3SHJyYzdyOVFwMW1IYnVfWUlBY2h1dWNyU3pOdEhJMzJkcFpOVldZN005VFpqZHA3Q0h6ZG5DNVAzMFFUS0g1dFBhLTEwQnE0MDdka1hBQ1lJcXBkSm5Jc0Z4LWNnYlEybVZyRFRtWDNkT1JPOFQ1ZFlqUkhibjhXLVJsY1A2TEdyTWhZUWJhQmQ3Nld6Z0dnMzNIV1dlX2t0YllFUGZTd2tuVGExQWlyNThSSmE5S0NQOTdKajhrV0VYTC1NRUFMMTVwY2ZUV0NkcjdtOWhReHhEd1hkUTBkMU51aTVhOTlPX3JNemtBMjE4cTdHMFpvYWxIQTB4b3cwZXY1X1ZpTXpqamtPakl3VjJZZ2N2LUFUcGxWdUdWWHRNM3pnM2hGa0JFOVhqX2FFQmVkN00xRkdnM2NMbDRhcWtaaFVKbFVHUkFUeGJ2amJCVldUbTVJMVZyV2tNQW5QX1FXei16cHVuMDRzZXhYai1XaFpMSHN2STFKaW9WbE5QdkUtMERUUVJFNjZZVVJDZmw3TGZvbWRBd3RxdlpQdkJXQW1EbDkxQzEyNWF1UGpSOExibmUxTWFFcjhhUzJGeU9yVnBHRFlMX0tESkplSF9OYUJ3?oc=5,Google News RSS (10-Daily)
06 June 2026,Kompasiana.com,Media Massa / Pers,Tier 1 (Nasional),"""Sabun dari Limbah? Kenapa Tidak!"" Mahasiswa Pendidikan Kimia UNESA Kembangkan Ekstrakurikuler Kimia Kreatif Berbasis SDGs di SMA Negeri 9 Surabaya",Kemahasiswaan,Netral,https://news.google.com/rss/articles/CBMizAJBVV95cUxPb2hSWW1hVjV3UlNnNC13ejNkbTRFUUlaTTlrNVVicjlQaF92Qzd1N2JCbzFyYzQzRHZhU1htVUxqUWxtdVB2NWNYVzdxN0xiODg5aEVqUl8yVWlLZUtWdmg4QWp0SHdRZEUyWWw5ZlBkWnJXS0U4VkhvX2JhMU81eWtQOFlTNkJ4cVNQaGNUWVluMEtSeTR6NmF6Z3Q3aGJ6bnlXZDE1d1BRd1FiSXlYckl5cW9lNWlQWmhLMEZvdVR2bS1uY3BBRDU5NEY3ZllFaXZ2eUkzQlpIU05vUllhYnU0VFh2OVh0REF0LVZEY1Z0RGtxS2FacHdNdzBpY1ZVOHhpT1NrU1dQTWV4a3NLbFNtQVJkNXdaYXRJWHA5dElmMl9yTExCVEYtUldFd1BWb0lHUjV1QVVZbi1qZ05rTl9UYXVyNnpXSEVzeA?oc=5,Google News RSS (10-Daily)
06 June 2026,Kompasiana.com,Media Massa / Pers,Tier 1 (Nasional),MAHASISWA PLP UNESA Ubah Daun Mangga Jadi Tinta Ramah Ligkungan di Ekstraurikuler Kimia SMAN 9 Surabaya,Kemahasiswaan,Netral,https://news.google.com/rss/articles/CBMihgJBVV95cUxPXzN4ZVAtdUdONFJsTE9KUWlnSlNmUUQ3ZTJwa3hBZjRYa1RZVzY0eG9JdVBFazE3ZjV2Tk9iNzFLcDdXR0hPaEQtMXZrWWljbDJWdVhEd0hfMTBCZG9xRlI5XzN4aFVvaExNTHlKVHRheTJKa0lfOXVWdE5fNG4zZHZ0VDFaWW5hdGJtakJ0NHVNcVRhRVBqTFFxX2hWemYxRS0wYUR5dHBqLTFsNGJ6eDVDWnNhU2dOMzVvLWpEQjFJOFZhVzljdU1OcXBSb0xuWkp0bDFBdm95MEQ2Q1JQbWlfOURTNWlqdnl1SUthUHVRb21EMmJ4LUFZemZHNHptOG5mcWtR?oc=5,Google News RSS (10-Daily)
09 June 2026,Dinas Komunikasi dan Informatika Provinsi Jawa Timur,Media Massa / Pers,Tier 3 (Lokal/Independen),Unesa Hadirkan Training Ground Pickleball Academy untuk Cetak Atlet Berprestasi,Akademik & Umum,Netral,https://news.google.com/rss/articles/CBMiugFBVV95cUxPNHFuN3VfcnV4SExXWDRqZVVsWGlQUldKQmRJbFFpcDVUb2pwcFhEMUJVOGdfZGZDbkpoYW9YaWpqZzI1N0pZbUdMZmVWenh2eG8xTDkyR3BLaVg1aVlnbWROb0liTWdXWTlmRDAxay10bG15VVJyZlp1MWxzVWpNN0h5TzFyVV9qdFBtMEljcUJndFJzSnhLVGtBd3FUUmxTZ1BWZl92elVfZXpiMEU2dDdlSVdfQUt1RGc?oc=5,Google News RSS (10-Daily)
03 June 2026,UINSI Samarinda,Media Massa / Pers,Tier 3 (Lokal/Independen),"Jembatani Sains dan Spiritualitas Islam, Dr. Nur Kholik Afandi Paparkan Konseling Kebersyukuran di UNESA",Akademik & Umum,Netral,https://news.google.com/rss/articles/CBMi1AFBVV95cUxONGpqWUFoR1AxT2pPX1JFZ0FoZWVCUTJFMGlieVhZWlpDNlVRa2swa3BiUkUzcFBUNVNkekVrVTh0VjAtVkZRV2FRaUVHWVpFLTNfTHNxOENRZGc0YUEtWTdmRUJSeTZFVWJZUU0wWTlSbHIza25yNTczV3JObHBFMkkxa3VhS1YySHd1SEtlbm4tLVJGZi04cmFHYkNJdzVreDU4RjBjTkQ4X2tCM1lMRV9VeFY5WjhVNWcwR1Z3bzNIMGFSTHRTd1NIM096T3hINXNsMQ?oc=5,Google News RSS (10-Daily)
08 June 2026,Threads,Media Massa / Pers,Tier 3 (Lokal/Independen),SNBP UTBK SNBT (@masukkampus),Akademik & Admisi,Netral,https://news.google.com/rss/articles/CBMizwFBVV95cUxOa0FaNUZQOWJrY0hBLVpfN3hUN0ZUQjIySUJBU0hUQkJnWFdBakxpRllOTU1wS0lkbVNVeDQ0azl1S2VLdUs4QXFpVHY2OGNiWDRBTTZUcDhxNU50Nkt5eWpFSmhWbTBPUFVNX01QZHFpNmd0NzUycXBwZXlkZWtIamowWElFbUJiQ3RvTnhKc19mVzl1QlBuM1hKNEh0TDZxdFhsTENNN0plcTY2aUNVNXR1cnJ0d3pwZXBHeVdsUUNjVzB5dXMzYmxPVzhlcUU?oc=5,Google News RSS (10-Daily)
10 June 2026,Universitas Negeri Malang,Portal Kampus / Akademik,Tier Kampus Mitra,"Uang Pangkal Kedokteran Unair, ITS, Unesa, UB dan UM, Mana Termurah?",Akademik & Umum,Netral,https://news.google.com/rss/articles/CBMioAFBVV95cUxOQWdpMWdfTUt1NExlZUtDTURMS3REOXVTYjJ0NTVQUjZFQkk2bjRQOG9tVHR0ZXpZc3k2VnhhVVpJQUJVM01EMS1jZFVWRUwyUFRZcUVNRW5VaWNOdjQ1dU04RXpweF9XU3VqU1lUSG9JdDV4S3RfSFRaSXdjM2ZKSE1BWTNLd2IwbTZYNHhHaTc0SXEtNE9vQmNzWFpkV3pV?oc=5,Google News RSS (10-Daily)
06 June 2026,Kompasiana.com,Media Massa / Pers,Tier 1 (Nasional),"Inovasi Pangan Fungsional, Mahasiswa Gizi Unesa Kembangkan Produk D'Red Dimsum dengan Kandungan Asam Amino Untuk Masa Tumbuh Kembang",Riset & Inovasi,Positif,https://news.google.com/rss/articles/CBMiqAJBVV95cUxQMjNNaW5xOXJhSXJORFJjSy13SVY2M2piVEdlem9EVHhuOGo0RkhmX3N0Nm15WkRyWmxBSm1qQVF2ZVRRUDVtaXlGWTRVQUd2RXdaUXE3Z2VGQmZDdWFDZmFWTUpiYW9PZjdBTXdESk9rd2JBMGZiRDc4Y0VtUHpCVmZqQmFIZ1d3dFpmYXpMQTFMSlRvbHlDcXNSMjZLX0NJS2hOOFMwOG1jTjZESkJYUW5HSzBRNHA5WTZzLVRPVDl0ZXUxMXVFdHBnTXlyUG5FUnRWZkE5NWNndjBJNG0tWkdnRWlxd1ZRVGRzcW9MRGF4VnJUMFc3a2xaQjMwSGNFd0c0TzRDYUw1R3dOV1pUZEJYOXFDNVZiamNCTVpHNXZVVGdOVVJTTA?oc=5,Google News RSS (10-Daily)
04 June 2026,konijawatimur.co,Media Massa / Pers,Tier 3 (Lokal/Independen),"Kesiapan Venue Porprov Jatim 2027 di Unesa Dipuji KONI, Fasilitas Bertaraf Internasional Jadi Andalan",Kerjasama & Internasional,Positif,https://news.google.com/rss/articles/CBMi0wFBVV95cUxOa3lqX3hCd3VFd25uR2hvbWg5V1hRbWtFOXc2SzBxU2ptcU53cllPLTBtOVdGWUVzZDRheEtnbVNMQTJkVFdPUWRhNlY4NTI2dWI2aE5aRHRnbDZMRlFZSkNRZkJCWmpfY0R3U0Jzb1NrZFRhbjI2My1JeGNsR24xcmV0VmdxWS0yU19TeWl1ZXRfdUlYdXphLWdrb3dxODVfRVdiSG1WTVZzTVRrNDJJSElZcFFMWjB2aWo5VGNTaU1FbHo4LXY1RDZHN2tTVE1mTE13?oc=5,Google News RSS (10-Daily)
07 June 2026,Kompasiana.com,Media Massa / Pers,Tier 1 (Nasional),Inovasi! Pembelajaran Instalasi Tenaga Listrik Melalui Jobsheet Pengukuran Grounding dan Wirng Panel PHB di SMK Negeri 2 Surabaya,Riset & Inovasi,Positif,https://news.google.com/rss/articles/CBMipwJBVV95cUxORjYzZWIyaUVVcEJJalF6bHhFQ0REeDVsVGEwWkRseTA5TmQ0QzEtZXpXQmRzZzFJV3N6V1RfaGpDRVpaS2RDSkFrNkJRS18ydjI2Z0RjRFhHbEstUXczbWZSdXFlWEFyek5RUHplQktBLTFzbkhjdWE3RDM0TjZ3NnJ2X2lBVF9uVWJmMlVfWi05a18wZHQ1cFotZkRSRGxPM05rVXB2Q2x1d0pZM1puMEpZcDFTSmdEZUhScmJiZWhlekZVdUo1VnBQaHdfSnlobUdIYTFjajJCTnBocV9yLWVDYWNiRThCdGNMWWxaWjE1bGljUDM2TC1sa1JQUTZ1enRVcHlhaXJtSllrcUhDWFpacG5iLWhDTWVIdWg5MG9MMUwwU0Uw?oc=5,Google News RSS (10-Daily)
04 June 2026,Pesantren Nuris Jember,Media Massa / Pers,Tier 3 (Lokal/Independen),"Siswa SMP Nuris Jember Ukir Prestasi di Unesa, Danil Boyong Medali Perunggu Matematika",Prestasi & Penghargaan,Positif,https://news.google.com/rss/articles/CBMivgFBVV95cUxQNE5GRFBablpKSkt5clJmV1c1X0c2YWhEazdkcEtpYkpjZTVudmhkMTROUjJfSXp3SXZTaGNoYVdjdXBZZFFtZE96SWRzTFlpdU9fRm5VWlVPemtHaWlBVFp1MHFZV1VGSlpoanBtR2w3aWM0SGp1RmRfZ0pWd2lCaGVoRkI5a3dwOHBsOFZ2Sk1fQ2p2RTVySFZGNUlEUWltQWlPN0RaOTYzRVVLOWZxNkY5bF9qVTZVclpRNWFB?oc=5,Google News RSS (10-Daily)
08 June 2026,Ini Jatim,Media Massa / Pers,Tier 2 (Regional),FIP UNESA Kembangkan Model Pengelolaan Website untuk Tingkatkan Ranking Webometrics Berbasis Indikator Majestic.com,Akademik & Umum,Netral,https://news.google.com/rss/articles/CBMi0wFBVV95cUxPOTdxQWJ6NDRyV1BIVkR0eDgwQm1tcDdIbldUTWE3TjVac3VkbzJsQUJyNktyOWdWaUNEc2hPSWxWWldHSk1IX1BIY1JKOVpuUDEzVkQwYldnR0hWdHRTRlQ3NEwzaXdKbXZ5eUNNbnlVUExwZHlLWGtCQWNTdmZjWmI2SEM4TzVYVm05VHY2MTQ0VXAzUHN5VGUzbzBnV3JaQ3dYRUpQTmlrMUd3TG9OdGl0LTVFOHFiRGVISGgzZ0tsZ3ZFMkdMU01fMEpzem9idGhR?oc=5,Google News RSS (10-Daily)
03 June 2026,gisofficial.com,Media Massa / Pers,Tier 3 (Lokal/Independen),GIS 2026,Akademik & Umum,Netral,https://news.google.com/rss/articles/CBMiQEFVX3lxTFBxX1d6WjNiLUd6eWFFOEg4OTFvTFJ0bl9xa1FZcEp1ai1Gdnl4c0diTDl4M3JmWmFXaWd5YkUtTzM?oc=5,Google News RSS (10-Daily)
07 June 2026,jatimnesia.com,Media Massa / Pers,Tier 2 (Regional),N Kost Maospati Solusi Sewa Kamar Harian Kaum Hawa Di Magetan.,Akademik & Umum,Netral,https://news.google.com/rss/articles/CBMijgFBVV95cUxPZlFpNmt5QjBzRldGVkFHOVE2TkNiUDVuV0tqempfanA2QzRxR1BJcjFRTm9Dal9lQWRnMERJZEp5Y1BMUS1HeFBBbkFYX3BSaTZoQzhCRzNVUnJqOU1PWXBJU1RKa05yLUZTSnBTT1RlSGstdU1vTEp2NlA1X3RycU9VSnIxV0NVNjBCVk1B?oc=5,Google News RSS (10-Daily)
04 June 2026,Threads,Media Massa / Pers,Tier 3 (Lokal/Independen),Loker Jatim (@loker_jatim18),Akademik & Umum,Netral,https://news.google.com/rss/articles/CBMiygFBVV95cUxOZVF4RS1tT0hrQWlYRGJQdHlrYXFLV2ljbnZrbUhfZllycGk2MnV2bWFqSTFGcm1USFVLakpqQmR2emlYQVFPWWJoNTNTUHJ6T0tBcmxVOHFDSnhlSDlWNFhlWUdnOURHUnh2bGlWTUhyMWRrMnUxMjRxT3NocE8xMWFxMDhqMHpGbjFjalpwdXRSaXJZQi1STDk4RTlGcG5iNFo4TzRxaDVSUFh2Rk5LN3pjTkI1YmNFQW1mQlJISE14S0ZWN0FjbkNB?oc=5,Google News RSS (10-Daily)
05 June 2026,USI,Media Massa / Pers,Tier 3 (Lokal/Independen),10 Kampus S2 Akuntansi Terbaik di Surabaya - Universitas Sains Indonesia,Akademik & Umum,Positif,https://news.google.com/rss/articles/CBMie0FVX3lxTE5TenVJUzUtYkJ0ZExWWDN4TUp4cUhtT1FJdXZTZU9ES3NWSTlLa1lIM2s3T0VoV1RpSEpTYk5nal9oaDRtMHlpR25oYmVWWEE1X2hYNmwxb1d5VGROWmw2ekFCTTA3QmZ3b2xEY09Sd29UeG5QRmRLOFNSMA?oc=5,Google News RSS (10-Daily)
01 June 2026,NU Online,Media Massa / Pers,Tier 3 (Lokal/Independen),Ratusan Siswa Ikuti Seleksi Beasiswa PWNU Jatim,Akademik & Umum,Netral,https://news.google.com/rss/articles/CBMihwFBVV95cUxPMC1xQnJjR21ub1lac1ljeGpTVjVGS0pBakZpQmZJWFhQb2F5SHNweFg1d1QwQ2UtWkNTd0pNdkloOERVVWxMQXNVSHB1ak9aVlZNUklLcTZmVElxZk12cHJtbFJnT1VuOGppR01WMGxCZ2FSa0dWc2tNNldEQzExdjUtRi1pNHPSAYwBQVVfeXFMT3ZzQjBhY0lHUWJWWGFFc2dNX3dOODM2bzIya0pnclhuQUR2U3VOS0hkNUgwUUtvZFJLdV9NRDNoR1RhNjdHX3dwNXBpVXVpcjNRMjZMeXFDVVNjU0hKYXk4SEd3RlRVTzAzUGFfbmZ3SGxVY05qSHR5WGVWcUxoT3BtbkMzX0VadnFJMkI?oc=5,Google News RSS (10-Daily)
05 June 2026,joecy.org,Media Massa / Pers,Tier 3 (Lokal/Independen),TARGET COSTING DALAM MENCAPAI TARGET PROFITABILITAS PADA INDUSTRI KREATIF: STUDI KASUS UMKM SELLER SHOPEE | Journal of Innovative and Creativity (Joecy),Akademik & Umum,Netral,https://news.google.com/rss/articles/CBMiYkFVX3lxTE1DbXFfNUp6TFhmOS11ZXhEcGRkcGxiZ050bjEzdzlzenhNa1liMHgzNmE0Q3UxY2s4TUtOUHdNUURrbWdZUmtxMjdINW1jN3V3MUYwX0JNODlwdnVwaE5BS1NB?oc=5,Google News RSS (10-Daily)
09 June 2026,RUANG PUBLIKASI ILMIAH,Media Massa / Pers,Tier 3 (Lokal/Independen),Hubungan Self Academic Concept dengan Anxiety Academic pada Mahasiswa Surabaya,Kemahasiswaan,Netral,https://news.google.com/rss/articles/CBMigwFBVV95cUxOYzRoS2hUSGRmdkRoUEdCZzZNYWltaWFidl9WVXVjSUJ3eXRaZlZQWHprYjlzU1pYVjZCZGZGZXpWT3NqSjNjQkhTWWNxNnY3M1AzazVzNUpsbGptVWdEaU5rQlZOWmgwdFlMYmhnUXYySzJmUzMxaVNlWExvLVpQTnlCZw?oc=5,Google News RSS (10-Daily)
02 June 2026,Kompas.id,Media Massa / Pers,Tier 1 (Nasional),Saat PTN Dipaksa Mandiri dan PTS Berjuang Sendirian,Akademik & Umum,Netral,https://news.google.com/rss/articles/CBMiiAFBVV95cUxNc3NRQmx5a1E1RlJMX3BZckVZektkZEZyT0U0TmZId2pGQVZMWGJYM1QzUFBDWXBycElwUWhZaS1RTURtV1BFOW5GV0lRV3VWZk1yOEhlZ0hQQXlMQVdyTTBXSmJGYUhZQllTTDBORmxncTM4dE1fMktXWHdzR041TEJCUnFYa3BY?oc=5,Google News RSS (10-Daily)
05 June 2026,campusleague.id,Media Massa / Pers,Tier 3 (Lokal/Independen),News,Akademik & Umum,Netral,https://news.google.com/rss/articles/CBMimwFBVV95cUxPeEMyaVlBOEw0R1lhTTl4SmNwMjdYYnNselJja1pzbmZHdDlfYkVJbld1cGRSUFJmbEMyaGRZNW56WVVIR2hfUHN5aFhEQjFkV3pGNVZKb2ZUTVJNajJDanZSMk9DVml3a3FMYkxmVkZEcm1iUjE1bHkzMTFYU0xfNW9DTW5UWDBDT19kRm5fTjd6UERINnU4T1gwYw?oc=5,Google News RSS (10-Daily)
02 June 2026,Kompasiana.com,Media Massa / Pers,Tier 1 (Nasional),"Tak Sekedar Kunjugan, Mahasiswa D4 Teknik Sipil UNESA Sukses Gelar Aksi Sosial Berkelanjutan Di Krian Halaman ...",Kemahasiswaan,Positif,https://news.google.com/rss/articles/CBMilAJBVV95cUxNck9jcGZoY1FSWWt5ejB3UGhjUnNaWEdCdktlcjY1MzVNeEtvd1ZxQkZXdFd6SVVPa1IwbXR2NUpUcERfejkyNC1zWmc0aUFfT3hrQXhldFp6cEprSmlrWXVpc3dXZVhIdmN2cHBzejJObnRSR0xZa0FtNDdPazdJc2JHanpQcWRodUxPOWhxeEFXYmpWWHRnendQdS1zb015YzNrbUhrcnl6MDJ4eVg0LVpwa2NaREp3Q3VuelJyd19rVWstSm1KNlB6Z1UzVzJkcXh0YkpTaTlrQ3hkZEpBME9vUm1TVFllUm93Z25MUTFVQTRzanM3UlpxWXlfUmRNVkdDOTBJbnlCc29IWjBRTnBSN08?oc=5,Google News RSS (10-Daily)
03 June 2026,realita.co,Media Massa / Pers,Tier 3 (Lokal/Independen),Prodi Kedokteran Gigi Unesa Perkuat Peran Kader dalam Edukasi Kesehatan Gigi dan Mulut Ibu Hamil,Pikiran Pakar,Netral,https://news.google.com/rss/articles/CBMixAFBVV95cUxNUzVFTk9ZVkUyU1d4bE9Xa1QtVkh5TFMtQXlnMnc1R0lKUy1nd1pRX0Q1NXVvREpJMlVETmhCTE1rOVpDVndta0pSMlFPOWZBY3o4bVJCd3JVQTNfSjZhNmdwazNiUGJDa3F4NkYzOEhTelYtLUZiNXJjQTNhUExIcHVJNnNQbWlkd05OTzZQdDh4OXN4YzY4SkZGaGJZd3l1MEZNSy1fSndDaDFtSkp4Z0ZJQ1pRQWFFeVF5eEJQamFxMFV60gHKAUFVX3lxTE9fbVBVS0NTa3RYOC1LTEVxS2NmTEdpV0stUnhzYURrd2MwbmZJSnJ6RkV5NUhpUkh2TzAtUkwxQkVSZ3MtMFI1cWN1LUdnWUd0N0dfcmE5LXIzX2tnMEYtb1FoM3R2ZUZtVi1ZWGQwcnd0Z2N3V3c5cHZZLVZUWWpRa3NQMG9WVnFCaUhCYXFsVmQ3a3V5bmNHMmlmRTFrS21TOUd1bklTMTdKa2NWaWNDanlUUExaZEdGZEotTlo0WHVsQkhXN3VVVUE?oc=5,Google News RSS (10-Daily)
08 June 2026,Publikasi Unitri,Media Massa / Pers,Tier 3 (Lokal/Independen),Stres Akademik berhubungan dengan Prokrastinasi Akademik pada Mahasiswa yang sedang Mengerjakan Skripsi di FKIK Universitas Jambi | Aini | Nursing News : Jurnal Ilmiah Keperawatan,Kemahasiswaan,Netral,https://news.google.com/rss/articles/CBMickFVX3lxTE01dDZrVTlkNGg5TVFua3lkVlVMQTNRbGE3bUVVZW50NlNaQ3lBUDdTNDNXdWw0X3Bxbk1pUUdJVzdORHdmMEhuQ2cxT21hTHo1MkNQR0RKYjA4b2Iwa1BMcEtQeENYaEFONlczTjVUSXVGUQ?oc=5,Google News RSS (10-Daily)
01 June 2026,klikmu,Media Massa / Pers,Tier 3 (Lokal/Independen),Broadcasting Skemda Tampil Profesional demi Kesuksesan Haflah Akhirussanah SD Muhammadiyah 15 Surabaya,Akademik & Umum,Netral,https://news.google.com/rss/articles/CBMivgFBVV95cUxNOEdheXdBMFBsOFZxWUNHd0ZydzI4dlNHNnQzVzBRcThWVklKYjJuX25GWDE0cmlQVUZ6c2hSbUhfb3FGd0h5VlpQRk9Hbm54bDV3OVZoRGZUQzM1RlhBTXQ0ZUY2OUlINkVDYllSeUVENmFwQ3llV0VEUFdWZHNvNjJqb3ZudFZySWtSdDRUcmRzVUlpbUViY3pCQlhmTG1JZHRwR2FuXzZwb0FuNEtBRXluX0tscDNMSHN2alNn?oc=5,Google News RSS (10-Daily)
07 June 2026,jakarta.ketik.com,Media Massa / Pers,Tier 3 (Lokal/Independen),"Rabu, Erna Ujian Doktor Ke-3 di Unesa",Akademik & Umum,Netral,https://news.google.com/rss/articles/CBMieEFVX3lxTE9SVDdjNmJsbmxMa2NNRmhDZ0EyRUxJTUIxZ2thbENVZVhQWC0zZDdzWUIzb2FhTmU0V2t0aUtaSXE2ZkN4azBoX1JyRzRUUWNub0pBdV9Va1d3S01rdzg3Rm5RWHNfUkR3Qm1xT0ZfZERlcERURml4NA?oc=5,Google News RSS (10-Daily)
02 June 2026,SMA Walisongo Gempol,Media Massa / Pers,Tier 3 (Lokal/Independen),"Murid SMA Walisongo Gempol Lolos Perguruan Tinggi Negeri (PTN) Jalur SNBP, SNBT & SIMAMA Tahun 2026",Akademik & Admisi,Positif,https://news.google.com/rss/articles/CBMi4AFBVV95cUxOTzhIOGpoY0FZTGppeGJFMjdqNDV4eXZEYWt3bmEtYS04eTZvTjlKM0NZeWNwT3BqTmo5WGJBT0EwakFSc05ZbURjQ1ZPQ2ZZUEc1bnctWGhaaWJJd081Q3VKSDNWbzIxZTBCVkhPY05LckpHbjhFSnBmTEI1YzEycEpCMTJzeUwwdTZtMzhoZC1uM0FyaHlHdzVkWVl6dFZSb0tzZ2ZRcV91WDd1WnhnaEdwaE15eHNQUXJRZ0xPN25POExjWHctbUlNNkM2LVU2c1phQVBZUV9aaUYxX1RMQQ?oc=5,Google News RSS (10-Daily)
02 June 2026,beritajatim.com,Media Massa / Pers,Tier 2 (Regional),"Untuk Jaga Konsentrasi Mahasiswa, Unesa Berikan Sarapan Gratis Selama UAS",Kemahasiswaan,Netral,https://news.google.com/rss/articles/CBMinAFBVV95cUxOQXQwd2txUmxTdGRoX19nTFNHaW1pQUZRb21LaVBkVGotR004WGV4bjkySEgwMkNuWWJvYXR4c1NKM0tVNGpSeU5ZUF9LeU9iUDJaaUEtYUtYekREVzJkM0JITENSdlNUaHdnMDk3U2VOR0RuVU9rcXZTX2hwZ3lqNDd5S2tyYk9fN0VpbzMtU2pybGtDMXVKcEZuTzE?oc=5,Google News RSS (10-Daily)
08 June 2026,Tagar.co,Media Massa / Pers,Tier 3 (Lokal/Independen),Siswa Smantis Lolos SNBT Unesa,Akademik & Admisi,Positif,https://news.google.com/rss/articles/CBMiXEFVX3lxTE9VeFg0SDJNdUJqM1h0SkxlLWd6ZTczcXJrTjFCOVpXWGNMM3VlLWlTc0k0azRVUlIzamtUNGJwZkJoT2x1YkszeWlILTlZZnZ4T0pqSW03Nkk2d2xn?oc=5,Google News RSS (10-Daily)
03 June 2026,klikmu,Media Massa / Pers,Tier 3 (Lokal/Independen),Pelepasan Siswa Kelas VI SDM Limas Diwarnai Pentas Seni dan Haflah Akhirussanah,Kemahasiswaan,Netral,https://news.google.com/rss/articles/CBMinwFBVV95cUxOa0NOMzNnWVRuNTVRLS1oMmJsRE5rQzZsS2JTR2xIekIyYkpVdU5RWmpiYzhGR2hMZGJBZ1NXQS1TeFVXZHpubjFxOVlGNWN3VjdFVGxEMG4tUVBFSWxmamc1bURHRmVwVEdwaEF5b3pBclAzMGF5MEgzZUxyMzdUbGFlMU9Hdmpscm12NzMtYkNnUHFPd0hXNDZmZDJLSG8?oc=5,Google News RSS (10-Daily)
03 June 2026,HARIAN DISWAY,Media Massa / Pers,Tier 3 (Lokal/Independen),Unesa Bagikan 35.000 Porsi Sarapan Gratis untuk Mahasiswa Selama UAS Juni 2026,Kemahasiswaan,Netral,https://news.google.com/rss/articles/CBMitAFBVV95cUxOUmctakloUERld0phZDB3SkhkZWRGZXdUSzcySnB0R1hpR25WYUhhQVVtSHdqdGdyUEZ1RXFGZGQtZFVQTzQ2amctS3RrdHF4UXA4REJXVWp3aFR5STRwWjdIUW5tX0V2TFJMaElkQVVzdXVFWWhJNEVNNmlGQ0JLZjhNbldtTlNwa0VKUVdaYmdwZ3FpbU1FVC0zVG9US0hCWE5rcnRQdlFOb2NaN184dGMtSFM?oc=5,Google News RSS (10-Daily)
09 June 2026,advancesinresearch.id,Media Massa / Pers,Tier 3 (Lokal/Independen),Examining the Mediating Role of Customer Trust in the Relationship Between Gold Savings and Investment Interest at Pegadaian Syariah | Advances in Management & Financial Reporting,Akademik & Umum,Netral,https://news.google.com/rss/articles/CBMibkFVX3lxTE9VRk1PWnhHWXMwWXJpZE51RzFOVE1jYjdXYjduOHk2d2o3V0o4bFRMVE5jdUlkb0dUMTZWcWRiRHR1ZkJVeXduT0cteVVTNjRiY2o1QUxnMElaZ3BWY0RPQTdQMV9YN3NKT3JSSWF3?oc=5,Google News RSS (10-Daily)
10 June 2026,Politeknik Elektronika Negeri Surabaya (PENS),Portal Kampus / Akademik,Tier Kampus Mitra,Detail Dosen,Akademik & Umum,Netral,https://news.google.com/rss/articles/CBMiggFBVV95cUxOWkhweXFEcmduNmkyRV84QnZCbnBhZmJsOWdHLTUtRTRkMXROTXlRV2pJcWhUdS1lR2pzZi0tRE93YVdMbDRKZmR1N1FGZklkZUdvQWZUWnR0QVJYVVp6RGtYbEVPS1o3aF9nWExTbjkxTjJFNTdsaHlvUmhsMFdtMFFn?oc=5,Google News RSS (10-Daily)
02 June 2026,Suara Merdeka Surabaya,Media Massa / Pers,Tier 1 (Nasional),Unesa Sediakan 35 Ribu Porsi Sarapan Gratis bagi Mahasiswa selama UAS - Suara Merdeka Surabaya,Kemahasiswaan,Netral,https://news.google.com/rss/articles/CBMixgFBVV95cUxQMWdyeXVaaHV2R0RvUDRrcGxJU24wUEZOcmZSSy1KN1FzZ1NlX1Q4WWI4SE5QZXM5NXBMY0NEOVhGMG5rMFdqOXlrenVaY09YX0JfSmphZDVZY05McVBObExKZm1DYV9jcWFIcDJOd2xDblJuZjFqeWpJQjJrbHlRTFVnOFl3TWswYUNkX2EtXzZROGhjdU1YVG81WXJzajUtQUVORjVkWUtPbHcwU3R2MXZyeFNWZjNJNHBuWUo5NFlFbnlnWXfSAcsBQVVfeXFMUHExa0JHa2czenNJQXZybUNkU2FIRDVUNmJ5OXJDeEltOXNINjVUYU9OX0NnME1BXy1lVHg2ZTRCdHJBUFFjMXZibW04cVktSGhjY0JwNmlHWTVId0Z6U0trRzZKNVA1NEhFSkdiamxJaFlLMXQyeXhFQ2ROY1kwamN6TUpSYU5UdTYyLUZDaUFkS3BaMVIxRk9GRUZadll5dDZEMko0eFVtVVltR01od0lVbjdPbXhKOHNWaXYwdjRyNXJQUDZ4dWpHQmc?oc=5,Google News RSS (10-Daily)
01 June 2026,Suara Merdeka Surabaya,Media Massa / Pers,Tier 1 (Nasional),"Langganan Event Nasional, Musik Orkestra Jadi Wadah Belajar Karakter SMAM X Surabaya - Suara Merdeka Surabaya",Akademik & Umum,Netral,https://news.google.com/rss/articles/CBMi4gFBVV95cUxNbEJBMmlzMlI4a0laRktiUGRIcDlXUnhGUVdOSmlQYjJuZUN6eTF0bkF3RkxyY1RvS2pfdUtxcC1mb3h3Y2taM0tSR25IS3pGQnBVUTRqQ3N0eHVydTBvSDY3MXR5b3BkQV9GSURCRW1UaFBBQlBOVWdoU1pqOGNrUkhQR1AxVFJxN1FwUmZXSWNid3dMN1R3YUc5WWI1clZEN3hfLWRoUm10c0g5N2JTWGtYdzkycVRfc0tkbmJNOG5BMGp6dXdDWW8zZzdONFBuX08teUxMZzZpV0g3ZmNlNGpn0gHnAUFVX3lxTFA4a0NQVGdWcTFvWFVYOUZYeUNoSW9hdzZjeC12Q3VhZmIxTmpvVGxBMlpONHZ0WG05c0FwNHpFVEphcnk4VW9NWU9YZGRiYUsyX0Jyc2xyam5WUGJCNWFKalg1dGVGUXN0OUpfSVA0LXB5endWcmVBYS1LaTVtSDdQdGZYVmFwa0lNZ3RMeV9peUFGYWgwaUNIaExtSVRHVUswVlJMVXJyWVJ6ZDQ3T0FvR1NRQjl5VVI1X0xOYXY4djNOdUNXWW9XS2ttZkRVZkZta1dJOTZDXzZrdW01YllyWXVIR1d3VQ?oc=5,Google News RSS (10-Daily)
03 June 2026,Telusur,Media Massa / Pers,Tier 3 (Lokal/Independen),Nilam Onasis Dorong Promosi Budaya Kaltara ke Kancah Internasional,Kerjasama & Internasional,Positif,https://news.google.com/rss/articles/CBMioAFBVV95cUxQeEw5S2trN0U4RHROWWQ1aVJNMldiSXdWMG5PamdMZGxPTUV4cmc4bVZqaEJkeXNIUDlmbUl5UzBiZVp6cVNNY2RYWGhVMkJFRGtOYzltWnBEVlcyOEJTNXdRenh5YjFISkRGWk1Dc3pFMm9OT2ZKMG9GYzE2bk5VdjM2ejlsdHdFMVV3ckZWNnVtOHAxbFBTWTZjS1FhN3NU?oc=5,Google News RSS (10-Daily)
06 June 2026,Universitas Islam Makassar,Portal Kampus / Akademik,Tier Kampus Mitra,"Milad ke-60, UIM Tegaskan Komitmen Tingkatkan Mutu",Akademik & Umum,Netral,https://news.google.com/rss/articles/CBMikgFBVV95cUxQc1Q0ZkJPMXJUa3NsT0hLdWx5TG5La2tmajlrNWR3S3lpcHUtWmdhMXROWF91elRJYmdmcDBELU9YSzFkNHMwS2lpRldyd2RCZEl4X0g4bXNMa1hnbHd3aFEtQW92SlRyZlBLeTFIcTI1TEpWMThGV05ucDFKX1dhLXVNXzNnZlpQT2R3dnBsOXJrQQ?oc=5,Google News RSS (10-Daily)
06 June 2026,Suara Merdeka Surabaya,Media Massa / Pers,Tier 1 (Nasional),PLN UIT JBM Bekali Mahasiswa PNM Wawasan Proteksi Gardu Induk Tegangan Tinggi - Suara Merdeka Surabaya,Kemahasiswaan,Netral,https://news.google.com/rss/articles/CBMi0AFBVV95cUxOMVVNNUZmMWNUbExOazNrQVhac1I2cnNzSDdRZlByMV9SNF9DMHQ4X2FJTHhDMGh3RGp1WWVJWjM0UXUtT1NwdC1NTDFFSk53b3Z5QlU1emw5cTVObnVCOURWRXhneHJCdFlwZmQtMkpGNkhKdWkwN2N6VDI1S2lJUzVSSU1ZQmZEV1A2dmxMb3NXSm0xbnhOS0ZyekdPMFlVa1VVaGN6dEJnY3lPWWkwUmViSU5FYk9uSDUwcVNkcnE1SjB6MUdQdlFMNTNnNHNW0gHWAUFVX3lxTE1kWGN1SlBDZWtnVzI3MFRJN1B2cjgyRG9Yd0xsZ09HNHpWSXF2Qi1GQWR2aTZwQjdkUXd3N0xKNEdCRk4tZ2IwQVVic1B2bWpOelcwQ2hVOW5wUjJ2S2k5RzJrWkpBYWgteTVLdFRnV05fbVQwNzJNcXR4NW14cnBLU0tBX0o3RjUxdEI1b25rWV9CRkpfMUJxa1QyVWp3QjZpRXBGbVk0M3AycHdhVnBPOVlPNVF1dGVkc0JPSTBLUm1lek44RlRWcUdaZXhCYThBcnNMRXc?oc=5,Google News RSS (10-Daily)
07 June 2026,INDO PUBLISHING,Media Massa / Pers,Tier 3 (Lokal/Independen),Rating dan Ulasan Digital sebagai Determinan Keputusan Pembelian Mahasiswa di Shopee Food,Kemahasiswaan,Netral,https://news.google.com/rss/articles/CBMicEFVX3lxTE13UWdDdkRPQzZqaWVzRlc0dE8yUUh1c1ljbGdZTGZvYUpnRV90OGczZWgxTTFPQWdoeFVrMXIxajgzMlF6ZVdEVVVYYmVxbExhM0FNYkJIT1MzNTh5M1oyemlobGlXX3hzLVNZZUhIZ28?oc=5,Google News RSS (10-Daily)
10 June 2026,HARIAN DISWAY,Media Massa / Pers,Tier 3 (Lokal/Independen),Mahasiswa Akuakultur Unesa Panen Lele Bioflok dan Promosikan Diversifikasi Pangan - harian.disway.id,Kemahasiswaan,Netral,https://news.google.com/rss/articles/CBMiugFBVV95cUxQYXduNVJiTjBwX05TOWg3dmRyYlZKX3ltemFCamNBRndFZkdCX2dfQnkySFJublNBVHJfM2x1NGRjN19UeGtBeVhBaHZRQTR5S1d3OGM5V1FacUxCcTA1UmJUclYwMmkwRFl1ak9ISlVYNXJrQnh2eG1uQThpTkpyYl9oeGltd3R0SG1EeV85c0pCNXh3bk1aMzFVQnZBclg3UXlkS0ltM2Z2WHg5TEVLZTJxQzRTaVNMUWfSAbgBQVVfeXFMTjIwNnp1WnYzaVdqY3hyckpSbWZsUDFOQm5QNXdPNWVCNEhFdnV2WHB4ZkV6R0xuNngzRGxDemJCaExFVFZzUnJkUm5zWmhWRGt2S3pqR3BQTDZSdEw1WDV4Ti1xb2lWeGxCSVgxS2ZMbV9Qc1FxNVpiamNSN3o5NGs5dlFhZzJlSkk4Uks5RnRTdkVhSmE2SXFTM21WTExTb09sdFdKalVyUjU3OVVvODl3MFhqLXg1aw?oc=5,Google News RSS (10-Daily)
19 July 2026,pertanian.go.id,Media Massa / Pers,Tier 3 (Lokal/Independen),Semua Berita,Akademik & Umum,Netral,https://news.google.com/rss/articles/CBMib0FVX3lxTE5rUjFNXzlZOFBHeFdZXy0xbzZReUU0cFdHTkZkV2Z3UUdKMFBMZkE4YWlwc2Nxb2RFbVNRd3ZCNUh3WXBJNDc5MmpoMjlZMVNmZzlkNjdlTllVRjhoUHY4TkpIZk1IOXhvZFJKWmREcw?oc=5,Google News RSS (10-Daily)
02 June 2026,Portal Kemlu,Media Massa / Pers,Tier 3 (Lokal/Independen),Portal Kemlu,Akademik & Umum,Netral,https://news.google.com/rss/articles/CBMioAFBVV95cUxNNUd6MmRQdl9vc2Y1ZXN3RXoyMFE4ajhSdGZHNXNVSzdvMnpFa3V1NDh1SGFGSmNNLW13NDNrYVhWUzItc25lVHh6RFhDWkplOV9UTWZXb04wVFVzN1AwbGVSZjMyNnBZdDBBRVkzTFdYMjFucVQ1S3ZLc1JJMmRyVGlmZDViT2xlRWRkZHF0QWgzX3B6ZnpFdU9qcTUzUVV6?oc=5,Google News RSS (10-Daily)
04 June 2026,titikterang,Media Massa / Pers,Tier 3 (Lokal/Independen),Mikroplastik Menyusup Udara hingga Cairan Manusia,Akademik & Umum,Netral,https://news.google.com/rss/articles/CBMiggFBVV95cUxOYnRPMkpibHFYdFVtRXlXNkR4R0JaMzV4bHhMc0NFM1AtRlp3cE1oakktR0dzTkxOYjNHcl9xbFc1OEFQaW12V0JrS0sxVkRqYWxJaFM5MHNLeFdibWVfalZ5SzZreW56S052TndQM1QwbFREMW1iSGQ3WV9IVF9hZHJ3?oc=5,Google News RSS (10-Daily)
06 June 2026,joecy.org,Media Massa / Pers,Tier 3 (Lokal/Independen),Pengaruh Penggunaan Media Powerpoint Interaktif Terhadap Hasil Belajar Siswa Pada Mata Pelajaran IPAS Kelas IV SD Negeri 12 Pemecutan Denpasar Tahun Pelajaran 2025/2026 | Journal of Innovative and Creativity (Joecy),Akademik & Umum,Netral,https://news.google.com/rss/articles/CBMiYkFVX3lxTFBwYVI4Zm1NMzdtaFgwNDBnYWFHYUtiTHcwbWxSRHpIQ2NJc1ZRN2dzeWlxZlJQcXhPN3FHMVlxRk1TZ0s3cGlVY1ZSZFl5Y0VaWnJkd1dWY3czU3pBdDJZNFJR?oc=5,Google News RSS (10-Daily)
03 June 2026,Yayasan Pendidikan Dzurriyatul Quran,Media Massa / Pers,Tier 2 (Regional),Pengaruh Lifesytle Terhadap Gaya Hidup Mahasiswa di Surabaya dan Potensi Konflik Sosial yang Ditimbulkan,Kemahasiswaan,Netral,https://news.google.com/rss/articles/CBMikgFBVV95cUxQSW8zV1NjQll4RWE3X0ZTbDdzZHJjNm5tVnBzXzUzM1NBNlNqZWxOVU1tX1BWOVYzQ21rVlFpMVhqOVlMSnRyeG5hbmhCQlZRQ2JDeHlFamxDUHF3QklITkZ0TlRNeXhNZ3Juby1FQ1VTWnFLMEdkQXRmNkJIOXFLQlpDeGtLY0Jja3Z6Tm9oTjdyZw?oc=5,Google News RSS (10-Daily)
09 June 2026,Radar Surabaya,Media Massa / Pers,Tier 2 (Regional),"Jalur Mandiri Prestasi Unesa 2026 Dibuka, Talenta Seni, Olahraga, dan Keagamaan Disaring Lewat Seleksi Tatap Muka",Prestasi & Penghargaan,Positif,https://news.google.com/rss/articles/CBMi8wFBVV95cUxONHRiR19jRk9QSDY2amplM2tXWDJtc0NEVmhjRzZveGF5QWJlRF9yeXU4ZVUtMmtBVGRoeE9TNnBxbFRVeXZsT2JYT0Vpa0tBcGRTRmpJRTY2SGFUNnpCb3doYUN4UjFZWDRuVlFmeFZQX0t0aUxaaUN4NktwTGlNbzhVZElFTzl1bG5jNjZnWXo4OU9JSDd2MmJWVEJVOFFHRUxybjJZamV3QV84VDYtc2hWLXN1VlpyYzF2bVRvNG9RR1dpNEstRG4wbDg5RjROYVRFa0swMTNrTlliOXBmRDVFU0d0ZGt6U1ctUjNkTnFIZGvSAfgBQVVfeXFMTjdhQS1NOFltUUloYUpEWVExZnlYa3BWM0NWWDRsempmdUJUZjM4UktoQVdUY0hlQjB5MkZqeHNVS3RmX1NRUjg0OGVCQ0xoSmM1TlVYdlpYdmdiTzV1OWx0N0hGLXY3MGFUMTg1NmJpMkxjS1VTajMyYUpfWm1GdnJTTVBxQmJsQTFtTm5zdkxyc3BqX0J5Rl95eUFiOFlER2lGNGhoRFliamtHNlhNb2JnaUdoTUJfZUNIQzV4OHVNZGtaWHpVaEdvQWVfMG53OG51Smp5R08zT3J3ekFWb1VtTEotRWFWUEZpZDFNNE9namFqalJYd1U?oc=5,Google News RSS (10-Daily)
06 June 2026,Radar Mojokerto,Media Massa / Pers,Tier 2 (Regional),"Jurusan Desain dan Produksi Busana SMKN 1 Jatirejo, Didukung Kebijakan dan Prasarana Belajar",Akademik & Umum,Netral,https://news.google.com/rss/articles/CBMi4gFBVV95cUxQdGhjUVFybi1rRjB2OEIyZDZRMHcxWXNKODVtYlliNEZya1dfVXpMaDdtT2hObC1vSnJYOERaTlNBa19WUmw0aVRDbmZHcmxIX0Y4N0tLZ1NQV2xfdDcxRXJLblkwZnlrZmtYMUpkSERWallpbGZIbW9NYjZXNk8xei1yMjQ0ckxRUFNfT0NjOXdsUUdLRDVGNnFuVTdDQ21tcE8zWHFhTGVKYnk3SWFZd0ZfOFdIUVJrc1dXdmZVUE5QX0hYY1R0VEd1aEZma1I2Y2hKeHNyVF80LXI5dkkzdnR30gHnAUFVX3lxTE1uSHlRYl95ZEVXZzJ3ZHFvbUFaTmhMZ3VlaHpZRno3djFOOHk0S3RmZy0zUnZXT2MtcFF0eHBGekdFYUhYRkRtX2VWSEtKZjM2U0JnWjlDOUJVWFoweE51NFg3X0tiUFhoSVNjdVR1aWQxNVQyanplWktwbjhpZDRlR1VIWnBFYTB6cjhUbjJPd1hhT25UZ09NR01QdkhiT2ROMmNUVUZKX29KdmEyWl9udFg0aEc3aERpVElpUFYwdkVhVXpsZHJlamdJdHpCaS1waXdIcy1QZUtvbWpJTm5QS2g5T1Y4cw?oc=5,Google News RSS (10-Daily)
05 June 2026,Telusur,Media Massa / Pers,Tier 3 (Lokal/Independen),Yuki Fukushima/Mayu Matsumoto Hentikan Langkah Fadia/Tiwi di Indonesia Open 2026,Akademik & Umum,Netral,https://news.google.com/rss/articles/CBMiqwFBVV95cUxNSnVaR3htNGVFSm5KTkxUNndkTzhWemYyUXB4eERZREQzeHFWLWhHdGpFZW5EX2VBNXcxMjA3RGFSVEhnblZBdGNiQU9uZmpubGhxUGJ2Y05neTlXbEw0el9PTFRKanBLUkYxV0UwNTBUX0NxMlJ1YW15dzQ3YU9DRW1udzlORFdVXzBfZFc5YURIRVgydGxmc0NNZUQtT0hNOTNTM2l1VENvY1k?oc=5,Google News RSS (10-Daily)
07 June 2026,beritajatim.com,Media Massa / Pers,Tier 2 (Regional),"Lawan Stigma dan Diskriminasi, Walk For Autism 2026 Serukan Penerimaan Utuh bagi Anak Autistik",Akademik & Umum,Netral,https://news.google.com/rss/articles/CBMiuAFBVV95cUxQYjR6aUpITXJTMGZtaVRpNnpUSmxadG5kM0JhTkpLNlZ6SVNYZ1ZVU2hHUmwyVWZHaXZ2NmdIUU1YVGZvTUhQWG9WZXJwUTRpZVZFUFdMMkNvc3ZPQUZlMi1lWG56UFhFWE96elQtV2VDN2FLbFNIeXRLS18tN2tpXzJyQk1YQjZ4ZFBEaFkwUVctZ3ZPNTJIM2hlekRIRFN0b09OdU9QYWFuRGZ0T3MwZjl1Mno2N0lG?oc=5,Google News RSS (10-Daily)
06 June 2026,RRI.co.id,Media Massa / Pers,Tier 2 (Regional),"Kalahkan Unesa, Tim Voli Pantai Putri Sumenep Juara Piala Wali Kota",Prestasi & Penghargaan,Positif,https://news.google.com/rss/articles/CBMirAFBVV95cUxOaEZjQnEzSFpRbU8zSTlhMHVmZHlNa1J6eHo4QnRMTGY1MmVXMGlOaS1TS0VFeUdVTWE0M2lNZW9VVlA4c0JtR2xlaDNLQTBsdVJDcGh6WkszZi1vNlhycVlXNlpVVy1BYlUwU1h5OWtSeXF5aUNRaGZWQVhVMGRrM0toNzlvSHlSZ1BTWkV0NW1KTlI3aEdLOHE1MWxRUld2OWJORkR1bDd4bEZV?oc=5,Google News RSS (10-Daily)
01 June 2026,Linktree,Media Massa / Pers,Tier 3 (Lokal/Independen),"ASMARALOKA FBS UNESA Official: TikTok, Instagram",Akademik & Umum,Netral,https://news.google.com/rss/articles/CBMiREFVX3lxTFB6SkZoZUZaQ1ZhRmExYWo1VVBTMUM0SmhIRWVhb1dBYXNDWDZGNjRJLUFhRHd6MVNKM3NIdGxXbnh2SzVa?oc=5,Google News RSS (10-Daily)
05 June 2026,Beautynesia,Media Massa / Pers,Tier 3 (Lokal/Independen),Rekomendasi Kuliner di Dekat Universitas Negeri Surabaya,Akademik & Umum,Netral,https://news.google.com/rss/articles/CBMivwFBVV95cUxNSmFoUXBYTW9iRHBJSndXeVA5bzk4eDU0U1drb2txVjRqamdJdXhjQlZqc1BHbVl3QTBCNC0zVVVNX3lRQU11U3FhUHhiLXRmOGlvVWZsT3pKQkRRbWtTY0c4UldTYnFNcmYyaVNWUFpLLWRGVnJScmtmR1BTQjAxRHhfdE85Q1ZPTzdYbTVNMEpORDBUVXpyMFV0V1oteGVXWlk2MmFrMkFnalB5WDRVcWEyNW9aeHViWVN6c2ZoTdIBxAFBVV95cUxORlp0YTgybmxnenN0bWpQbzJNckF0eGJXSTgwWkVSRlZ2UzNzVldnUDB3Y3N6eVpySDJzSEFCTFgzdmdwcWQzdkdMd1RBQjFReUdicWxnQ1UzZGxqcUtkTXF4RmV1U1dqVmd4YmVQcm1Wb00yRGFBRXVxbE9xSzItbW9vbkRnWUI4b0JTcXhqbUtyZDFRWEFNSUV3NXFzaUpvV3k4ZWdTYk5jdENTUjlya20yUl9mZlFCaEZaay0weV81ZlBS?oc=5,Google News RSS (10-Daily)
03 June 2026,id.scribd.com,Media Massa / Pers,Tier 3 (Lokal/Independen),Template Proposal Magang Industri PTM Unesa,Kemahasiswaan,Netral,https://news.google.com/rss/articles/CBMijgFBVV95cUxOSXJaOGFvOHNWeEdQWGtWcHg5Q1E2aXlpOWt4Qi1ZdHlldmwzX1JNWWdwQzlNLUctZkFiRmZ0SHJUbHNsTnVfd241ZnB5V2o2VVdJZnBCOTVpMlRVcEEwZEdTZDJMZmxUa1JtTVEyUk5QeGdyektiT0JHLTA4UHlrNVRwdTBWYmt4M0ItTmp3?oc=5,Google News RSS (10-Daily)
06 June 2026,jatimupdate.id,Media Massa / Pers,Tier 2 (Regional),"Soal Pemekaran Dapil Surabaya, Pakar: Fokus ke Kualitas Representasi Bukan Kepentingan Elite",Pikiran Pakar,Netral,https://news.google.com/rss/articles/CBMiwgFBVV95cUxOOEtGSkFnNDNvTXYyd2tVY1JJdGctVWZ0M0xmLUJmNTlZeE1SbDV2NUxybjNwYzBoYTQ5eUZHV0FuaklkRDZtcmZPdVYtaTdpdC1VblhTUGNEVTJ5TldQaHh6UmpiUUR6T3hnVHZGeXFzcHV1emlVbnltUVJXd0Q1T2NTUFU4SGIzSk55bDdRNnhUeHk0S1lGeHpfTlpsblF4X1FzLTVFb01xWUJrckJ1LVZZOUJJTWN2aFdSaG9wZkxpQQ?oc=5,Google News RSS (10-Daily)
05 June 2026,jatimnesia.com,Media Massa / Pers,Tier 2 (Regional),N Kost Maospati Pilihan Tepat Mahasiswa UNESA Magetan.,Kemahasiswaan,Netral,https://news.google.com/rss/articles/CBMigwFBVV95cUxPWDhoTTVJcW0zTjY3TmlGM05FNmVFYVpWMUU4WW56R3U1bjVCckIxS2R0SUZHZWhxa1JjaGJGbVU3eXdzdEpVa1J4eHZTSlFCN01yS1dHcjF3SjhQb09VMmpDRmFORGF2dThZVmJ5VGtfdEVtaTF5aDFRMndscVQ0OEhZVQ?oc=5,Google News RSS (10-Daily)
05 June 2026,Wartapos,Media Massa / Pers,Tier 3 (Lokal/Independen),Selamat dan Sukses 47 Siswa SMA Negeri 1 Kertosono Lolos SNBP 2026,Akademik & Admisi,Positif,https://news.google.com/rss/articles/CBMipAFBVV95cUxPcUFKejJPcWtGX0xDNnFYSlF1dUozU2dtLVB4TnpuVU9EcWxCaEozSEMtTkNyQ0VoNDRCeW81bmhfZ1U1dl9oX2twS3l5SldhUUxLWnpKU1BZa29jTmdCYkFSSjVWTWhJQmJ5V2l2UmQtWjIxbDBpU0NUQjNiWlFjZERHcWdPenBXeUp6eEhOQ0J6Zm1EVTl0RUZtRHN6YktjM2NNZg?oc=5,Google News RSS (10-Daily)
05 June 2026,ripost.id,Media Massa / Pers,Tier 3 (Lokal/Independen),Menuju Porprov Jatim 2027: KONI Jatim Proyeksikan Unesa Jadi Sentralisasi Cabor Bergengsi,Akademik & Umum,Netral,https://news.google.com/rss/articles/CBMisAFBVV95cUxQclFfSjlNWWdXcE9hTEJ3TGpsNUZ4UUp5UWFMOUxSUnVtaWN5aTlubG5JSUpxZXBRUXIycC1YbS11UG9JLXBiNzdhUURGNVZUUUJtR1lVazJDdjRqenFQWWFlWmRJX28tcEtjc2ktZkl5cmc5blNMMGQzMEdSV1FwbEFKWU9iY0hNX1ZFSkJQb2k3UDg2X3dpemNBakNPbVQtRWtsYld3R1I3UmxEQUxwNA?oc=5,Google News RSS (10-Daily)
01 June 2026,Threads,Media Massa / Pers,Tier 3 (Lokal/Independen),Marsudi Janur (@marsudijanur) on Threads,Akademik & Umum,Netral,https://news.google.com/rss/articles/CBMiwwFBVV95cUxQbllDZkswdVo3R2RGZkJCYkFnWlhncVNsbFV3OWlPaUZRNExKU0xMeGVLdVZ4NjFzTHI2RG01ZDhtV244bjVBZ1BsUXJpUWZKNnlpMmlnMFZqTUFkN2RWZ3BWSGpYZzFQVmlVeXE4emh1OVUxQ2JfRDl2aHk5NWs5R19BWXhJY1A2aC1SM21URk9vZW9uSmpMcTI0V1k2MFZzaGRiY0lHNTZNOE5iSldvV3hSSmNfR19feE5kZGhEUU1nQXc?oc=5,Google News RSS (10-Daily)
05 June 2026,titikterang,Media Massa / Pers,Tier 3 (Lokal/Independen),Mahasiswa UB Temukan Penurunan Kualitas Air Kali Surabaya Akibat Limbah Industri Kertas,Kemahasiswaan,Netral,https://news.google.com/rss/articles/CBMitAFBVV95cUxOWnpKMm5NZmxBdzI3RHFTNlN4aXFLWWw1NjFvM3dvcGctS0d4ZnB5eS1NM0czbExraU91SDNCcWdvR1NnejRRMjByTHZtcktXdXlab3k3MHZjbmo5NWtYcmg1RDdzZ1JvWnN5LWlHX1MzVUU5dDJUSW50NXVYd1lHZnZFaXRGR2RwYURhSUVpVGJ4UFlkSmxsUWI5SWhVMVExSVJqNVl6MDlKQUZ1c0RTSXZ0TXA?oc=5,Google News RSS (10-Daily)
03 June 2026,jatimnesia.com,Media Massa / Pers,Tier 2 (Regional),"Tak Bayar Pinjaman Tabungan Lebaran, Warga Desa Soco Digugat Ke PN Magetan.",Akademik & Umum,Netral,https://news.google.com/rss/articles/CBMingFBVV95cUxPSXVfMVlIdkx6anQ2ZHZVWjVYaGQ1OUF5Q19KempCSml6THVDc2Y1Q0RVTDBZbGV2MWNnNE1FZkI3VkhsVmsxaXctWjB6RFJGT2V4dlhYYk1fZVNOdWVUMzd4cUJWMjhuM0RTbW9yUHA0X2w4QXpjRHBzdThoYjFONWxZWk5mQ0ZaYUtRalk0bW1NTjJlS2Jnb09iSVhiQQ?oc=5,Google News RSS (10-Daily)
04 June 2026,Kompasiana.com,Media Massa / Pers,Tier 1 (Nasional),"Your Life, Your Choice: Ajak Siswa SMA Khadijah Tahu Bahaya Narkoba dan Kekerasan!",Isu Hukum & PPKS,Negatif,https://news.google.com/rss/articles/CBMi1gFBVV95cUxQbVJic3RjMEZNakpJd0s0RnFBNHJ6VVpMWGkzRHJkaWM0eGFaVTl2VFVtNUFDRFV0R3NwdERZUTZlNmdLZzd2SzdKOWVVX1pNZHpkcy1LNjkxUVl6NzVPOUh6UlBRU1k2X2QwZDFZNUcxd1ZLZU9vSXVGazR6czJlUXNSTzJRZlpBRXlGZjVGbHRLQjYzVjNjNzEtXzZqbVV0Mzd0cGZ3ZTVRcDc2aWJwX0U5OUlXWlpXQVVQVmVPT2J2YU1qSFlBNkh2U1JvaFNieGFWd1F3?oc=5,Google News RSS (10-Daily)
11 June 2026,Dispusip Gresik,Media Massa / Pers,Tier 3 (Lokal/Independen),Dinas Perpustakaan dan Kearsipan Kabupaten Gresik Berikan Sertifikat Penghargaan kepada Mahasiswa Magang UNESA,Prestasi & Penghargaan,Positif,https://news.google.com/rss/articles/CBMi6gFBVV95cUxNQzVlWHhQV0VwWXRpSW5BSG1lMkZ3U0dNeEZQdWhCRjNYZ3RIeGNWalBwV3Q2X0Q3WHdLdVlDdS1VaE1uTlRBMnBGTFlqeUJFbWRuMERVbjJXMDdLcVpHZjMtRDI4ZktNUjdTQUlpekZ2OHhDS3NuR2RZOHVPeDB4RTVkd0ppTWFpcGluNFE3bFpTck9MeFdCOE43Q0tQNWZuR2FUSjlIYUdvaGFZM1QxVnAyT0lVY0dJYVotSGZHZ1JndWYwMlloMnY1STBtNUtKZWt5aE9SckpQVDhpTkJlaDdiMjZDX1pQcUE?oc=5,Google News RSS (10-Daily)
11 June 2026,MAN 1 Blitar,Media Massa / Pers,Tier 3 (Lokal/Independen),OSIM MAN 1 Blitar Raih Predikat FGD Terbaik Tingkat Nasional pada OSIS Training and Competition 2026 di UNESA,Prestasi & Penghargaan,Positif,https://news.google.com/rss/articles/CBMihAFBVV95cUxPbGpNdjNaOHZaUzFCRXRJMmNQeUZIOGpBc3ZnT21VV0VBaEJJNTI0c05jcGFfNXE1RF9NSDR3Q2ltX0lIUzZEWXFQRDc4Vk5pcWJSQ3BzTUVZNzZlS1ZUdnB0cWhtc0NOWUg0U0daNmlxelNCdTktakQ0Ni1RNVNXMXFyWDM?oc=5,Google News RSS (10-Daily)
14 June 2026,E-Ujian,Media Massa / Pers,Tier 3 (Lokal/Independen),Aplikasi CBT Online | HIMPUNAN MAHASISWA PENDIDIKAN SEJARAH UNESA,Kemahasiswaan,Netral,https://news.google.com/rss/articles/CBMiSkFVX3lxTFBHUmdyYUI3Z01xNWsxbl9IZzV1S3g1bzFmc1E0Wmp2T2JsLTlrRFlFWkt4U2w5N01DVkU3bFhMVVRaTVlETDBDQXZR?oc=5,Google News RSS (10-Daily)
12 June 2026,UNIVERSITAS ISLAM NEGERI MADURA,Portal Kampus / Akademik,Tier Kampus Mitra,"Jajaki Pembukaan Prodi Bahasa dan Sastra Mandarin, UIN Madura Kunjungi Confucius Institute",Akademik & Umum,Netral,https://news.google.com/rss/articles/CBMixwFBVV95cUxQVm5YU0hrMDZ5dTBWWUU1dTR2SHNYMHFmTXkwNjllNTh5YjVGVlFjZHJReVJweDE2ajg3U0Z5WHp1dF9aR2hKQk9oT3N6YjBFZnN0UFNYaXl0RU5lbU10M2NYdlJhSXhVNFpWbHNXQUxoWHJ2cUNidzFjY3lFelFlb19qa1JKd0VoNFk3amZGUmhYU1Q4TWk5U2NLVXh2WDdmUVZ1ZkZwbDB2OGFQLVdqRHRqV3NBZDBIRERIbmtweDBURzZpZFlv?oc=5,Google News RSS (10-Daily)
19 June 2026,SD MUHAMMADIYAH 15 SURABAYA,Media Massa / Pers,Tier 2 (Regional),Mahasiswa PLP UNESA 2026 Kembangkan Mini Proyek Berdampak di SD MUHAMMADIYAH 15 Kota Surabaya,Kemahasiswaan,Netral,https://news.google.com/rss/articles/CBMiugFBVV95cUxNVVZRVlZyandpbENKajA0MXlwUnVDNUpERjRrZUVDSlU4eWE3bE5Pc1FYU0JYVjE4elZ6SGNfQW5iOWlrZlpGallTWF93eXZfRTQ0eGZsZDNDNUx3QVZlMS1Qa2k0c2d1d2tGUGFjRlVFbzR2cUVEWFFONHdXYXBZdDN2ZjVnMUxlNlMxOHg2cXE4amlVQVExalFDdGZ6d3Zpajd3SnhmZ1NPNHY3eUdXTzhjSDh0bExiOHc?oc=5,Google News RSS (10-Daily)
18 June 2026,Shopee,Media Massa / Pers,Tier 3 (Lokal/Independen),Jual Sticker Pack Campus UI UNAIR UGM UNESA Murah Stiker Laptop Botol Tumbler HP Notebook (1Pck isi 3pcs),Akademik & Umum,Netral,https://news.google.com/rss/articles/CBMi3wFBVV95cUxQM1BQaW5ubFRfWlBRZHp5cTFEWFhrSkJ2T3dRRlZXQmhEa1k5N2JKdGJmdi1lZUdyLXNQRk12UEpIWTFmdUtHekZqUjhETUZWS0hnZTJVT1lZbW9Ba1M2QWx0U3d3b2FVTEpKSkFHeVhYWGdzRHhQRmM2SHJJQ3lqcUxKbWZlQmFiNGZrMjJVRVpZUDFPNTBsMXd5bE9KbFE3cnE4NHp4Y1BscE5NVnNCX2dzbzRkN0JRTGxidzFkaHpNLWhkT3RpdGZycHU3VW9maG9kRWw5eWxPS1JIeUN3?oc=5,Google News RSS (10-Daily)
11 June 2026,SMA Negeri 1 Singgahan,Media Massa / Pers,Tier 3 (Lokal/Independen),Dua Siswa SMAN 1 Singgahan Lolos UNESA Jalur Prestasi Kepemimpinan 2026 SINGGAHAN,Prestasi & Penghargaan,Positif,https://news.google.com/rss/articles/CBMisgFBVV95cUxNamRPREpoMkVvMnVSUS03WGJKek1jTzhwSFdVUWhXNFhnc25WNjRuM2ZqUW5qdElRYVdfUUg2MFlvRDNQb1NZUUVPYzNKcUFoQ01NeHNaaWZ1eldheWdLX0kwcWpHaUZKU29jSTNTbGFkem9mVHFfaWVidVJQVTM1OFc5NURvOFp1RXBsNWpyYXVkSDZoZ0tLd0VqMXVkc091eVJTRUFNOXZxaHJ4bDlNLUh3?oc=5,Google News RSS (10-Daily)
17 June 2026,Universitas PGRI MADIUN,Portal Kampus / Akademik,Tier Kampus Mitra,"Sinergia Terlaksana! UNIPMA, UNAIR, dan UNESA Perkuat Jejaring UKM Kependudukan",Kemahasiswaan,Netral,https://news.google.com/rss/articles/CBMisgFBVV95cUxQUjNKeE5jaEFGTWNNNDRjVmF0VGlHdklYV0lsU0ZVa3lYTzVkVDk5ZmZiZlh4OFBKWERyaVRMVjV2T1RHdXFlbUc3V0htMVZWLW03amRjMTc2Nk9kTGNvQ3h0N21RN0t2dWRSenN5a194YzlrQ3pqajlDa1pvaEhOek01VGhxdjZtaE5mWW5Kdk9OMmY3RmJReGZYM2tHMk1lckNjOGg2SmdtZ0dUaWZELWNB?oc=5,Google News RSS (10-Daily)
18 June 2026,jatim.antaranews.com,Media Massa / Pers,Tier 1 (Nasional),Wamen serap masukan revisi UU HAM melalui uji publik di Unesa,Akademik & Umum,Netral,https://news.google.com/rss/articles/CBMiqAFBVV95cUxOWXRZaDBFMFk0aC1YRTdBUFRuMFJYZThFNEJOSnM4RVFOT2xmUXZMakFQbTZMemo4LU0yc0liRlhMUUg5dFpkZU5IbXhtOWQ4b0pVTUtXNHY2dVdaMDgyeS1BT3A4bWhzOU1yRml3enM3NHZUaXU3c25rVnhFU09YMW82a29TVF96eGhpdHZubHdTcnhvTWpuQk9MU0hpX0Vha0JEb0hLNkPSAa4BQVVfeXFMT2lycWtqMHFkTzA1QWNTWnNqTkQzZjhkZl9tNG40Qk1qRmRmSldPdGlkWDdzWTJGSlRMeXZjYlNsSGpNcjJ0QVZWTmVNWEU0NVhCU1VfaTh3Q0RIOHdKNlkxTVFfQTBXUExYbm1kRDBMWC02SVhOcW1UOTllSTc0bWhMYTFRRjBrWWNOYkkwRlNYdm5CdnNLWFZtTlp3QUpSVkdBRzhOdWw3eFRVenln?oc=5,Google News RSS (10-Daily)
17 June 2026,PropNex Plus,Media Massa / Pers,Tier 3 (Lokal/Independen),"Dijual Rumah - Ketintang dekat UNESA, FAMIMA, RS, Mall, Stasiun KA dsb",Akademik & Umum,Netral,https://news.google.com/rss/articles/CBMiakFVX3lxTFBmVUU1ZGVXbTNfdElsZUxGNEJvSjltTkhzOU8xRUtoN25nUnJpNGhnV0lLVUJrODNYcEpKdkFOTEs1N0hyWlNBNUJQWThvY2hCMGVwNTJxMEJUR2NxMm5RWk5DN2s2azJkTkE?oc=5,Google News RSS (10-Daily)
15 June 2026,Kompasiana.com,Media Massa / Pers,Tier 1 (Nasional),Mahasiswi UNESA Hadirkan Infografis SIPPADU sebagai Media Informasi Layanan Perizinan di DPMPTSP Kabupaten Sidoarjo,Akademik & Umum,Netral,https://news.google.com/rss/articles/CBMiiwJBVV95cUxPWU5jSVA4clhuVzVBYVdNaFdnQ2Z3WFhqZDVoaGZZS21LR0J5a1k4aGFjeG5TNzFSaEZ5YVQ1cTZNZGNFVzc5Y3Y1M1l6eGwwNUtVczVKMDBVX2tTa3VlcGF5ek5Lb2dDUjNyMEVMYk5qdWJDVUdFZXRYdzZsVUdMRU5HVnRFTFhCbkZlN3BkbjJtaDBNTGRDVThCeXF6WkM1NWRmYWtLUm10SEw3UmtyOHpmeWdVTV9BWWtHdHIydFQyTWtUT25YdEVwUXlRX0hXbUdJWEwxcm5JOXpid25OdUpTdzUteFViMmtQVTVPNnQ4cVZJMmlOeG91Y1prYjhGTmcydWRkNzZsc0E?oc=5,Google News RSS (10-Daily)
14 June 2026,detikcom,Media Massa / Pers,Tier 1 (Nasional),"Jalur Non Tes Rapor Unesa 2026 Dibuka, Cek Syarat dan Jadwalnya",Akademik & Umum,Netral,https://news.google.com/rss/articles/CBMiqwFBVV95cUxNd29QMS1YTmlfN29jZ1ZxTGh3RVpwc2ZyUnZ2b0ZkMThKdnQ4U2tEWndKVGtpWW00YndhNnRiQW8wa3dVMnJOaXJiaDViUHhya1k4d0Mtc2F6RDVmaE9lZUZ1dlc1Qkk5bFZSeEFRNlFaM19ZZFVrN2dWcm5WcjlSV3VTX2tKSXhPalctdHJRWEFHTElHOFM4YkVYTjhOTXh1cGhXbUNheFFEUlXSAbABQVVfeXFMT0psVDBqb3B1UV9TMGxOOTFIZm5yaWxSLWpva0NjX1V0SVlOSDdYd2paR3dnZzZCdWN1OGh0bWd5QzhEdlc1b0JWSEVNQThGU1VuNmhveC1hMnMtWmI3V0MyRURTQklTQkQ0NkRFOEZyZWJVWmJjTVdPekwxZkpCVEpPNVkxVlRXMkNVbkNNTEcwODBYMVdQOHpiN2E4OUNFRHhFbWNLOGlqVkJJdDZRUks?oc=5,Google News RSS (10-Daily)
12 June 2026,Apple Maps,Media Massa / Pers,Tier 3 (Lokal/Independen),"Gedung Rektorat in Surabaya, East Java, Indonesia",Akademik & Umum,Netral,https://news.google.com/rss/articles/CBMicEFVX3lxTFAtc2M3Vlozd19Qd2hGdnJSbC13WVEwN1FmTU9RcTRwRi1vYmVpeXBNSEE5NFJkSzlKNlFiYWVxdDlTMl9OdVdCM21VQ0x5aG1yT2tnNmx3VjUtV2NwVEl6SHdVZ0ZQY25OejA1UWtXa0M?oc=5,Google News RSS (10-Daily)
17 June 2026,Kompas.com,Media Massa / Pers,Tier 1 (Nasional),"Loker Tendik Waktu Tertentu di Unesa, Pendaftaran Dibuka 22 Juni 2026",Akademik & Admisi,Netral,https://news.google.com/rss/articles/CBMivgFBVV95cUxOalBLWEFtc2ZUbE1Sc1JPNVg3VGZ1aE1XamxUbkpzUkczcV8xMWJHejc2Zkk2WGZaSUlickdXTFY4MW5pQ3ZOQlE0UXhGSUdtSlk2N25QcFBaSmZ2QjdZWlpOZXdMbGZwbE1ERE4xN0VLVTc0bWpBSFhWREtRMTVPa2RaanpoVVd5QV85MEpQWWJxcVp6QjJPcGZ6Rk1FRDVwY3Nyd0xqbFUtUXlENlk3TnZlSWVKM0lQVE9BVmF3?oc=5,Google News RSS (10-Daily)
13 June 2026,RCTI+,Media Massa / Pers,Tier 3 (Lokal/Independen),"Unesa Buka Seleksi Jalur Mandiri Non Tes Rapor 2026, Simak Syaratnya",Akademik & Umum,Netral,https://news.google.com/rss/articles/CBMipgJBVV95cUxNTFBHTXF2RFBON2JGMnRPOVBoQ0JXdDhNR2t6WmpVYUVfdlNCOGNFUExDZ0U5dllfcmt3cWZFOFVRZVA1emo3SUZSdmRzRTV1NmUyejlxc2x2UFF2T1d1NC0xVE9uSlh1NzM5LUlsZk00R1JzSXlvdVJfVmpERU9xWFJJdVdEM0djaElYVUxZdFJySEZLUVIxRE9Ec2lTeEEyUjU3eGdqdXhRdUtnNl85Rk5fM1ZRWGRhbFBhbldDVlcyWnpJSUl3MHVzYThvQnh0S2FkR3ZzY04tZEdKY1FKNHV2VDBFZFlKTzZFazhqUUtiMnRPbFUwRkVjVEcyMkx6RU5UVWFham5pN3lBeUlnazV6OFp5dGxLTXhTeFdDNnBaSXBabGc?oc=5,Google News RSS (10-Daily)
05 September 2026,Garba Rujukan Digital,Media Massa / Pers,Tier 3 (Lokal/Independen),Journal of Digital Business and Innovation Management - Garuda,Akademik & Umum,Netral,https://news.google.com/rss/articles/CBMib0FVX3lxTE94YUtacUdsMzJHWjluNHVjcGd0aHBOS2RFd2U0N1prMkVDcUQ0STZtazdsSjlKbExTc2Q3ek9lemViMFVyWEhCbUN5OTJjSUZ3bmNyR2hXWC1neHFycXkyU21TU0hGWmhqQzZSU0FsWQ?oc=5,Google News RSS (10-Daily)
16 June 2026,jatimnesia.com,Media Massa / Pers,Tier 2 (Regional),"Sidang Gugatan Tabungan Lebaran Desa Soco Bendo Magetan, Penggugat Buktikan Tergugat Terima Uang Pinjaman.",Akademik & Umum,Netral,https://news.google.com/rss/articles/CBMixwFBVV95cUxNbGNQd3BHdkRWbFJlenJnTjdYTEswUkxTSFlmVTN6X05ZVGFPYlMyZGY4OUZBVm9ZcGRSTDdSaldBb0p4RU9qdGVsd1llRF9zdGs2TUdCaXZOMTB3ekpmUjgtZ1gySmJwV245RzZ5cTBrSUhwMkxNVHMweGtDQWZHTWktbks3TC1XajFhU2p6bUhuVzdMYXZ5NkRLemtEWjkxYjloVzZmSGRoVlp1aUJ1bFExelhXTTZXNVBxNWZfUmx4bTN6RVRN?oc=5,Google News RSS (10-Daily)
11 June 2026,sman5sby.sch.id,Media Massa / Pers,Tier 3 (Lokal/Independen),89 Diterima Jalur SNBT 2026,Akademik & Admisi,Netral,https://news.google.com/rss/articles/CBMiYkFVX3lxTE0taU5heFc1UVFnNWEweEdiTWlKLTBiTTZodVFNZ1RydkNNbWNiakVObTBuczVBdk8xSkozOFlDT3lzUVk2V3Bxb3cyRUFrRVVSaktWZWU4RGpyeWVvejQwTTl3?oc=5,Google News RSS (10-Daily)
18 June 2026,detikcom,Media Massa / Pers,Tier 1 (Nasional),"Unesa Buka Loker Besar-besaran Tenaga Kependidikan 2026, Mau Daftar?",Akademik & Umum,Netral,https://news.google.com/rss/articles/CBMisAFBVV95cUxQYlBVeENQckpEV1lncHViNkhlZ0VFcDhiSF9URnJ5RGNiYjZ0WjkzN3dtWjBjWDRhNnNzLXZmdC1pd3ZiazhoYVFMM0IzWi1jR2xyNmZ0OVA4ZnU5djFldS1JdEVxUmU2WkZuaXFEVEZEWHY0ampLS1BpY2Z3MThza2otdzRuai00VS1iVlZEaG1Dd2l1UDJYdl9uV3hpc2F6Nkwta3R3QVhYRlhSQ0dIMtIBtgFBVV95cUxPN3Nsa2ItUmhkNUl4TkxiNlRBcks2NUVTMXVac2s4Qmh6cmlHZlNBSWhLWnhpLXJIMThBX1l6dXJvT2pJeWN6QUQ3NWJQVldQc1J1ZFoyWC10a0g2YVR5RnF4Ukt6c2tsRmJnWUxrbGh3TGtCbFdQdlF3ZVZtNWE5Mk5YdXRuZU5OUjZoVDczMXFlVFVkRU5hSjlhSmlxMGJDQjZWMUVqa0o5M2NQY3V1aTFvU2t1Zw?oc=5,Google News RSS (10-Daily)
16 June 2026,Threads,Media Massa / Pers,Tier 3 (Lokal/Independen),Universitas Nasional (@unas1949),Akademik & Umum,Netral,https://news.google.com/rss/articles/CBMiywFBVV95cUxPYkJWVnZ4bkxveFlfMFAwVEhqY3N3WGJDbzVvY0ttbXVPV25pemhQVFZ5Tmc1ZVV0dHk3ZHRXS1dkTElLWTB6YWk0NzhRR2xNRS1LUUlqS3BSWmhKT2JqdmUzdmJqSXJ1RFc2emNwallBWFlpN0gtOGZwN0kzMXBmUXFWdDY2VmNmcmVPVHpiczJSZEd3X3BodGstTWpvV2FLUTdyZVF0NkhfTW1ZbTRIUjQ4ckIyYjlyOHQ4dXJWa1lyVU5YMGF3Y2FhWQ?oc=5,Google News RSS (10-Daily)
18 June 2026,zcampus.indozone.id,Media Massa / Pers,Tier 3 (Lokal/Independen),"Mahasiswa Unesa Ciptakan Thullabunnesia, Game Edukasi untuk Belajar Islam Lebih Menyenangkan",Riset & Inovasi,Positif,https://news.google.com/rss/articles/CBMi0AFBVV95cUxNVEdadVMwQjJJbUMxb0MwNW5UM1hjM2otRlI4VnhwWThXTEVxRHd3VDhLNVp3bXpueldnWmVEZ1U1YW11dUhiSzFxVF9NSHBpT3pHV2wyRlYydDRzWUlQU2h2Q0k0TDVMTGNsOC1ZdEpMUVFCdktaYVo1dFA5Q2ZJM3lmZUtFaDVzcnFvdC0tektyOWlzTHN3eGNscmNuUmpid3ZkcE1lR19IU3g1QW5MMnRfRHhQVFloc3FvYWhQUnpLbnRfU3hlelZEbEkwWklS?oc=5,Google News RSS (10-Daily)
20 June 2026,STIA Panca Marga Palu,Media Massa / Pers,Tier 3 (Lokal/Independen),implementasi program kartu indonesia pintar (kip) kuliah dalam meningkatkan akses pendidikan berkualitas di,Akademik & Umum,Netral,https://news.google.com/rss/articles/CBMikAFBVV95cUxNOEVsRk0zVDV1NEQzaWZYZ0prdW9KdkRmZ056QzlET1lobER4VjlxUlFCeXBTMmdRZ1UxN0FObDF4bXN2R2p2X1lpc09vRzhXckRiYVZUVFZxbW5iaUE4dUwzTlVaT29GREYzbXpNRV8yTGJIRjUyX3l2WkVQaDk3dndRUWNCdWJLdW54ZXRkbWM?oc=5,Google News RSS (10-Daily)
19 June 2026,SMA Negeri 1 Singgahan,Media Massa / Pers,Tier 3 (Lokal/Independen),"Sambut Hari Kartini, SMAN 1 Singgahan Gelar Fashion Show dan Cerdas Cermat",Akademik & Umum,Netral,https://news.google.com/rss/articles/CBMipwFBVV95cUxQVElCUWxZcXhEcmRVTzBpVVhqLWczLWtaQWxwOF9lV3FoTm9WaEFwb1E3MWo4RGw0ZEx2R3Z0cjlTWUJnZjV0cVZLM1c2OXJtZ2pVWlFXX2VPLU9TcHZvdVFaNWJ3a3NoV3hVOWlQRlhFV2djVVU3NTEwM0k2emtuZ0Y3a25IZlNwNmU3cE5YUFlteWZyLUloTl9haVpOUmJzWFVTY2lwRQ?oc=5,Google News RSS (10-Daily)
17 June 2026,Olimnesia,Media Massa / Pers,Tier 3 (Lokal/Independen),Biocompact (Biology Competition and Application) Unesa Season 17,Akademik & Umum,Netral,https://news.google.com/rss/articles/CBMimAFBVV95cUxPT3Y4VVF1Znc2d0p1OEdid211cXl5dnZsN1A5c3kta01lakZfbUIwbE1nR2p5dnpTT3gyaGdqcXo1TGxGa2RLQmExYWRaTlV1RGhxaEVfTGpCbDVGNDhsTEdMa3pNeHYxVlFjRzVwRTI5SGpOVE9jRzZEOFpkSmZMQW9LYnBjWmdOZVBHNlBoQnZkSmp3c3dyYQ?oc=5,Google News RSS (10-Daily)
15 June 2026,Institut Pendidikan Indonesia Garut,Portal Kampus / Akademik,Tier Kampus Mitra,Pengaruh Manajemen Waktu Dan Motivasi Belajar Terhadap Prokrastinasi Akademik Siswa Kelas XI TKJ Di SMKN 3 Buduran Sidoarjo,Akademik & Umum,Netral,https://news.google.com/rss/articles/CBMiiwFBVV95cUxPSWNCc1lvUzRGVk5kTktLSHhUanZBQXBZWldZZjIxZVpEUkU5Nk1MUDlsb2xTOXRoczBVR21DblJqb1ZtSjhsT1dVRHN2RVpIb0Ntek1XNy1HWXRNSDl2WXV2WXBuRjZZNUM3RUdBQzRXRUNHQjNrM3d2NlVXRTE4QjJCeDZVM0N3TWNN?oc=5,Google News RSS (10-Daily)
13 June 2026,iNews.ID,Media Massa / Pers,Tier 1 (Nasional),Peraih Medali Perak OSN Jadi Sorotan di Tengah Harunya Pelepasan Ratusan Siswa SD,Prestasi & Penghargaan,Positif,https://news.google.com/rss/articles/CBMiuwFBVV95cUxPbzBJMmszZVBEQW9NVmpDMmhKZm55b181WVdQSW03TUxoSnVyLVpmU2FlQzFLLTVnQ0Zhb2loeURfUEZndUp3TmptWHI4Z2xOQ29jWWRlSmNHQ0NlTFE3TV8yVDVzSmNCQ283WmkzZkMzN3BEal82VU04Y3FIV2luZF9JdGNGNXkzZ2Q5b1VjNkg4OS1rOEZmUHVhc1N0QWdDOUw3cnhOMVQ4bEZSa1FjSkJKZlNTNWJHV3kw?oc=5,Google News RSS (10-Daily)
14 June 2026,lsppenuliseditor.id,Media Massa / Pers,Tier 3 (Lokal/Independen),Sertifikasi Penulis dan Editor,Akademik & Umum,Netral,https://news.google.com/rss/articles/CBMiT0FVX3lxTE0tMU5QaE9WTEI5TkpHaWJqS1BhRmE5SjhPeGZqNzZFZUVYSFRzVk5jelZmSEp5TVZWNmE4SVFHdWVmUlg4Vm5SZjZ0VlZUQ3M?oc=5,Google News RSS (10-Daily)
16 June 2026,PPID Kabupaten Jember,Media Massa / Pers,Tier 3 (Lokal/Independen),Mahasiswa Asal Panti Manfaatkan Layanan DTSEN di MPP Jember untuk Urus Persyaratan Kuliah,Kemahasiswaan,Netral,https://news.google.com/rss/articles/CBMizwFBVV95cUxQMzBaNk9HYmRVOF9PQXRUeU52MTY1NXYweUJaRGhMdEdfUklCNU9uWmZfbWVlZW14NEF6UkRGNWVkdG40dk5WcmdSWm9BNlQwUFJ4QUlwUjRGTVZhQnhmZHc1ektsQ2w4WkdHQjhzMHZBMVZmMFNRRkZnU2V5aHl0TXdOekw3U1dERVR5YXVJSGtDYUtCbWh0UzVqbFB1TGZ0N09fTVlnemJzVGMtd2syN2NFOHJjLWFlTVpGVDNQYkp2a2hVdUxQeUVkMXJWeG8?oc=5,Google News RSS (10-Daily)
18 June 2026,Kementerian Hak Asasi Manusia Republik Indonesia,Media Massa / Pers,Tier 3 (Lokal/Independen),KemenHAM Libatkan Akademisi dan Mahasiswa Berpartisipasi Dalam Revisi UU HAM,Kemahasiswaan,Netral,https://news.google.com/rss/articles/CBMirgFBVV95cUxOeDRtVENKVHJMR05xNG9NQ2d1clZaYXFySUJiWnpvbmpHWkpOWmlQNnd3dFllWGJSTlFKdGM5bTFYUVRULVpCVTJja0dnQmljV1ZfS21ydVZjUnI2UUREZVg2dHJzYnJYTkZHdmZyS0FfNzg4OGtnRDVSU3VYYkI0SVp4eHJZMHQtbThjTUZsOFlRd3h2Q3lsVFRHNWEwdkpiOVpzenozaVl2ZG1xanc?oc=5,Google News RSS (10-Daily)
18 June 2026,bengawanpost.biz.id,Media Massa / Pers,Tier 3 (Lokal/Independen),Kolaborasi UNESA dan YBM PLN Sulap Menanggal Surabaya Jadi Sentra Edu-Wisata Ketahanan Pangan,Akademik & Umum,Netral,https://news.google.com/rss/articles/CBMivwFBVV95cUxPOVFCNEdJX3FWb0lNZnV4QVMxY2MzRTY1MFo4aGZIOHFodDFOWGViRnlZNmxiUmE5SkJRN0ZEZ3VMRTdxOVpuR2g4TWJscS1EamFobHBBNmtHWEpybzI0QzdUTV9mSlBtdTlma1FKMnNkT00yaFI5ZURaVHNTeVpNRmdzSFN4LW1PQWJMUEN2ZUxZWGlpSklzd0drMWJWdTZwUlBfYkJvUTkwTFhON0hQQUNvOXFDUVFVU2xCREIxQQ?oc=5,Google News RSS (10-Daily)
16 June 2026,SMAN 3 SAMPANG,Media Massa / Pers,Tier 3 (Lokal/Independen),BERITA,Akademik & Umum,Netral,https://news.google.com/rss/articles/CBMiT0FVX3lxTFB1VE9fYVg2dXktYm84VWR6bU9iWGVFcWpRYV9OZ2U0SnlCc1hEN0lrQWFYblVSQXNNX2lMeUtLeTluNzZ0alJpbjFxbmVraEk?oc=5,Google News RSS (10-Daily)
17 June 2026,Universitas Tunas Pembangunan,Portal Kampus / Akademik,Tier Kampus Mitra,PENGENALAN DESAIN BESAR OLAHRAGA NASIONAL (DBON) DI KOTA BATU,Kemahasiswaan,Netral,https://news.google.com/rss/articles/CBMiakFVX3lxTE5DTFVmeHV5MlNzY1BXcFZKR1pDVjBTdi1faXd1OGp3N1drOWxvU2VMbGNuYnlqLVVKTTlNNmtROXNlWkk5QVUycmluQVpXa0o2ZXk0Nkx5U3VPZmxaVTR0NG5zZWFPZ3VCWWc?oc=5,Google News RSS (10-Daily)
12 June 2026,detikcom,Media Massa / Pers,Tier 1 (Nasional),"Jalur Non Tes Rapor Unesa 2026 Dibuka, Kuota 1.800 Camaba",Akademik & Umum,Netral,https://news.google.com/rss/articles/CBMirgFBVV95cUxQdzlBSE9WTllYejdQX25PZzRLVHc2d3owR2ZrWTN1RDdFZ04wdHJXWnlGNVFGWVBBaUZnb0RQM0Ywd1k3ZWcxaWVHLU50Y0tvc0U0UTVPckk2ak1iUWo3MFZ5eWdrVURQbXlCRkRsSzNrRHBmS3hnTWQ0b1c0bTg2WHk1YmhrN3N1bGwzMm1JMGZRNVZ2YnpPck5aX1MxVlAweHVRQWV0OFhiV0N0RUHSAbMBQVVfeXFMTkkzdVd3dUVzMXBKbkh0RlNfbWhSM0IzRkhDRlpkVHItWXRVWFNaczc5OWZ1TERXNGlmbjBNRkszaEZGc0Q4a0ZDaHhfUzJMUjM5czg5LWU3ZkZsVWhiX0d5NEEzempWOHdSVFNtVTZCN2g4Njk0T3NpTkhiMDh4RFFJRl9oTDlOVktFNXRnQTJaMEV6Nm5lT2E0M3QwOGQ3MTJMZi1fQ19qRzUtOC00MF8wR2c?oc=5,Google News RSS (10-Daily)
13 June 2026,CV Media Inti Teknologi,Media Massa / Pers,Tier 3 (Lokal/Independen),International Journal of Advances in Artificial Intelligence and Machine Learning,Akademik & Umum,Netral,https://news.google.com/rss/articles/CBMiSEFVX3lxTFBPX2lFUE0tdHRIWjk5Qm12cVpfVlUtajRtWGRQZTZWNWU1X3VuQ0NoZVUzWU5QVF9EZFR5THM4YVkyQllZbkptZQ?oc=5,Google News RSS (10-Daily)
16 August 2026,Media Online,Media Massa / Pers,Tier 3 (Lokal/Independen),- Indonesian Journal of Innovation Multidisipliner Research,Akademik & Umum,Netral,https://news.google.com/rss/articles/CBMinwFBVV95cUxQbXBwYlhzQkRfRlBDbDBHazZDTlBDLVZSUzhUSFJxb2xXYW9qUERTc1dxd3hVaHE0TmZhUWQwa291ZURpMjM2LTR3LUNUVXZPOUxUaV9xYk8xNlQzQWtFRWMxVlpTMVQ5N0lGSk9mWkVaZ0gzU1l3cUNzLWNDNmhHUFM1TFo0UVhoVTRDT2hwc3EyMVVsbkg5N1FzT3VqdGM?oc=5,Google News RSS (10-Daily)
15 June 2026,man8-jombang.sch.id,Media Massa / Pers,Tier 3 (Lokal/Independen),Bulan: Juni 2026,Akademik & Umum,Netral,https://news.google.com/rss/articles/CBMiTEFVX3lxTE1ncEIzZTMxbkZtX05YR0pYVXlwTG1FcVlJd3JiSC1oZGVrWERHRk5vRlNPTzNnM2JZTWhSVDhsNHhUa1hPN2hGRFFxWnY?oc=5,Google News RSS (10-Daily)
13 June 2026,RRI.co.id,Media Massa / Pers,Tier 2 (Regional),"Unesa Dorong Budaya Sehat, Aktivitas Olahraga dan Inovasi Digital Kebugara",Riset & Inovasi,Positif,https://news.google.com/rss/articles/CBMiuAFBVV95cUxPSHh1Q2dKdEpyRGhudVRvUS14M0I0N1djd09zQl8waEY2YmhfeE1jTVBJTnMzekp3NWhEc2lkaEFFajF1bldoV1kwc0l0Si1ka1dJQTdTVkphaUFmVFA1V2o4bi1la011clhiRjB0X1RSYUJXV3pzcDNoUGkzalNTVzJVdDBPcjZYbmdCYy1Jc0VHY3gyXy1idWlkVlVlbE5MWHktR3BYRzh2NGxKVklsWmV5YVFXVVM5?oc=5,Google News RSS (10-Daily)
12 June 2026,syntesa.net,Media Massa / Pers,Tier 3 (Lokal/Independen),"Members - Syntesa, Software Engineering Lab UNESA",Akademik & Umum,Netral,https://news.google.com/rss/articles/CBMiP0FVX3lxTE9DbmM0TFpseGtpR1ZnZllKSUcycU5wOTg0ZjUxNjh3d0RCNENyVndncHVVX1laZ29vbDJscUQ4Yw?oc=5,Google News RSS (10-Daily)
18 June 2026,TIMES Indonesia,Media Massa / Pers,Tier 3 (Lokal/Independen),Kementerian HAM Godok Isu Hak Digital hingga Dana Abadi dalam Uji Publik di Unesa,Akademik & Umum,Netral,https://news.google.com/rss/articles/CBMixwFBVV95cUxQcjBOd29nZHpvTFkxd01JY2tZbjN6di1SYTlBdDVGTmhLVk9Oa09PSUtBVE1HdFdoTl9TR2lzRGhiZkx5M2NSMkE3YmdxUkpIZ0JLamZUdHBxdzRMQUpPbnF1NEh4ZEN1RUc3NGdxY1M3T0p3anY0QWhmYkRRRUhJcDBUMDR4Q1lFQTFrRmZ2b0lBQnVvTERRYnA0VWxtR1AtVG9nbVMxSnhwS2FiSEloZWNZQjFlbjM3M3AtU3RkbkgtaU5hbDc4?oc=5,Google News RSS (10-Daily)
20 June 2026,DIVISI HUMAS POLRI,Portal Kampus / Akademik,Tier Kampus Mitra,"Hari Bhayangkara ke 80, Polda Jatim Buka Kejuaraan Karate Kapolda Cup 2026 Momentum Lahirkan Atlet Berprestasi",Isu Hukum & PPKS,Negatif,https://news.google.com/rss/articles/CBMi6wFBVV95cUxNZG11dWRjR3hfQ1BJV2liOXFYNGN2b1duQVBlamNtV2h6U2JVTWdFQjAzek9fN05oOWgzTTRJNjhGTkpaM3pwQ2hfYlh0N0hCbkZMTFQ2SldqQmJWdWhEbUVsX004Q09EaEZKTi1yUlMxM3NlZ093d2dmVF9RdXlxb0JoUFNkTmJ3YmtnUDZYWHFOYXQ3Yk91YkFya2hLQnlqTU1Jdzg1bWEzQWRFWkk1NWR4Ty1QWUdsSFhHVW01NE1IQWw0b3lya1hscWlJbThuU2FvZXpYak9QamxVZEl6MGJQWDgzaFdpOW04?oc=5,Google News RSS (10-Daily)
26 May 2026,anlon education,Media Massa / Pers,Tier 3 (Lokal/Independen),Jadwal MANDIRI UNESA 2026: Pendaftaran & Tanggal Penting,Akademik & Admisi,Netral,https://news.google.com/rss/articles/CBMijwFBVV95cUxNVHVfY1l6Z3RGbTc2Nm1xTktiV1RYYXNHb1dHZU9sWTNNOTBRTmF0SFNxTndwcnAxWlU2WjZKOUZ2NWxNRHNxZ2hVTkp2Y1g3QkpNMUdqNUhMMHZWQllWR2wxUDM5ZEszdTdRSl9nbEwxZFVLMHRYZWhhWjlnVHN3ZlZVeUZqRXJEcXFuSTVtaw?oc=5,Google News RSS (10-Daily)
17 June 2026,malang.ketik.com,Media Massa / Pers,Tier 3 (Lokal/Independen),"Harga Pertamax Naik, Pengamat Ekonomi Unesa: Kelas Menengah Masuk Mode Bertahan",Pikiran Pakar,Netral,https://news.google.com/rss/articles/CBMirgFBVV95cUxQTXJCRktBNGlfYnphbmJ3M2xFRk9wcmZiamtzNGtQbUNqVnQtS0Z1Q2MzMFZ5OWc5LTVkeWpSSE5LLVN2NlUwYVBZMkRpcUNlRWw2cjlvWWE4TUU1UHRNVko1MlpZeE5zZFFPano3TTRiZHFoekhLRmFOLUtvWFdnWGlneGRfOFdpR3pfS1BoeVhZOGZhQXV1cHFER0Q0QW50eERQWkhUeWNMY1JYdnc?oc=5,Google News RSS (10-Daily)
19 June 2026,RRI.co.id,Media Massa / Pers,Tier 2 (Regional),"Wajah Baru Danau UNESA: Makin Bersih dan Bebas PKL, Jadi Spot Favorit Warga",Akademik & Umum,Netral,https://news.google.com/rss/articles/CBMiuAFBVV95cUxQRklqeGdFN2JvVXFZYjJJaEpja09YT1gyTm1oVDNZcVEyWVdoMHlUTUNzUFRsR1oydjhxS0NwMEpFQldaaXNoeFlPZDd0R0xPY3liOExyU1hsYUg4c0hPZEFFYjdBSF84RTZTbnF6THF2ZUg0WXJiN2o2VnlVb01oMUp4azZadllQcjQ1c1ZrSXZRNHh2OS1wSGtmOFFmLXVxb25qSWx4bkx4WE9xUHR6ZXdpOFg0RmRZ?oc=5,Google News RSS (10-Daily)
16 June 2026,Kompas.tv,Media Massa / Pers,Tier 1 (Nasional),"Lowongan Kerja UNESA 2026 Dibuka, Tersedia 90 Formasi untuk Lulusan S1",Akademik & Umum,Netral,https://news.google.com/rss/articles/CBMitgFBVV95cUxPVVU3M0JIZ0hnbzRaemlZZnFpUFMySmxEMjd5T21RTW1velQ1WGVPTm50VGFUYXhmZTZWZVZtb2o4QjNwTDB2LVVVTlBBbzYtVEd6UUhOTnNJd2pxZjVwQXdUbktfYnFXMTZYVEprdkhPbk1pTVNmNHdTSkgzUGZ4OUVid3R2VkFPZGVJTnVNVDZfdlg5bFZnQ0dmX0xYT3oyS3JBcnlGSFNpTWRGY1lyTENxbEt6d9IBrwFBVV95cUxQa1JaNzY0VVA5MkpkSk9pLVFBdEJqaFpzS3Q4ZTFPck1XSi1TQU5BZmhiTFZPTzZBdEd1dmp0ZHFyMVlGOVZrc1JUcVh6NU5YMnE5LUxOcWQzNFh2ajdsUE1pZTRpY1BZd1dabUZiMkNUNW1ud3B6bmwzLU0xOXBmak1GcjBsSGZaaVV4NUQ2QWgxUlRiRFA1NklBTENKbl9mLTdvT1dLa1o1cC1oR0JR?oc=5,Google News RSS (10-Daily)
12 June 2026,CNN Indonesia,Media Massa / Pers,Tier 3 (Lokal/Independen),Mahasiswa Unair dan Masyarakat Sipil Sampaikan 7 Tuntutan Ekonomi,Kemahasiswaan,Netral,https://news.google.com/rss/articles/CBMiyAFBVV95cUxPUHlRRWVTT2U1bFdjam0zSnlSWWJGRmdTQTA2MlBEckhhR3FaUDFXTWdocXNWNjRibFduN2RzM1dvT2w5X3ZEZndwb0NLV3NtdlBIMmxMbmZqWFVMSGZ1S2k5TF83U3lVczZkV1loTzlBNEZlZERjVWtraFRmRFpiOTRfOEVUNDJ0NWZISGQ4SEpmQXJXRGlESmNRZk9tay04cTBCbjhEb1BMX2lsS3V2eVdLUmlaa1VjbGJZZ0wxUHRFbEhPcW1acdIBzgFBVV95cUxPZlVWUDc5MnotLXhoYjVwaTNhY1RtTzRBZGRoM2UwY052aGNFVGcyYlI5U3dTczNyNVhna0Z1SlM2ZWE2blN6MUd2WHEtNWtITkx0QzBRejFwbkRzVlpaTC1KVExaMGM4WVM4T3dxdzU4N21wM2w4dTFuN2ZmN01VSXNqRGJPZlRtNVNFUGpnc2NlS3pvUU80MUtYQThsalRFYnVJLTdrS1ZWLU5pcGZjbmplaUg0TjBWUzlmUzdvRTRLbThxVVFyTnZRN05NZw?oc=5,Google News RSS (10-Daily)
03 July 2026,KONEKSI,Media Massa / Pers,Tier 3 (Lokal/Independen),Jalur Berkelanjutan dan Berkeadilan untuk Pemanfaatan Lumpur Merah dari Pertambangan Bauksit di Indonesia,Akademik & Umum,Netral,https://news.google.com/rss/articles/CBMisgFBVV95cUxQMWJFUGZCMEQ0Wi1mdDRUTTVJTG9KNXh0dVVzYmpLV1B0Wk0tMU50N29FUm5EcmJXQjJRTEVsbE83RjZJTHhFOEZTU2V2Y2U1clZOS0Z4ZWZLa3I4bXp6UjFIV3VSWlhQQ1hYNHhkRHE3NUtDTjV2TmVqNEFTdDR2VURLNWdUbjRJSV81TGhROGFxdWVMLWFyajhJTF9DZE03bzNZNE5FWmhxYWZUU2R0UGFB?oc=5,Google News RSS (10-Daily)
20 June 2026,Radar Bromo,Media Massa / Pers,Tier 2 (Regional),Atlet Triathlon Kota Probolinggo Siap Tempur di Kejurda Jatim setelah Borong Medali di Sejumlah Kejuaraan,Prestasi & Penghargaan,Positif,https://news.google.com/rss/articles/CBMi8gFBVV95cUxOdlc1Q200TE9TaGlMZFlId0x3T3o4VW0ydnlYRnAtQUFVZ3dhZ3hveFFiRTR6QXl5YmxzOTJxM1prNGFJNndZa1RCNklyMHJqZEhjT1FVckZwTU9iRDNKcGhnRVhYWEtCYkZxWjRWVGVSc25BV1g3cmtFU3ltY2ppZ3NzOUljc0ExTzlveGFkZkpkbS1MNGNpNDFiMTVHWnI3cWhPRGU2RTgya1lkNkdvbGdCMXZfT040UnEtVDJ4elA3LTZNX1BqOWp6MmVpc3Z1aVM0WnZsTXIyVFd2cXhOSXNib1pDdVpFQmdGMmtiVlA1QdIB9wFBVV95cUxPZVZwYU4zMmx0d1lvZ0M1MC1oX3J4N0laRjdFX0hFbXQwTV9jWk90NjlLcjgzM3NheURhRU91TVBxY0hIcmM3dC1wdXduQ0doRnRidzVxWTZPRzFBbjZhcUhwOWZaWERPTE5EQzNDamZYa0MyMEVyQjJEa3psclRFTUpISEIwVGNIVnYwaWtILVotYmIwVHIxNzNUalBVUmpzOG1UZDFDRl9pMUdOOF9UclVMZjBrZGRMRy1NU0R6dVRtSjFRbmVWQmtuRFB3NmlNcTAzdGtzV1NjWHhFUFZIS1VxeTQ5NWNxaUpjUkM4TzZ3azQzR2Nz?oc=5,Google News RSS (10-Daily)
19 June 2026,beritajatim.com,Media Massa / Pers,Tier 2 (Regional),AFKNI 2026 Bahas Aturan Baru dan Distribusi Dokter Nasional,Akademik & Umum,Netral,https://news.google.com/rss/articles/CBMiiwFBVV95cUxNQkdpMi1FZ2FDN0N3bWdwcm9vUG9Ua2kxVjRpR3RLaER2ZWJDV25pcC1hYm8wYnZMU1ZQdWVnOEdWYkJQb21JOFY4RnllYWcySkJzQTJ1T2tSTTFKd3JJVzBVWVRzMklCSnNaZ0otalVoaERwQnlQaFV0OEpEQUJxZkxKZnlZS3IxU2FZ?oc=5,Google News RSS (10-Daily)
12 June 2026,Suara Merdeka Surabaya,Media Massa / Pers,Tier 1 (Nasional),"BookCabin Travel Fair 2026 Surabaya, Bidik Tren Wisata Liburan Sekolah hingga Potensi Pasar Jatim - Suara Merdeka Surabaya",Akademik & Umum,Netral,https://news.google.com/rss/articles/CBMi7wFBVV95cUxPN0dROG91UDdDWUd1X1JyU2ExTTQ1dmhIbzdib1JrQ19pZEp3WUlOV0JNcWl0Y2hYM0xPd1BTNlRRdGpMYVZyOWl1UU95aDFmcjNNVEVhbERGcE42WHN6LUJ0Y1ZOLVFyVWNlOVloSmU3c2hENVNCSktJSW5VR2Q0THBaSHppRG1GOEM0Y2FZTXpnMk5QV2Y5ckM4Y0NXU2ozd2ZRckhuWDFEZDlfaE5vUDFXdWc0X0tJZ2ZuRHRQVDlxRjR2eHVDYzgyWU9nWmRoVVBrSm9kNnNJdld5WjJsVEFQbm1fY3dzNjl2RVRtNNIB9AFBVV95cUxOX3FDaFg3bFJwS2hsd2hHWkVqd1RqbHU1LUhFTmVqTk9rSHVvT18yT2kxT2RGLVExdVJUbHp3TGk3YWZmbG9Palhpd0Z0QlAtMllCUldUQkp6Qi1WQkcycy1fWjQtVm1udmJHYzVoSjNmVEpxMWRBV1ZYZ0VxQ3IyeS12TjJkLWIxNDMtZ0p3Nmd6eEo5eXFBaXYyQmhqTnU3VEg5ZUZnVHVaa19WX2FkNmI2ZnJrUFZfOUdadzJBcS1hMzZLN2J3b21ya0VNMTRiaHh4WTVTb3FydmV4N1Nqbi1oTFBPUl9UMUpRQzNqb1QwTklH?oc=5,Google News RSS (10-Daily)
18 June 2026,Threads,Media Massa / Pers,Tier 3 (Lokal/Independen),Hai Sobat BekalASN! Unesa membuka lowongan kerja 90 formasi tenaga kependidikan waktu tertentu! Pendaftaran mulai 22 Juni 2026. Apa syarat-syarat yang harus dipenuhi? Bagikan pendapatmu di kolom komentar! CPNS #Kedinasan #BekalASN #SKD,Akademik & Admisi,Netral,https://news.google.com/rss/articles/CBMixwFBVV95cUxQMGdnTTFLR21PYjNDNmtPTTk4ZGkyRmNiUFFGbWJWQ0ZLd1RpYXh3eDBWbHNWWWRvZ2ZsT2ZiM2NMVzFtX29mVE53QzFmVl9LWnVON3UtUGtTMFJNdE1zeWs2eXhCLXItaFQtSHFMRDkzVnpOemVNSkpyMGN2ZTBtNHM4N3c0YWZHNlBadDg0S1MyYzlPR3J3LWNKYlJVbzdPbk52d2E0ZmtoNkk2c19YR05UZUpHdURWMnZGN1VEZlN6T1B2QXZB?oc=5,Google News RSS (10-Daily)
18 June 2026,detikcom,Media Massa / Pers,Tier 1 (Nasional),"Lowongan Kerja Besar-besaran Tenaga Kependidikan Unesa, Dibuka 90 Formasi!",Akademik & Umum,Netral,https://news.google.com/rss/articles/CBMiwwFBVV95cUxPb2IwVjA5dnE4OTNURmVNM2FKMDRlQl9OTFlmSjJpMXFMR1hKei10Rl90LVgtUzFwXzdQXzZVeUlRS2F3TTBEcE9jY1poLUpPQUZrcEV1N2FFdXJtR19lRnE3VTRsWDJ3aTZKZG5KYlJzajExZEFZX1ZrelFYUHNEVkpCemw5NUI0Mi1JcWU1WmttQ2xKRXF0VkRnLVlmWC1GVms1cVREaHVWN1hiOGpwcGpUdDdOQkd0d0tVNUtBcVVxZTTSAcgBQVVfeXFMUExKUG14RlRJVkFqZUNZakhxZ0QtZkNRbEZLY0hQRzFoYk1wbld6LWIzMkw5ZTczODlzd3Uta3BhMXlHMW9Sd3FJa2E1T29ISWt2bUJ0U21mZjQtSUVQekhCa05HU09RenA2QVB3RGJNV2VFeF9GY0R1bFJtS1Y5QVBCelNHM0EyMHN4Vl9fWlVFbUhDUlBCSWtzcGNOb0daVl9hZFpMaEZQSlZmT0hreVZnbWRNUUZOZ1JjRHF6SUgySXN0ajBWYXE?oc=5,Google News RSS (10-Daily)
11 June 2026,Kementerian Agama,Media Massa / Pers,Tier 3 (Lokal/Independen),"Madrasah Berbasis Pesantren Kian Kompetitif, Banyak Lulus PTN Favorit",Akademik & Umum,Positif,https://news.google.com/rss/articles/CBMipgFBVV95cUxPcDN0cEJxMnhiMl9GelB1VUtkNVhWbU41TGNmNDFRX0pNbnFJVG9qSW1GaWFEVGEtSDlOVWV1cXF2YmxhTzc1TEFHY1hLeXhWWm5YV2stMVJkbjlVcXNpZzY4bnR1YnlxQmRqMFp4U0VzUk9DX0RBYVlEbUdNMS1JSFJManB1WlJ3WE13bE53NmFMcmJsb3ZxZUlNcDFMLV9jLVNOSlZR?oc=5,Google News RSS (10-Daily)
19 June 2026,GridOto.com,Media Massa / Pers,Tier 3 (Lokal/Independen),"Era B50 Dimulai, Ekonom Sebut Rupiah Bisa Terdongkrak Karena Impor Solar Berkurang",Akademik & Umum,Netral,https://news.google.com/rss/articles/CBMivAFBVV95cUxOYmx2b19nSTZXWklpWkFKc09KX01QaGxfWk5ZQjE0bkU5UXpLMFoxaFUyTEY2WG81XzJvVmU3OTJJMjBGT2lPTDhNdGtkV3MzR2FhajFhYUFqZXo4UWpSMWRYQlpmV0pBTkFIS0FwaG0xd0toMEhQVXg3SzQ1TDl0YUZnU0hiQzlaa1Z2cmNmOV9NeFFQTlpwd19xWlF6bmxCNWlSR3VVLXZ1TEdQRlBla1JPenZKQllYSnAwadIBuwFBVV95cUxOYURqbU1zZ2llQ1J0OEJpVzdQNjZuN2FsekhGZWpFR0lWSDJJTUZiXzY1bWJfR2hVejVCZ0Ezb1VsdGctQThBQmJkSG02SGduSlpSU2k4Z3BuYlpxbURjUkk5MVZfVXh0UGZuMzlOMzZ4OW5lemloX1Z4Ylp2QUFZZUV1OFloSWk1cXpjbW9Jcy1TSzFEMjA3RnpKTVdKYk9xN1RyTk92QmI4dk9DVXJVX2pWMFFDYUFvU3Zj?oc=5,Google News RSS (10-Daily)
15 June 2026,smp negeri 1 sidoarjo,Media Massa / Pers,Tier 3 (Lokal/Independen),1 Muharram 1448 di tahun 2026,Akademik & Umum,Netral,https://news.google.com/rss/articles/CBMiekFVX3lxTE5DRlRMd3Bua2YydkY3MV93SHN4em4tVkg0Z2xDU2h6LVJmOS1md0g4N21taENBNGNVaFMtVmRfMjZoX2ZSRU9tRnlwU3ZVaGFtNUx1c2FkUGZ5ZVVYYUIzcUtlWkdaOHA0VVJIdS0yaTJreEt6THNXNUtB?oc=5,Google News RSS (10-Daily)
18 June 2026,bengawanpost.biz.id,Media Massa / Pers,Tier 3 (Lokal/Independen),Surabaya Arsip,Akademik & Umum,Netral,https://news.google.com/rss/articles/CBMiWkFVX3lxTE5jeVZ6cmllZjM4a0RLLVZXNFVwdDRxT2tvZGVOZ0h6SkdlemFrbl9qRFNhdndLLVlMS3ZYRkhGcDZCR3NOTXJiWl9DMEIwX1JueGxTS1p1Y3hJZw?oc=5,Google News RSS (10-Daily)
13 June 2026,iain langsa,Portal Kampus / Akademik,Tier Kampus Mitra,"Pengaruh Fear of Missing Out (FOMO), Live streaming, dan Promo event terhadap Impulsive buying Gen Z dalam Perspektif Konsumsi Islami di Kota Banda Aceh",Akademik & Umum,Netral,https://news.google.com/rss/articles/CBMihwFBVV95cUxQVDU4REpvam5ueUJyYTFna2ViQUhPb2NOaFlkLUZBLUdBdjhuNHNkRWhWMWFPR3lKZ1paOUhIenYtZ0Z6NXM2MXZxUkVFeU1OcDFTZmI2amxPaUdIWHc5XzJqVTU4SFlHSmcxa21zbzdtU1IxRU1DOF9idVpHcUhDVF9tS2p3Smc?oc=5,Google News RSS (10-Daily)
18 June 2026,beritajatim.com,Media Massa / Pers,Tier 2 (Regional),Revisi UU HAM Siapkan Sanksi Mengikat dan Dana Abadi Sipil,Akademik & Umum,Netral,https://news.google.com/rss/articles/CBMiigFBVV95cUxNdHQ2X0N1MnFuZkpnaURVWmM4THlOVm1Oa2h4MzhDSEEwMTI3STFZUWVNcnA4YXhGSzhSbmczcmg5UHZqZzhUUTktT3JuQWw3azE0VTdWQTZTbFF3UU51Q0c2TWFlYmtpb2gwYnNWdWx4WVQ5eU1SeDQxUzNHSnZaQzRqUFRTbXh4ZVE?oc=5,Google News RSS (10-Daily)
17 June 2026,IDN Times Jatim,Media Massa / Pers,Tier 2 (Regional),"Pagar Berduri Digelar di Grahadi, Mahasiswa Surabaya Siap Mengepung",Kemahasiswaan,Netral,https://news.google.com/rss/articles/CBMiwwFBVV95cUxQcUU0cTRhdDFPNGFNY2xZek9LLTlXVHAzNG1IQTVacVY0T2o2S3lRajk5TUhseGZCb2hfV3Z4OW9IVThiTFVwWmJQZ2EyVDkxb2dlU0JCWUhZV0kwa2prVVRVUGVrVlNtWVliVFFCNmJCZnRaS2xsMU02SGtqQnB1NnV1aXNzV085RU5KVXRKNms4ejNWRUdXeHdUeVY5Rk5KMkhNNGlOUFZ4d1VpWXE4WHpSRWNtQ2h4SnhVM1VlVzFEbnfSAcgBQVVfeXFMTlpBMTU4T0R3cFZ5ZGU4YzNqNF9oU0dBNVhGSmZ0UWljQTBZR3NfR1lZYUdUWVJVbW9OcVZxODc2eHdEc0JENXczR1R1M056elRHakU3OVVqUlQ5cGlCb0ZPQ0E1bXd3OTF4dVNaUFlJZ3FySENBN2ZEOFdMZjVhcTA3bTFIay1FWXZIQThYQ1hXTU1vamdLbXZQY3NMazZMTDVHQ3djOHJVQi1POURmREdQcXdnMmpsa3hndjdkSmVrRUVZWmlIZmQ?oc=5,Google News RSS (10-Daily)
17 June 2026,dutamudasidoarjo.my.id,Media Massa / Pers,Tier 2 (Regional),Semua Prestasi,Prestasi & Penghargaan,Positif,https://news.google.com/rss/articles/CBMiVkFVX3lxTFBKTEJ5R3FRamo3ZlNNV1ctTTE0anM5THVwMnpVdXUwQVRaMzlncURRWDgtZHlFeWFzUFU0VkpjeWJyZm5jWi1pakJ5LUZnU0J6LUt2bVlR?oc=5,Google News RSS (10-Daily)
19 June 2026,Universitas Islam Makassar,Portal Kampus / Akademik,Tier Kampus Mitra,Khutbah Jumat: Spirit Muharram untuk Menghadapi Era Modern,Akademik & Umum,Netral,https://news.google.com/rss/articles/CBMinAFBVV95cUxQdW95UFl6TFdvb0l5cWl0MlVDUlVmWHA2SG96X0JpemhfeVhPYW9uSkRnZ2RmOFBYOExDZkZvWDlIWXJaU0ZNal9NUGU0SVgyMzBKcjdwY082cW5STTZBRHc5bVE4Wl9jTGFSOTJjdHpualJqRHlIbHoxQVBMaVNjWjFJNFdyLUZiREM4ZkdDWHExdTYwNFFlc3hUaHc?oc=5,Google News RSS (10-Daily)
20 June 2026,Arden Jaya Publisher,Media Massa / Pers,Tier 3 (Lokal/Independen),Senandung Alam Bumi Borneo sebagai Ide Penciptaan Seni Lukis,Akademik & Umum,Netral,https://news.google.com/rss/articles/CBMibkFVX3lxTE5pWjNodnR4VFV3R1F5NWlEYUh1MnFVeEtHLW4tRzRvaTNsYWM4a2liX1R6ZEZkdHFMbEZMQlBUWU9MUXV3cE9WOUxrc2JnaDJaYUtWalRyYjBxOHZic3Z0X1ltOTN4MW5UOElsLXZB?oc=5,Google News RSS (10-Daily)
25 June 2026,Universitas Negeri Malang,Portal Kampus / Akademik,Tier Kampus Mitra,Workshop Penyusunan Proposal Riset Kolaboratif Berbasis Tujuan Pembangunan Berkelanjutan antara Program Studi S1 Pendidikan IPS Universitas Negeri Malang dan Universitas Negeri Surabaya | Sustainability UM,Riset & Inovasi,Positif,https://news.google.com/rss/articles/CBMi2wJBVV95cUxObEpyY1pDYW5sRjluc0VjMzUwaUktUjE1aEd6eGhvZmpOZmF1TVhiVnZpY3NGQm0zQXNQdDBHNmdYSGxMQ3BKcTVGX3RJSXFKQWtDM0NxMElHbkJMMGN2R3ZjNlBPVzVZclQ0NjYyRllROTNUem9GdDByUmJQUldhWmVDZEoxX3dyZ0F3R1BJVkdXN29Tc2RabzhsVjdmbW5KekNFR1V0UFJhUldDQWVZZkViZm9FQ0ZXRDcxa1FtZ3ZXUGFTaFJEVEh3dE8tbF96NklDUnpoZ2tYbC1ITk1aV25vcm1FMUowU1hUU3NpSVJmR0ZYNjlSVWRfREJLdV9qMFo0S1FTWnpmbW53blJ0ZzIwVGZRNnN2UTlGQzRjWlZQMzFYbXVCVktxQmswV1JXaXdVcnBXNjJOLWtWR0JyX0dURDJfNi1RT1o0cnYxeDdVMUdIcVVQUDJzdw?oc=5,Google News RSS (10-Daily)
25 June 2026,Dinas Kearsipan dan Perpustakaan Kabupaten Magetan,Media Massa / Pers,Tier 3 (Lokal/Independen),"Bidik Anak PAUD dan TK, Mahasiswa Unesa Buka Kelas Calistung di Perpustakaan Umum Magetan",Kemahasiswaan,Netral,https://news.google.com/rss/articles/CBMixwFBVV95cUxNRGpDNktGRU00MGJvbFl5Uld2Z01qQkR2Tk1pRjVTVVZjVGpJaWs5c1FKQUdZNTU2bU5xVGZycFpjLTZTYlROekJHenV6OUdxaTlxeEtBM1U4Z0xTWE95c0R4aFFGdFY2WWhER2FOd2xETFg3bmltZ09LOTBua2dnY2dQbXBYWEMweXcxMWdSWTlZc3FqVVlLak9kY04wU1ZNUXl1bjVrM01SeGRhVXZWbnpjTlRnRWtnY0FwQUNqa29nV3ZGX2xr?oc=5,Google News RSS (10-Daily)
22 June 2026,Hasanuddin University,Media Massa / Pers,Tier 3 (Lokal/Independen),"FK Unhas Berpartisipasi dalam Forum Dekan AFKNI 2026 di UNESA, Perkuat Sinergi Transformasi Pendidikan Kedokteran – Fakultas Kedokteran",Akademik & Umum,Netral,https://news.google.com/rss/articles/CBMi4gFBVV95cUxQYlFORkdRdlg2VmhZTzJ0RThwdjRERFkxTjktMDhCakZpcF9RX3d0aDlTQWJscFRrYzZVRm91YmNfeG1SQ2dMdVE0cThTSG56RndlNjBZeFh4elp0ZjYxS0xaODBqR2tGZUNIeWRWSkwwY2JnQWNyUUo2MWprdGlISmxuUDdFd3V3M2YwYnFOaktPaV9KZHZzY1Y2bFU0XzJZT29XVDdHelRWRFZIVDN5aGZRNVU0ejJJV3VwY0JpRmszY1RyaUJ3bjVQSFg4UmE2TzhTc2ZMMmRncmgtLU5rN1Rn?oc=5,Google News RSS (10-Daily)
25 June 2026,jatim.antaranews.com,Media Massa / Pers,Tier 1 (Nasional),Unesa siapkan beasiswa untuk adik mahasiswi yang wafat,Akademik & Umum,Netral,https://news.google.com/rss/articles/CBMinwFBVV95cUxQQ25EQ3FKNnlNWEV4dDNFT3BJdGg4MERxUzc1ZlA4Q2dDYUNzQk5EQ2lkcFRzYm1Vdmk5ajd6bjByRUVyYWxrYXgwNU11YWVYcGpmSWpPQnZHY2FXaDF0dk0zSE9rQzh5LURwY0FBMEpqcG41ZzNQX2J3Z1pkeWVNQ3VYOXVXZVQwalB3N3M0dTJ0M3RwYk9mSjdqRkZwY0E?oc=5,Google News RSS (10-Daily)
22 June 2026,magetan.go.id,Media Massa / Pers,Tier 3 (Lokal/Independen),Penyerahan CSR Bank Jatim Berupa Lampu Hias di Area Alun-alun Magetan dan Trotoar Sekitaran Maospati-Kampus Unesa Magetan.,Akademik & Umum,Netral,https://news.google.com/rss/articles/CBMi3AFBVV95cUxOOHZISWMyU0lGV0tBbkFfQWN3TTU4TWJrUkR3LWlRRnU3N2xwVWdQeFczMzFTb2dqMFlhbHI5VXAzOVVzMDBiMUxSOEFkcnQ3NE9pSksycjIySjZFRUt3OFJISHM5cFVzU05hMl9UMVc5cWVGS3RYLWFrTWZ3QVVoaG1jUzl6dUpHWlJROTlnbDBDSDVCa0RTbmVfMUtNaWV0VW9VQWRrYXJHdndsdVozQWZ6ckVJZlEzalZ5RUdVSWZhUEVXNEx2ZVFvM1otYUExVlhQazFvVG1KU1F5?oc=5,Google News RSS (10-Daily)
21 June 2026,jatim.antaranews.com,Media Massa / Pers,Tier 1 (Nasional),Unesa cetak rekor MURI yoga peserta disabilitas terbanyak,Prestasi & Penghargaan,Positif,https://news.google.com/rss/articles/CBMiowFBVV95cUxNOEU5eWJ0VDUtMkx2MW1BVy1uM2dOa2k1WDRTd3JUd0xrUGpwcWsxaUlCclI5X08tWmltc2phMlFoNXJ2MENMR0JsMzM3LXBBZ2ozM1VtSFl6TUJYTlBZNU54LTdHdzJWeTlwelhwRF9ySFlUYzNWOFN0MVJjQ19oMmNnVEQ3U3Q5TU1QcVpKXzlxRWNUcWxUand4ZldwR19lSHdB0gGoAUFVX3lxTFBnSE10cDl4bnltMDFyT2FNeHZlXzdlb2FsNGZSTHp4dGpwc0FSZHNVS1phNU54OVRKOWJVanJhSzZ5MENwVERFYjJiZk93Q1htNmhkaHhWU1NkQ2FrclFCamp3dEYzZGVRQXRuNHgwbGRRNHBxeUp3bWNibEo1LUJIejhfcUdjVHNEalpHR3QxS1hfUXJnVGZXNWg4ZE5ndHVLZjFUZENMUQ?oc=5,Google News RSS (10-Daily)
24 June 2026,Dinas Pemberdayaan Masyarakat dan Desa Kabupaten Lamongan,Media Massa / Pers,Tier 3 (Lokal/Independen),"Magang di Dinas PMD Lamongan, Mahasiswa Unesa Susun Standar Pelayanan dan Optimalkan Website Dinas Hingga Antarkan Dinas PMD Raih Juara II Lomba Website Antar OPD",Prestasi & Penghargaan,Positif,https://news.google.com/rss/articles/CBMiWkFVX3lxTE5jaUlpaVFzUlZvQTJUMEU4Sjg5Ri1wWW1wcG8zM2p0eENYT21wQmNpWG80QzZqTzg4bXdkcFdFWnV4ZUdWRTNGNzBnN25NQkJXZUdMLUZCQWd6QQ?oc=5,Google News RSS (10-Daily)
26 June 2026,Dinas Komunikasi dan Informatika Provinsi Jawa Timur,Media Massa / Pers,Tier 3 (Lokal/Independen),"Gelar Wisuda ke-120 Unesa, Ini Tiga Pesan Rektor Unesa pada Wisudawan",Akademik & Umum,Netral,https://news.google.com/rss/articles/CBMiqwFBVV95cUxQc1otOEhnc0x2VmQwcThVR3NCTmFfdW5JOGk2cVZURWJNb20xY0owRHNvTUNhQ1V5ejR6SG9sOHlPOUxuYVlzR1NNbWZWVUc0Q01zRHFUSm1MU0pzYkpRMHR0Z1N6VVNTWFRnVk53YjBmbUhvVEZDdW1VbmVpaGRpbktCQVV0UHE0cThkd0RNOV8yVmdnYTFLZGc2UUotSmVFOTlmQ3hSUXBjX3M?oc=5,Google News RSS (10-Daily)
15 July 2026,MAN 2 Ponorogo,Media Massa / Pers,Tier 3 (Lokal/Independen),"MAN 2 Ponorogo Kembali Berprestasi, Empat Siswa Raih Penghargaan Lomba Esai Nasional VOXARA UNESA 2026",Prestasi & Penghargaan,Positif,https://news.google.com/rss/articles/CBMizAFBVV95cUxNZF9UeTVTNFp1VzVTaE5OdVhoUlR0bnBPSGlENVJoS01Vbndhb0dWdC11bUl2T2NMZnd2QnlJMUhvNEI3cXBwaWtocUM5Y09KSzRVZE9sX05DR082MEJra1hMdmduWkJfOWlSR3hkVjBUY0IwclRvcklUeEJqLTBsRGxWU1BUR1dodlotVGZxR0Zfa2NBLURUNVllMVVMYlE2ZjVMN3lIM1VmbWszV0xfX3c5YkZNaTZLcUUwUXkwWEdxNjBxREtPS04zZDc?oc=5,Google News RSS (10-Daily)
21 June 2026,SMK Perikanan dan Kelautan Puger,Media Massa / Pers,Tier 3 (Lokal/Independen),Agribisnis Perikanan SMK Perikanan dan Kelautan Puger Aktif di Pelatihan Pembelajaran Mendalam MGMP Perikanan Jawa Timur bersama UNESA,Pengabdian Masyarakat,Positif,https://news.google.com/rss/articles/CBMi8wFBVV95cUxQSDR0WnFrNEo0c3UwUFJZT2tzNW42WVhESzYtamF4YW9uVW55Q1dPWDJOMUFqeEVDbnZLYVFMNEsyc1AtcXVQMEx5OTY1SnpOVlBKbmJqcEMwdGtfeFAzYWpvMUhOWWFzU0xUUTY3c3RfM2w0U1FzUlkzZGxieEMyR3RTLWQ0dWJrU2V6bjhoa29jbV9oMnowTW5OcGdEX2lTRzdxSS02OGgxQ2ZsQWwtZWgydVZiMF9KR3hWUTVsQ09nTDNVNzdZbzZQY2VrR1dJVjBkV0drU2ZFaWFNNklVN09ISWdheDF1OFFNdjFQY2N5MTQ?oc=5,Google News RSS (10-Daily)
22 June 2026,fikes ub,Media Massa / Pers,Tier 3 (Lokal/Independen),"FIKES UB Terima Benchmarking FIKK UNESA, Berbagi Praktik Baik Pengelolaan Program Studi Ilmu Gizi",Akademik & Umum,Netral,https://news.google.com/rss/articles/CBMiygFBVV95cUxNZWhfc0s2TFZVbHR5LXBYRGFreXJQT20xNEVxajhlMTRHNWFlSGZZWU5xZGxXN1VJb18yNHJOa3FyUURQZWwxTzZhdkJkR0w5TDlRRzZ2TjA5NVFTc3dIWDdldlZmQzB0elh5WTk2QWo5dEs2ZjFHMDBXLTdnQ1lnaUZ0TE1aRml1WF8xd0l5cDl1ZVBoWW1Ga1I3bDFrTUhDNWwtd2trU0JvWllXTDRhNkc1RjJkTXh1bVdmTkM4Z3VtZkFpdGE1R0Vn?oc=5,Google News RSS (10-Daily)
30 June 2026,Mahkamah Konstitusi,Media Massa / Pers,Tier 3 (Lokal/Independen),Mahasiswa Unesa Persoalkan Subjek Pelapor Tindak Pidana Kohabitasi dalam KUHP,Isu Hukum & PPKS,Negatif,https://news.google.com/rss/articles/CBMirwFBVV95cUxNSFVzMW42VC1ldXIzblNlbFNlVGYtampmSklsbFRMN2tTUGtIbUI1NkdvN2hTUjNGeDQ1SDRhY3ZZeHdwZmJQTEVDNUtwWWZVX2J2b2hnTWdnQk04ZjQyMGR4amJ1YVNYXzJFUnQ2RWJfTUQ4YzZYdlR0OFJ0QUxlWG85R0hYeFEzczZpODBlMUdoRnZtMmppcllBRUF2cXpySXA3WEhac25jdXZNenhz?oc=5,Google News RSS (10-Daily)
25 June 2026,Mahkamah Konstitusi,Media Massa / Pers,Tier 3 (Lokal/Independen),Mahasiswa Unesa Minta Pembentukan Lembaga Perlindungan Data Pribadi,Kemahasiswaan,Netral,https://news.google.com/rss/articles/CBMiowFBVV95cUxNWDNDZ2dIaHItQjhiMC00MVlhNGR2aTB4dHk3M212Qm54bkhoOWx0X3VDOVJHcXJNemNXRFhxQnJvNVRhdURNQy0zdWxDNXJUbThhNVE0a2NuR2pFdzBzQ2FhcWtodjk4SmdTUGMzRy1TYmQ5UzdXMjdERl9LMl9PRFktVUFDTTBLY1VhNlE5cTBIUHZtbzBnM3Y2d3UySVdOMzlz?oc=5,Google News RSS (10-Daily)
24 June 2026,video.kompas.com,Media Massa / Pers,Tier 1 (Nasional),MK Cecar 2 Mahasiswa UNESA gegara Tugas Kuliah Diperiksa di Sidang Mahkamah,Kemahasiswaan,Netral,https://news.google.com/rss/articles/CBMitAFBVV95cUxOSFM1NGVPbWVteXpZNHVxQ3p3Z1VIWU5uVEtmUEZMa292RlNDaE8weFh5d2dDUzJ0N0hlLVNIbDhuTVBSb3pGdFFwN2h2b3JmanNWZ1ZaUFVSODZSQzZaNzVhYU1ycXNDOXFJMkhCWm1RM05Xem42bW5fNmVSVmxFQ25uUTJQdWtxM2g1SzU5WG1jalN4dFBfVnVWbzZmSER5NWlhaVlBbm1Fak1nZ3RTeXg2cUY?oc=5,Google News RSS (10-Daily)
30 June 2026,Threads,Media Massa / Pers,Tier 3 (Lokal/Independen),Jadwal Lari Indonesia (@jadwallari.id),Akademik & Umum,Netral,https://news.google.com/rss/articles/CBMixwFBVV95cUxQMWs4dWNGakpRZnFtSjJqNFFPRzdxWjN0eHpLQ01NLTdfQzhZbFlOaUl1S1BSeW5GV0RRTnlsNk8tQ080UVhqLWNrOHM2bm8yaWl3clZkcVFPVDNkQkE2ZnM5YWp2UjhTOWhVbnFld1VDR2xwb2dkTFZ4NHE4ZkM4ZS1wb2d6T3I0YUQ3STdJQlpBOHFBWnZON3BpU1Fxc19WeE1lckJ2WHpTOWFXZlhwRWhOc3RGMTh5anhDT0JzaWswcXBfSjZB?oc=5,Google News RSS (10-Daily)
23 June 2026,Kompas.com,Media Massa / Pers,Tier 1 (Nasional),"Pendaftaran S2-S3 Unesa Buka sampai 30 Juni 2026, Cek Biaya Kuliahnya",Akademik & Admisi,Netral,https://news.google.com/rss/articles/CBMivgFBVV95cUxOY2dkcVR4cDN0NXM3NjE5dXdydnJZclFqSkdqVGVNMkcxdVpuV2paclBNbmpkRkpSV1VCVXk1azdvUEt6dVJGUkw3SVVHQ2U4QzdpamZmR2xuUTFENTlWNVNmWGhXczlBUkRkR21xTFBjQ3JocDhSRzU4eWdBX1F1WXMtZVBaOC1CcEtmb1hOdXRRaDZZWHQybG5RN3RSV0dOcGxrOURieTZfeXhDWm5PZ3pZRERPQXBxQlpia2N3?oc=5,Google News RSS (10-Daily)
29 June 2026,Kompas.com,Media Massa / Pers,Tier 1 (Nasional),"Ibu Gantikan Mendiang Anaknya Saat Wisuda, Unesa Beri Beasiswa ke Adik",Akademik & Umum,Netral,https://news.google.com/rss/articles/CBMivwFBVV95cUxQV2l6TTlzLVZ1OUliWVF0bHAtZndsdlJtSzRJaS1RamthY3lOamE2UHoxOV9ZVHp4bFpEdmRkVUx5eW5pQVRNVVFScG5iVXItVDM0TG9nT3hVT3BZb2dLSHA1clFDSlBST1JQbUxZa2F2UWJUbnRnUVh4MTFqWENIcWM3MUVoUlcwaGhId3NVRmZXMk1aMENwbk5JOW1OallNeU1NNUE3bzNvMDZRRGNpNnI3MnZoTzNQQlZzVDczWQ?oc=5,Google News RSS (10-Daily)
28 June 2026,Pemerintah Kabupaten Sidenreng Rappang,Media Massa / Pers,Tier 3 (Lokal/Independen),"Pelajar Sidrap Ukir Prestasi di OMNAS 15 Tingkat Nasional, Wujud Nyata Pendidikan Unggul di Bumi Nene Mallomo",Prestasi & Penghargaan,Positif,https://news.google.com/rss/articles/CBMi-wFBVV95cUxQS3p1cEFZb3o4SU1DSkM1OGFFV2o2c002a2UxXzFFWEJtVVc3bFZRLUw4OXg3Y3hFaThGOVVPVllQSGNUWXNELTVyZkpYSHFoQnNCSUhHeFJybGNfLWRmNjQ3UVc1ZE80SzE2OVNxcFRzR2xtVE1kN1pWQXFDOTE2YThtVGxvUzFDMWljU29GbkVncFZGUTRmZTY0VVF0aldqSzBObkkxeThSLXowbmQ1S0tFbGFsSmpUZ2ZmLXNGNmxMdi1wZkpoWUhad3E5UHlfUXJ6aFdOTWQ3dDNuc0VyWHJQblpqZG16Zk1ZUERWcm5JNTBXd0wyUjVVaw?oc=5,Google News RSS (10-Daily)
25 June 2026,Universitas Muhammadiyah Malang,Portal Kampus / Akademik,Tier Kampus Mitra,Universitas Terbaik Jawa Timur 2026: Ranking + Jurusan Paling Diminati,Akademik & Umum,Positif,https://news.google.com/rss/articles/CBMijwFBVV95cUxNc3NlRlM5dU1YNGJ0WFRxeXg2T1FUVE9teWo0TktBSUxXN2pmRm11REdlenlGcFlFZWNPV1pVVlpubi1yeGxLNmh5cUZGVm9waEFVTGVFSGIwcHFKY0liV2xRZFhxWjctVDcydG42aURqci03VnJZZjB4eU1OZ0xkNjJFVzJIeDFBZlBEc19mMA?oc=5,Google News RSS (10-Daily)
24 June 2026,APPISI,Portal Kampus / Akademik,Tier Kampus Mitra,"Perancangan Aplikasi Arsip ""SIARDIN"" Berbasis Python dan SQLite di Kantor Kecamatan Jambangan Kota Surabaya",Akademik & Umum,Netral,https://news.google.com/rss/articles/CBMid0FVX3lxTE9pN3RCbW41dDd5REpKUlphaFZoMUNXWnZFWlFzVE1IUThoOUREZkRGRWpKSVF2eTVKM3Z4MTFhMmhyV2hjQmU4bFdaUzVLRVZzTUVfc0FaeUlaYUNBOHFVdklvd3R5M004aTdfVUp1UU9rRmtJYXl3?oc=5,Google News RSS (10-Daily)
24 June 2026,Kompasiana.com,Media Massa / Pers,Tier 1 (Nasional),Smart Panel Cooling System: Implementasi Sistem Kontrol Suhu Ruang Panel Listrik Berbasis PID Menggunakan ESP32 Untuk Mendukung Operasional Industri,Akademik & Umum,Netral,https://news.google.com/rss/articles/CBMiygJBVV95cUxQUk1naHJISW1sMGh5LWN6Y0FRQ3pxS3hvcTdnYnFvSlJJRVhGOXMxdUhpLVlxSi0xQk11LWJDc2h4MGxaVGtJdWVCZHhmNWRVbnJHN19iRkllclRocXRoZnhLTVZybTNTdFoyY0xfeUE0U2tRZE1QZlBmV0pjWjlZSlAtakUzR1lJcWpXdWhGZTVMS3lwM2FXb2lJZWd5TEFScEJuOG50dTVjRFBCSDVmNlpIaEhzT3dzMWFVM2NPa1puWGtTSEhURURsWU1nRDNXcUhvNmNJNGd1VXR1VENVWmtleXJmcVhRSjB5YVJyalJtZDN2eE16NTQ0bTBSM3hqYU0yVG1vd3Q0TDR1OWl4LU1sbnJSVHZLTmdFTUhMdkx1dHFZemkzci1xZEpDYzVsUUtwZlhYNFJOZzFfSHM3elYzZDd3MlNDSFE?oc=5,Google News RSS (10-Daily)
21 June 2026,Apple Music,Media Massa / Pers,Tier 3 (Lokal/Independen),Jadwal Tur & Konser Hillsong Worship 2026,Akademik & Umum,Netral,https://news.google.com/rss/articles/CBMihwFBVV95cUxPMk1kVE1CRXhEd1lnTm5WZnFsSW11emdQblVPMkxTQ2l0M3N6WHlSVFhHNXBTZWxDTlU2c3JQNWNjc2puOW5tWTBQQWNrRk10VG04cjNOOU5TR2FQVmh1SFk1UXBaTWlueDZhX3dlSGN5UHJ6T2VuNEF1aFFjYzBsLXFBTkdBV0E?oc=5,Google News RSS (10-Daily)
24 June 2026,Kompasiana.com,Media Massa / Pers,Tier 1 (Nasional),Mahasiswa UNESA Laksanakan Program Magang di BPJS Ketenagakerjaan Surabaya Darmo,Kemahasiswaan,Netral,https://news.google.com/rss/articles/CBMi8AFBVV95cUxNZXJXVDRSWkJvYTBKVjU5S1FvWWJQSDNwd1p5R0o2bkg5OXo3cmt6d2Y5OXJ1VGE0aWNnMTZoeXR3ZlFvellsOTI0YzJmUktPY1ZJaUt5YzRUTDUyRF93eV9SQU5aQXFuTU9hUUpRLUR6VUhLVFR2dkRYZVFXdEo5bHpLUXBSMXhVX1NZa1NraXJoM0xIeEROZjU4OTdQNGk4VHpMY1VMMW1lSmszbk9TejFncWRrbUV3bXlkdGZfNWVGWnlmdHZkYzQ0Z3pRMnhiWHp4MFR5aEV4OTNUMkcwbGxXTmJGVDVzcFp5RkhHczg?oc=5,Google News RSS (10-Daily)
21 June 2026,TIMES Indonesia,Media Massa / Pers,Tier 3 (Lokal/Independen),"Gelar International Yoga Day Bareng 150 Difabel, Unesa Raih Rekor MURI",Prestasi & Penghargaan,Positif,https://news.google.com/rss/articles/CBMitwFBVV95cUxONVZBd0xhQm9rZGhnZlhxTzJaOWRhNXJTd0gyZ3M3TUdDaWFyU2JKOUlwNkpRM3RTc1JBcVBscENDX2I1X0d1bnBmc3IzbWMycDhiNWl1cEhjUmNkZklVOTREMnoyV204R25ORTNQdTJ3S2dOc1kxTVZjQm5iSDBQb2hJWWk3aktoUDlIeGJ2ekM3ZkFVY2JhTHAwVW9kRFFyX1Z3SFFpQWpNZGRucHBjaHFjakNZT2c?oc=5,Google News RSS (10-Daily)
25 June 2026,unair.ac.id,Portal Kampus / Akademik,Tier Kampus Mitra,Perjalanan Mahasiswa FIB UNAIR Taklukan Kanji,Kemahasiswaan,Netral,https://news.google.com/rss/articles/CBMiogFBVV95cUxNbTd5V2FReWk3WXFNdldEcGVQNEUzTWhURmlCWVlzM3RPX2NkVC1qZTNsNHgtcVViaDBtODZuQW5nWmZyNHRsOWhaNmlCRUdueUVsZG1zYm5mTGt6YXlZZ0plb1FMWjJFOWllcVNjVnNKNmZ3MDd4OWM5Tl9GcEx5RU5RYURUa254T01pdTlGbDg1eHg5RHNtNTgtSGxyWEY3VFE?oc=5,Google News RSS (10-Daily)
28 June 2026,pusaran.net,Media Massa / Pers,Tier 3 (Lokal/Independen),FHI Jatim dan Unesa Siapkan SDM Pertandingan Berstandar Internasional,Kerjasama & Internasional,Positif,https://news.google.com/rss/articles/CBMioAFBVV95cUxQN2VabFNGNzhFRkh3U0RycmMxcU0yV05CbFFiY1hXNG1Tb3pWMEdzMDhVenlyX2tOM3RXaS05UGtuRU83Vng1STFCREl5eGlaeWkxVmxEdnhQSktnLVVicmt0bEJIbm5DcDh3Zk1abkQzXzZlY0c3NTdFSDhySV9ibXFNdWpKZk9WdTRPQnVQR01MNHg1QW9obktWcEcwNWt10gGmAUFVX3lxTE9KN2JTOHJFMkNYYnFLMUJDVldjMklqclF4LUVqMW1ORTVmQ2hLckVqUTZvdHFvTW9QODdZSXAxRHZIVFc3RG5rcW5OUmRwdDl3ZkxVXzJ0a25LcEpNa1hVZ2hKMU1yRzRDNEdQNXRMZnhhU2w5Y1BhcWVZMU1RbGpONlBSSnExcW0yUEYxVERra0ItTWFXZXE3eFZsSDlpZjlaNFZFcGc?oc=5,Google News RSS (10-Daily)
28 June 2026,Olimnesia,Media Massa / Pers,Tier 3 (Lokal/Independen),Intergalactic 2026,Akademik & Umum,Netral,https://news.google.com/rss/articles/CBMiW0FVX3lxTE9hR3AxUktpWU9DaGJkTmQ1NUlpTnV0SHd0MUlDNXlkMndNYTdab01BZGdOT0N2NXBfRlZnREhkcTltaklsZnF4MUluYk1kYzktU2FjdzJnMjhQRjg?oc=5,Google News RSS (10-Daily)
25 June 2026,ranbitv.com,Media Massa / Pers,Tier 3 (Lokal/Independen),"Unesa Kukuhkan 1.503 Wisudawan, Rektor Titipkan Tiga Pesan Hadapi Disrupsi Teknologi",Riset & Inovasi,Positif,https://news.google.com/rss/articles/CBMitgFBVV95cUxOamg2dTBqSzVOWFRkQkNaMkhrd1kybTNIZ013VHR4WUo1LVNPSGVFcGljVEZlTUxtVVRIdHBhcHlwVXMzUXFBTzFYV2dqM0xpdlN5UjBvU2hvYVhPU2ZLWGdFS2JJWjUyQzVmVW1IY2dUWGZVTFZJQnhXSHY2YlQyTHpVclBVbi1QLUZiWWJkSk9vSzdzc0hfVktBNlhWTm1iZ0NmeFd2YkJxaFYyWDJfOXlBTGhSQQ?oc=5,Google News RSS (10-Daily)
24 June 2026,SportKit.id,Media Massa / Pers,Tier 3 (Lokal/Independen),CLS KU 14 PI,Akademik & Umum,Netral,https://news.google.com/rss/articles/CBMif0FVX3lxTE1hOW9WYmpDbzl2SEtyVHdZS2hfSzNYUGpVek5HTVAxY3Q4c3R2OWtNMVdrVERMcTliTFJaS0xSUVN2UnRiYmo3eDY4bFBqZ0FGNVZxd1MzTFlIRE56M2Jzc3ZnclRCaDJuTGU2M3VrNThLMWZvM1pzbjZ1dVBPU1E?oc=5,Google News RSS (10-Daily)
23 June 2026,s.mkri.id,Media Massa / Pers,Tier 3 (Lokal/Independen),MAHKAMAH KONSTITUSI REPUBLIK INDONESIA --------------------- RISALAH SIDANG PERMOHONAN NOMOR 212/PUU-XXIV/2026 PERIHAL PENGUJIAN,Akademik & Umum,Netral,https://news.google.com/rss/articles/CBMi1gFBVV95cUxQLTBKU2tHODRYWGhTZ1hvZzFURXdhOGVEdUZSTVFzb1A1Qnd6MjhlZTlGRENDOGt2WUplay16Rl82N1JBMUlSZ3EyQm1hUFNpc1FGUVJXTzhKRHJCMWhkMmtOQW1COWo3Snc3aEJyM2htcDBxNGNzQnByOFhyZ3o2QV9PM3ZaZ2R6a2Y5cXNOSDRIQ0NnRE8tVHQ0UF9KcHFiczNTUjBqUWhOMlkzTkVBWUh3dXlTWS1qbWxfUVYwVVJVQjAzSzlkM1JfMERYS19lUkZnWW5B?oc=5,Google News RSS (10-Daily)
26 June 2026,Pemerintah Kota Surabaya,Media Massa / Pers,Tier 2 (Regional),Burung hingga Kucing Bakau Jadi Bukti Ekosistem Kebun Raya Mangrove Surabaya Terjaga,Akademik & Umum,Netral,https://news.google.com/rss/articles/CBMixgFBVV95cUxOT3ZKZ0NiSDBVNF9scXlNTEk2VkJ5NmFlNlhRLUtCMDl0Y3k4cFBNa1BldXJFcGtiNFJOZmVnWG1HLUYtR2pRX1lTVllEVzRvZ0l6c0U5ZWstWEtOSnJ5eWd6aWJrS21EMl90cVAxYW9lbS0zaWdiZlM0T0ZsS3l0VXZ3c0NLOFFuQWtrcHM1bjhPM3pzaEJFZlpOOEh4VE9YQWJpSkg5eUZ0TU9Hc09Ob2YxazZTVThtUmF5OF9mT0RZUDRjeWc?oc=5,Google News RSS (10-Daily)
30 June 2026,UIR,Media Massa / Pers,Tier 3 (Lokal/Independen),Analisis Kesiapan UMKM dalam Implementasi Sertifikasi Halal - Universitas Islam Riau,Akademik & Umum,Netral,https://news.google.com/rss/articles/CBMicEFVX3lxTE94VzItLWV4aXU4Rll2UGZsOXZUZEdkN1hCUWJPN1RtdHJsOFBYLWctTFVZeU1UdWR0aDJuUmZtY0NUdXZtSWxCbm1KZmdIek43THg4NWxQTTV3UnR4ek1RWWs5aDhmVHlwcHdaZ1U3R3c?oc=5,Google News RSS (10-Daily)
23 June 2026,Kompas.com,Media Massa / Pers,Tier 1 (Nasional),"Cecar 2 Mahasiswa Unesa, Hakim MK: Tugas Kuliah Diperiksa di Kelas Bukan di Mahkamah",Kemahasiswaan,Netral,https://news.google.com/rss/articles/CBMixAFBVV95cUxQSUY5TkVXS2l5MkR0c09iNW9Za3J4MHRsaDdPS0VDdHV3bWg4THM4ZVFOOHVaTG1GZjNvNlI4LVhVejlHTHZMUDREcWpVQzkyODd2OHhXUmR1LXAyZElrUzVZdV9KN3h0Sk44bXZ4UGNQQ285VWZCS2RFOERUOHdtdWMxVU1aV0RJZUxOMjdwS2FJRlYteGdXV2pyMkhfOEwyNkdHSVJJR2VTc1hGZWxXMlA2NEg3cnF4MHFLQy0wdFpyNVFa?oc=5,Google News RSS (10-Daily)
23 June 2026,daftarsekolah.spmb.teknokrat.ac.id,Portal Kampus / Akademik,Tier Kampus Mitra,Berapa Kuota KIP Kuliah S1 Jalur UTBK-SNBT di Kampus Top Favorit Anda?,Akademik & Admisi,Netral,https://news.google.com/rss/articles/CBMivgFBVV95cUxPZjM5aW9abGt0Uy1DRjNXYk9OejZhODFBLXg1elpMTHJTMWZzcGNfM2lDREt3Y3Rnb0tma2Nsemo4RGt5a3ZQSnZNRGxnQ2lYQlItd0g5UVJzT2ttdkdFWUZMcXlPdkpwZDZ5REVOUy1NVVIzU3o5a01YRnF5ckNXWVUwM3lUNnFfVVppeWRSV1N5bGFYUE9QaTB5Z3lpTVZBTEJwYUxDUU1wYXdadW9zTHdwcy0zbmZDYWMzcDln?oc=5,Google News RSS (10-Daily)
29 June 2026,joecy.org,Media Massa / Pers,Tier 3 (Lokal/Independen),Analisis Wacana terhadap Pernyataan Presiden Prabowo Subianto tentang Pelemahan Nilai Tukar Rupiah terhadap Dolar Amerika Serikat | Journal of Innovative and Creativity (Joecy),Akademik & Umum,Netral,https://news.google.com/rss/articles/CBMiYkFVX3lxTFBKOUFsNnMwOWlRNmV0djMzWmE1eDN4QnVaNk85ZDFmNjNGX0dtdGlkSzhMWGtlSDBQUU5UU0lVVWR0bTJGREg2UnllR0hQTWx1TGN1czdiUVhRR1JmOWdOcWVR?oc=5,Google News RSS (10-Daily)
25 June 2026,jatim.viva.co.id,Media Massa / Pers,Tier 1 (Nasional),"Kisah Haru Wisuda Unesa 2026, Ibu Terima Ijazah Putrinya yang Meninggal Sebelum Kelulusan",Akademik & Umum,Netral,https://news.google.com/rss/articles/CBMiygFBVV95cUxNelJvOWJfQ3RrUTQxTG5jV3N4Q2J6MlF2b1hGWk1NVy1NYWNTT2xBVzVFYTFINVg4NzJBaDZoVDhlRUJlczRnT2xMWEx4Q1B4MkUwTEVnYXRsNGN0d3dOS3lmQWdkVzBhQWpiMkpIQS1qMFJ0bnRzWHh5akU3Z0VrdF9KRVNpMkpaZ05ER1d6NENrWElnRDlYTjUyT3B5WFluTE03REpnM1JMTFdtYm51Q3BRcnQtQ0RlZTRGUlJ0Snh3TmxNbThCR0xB0gHPAUFVX3lxTE9OQlhqRDNjS0M0ak5FWTJhcWdFV2t1RWpnUnJNcnNrV1o2WGM1YUJXLTdkd3FrSlRhRFVXM1FPeDNjXzRkczl5b1pOamNLOVQ4VnJMLWkxV2hsZVMwRElYYVF3QUJTOXY5R2dLa2RoR2lwWGdBUnVVMUxDVW1DRHB4VmtZNmx4S2xleUI5SGJNNVNoS3R0eHhKaXZ6RjRscWRhSjlnUGhBY3hKZE9yS3dZMmM5WVdhazRkXzAzOFBocGdoRFJYZURORzRnNnpoZw?oc=5,Google News RSS (10-Daily)
22 June 2026,HARIAN DISWAY,Media Massa / Pers,Tier 3 (Lokal/Independen),Unesa Cetak Rekor MURI Lewat Yoga Bersama Anjasmara dan Peserta Disabilitas Terbanyak - harian.disway.id,Prestasi & Penghargaan,Positif,https://news.google.com/rss/articles/CBMivwFBVV95cUxQOVc4RndfSVJ6OWt0bVRBbWVxV09jZ1ZsMVQ1Y3pBSVRDX3ltb1hBSWplcU9fUWRyM09fbFFCanpQdlllSG1NbkpWRmVXTnA5VkMwSl9yRTBFVm9zNFBVTERYOXpYNm1FX20wb1FGR25YSzVqMC1nZFV4Y3daMEtkYW9nS0p4M3Y2djdkOEVWSm1tVkx6UjBXdkEyZ003em5HOHRmaEpkMHpfeG1pY25lMU96aVAxZWZYRnlKOFVPRdIBvgFBVV95cUxQWXhpQ0UtZFdaNkhMcVlFUlJiWHg2WHZYc2FlVHVKRUhrUEpIWm4zMEMtQ0piSkFrb040ZjhtTUZTdURUQW40RE5ycnBQcFFleDZOWGdDaGJ3My1DRDl5d2NwUFB6cWY0Nm13ZzktbGpHdzZYYjktaFo5d01heVBYeHlYS1BZLW5QR2pQWU8zYjhHT3Z0YzFma0VjbnNRX0FQd0ZYYmUwYmc5ZFNQRnppRUFXTFF0WVBzcVc1cXJR?oc=5,Google News RSS (10-Daily)
30 June 2026,MAN 2 Tulungagung,Media Massa / Pers,Tier 3 (Lokal/Independen),Belga Luk Luk Syarifatul Arifin Raih Juara 2 O2SN Atletik Pancalomba Tingkat Provinsi,Prestasi & Penghargaan,Positif,https://news.google.com/rss/articles/CBMiwAFBVV95cUxNTHJSYmxwc1RtSG8zLTdtRGp6YlhGWHZuMFFub1VtUkxwZG16cGNtX1k0QUd0ZktzQUFOOE4zNnZVMmpzcmFhOEhRdk9EU2ZyV08zdnAzQzdWTU1EX3BJQU5iV2dpMEdWQXNlSTV1WGNBTjVlOW9aUDVkVEQzOTc0d3VPS0h1VksyWFF0WWh0OS16VE5NdXBVMWRPVEhqcWp4OUszQWVsWVR1Z3FTcTdoaGNJUV9EdGwwMzBMa3BXREs?oc=5,Google News RSS (10-Daily)
29 June 2026,IPM2KPE,Media Massa / Pers,Tier 3 (Lokal/Independen),Penerapan Permainan Ular Tangga Edukatif untuk Meningkatkan Pengetahuan Perilaku Hidup Bersih dan Sehat,Akademik & Umum,Netral,https://news.google.com/rss/articles/CBMic0FVX3lxTE5KTmNhY1VKQ1BCNDRoZ1FjYU14UHUxdTJVRjI4WTBSb1NCeVg0Wk1ZMWlVQ0x3QnkzYUtQM1E1V2gxdDVCOExYRXE2YzdCQ2l6bWRrRThJZWVuUXZhdlR2UGxGakFWVkh0Q3JOTnVfdm45WDg?oc=5,Google News RSS (10-Daily)
22 June 2026,Infokost,Media Massa / Pers,Tier 3 (Lokal/Independen),Kost Surabaya Barat Harga Murah Hingga Eksklusif Terbaru 2026,Akademik & Umum,Netral,https://news.google.com/rss/articles/CBMiXEFVX3lxTE5IOFNBWUQybXNteGNEQWxVVHBDTmxfMlVVTnFvOWhrWVZLZEdGdHJHd1pzcWNZbjY0MHIxYTJjS25US05TX2dTWG5WMk00U0xCV1pMYTJ1aHhiQndh?oc=5,Google News RSS (10-Daily)
27 June 2026,Universitas Muhammadiyah Malang,Portal Kampus / Akademik,Tier Kampus Mitra,8 Kampus Terbaik di Jawa Timur Versi QS dan THE World University Ranking 2026,Akademik & Umum,Positif,https://news.google.com/rss/articles/CBMinAFBVV95cUxOUUFfZVl5YW5JOHV6VmRuRVg0RXpiRklkMGdlSnZ4bUFxTkZCdUZ2NGwzV2pFOUp4Tl95RUdSV0l3Yl9WVFlQc09wZW94VW02ZmlHMlJzckROTzNvOF9EdlJVaTdXbTZ3bVV5OFFIZlJmajFacjAyeXlicFYwZ3dJYmJmVlNKYlJKbjA0WElRSFNicFRfaVdYYmNlM2U?oc=5,Google News RSS (10-Daily)
26 June 2026,TIMES Indonesia,Media Massa / Pers,Tier 3 (Lokal/Independen),"Mensos Hadiri Open House Calon Siswa SR Unesa, Diwarnai Tangis Haru Wali Murid",Akademik & Umum,Netral,https://news.google.com/rss/articles/CBMiwgFBVV95cUxPVWE3am1tM2tnd2daN2ZpQ2FCODZMWFRzVEdaWDVZdGd3ODNuYmYyYWxYcDY3NjBaMzd3b0JralBrTTd4cGZDZEx1ZndYN093RFFSTDRfaFdlT1BkWFZUeXBBTXJ1azZhSkc4NjNLWlo0UGQ4eVNmZHpkUnRQS2g3bzBMMGx3UlBJeDNiRWdNNS13clRhUEtjZGRMeDlyZmFLcnZJbnlMLUZRdmlDS3gyTDV4WHFvbWxoWUtuRFB1RjI3Zw?oc=5,Google News RSS (10-Daily)
26 June 2026,RRI.co.id,Media Massa / Pers,Tier 2 (Regional),Dosen Unesa: Suksesi Kepemimpinan Dinilai Menentukan Masa Depan Pesantren,Akademik & Umum,Netral,https://news.google.com/rss/articles/CBMiswFBVV95cUxONy10SHY3dXNJZzc1ZzVtWjNRcVJJd0RvTTZjSnl2aDJWaDZieW1obXQyUGYwdnk1ZEMySnl3OXZTVmY3SDMtdlBGcXlzTEFuR1poTVBjQ2dmVVVIc2JXTWE1bXNZRlVxcmZFZEJYUTgyU1VyMzk1NFFQUXc0N01rQVB6bWcteXc3RV9zSXZpRnZibXQ4TW9nQnVQdTZPSE84SEdxUUI2bl9qVEZ4dHZqNzZzaw?oc=5,Google News RSS (10-Daily)
27 June 2026,colorasialive.com,Media Massa / Pers,Tier 3 (Lokal/Independen),HILLSONG,Akademik & Umum,Netral,https://news.google.com/rss/articles/CBMijAFBVV95cUxQeUV1b25nWUpDSnRTWGJ5ZHl6QXV1SFdTV18yTGtLTnB6eUVaOXlqVWdhLXFYRVZQd0lOa3B1dGhEYU9VM2dKcExIMllZRE4wZFRwTjFzRG4yTjVnWmQyQkFpWG5ZTVFDeldHQzcwMVZtY2k5MkQ5M1pDMEVVM2tUMGNpSUNKMTEtQnRwYw?oc=5,Google News RSS (10-Daily)
23 June 2026,Kompas.com,Media Massa / Pers,Tier 1 (Nasional),"Coret Mahasiswa yang Tak Hadir Dalam Sidang, MK: Tidak Sungguh-sungguh Ajukan Permohonan",Kemahasiswaan,Netral,https://news.google.com/rss/articles/CBMixwFBVV95cUxQMm5vMDlselRvampValp3U2lQTmV1Q2N3Ym5VUDI3b3RzckRiTW1hZnpaT014bXNBOWZSbXZCajVPQ3U3eUExbEhEWHg2d01WeUx6SlU3bHVtOVczeDVhV3RCM0ZndlJLdzROZ1FEcXU2WGh5VXFQV00yTEZ2NkNpUi0zTUNzdEwxMmh6ZFAwWXZma1VvN0w0UzdCMFpxQm0xb2hkWkFpUXAyanUySUNYVWRTQVA5XzU2VEFzNnZKRWxIZ2VLbUlN?oc=5,Google News RSS (10-Daily)
21 June 2026,Universitas Krisnadwipayana,Portal Kampus / Akademik,Tier Kampus Mitra,Organizational Commitment berdasarkan Three Component Model dalam Partisipasi Mahasiswa,Kemahasiswaan,Netral,https://news.google.com/rss/articles/CBMid0FVX3lxTE1XV0VHUnJtS3djTFVOMlBBd0M0V2UwQXhrRUJvQ1BLeU4zU2o1bGE2emZpbE1wbDhZZlNoN2N5SWZ0ZzFHalRzREZOOVR2TG1xUm9obnJsS3E2ZlgtQnNvNFM5UGVNY0YzR09OWUdJeG5OUDlDMTBZ?oc=5,Google News RSS (10-Daily)
29 June 2026,ahmadyani.sch.id,Media Massa / Pers,Tier 3 (Lokal/Independen),SMA Ahmad Yani 2 Baureno Bojonegoro Datangi UNESA,Akademik & Umum,Netral,https://news.google.com/rss/articles/CBMiY0FVX3lxTE9aaU5rdERJQ25ndUdfNmV0MEVnR0s2UGZIbEFkbGlILUFPUnFXcUV0RzN4RWZ1V2h0cHd0eFN4OVdiOG5vWG1LRHlydW1XZzkyQ1FXUHJ6eFF1WnNOWkxSNlF0bw?oc=5,Google News RSS (10-Daily)
25 June 2026,Kompasiana.com,Media Massa / Pers,Tier 1 (Nasional),"Tutup Magang Berdampak, Mahasiswa UNESA Serahkan Platform ""Kampanye Digital KIA"" ke Dukcapil Bojonegoro",Kemahasiswaan,Netral,https://news.google.com/rss/articles/CBMijwJBVV95cUxPdDg4cHVXc3l4dEdCZXdWVUFMdGdXSVVLV2JSMjNHYWFRcWFxVFNzN0RKMFBjNkYyeVZrQ2dCZFBYS0pIZVF0ZkxVOXZGU2JPSGFYVnlDd1ZXSDRXcFp1UEVwbHZFRzhxeHUtZlJmR3o3OWduWUdHaGJEQ2IxZ25FTkpUaWswRDgwMFREb2JXX0pJUzhSU0pobGpnc2lFM3pkZjd0Y3diTTNlMFM5R0pVWUd4MVRDZ2RIQjNQc1M0aHNqdFozSkVWLUNuSlotYTdNeGJSbHBFQnh0MzlaOFRXNHhtNUR3enhzT3NuNWtLRGVjVFJVanhiWWx0QkI4MWw5U3c2T1puZE1rMm92YXN3?oc=5,Google News RSS (10-Daily)
21 June 2026,Ngopibareng.id,Media Massa / Pers,Tier 3 (Lokal/Independen),"Hari Yoga Internasional, Unesa Buat Rekor Yoga Dengan Peserta Disabilitas Terbanyak",Prestasi & Penghargaan,Positif,https://news.google.com/rss/articles/CBMitAFBVV95cUxNVHZXWGx2aS1UR203bDh0VURZd1Blanpyb1o5VzdEbFp2RWx0NHVDNGNTR2UwUDdBcGJvM09BRE5nU1dpdFE5cS1KUmZZbWVlQXhkcE55a3A1M0c2dEpZYVk3WVNIX0JMeTU1elBLTVk3NmNPN0Z4aGJ4SWtsbFJiWEVaR0htSVM3aDFsaWpsanhZNWh1WnlyZktvN19YZGlWVDdYYi04bDVaRHZadUlwS3RCRlU?oc=5,Google News RSS (10-Daily)
21 June 2026,Suara Merdeka Surabaya,Media Massa / Pers,Tier 1 (Nasional),Unesa Catat Rekor MURI Yoga dengan Peserta Disabilitas Terbanyak - Suara Merdeka Surabaya,Prestasi & Penghargaan,Positif,https://news.google.com/rss/articles/CBMivwFBVV95cUxQMGRXTFdLeHAzWGRlQS02RThEM096M0ptNmtGYUNiQzhPSFgtbHhqQ0p0Vl8tZVBkcXlwWjdkOGN1b1dhbTA0d2dwV0tyQ1puSzJHMUNlNUU0alNtdm1kdDM5S3NQZ19fRl9HVExob096NFpzcy1Kdks3SVdKbnRTaU9lelFsTFFfZy1ndl91X29wcnNESGZVcVdjbm93bW44QkU1S2kyQU10OXc4S1J6aHJsdmsxN1NjNG90Qm4tZ9IBxAFBVV95cUxQdTdTQnhESGp0bFhxUWxVTndKcHI3UVRfTUJaa2hUMDhUOG9iZk5YcHRfRUo3NjZlampFZXdGcVlZUWRyYzUwcS1XdXppYXI0YkYybS1tUFNBUl9OQ25YNTNxWE1Oc09iY0ZneGtlUDJfZ3MxV2MyQ0ZmR0xFZmRhWG9BS2RvbHZVcHBqOTItR25nb0NSUGNCNVpkNFpaV1pVcS01ajNHdU9iNmZ3RzBvWE5la1dCZHFDZ1NHaVg5TEIwUV9v?oc=5,Google News RSS (10-Daily)
24 June 2026,Kabar Lomba,Media Massa / Pers,Tier 3 (Lokal/Independen),"LKTIN Kimia UNESA 2026: Lomba Karya Tulis Ilmiah Nasional Mahasiswa dengan Hadiah hingga Rp4,5 Juta",Riset & Inovasi,Positif,https://news.google.com/rss/articles/CBMif0FVX3lxTE1VZ0U5TWFITzJGX2txblY1c013SUhhUFdUS1R4M3c5UXR2cFJoeDJQeHJGQmY3czRwZ2ZObTJlTE1hY0lPakZVWUgyMHNfdkFFTFU2QjZXd19maVZzQzhGS1M5MGJHX2VJTlduVnpTSDJBb0hTOXZ3OXhSdDduQTA?oc=5,Google News RSS (10-Daily)
26 June 2026,Suara Merdeka Surabaya,Media Massa / Pers,Tier 1 (Nasional),"Mocits, Alat Panjat Kelapa Bantu Petani Panen Karya Peneliti ITS - Suara Merdeka Surabaya",Riset & Inovasi,Positif,https://news.google.com/rss/articles/CBMivgFBVV95cUxPeTZUUTlNMl9ad0xrQnZ5ekVwcXZHaXlZYzZGQWlYUVJKQ2Vud0duX1NwSlJoejg2RVRpRXNBZWlUUHFiTUxibThLQVFhY2FDOFViN1I2Mmhqcy0wb2VYdzFES3BXazlLWll4Q25LTnFnX2FwVkM0WE9DN2VsZ21OSzNhNWs3TUl4OUIxcEdrRXJ6NUlXNkdJQjhLWXNlVWRraUdPcmU3TTRHemFqa09sUDV2Mk5xc1hPVThKd1pn0gHDAUFVX3lxTFBNVm1LSWNRRmo2S2MxYVF4Zy0tOTRmeFBfWG9Vd3VGMEJILTRiLUN1TWtoTFFtNTVmRXgydjRhbXZkSi1hQlo3VG5IZzJuRXNGZUhUMl8zckdwYng1V05uWGpmZWpHMG83YzZxWlY0Y1BiWVUxTGh3c3YtN0gxSWJ4bHRMeHBlc0d5RnF5bFZWU3IzMm1RTXRSeXNFMGM5QnhRdF9EYXBBQnJ1ZHRrSEhuLW4zNjBON1NKQldMbTdzVkhaNA?oc=5,Google News RSS (10-Daily)
25 June 2026,BALE LITERASI,Media Massa / Pers,Tier 3 (Lokal/Independen),Development of Snakes and Ladders Game Media in Procedural Text Learning for Grade VII Students,Akademik & Umum,Netral,https://news.google.com/rss/articles/CBMiekFVX3lxTE1kaXByMm54VE1XRVRmb3BPV2NYQ2gtRjdBWHBLdXlwSkotZklkSmdnZ3FaWFpINE1iTDBrbk82SE8tcXVscWRleXZFaXkwYXRWaVFKejE1bnRsVnUyVXRPLUJvdGRMR3U4dzhGU1NrTjdWVENFcFZoOFVn?oc=5,Google News RSS (10-Daily)
22 June 2026,Telkomsel,Media Massa / Pers,Tier 3 (Lokal/Independen),"Konser Brian McKnight 2026 di Jakarta & Surabaya, Ada Special Guest?",Akademik & Umum,Netral,https://news.google.com/rss/articles/CBMivAFBVV95cUxNeUUwaDVlYmlpd2FGMUtoLUtQem43dnNkNFVxeUxwRkRnTTZ1NXVHS3NnWDVLUzZIRkg3YUNOMzFsVndUVzZKdWxKTE4zVVVkZ2M2aTZGWGJObXk4amFTenp3WURmLTYwUldlUldzbG5reVNtZVQ0ZmpVbUtvcmVoXzJ1LTVZZHdEaWV2WXNrRnNGU0tmYXVoRTVReDRqZEZsWE5VLU5PODFIY2lqblpsX0htWXRCTUNteldrbw?oc=5,Google News RSS (10-Daily)
30 June 2026,Universitas Negeri Malang,Portal Kampus / Akademik,Tier Kampus Mitra,Penggunaan Video Edukasi Area Privasi melalui Metode Demonstrasi untuk Meningkatkan Pemahaman Perlindungan Diri pada Peserta Didik Tunarungu | Ilmu Pendidikan: Jurnal Kajian Teori dan Praktik Kependidikan,Riset & Inovasi,Positif,https://news.google.com/rss/articles/CBMib0FVX3lxTFAtWVEycGNEeE9wM0pIdFEyN3lLa1J5Zi1vLVZEUEVNQVRZdnlmUlE2UmYtNUJjbkw3Tms5azV5cWJRdTlUOGE5ZTRtbjE3d1dlNks0bi1fQTBtM1ZYT1R6anlQMTJObWJyNlBtMmFYVQ?oc=5,Google News RSS (10-Daily)
27 June 2026,HARIAN DISWAY,Media Massa / Pers,Tier 3 (Lokal/Independen),"Segera Tempati Gedung Baru, Sekolah Rakyat Surabaya Buka Jenjang SMP dan SD - harian.disway.id",Akademik & Umum,Netral,https://news.google.com/rss/articles/CBMisAFBVV95cUxOVk50ZEVNaVNCQW1BNE5GRXU5c0Z2ekEzRW00Qmo5M1Q1TjROdFdHcU5jNUt5RzdTdU55a1hpV3NIWjNLUVF4YjdNTS05SlptNnNoLXJpOHBWV0tpQVJLUWpJRE94YTVDTW9qLU44WnhMREoyYnNJZTQ2bHZyN0xyNmlZd2hHQWthczAxR0JxQm9zZ0I0cmJ4Y2RQQUpzTTZQQUxSeHNRZjlWUmt0QVZ6LdIBrwFBVV95cUxNWmFobFNpUXJtcy02emlsZjhHdzBRejUyWjEteU9WSnV3ZlJpQ3lycWN0TnFRME5WMlNNMXc0LTFWWVF0YTZBc05qUnJNbzY4dF9pRXk2cWhoNmJFZHdaSjhmLXpIYWJRcmxWVGZoem5vRG9UTEZCUF9ad3IzaXJDNGRrSHVhc1BFOENjaUhsTWJ4RFNucmNGc2pyRDgwT0dvWGRhWjEtdWZFNmJ0bnBv?oc=5,Google News RSS (10-Daily)
24 June 2026,Radar Mojokerto,Media Massa / Pers,Tier 2 (Regional),"BEM FBS Unesa Gelar Bakti Abdi Mahasiswa di Desa Wiyu, Hadirkan Pendampingan Pendidikan dan Kesenian",Kemahasiswaan,Netral,https://news.google.com/rss/articles/CBMi7AFBVV95cUxQTEl0dUt4M29fc0RpNFowQ3RfSWNiOThVN0VveWhPc2xwMHdvZ3otSVh3enRmU1ZUOU5TVERUZGRnWUVvZ0pFeUhBTGprb2QwM1N0UmM3TWw1cGRjbWczZGNwcmlmblc4ckdEUENGUmRJWmxXTnljZ3haYjFvY0RtSkNEel9mTHQtYVktNjA0dG9nb1JlSV9KbkYyclE2b3lVaHVyY2pudThZeDBEd3dWTXRxTDNGOUdnM0kyUXpLQzNaa1FsX1hSekw4ZngwcHJZUFpoRGNTMnFyM1l1ZktFVGJ0TWtJUW5UaVVyadIB8gFBVV95cUxON3VYTEJwOGUtZHRXUl9GZEIyZFlwQkJHZTZmU2xrYThrZ045WG5PeVg2b2lNeDNtdldzZkxZa2pNbVRNd1UzV1dYZXMtdFQyUnA4LTcxNXFSNmZfVlRMV2hYWXlGQlJGREpDVnB4Qi1lR2ZONzFsZ3AwVE44eUl6dUdSZlVZT3pDU2cycE5TNEk4WlVhQmZ4X2ZWaU85a2s4ZFE0cGdhcEVQak1HRy1EVGtFd0lCdTR0QU5BYWItemJsS3otc2dRbkZfSk4wMjFZMUY3Ym5jaU9BVkpRTzBKRWtqWUNyZ3JNRTg4UGtwZVp4dw?oc=5,Google News RSS (10-Daily)
22 June 2026,Mojok.co,Media Massa / Pers,Tier 3 (Lokal/Independen),Ugal-ugalan Sopir TransJatim Menyelamatkan Masa Depan Mahasiswa Mojokerto yang Kuliah di Surabaya,Kemahasiswaan,Netral,https://news.google.com/rss/articles/CBMiiwFBVV95cUxNTmF0Zi12U1g3QW8wbjRQb01XOURpWlJKMDNuc1RVU0k4T0stWXlpUU5lTXZaVUxNSG5iR09PY20zbGlkbkpwMEgwNzJBVGV2YnlSVkFVOUZTWC1JS0ltT2ZqaHozc2ZvX1lDdmxVRV9SUGxfVGFTS3ZpcVRBZWJObnNwaTE4M3Jla2Nn0gGQAUFVX3lxTE1tcHdtbVkyWVNqN2xMS01nSHUyLWt5N1R3empScEp6OGhOR1FMU1NXalE5TUJCelZLVTk3ekk3cjJYYkNKcGhMb0U3N25LMjgyMzctSVZ5Tzl3NWphODBrWkJNLURrN0xoRjZVUUdrUDIxUUxyeF9mZVprV0dqQlNTUEFRNHduY2s3eXpIX3ZJTA?oc=5,Google News RSS (10-Daily)
29 June 2026,Kabar Lomba,Media Massa / Pers,Tier 3 (Lokal/Independen),"Lomba Karya Tulis Ilmiah BIOCOMPACT Season 17 2026 untuk SMA, Gratis Abstrak & Hadiah Jutaan Rupiah",Riset & Inovasi,Positif,https://news.google.com/rss/articles/CBMigAFBVV95cUxQNng2YnZCbjNESnE4TWhraWgyQ0U4N1VyaXllOFUtcGFDdFVieWlDTGlvRVFIUDJiajROTlZMVDVmTXlMZXZiSEJfbTl6cEZLbGxteE9icmZWMHlmTzluOVEtaEJfMTI1SWF1UzFPRndPTWRxc0RFdElIR1FKbV80ag?oc=5,Google News RSS (10-Daily)
21 June 2026,BeritaSatu.com,Media Massa / Pers,Tier 3 (Lokal/Independen),"3.000 Orang Ikuti Yoga Massal, Unesa Raih Rekor Muri",Prestasi & Penghargaan,Positif,https://news.google.com/rss/articles/CBMilgFBVV95cUxQc3A5S19zVkVUY3FMMEkxd2w3ck5ORzlZQldiYkRySG9uWm5iNmp6U2tXdDhVVlh0UU5BdkJQS3ptUXJIc2hVMTZEaUM0ajNmUGZuUzNqTUNqZWZqczNlcTR5RXdOLWdabjA5NjBIUVpQQ29KWjMwWEpRXzFwTWVnMzcxS0haaTRfRnZaUU5uZTR2NnlHQ2c?oc=5,Google News RSS (10-Daily)
29 June 2026,beritajatim.com,Media Massa / Pers,Tier 2 (Regional),"Chrystina Febriana, Mahasiswa Matematika Unesa Ciptakan Dashboard Analisis Cuaca Laut Sidoarjo",Riset & Inovasi,Positif,https://news.google.com/rss/articles/CBMiuAFBVV95cUxQWkl0cUUySVhKSVVtamZoZTgwcXdZUHNmWDNFaklWYkVRQU5ubUFyN3NUYjJWVXYzbGFNa1VOMUZ1aEMxMnFGWTdHQUZFU1pQLVdkVEo1NGhUVFU5QWp4RDdEVTFWQWM1NHk2QThzNmE4YVZYYkxfWWxSUjRVWHo2QkRvZldiRWpYeG41ZExWZXAwRzBCLU92c05vcUFzTlBhMDNDSUR4UjJUdDNtWlROSWpQLWpkZ2RL?oc=5,Google News RSS (10-Daily)
25 June 2026,beritajatim.com,Media Massa / Pers,Tier 2 (Regional),"Mahasiswi Wafat Sebelum Wisuda, Unesa Beri Beasiswa Sang Adik",Akademik & Umum,Netral,https://news.google.com/rss/articles/CBMijAFBVV95cUxOZjhDOFZ6U0RiMTM2LXhlWE5XbjJvX1hqQ2xNc1NUZmYtWFN2amU1cHBwNzBlR0NWRkdCS0RBN1l1V2FlVWNPcHVXbkxFS0tWNWttZ2hyVUloR0wxUXc5RDlaUmdNRm96YWNzRVpMX2JRMWFZbzVyT2hwVEpndllKVllIcXFhNkR2NEgzbg?oc=5,Google News RSS (10-Daily)
26 June 2026,Memorandum.co.id,Media Massa / Pers,Tier 2 (Regional),Putra-Putri FBS Unesa Bukan Sekadar Selempang Tapi Wajah dan Representasi Fakultas - memorandum.disway.id,Akademik & Umum,Netral,https://news.google.com/rss/articles/CBMizwFBVV95cUxNdjZ2dkxncFJiQkpYbUlRbktuQzZMN09GbHpQZXhFbGVXX0pHTkVNdkd0cXBtMHh6X2c5TnpVM1d0SzZib3FFSG4tLWR4YUszZVBXN0t2cHRqUG1PLVhFNjVERVl5aWtDNmptalBTM0dVeHltdFNES25UY29yb01rd2pjb0dmQks2b05pQ2tjWEVNdzU0bU5vb1VkSUZIdjlSQlkzZXVPbTZHNnAtdGU2RlN2RW9FbEs1Nl9YbUd2cHdVWnFvMGpvdjN4Y0c0bjjSAb8BQVVfeXFMT3FJdkg4Uk5TaHl4akJ4bjI1V2E2LUswMVBBbXNVN2tJcmpBQ2VsZkhGeEd5Z1VYczQ4N2pOZlZCQmRidGFyaVVhdU9LbmR4WWxrRGxYc1pHWDFnSHE1OXhtanJvRnpWb0pKMk56cHNEemwzVm9wUXVlb0p5QXh5dUdnUVBScFhvZVZTd2k3SlRfVHExN3YwNnlYWVNGczZJT2I1TzZVVWJmal9Ga3h4N2tHVjdWVjcxcmxKUTZPMWc?oc=5,Google News RSS (10-Daily)
21 June 2026,Kempalan.com,Media Massa / Pers,Tier 3 (Lokal/Independen),Gila! UNESA Siapkan Lahan Puluhan Hektare demi Bangun 5 Lapangan Mini Soccer Internasional,Kerjasama & Internasional,Positif,https://news.google.com/rss/articles/CBMivwFBVV95cUxQd1NkM0pOa2tBM1hmYkxMZlJBdkxxSHR4cFg0WUtjQVJqYmdJNTRMSjEwVHVMMEpNdjVLMTNfU0ppMjZuTmZIclA2cWVfREVVZGhLSlNvV3hXYTVzcDhkRFpVOFUwaW5wamdxSVNldk5Zc1drbS03ZjQ2aTQ4RUdxa2xrNG9UY0Y5ZE5Kbnl0U0U5VXIwUTZjb3BiNElDSnM2YlZyalVYSzJ4all6U1pkeEE5VkNwRmF1cnIwcm5TTQ?oc=5,Google News RSS (10-Daily)
28 June 2026,kabarbaik.co,Media Massa / Pers,Tier 3 (Lokal/Independen),"Bangkitkan Prestasi Hockey, FHI Jatim Gandeng Unesa Cetak SDM Pertandingan Berstandar Internasional",Prestasi & Penghargaan,Positif,https://news.google.com/rss/articles/CBMivAFBVV95cUxOYlpmVHRVSHI5Uzk1TXpBSWhUWHI4cXpJUEh4SjlwQWNkZlZ5a3lBSDNGd1dFdV9hS0pHdFZqS1lnNzRtYTlMR2Fma245UXNtVTd3aVVwelFWcE1FLXZkOFJVam5teTQ4UXpHRjctNDVNOTI0bjd5ck5tTnFmbUVoaHZJdVRtVkhVOFZDZFI5V2hxT05vRE1LYVJkUmNPS0MxU3dFNVVrbkNsN0l5Nm1rYlROay1FMGRwLWN6WQ?oc=5,Google News RSS (10-Daily)
26 June 2026,Pacitanku,Media Massa / Pers,Tier 3 (Lokal/Independen),Wiwik Handayani Lulusan Doktor Unesa Asal Pacitan,Akademik & Umum,Netral,https://news.google.com/rss/articles/CBMiswJBVV95cUxQeHZtRi1OZThZTWZGTXBteWRiX2RfNVlzS0tPRm1pMmc2TXVNdXp4Tm5qbU9TcVpfdy1FRUs1S2VUS1FUejVkMzRRNWZrcm84RUpWdXpUOFJFblkzWmFKU0lNX3VWSHVFZU5OS3ZGMDFSSWtxb0k2amk3bDBFX0xMT2diMlBnSHNBakVtMXZkekZLclUwLXZUNHpHZ2RWcko1bWFlMzROeUR4M2dPVDhlNFVEMHI0MWprYUg1RE9zcENNZEswZWhwTEdaaUdkcEhmUmRzR1kzVWI3V2t1ZVFDdXJScUQxOEltX3dHTlB3emFHMmZRaDNycEwwd0lfNk9Xa1V3Z3Juci1mN012aUhtbGpJcVl3dlZwcWVoN2FaR1NEZFA0VTBtdkJfbktzVWY0OUw0?oc=5,Google News RSS (10-Daily)
23 June 2026,Narasinfo,Media Massa / Pers,Tier 3 (Lokal/Independen),Dinkes Ngawi Perkuat Integrasi Layanan KIA untuk Tingkatkan Kesehatan Ibu dan Anak,Akademik & Umum,Netral,https://news.google.com/rss/articles/CBMickFVX3lxTE95ZDY0UE9ITDFVUXhDNFpaMmVnTk9tbjQwdVpEV3h3UmRnX0J6M1BCZU1jTG1la3E0MmxSRV9tdGFnTFdrckllU3VsMl95ckI4TlpERmJHWHpiZmVMakVOU3luX2s4OWRqY21OcjBEQ20tUQ?oc=5,Google News RSS (10-Daily)
25 June 2026,lsatu.net,Media Massa / Pers,Tier 3 (Lokal/Independen),"Ijazah Tak Sempat Dipegang, Kisah Perjuangan Mahasiswi Unesa Menjemput Gelar Hingga Akhir Hayat",Akademik & Umum,Netral,https://news.google.com/rss/articles/CBMiuAFBVV95cUxPR3A1Yk04QktjQUFmdVBkRXBzcXhDbEs4S2E1YXk0X09YeXBqeEtIT0UxSDJnR1llNGVXZjlIRGVlUkdsdUpJZ3Y5NTdnWkRHRXd5NVM5LVRnVFdndWlnRkNtMy04bkIwX0d1NjRaTmhseG9Za2JBQ2lRSXpWU2dMeEZJU1RXNS0ydnhhd2MwbjJiUmhrV3hFa1JjTjlpTlNUTXVsMU1vNTAya1ltMmZXZTd5aVFWN2tz?oc=5,Google News RSS (10-Daily)
25 June 2026,Kompas.com,Media Massa / Pers,Tier 1 (Nasional),"Momen Haru di Wisuda Unesa, Ibu Terima Ijazah Putrinya yang Telah Wafat",Akademik & Umum,Netral,https://news.google.com/rss/articles/CBMizgFBVV95cUxOTDZ0cnNkVks0Q1hJNXBGSlNWSGRHMGZ1b3ptMUR0TjdSbVdqYWN1Vm9CVUI1VTdPU2ZwOG0zSWVyX0F2UWp1SVdFUDY5Tl9lUmJWSTd0ekJpaU5YWU53d0ZLNGtkeVZjYVFmYWw1QmZfcjQzalAwd1ZMNTBQSEtoeDY1SjJZSDRYejJzQ2R5NVhTQXZEY0JMUDJGR3FycE82ejdwclN4S3JkUVpsLTJpZ2o4RFlDSVA5QjBXUkVwMVpqN0I2NTQwaWEtd19mZw?oc=5,Google News RSS (10-Daily)
28 June 2026,Patroli86,Media Massa / Pers,Tier 3 (Lokal/Independen),"Harumkan Nama Salatiga, Putri Pengacara Kondang Adi Utomo Raih Medali di Grand Final Nasional OMNAS 15 di Kampus UNESA",Prestasi & Penghargaan,Positif,https://news.google.com/rss/articles/CBMi7AFBVV95cUxNYnltMWIyTVdlZGxtWVo3Z0dOa21QXzg0ZDJJVGJhZzhDVVdFUW8xX3hfMHpmckhjbllNaElqd1BWRWxfeDRRTzZKaXhDVk95WkRjOWpYV1dHQ09rcGp5VTBwSm9nbUZLNzVPZkkwOXBZN01sOVBOUWRtNlZlVERnOWx0eDR2Zm9NTFMtdkJjUTFfSTFZeWpFSzVKNmxhZzljUEJXTDBzVUR4VEdxT0NUdEtqcndzRUdSajAtMC00R19VTEE2U2xtekdNT0U0TmQ3bG1CenF5eUJJdjdQNnl5QVFxZW1MUG5JWXRRNQ?oc=5,Google News RSS (10-Daily)
30 June 2026,Mojok.co,Media Massa / Pers,Tier 3 (Lokal/Independen),"Bukan Sekadar Cari Cuan, Alumnus Unesa Ini Sukses Bikin Kedai Kopi Murah Sekaligus Berdayakan Ibu-ibu untuk Jual Kopi Keliling",Akademik & Umum,Positif,https://news.google.com/rss/articles/CBMimwFBVV95cUxNYjNUZVcxQnZ2dWJrcHNZc1lpT045blN6R1RrUVU3UmxGVjVjMFhnajNBV2M1ajJnVVVmV01xOUZPWGlqejBpNTJVWFBwb3BrRUZNQVZDQktLa3VzU0N1ZVNpYzN2TXJBYUNQT09wcjdNaldyaUEtcUF2NVdZTXYyWnpVcTNDUG5PQzZ6NC03SFB3ei1hMjF6aVhJVdIBoAFBVV95cUxQd2ZVclRnckEwdjFLUVRTV2NvZmxGWEMyN1QtM1dPbzVUSlhQOVFkdEJJbS1GRFdqMzI4ZjR0RDZDSENvRTFWVURFTkxCcFFiRXNaWTJ6Y2QxdlZOZElLeGxjMUFqLUlvNjF0VFF4UGg1OHN6c3pydVc5cDZrb1RualhnYVAzNkg5RVFOUUJ0d085blhsRVVuOGpnME9sX1Mz?oc=5,Google News RSS (10-Daily)
13 September 2026,Suara Surabaya,Media Massa / Pers,Tier 2 (Regional),Unesa FC Academy Perkuat Pembinaan Pemain dengan Tranmere Rovers,Akademik & Umum,Netral,https://news.google.com/rss/articles/CBMirgFBVV95cUxPX2ZUbkgxd0NEcm8xRGJfNC1FV2wwaUlZTFZTbzdNVEM4YnNXLVh3WEVVRmJWTmg2SDdCZTdSdk1OeXBjbExPRWxxc2NKYlJuaWp5M2R6Q3pQSFo2QThlcWZWVy1qS3VJdGNzdWx6TDgzamhmWUdZREE4bk1EdkY2MWhxdncwTDVUUHVJOFVreTJONUp1WC1qblRZY1RmR1pueUZYZnRvaXRxN29GRmfSAbMBQVVfeXFMTnd1a0V1T281ZHJLZTRRZ0JMd3ZFN1lsRjFlZ25VNTlrbTkyY0lXUm9EdGRtUWNqWGRXN3hPYWs2UHpuNlJxc2t3VHdCSHlBTzRQNUZ4MXBWNVZXN3p0ZEZtR2pOeUgzNzE5V1lkbFdGaGJlM2VPT2oxRUFzNURzaFFzWlVJdmgzb0tkYmNkWmdaa0gxVlMzR2hpSFp0ak5LZDVVc2lQX09YOEYxREdrMlpJWHc?oc=5,Google News RSS (10-Daily)
17 September 2026,kota-surabaya.kpu.go.id,Media Massa / Pers,Tier 2 (Regional),KPU SURABAYA MATANGKAN PENDIDIKAN PEMILIH BERKELANJUTAN SASAR PEMILIH DISABILITAS DAN PEMILIH MUDA,Akademik & Umum,Netral,https://news.google.com/rss/articles/CBMi3wFBVV95cUxPNVZmbHN6bzhITm0xTmJobThwbEJCX1RmMUlVOHRIOWRGeDc4NFJoNUwtZHpCa0Z2VHBxb0Z0N0VwNDBVUUdPcUdKdWU4OWdOd2hacDZTU3huQng4MVJYeWx4Z3JhU2Y3c0VHU3M2c1lSeGkwMEJuZlR3TnZINGtMWjctTHBaSnM4Wng3bVlwaVQtelFQdVhyajFMQTRSRmUxZ1FrUlVJZ2VraWNjRUs1NDF6ekVVSWlfVVI0VjFDTkhhY3JVZzg1NmQtLXMyTGExSWZkOUdub1RmeU96SklV?oc=5,Google News RSS (10-Daily)
15 September 2026,Kompasiana.com,Media Massa / Pers,Tier 1 (Nasional),Profil Aisyatin Fajriyah,Akademik & Umum,Netral,https://news.google.com/rss/articles/CBMicEFVX3lxTE0ycml4QnBtTnZuclQtaWlORTFmNF9WNHB3X2lxOWlENHNYZk10dHVHd3NtNlNRSC0zVmhLQmRTcEJZaGs5eDR4WlQxcWMtWXJQMkt4Y3hiaTg4Z0dHVkdvX3o4VDNKVm5fckZJQ1h1OG4?oc=5,Google News RSS (10-Daily)
07 September 2026,CIMB Niaga,Media Massa / Pers,Tier 3 (Lokal/Independen),HASIL SELEKSI KANDIDAT LOLOS TAHAP SCREENING DOCUMENT CIMB NIAGA 2026,Akademik & Admisi,Positif,https://news.google.com/rss/articles/CBMi1gFBVV95cUxNRGZYMmhFSW9ERlpCMWFucHlhTEVsTGhVRmNCR1doUExOOHNVUEZrd1pzQUhOZncwWlU3UjdWdXp3WFlzZHdCcDk3bXdobS12Yzk1NnVkM1hoNWxfWjJsSnBsQkVUYnk0SG5hVVhsREZodnJ1cV9fczItY3J1alVTY2VqOUpCQ1c5dk81bmpqaVI5UjZabmFwYklZOHQ2Nkp5bTV4SkEtQzh4TXpndThZNGtuN2RfenpzR1NwM3NDLVMtay1USjFnaUFBZkVIMS1NR3RWeEZ3?oc=5,Google News RSS (10-Daily)
16 September 2026,SMA Muhammadiyah 1 Surabaya,Media Massa / Pers,Tier 2 (Regional),Dari Kantin ke Lapangan: Gelar CEO dan Podium Kriket Muhammad Al Faruq,Akademik & Umum,Netral,https://news.google.com/rss/articles/CBMitwFBVV95cUxQVW01bW9LMGFVeXI2cEE4aG5ORUVOQ0pRa1ZyYmZsZXdrbkFPV3ZKYU9wREVRVG52Z1ZMY2FGUVpia2FOdFFpWExIeFdjTjVYN3B5UlIwQkhSM29YeWNRY2RGZUN6WGtlTkplV1JEMlNfRUtmb3FBSk95d0hVTGdhR3FneWZfMG52cEFiSDl1aUo4S3FUYWFXdXR5Y09COTV6OHh2b1pjWlZ3NTFQc1NCTnpEazdDTGs?oc=5,Google News RSS (10-Daily)
28 July 2026,CNN Indonesia,Media Massa / Pers,Tier 3 (Lokal/Independen),2 dari 6 Terduga Pelaku Pelecehan Seksual di Unesa Penerima Beasiswa,Isu Hukum & PPKS,Negatif,https://news.google.com/rss/articles/CBMizAFBVV95cUxOakoxUUJ4SVUwT0czRURuZ0kyeEJaWUI2UTM5YVZhbThXYWR3NC1yMUc4OEFHR0ZTeFpWUjl6YzJDUHJ3S3ZlRFJIVV9LdzNfR0NuaEpIRi1ob2J0OE51Q1lWZk9vbzZVU3BVMUZUVUtmZW9xcjVYdU1pTUQ1TVp0NHdiRi1vQThKUVJMZk0tMVpRYzZITzNCU0RVMklnQzMzWW9mZk5oQWQ4dEltTGFYTUxla3Z6Szh5Wk1uRTZXS1YxZV92TG52WlpmanXSAdIBQVVfeXFMUGJTTDJ0QU0yR3FiODEtY3AwVzQyTU5iSnJZVmdaV3hobFVIbVBycFFkcFBTU1Y5b1d0SDhvaVkxbzEwN054aUNabDRnQUJXenpCQUs0MkkzQTh0d21DT0EzNkxWWTB5eHZiYVhqY2pRYVI2alVFSGFzQ2xOSEVrQzZsUVd6RTlDTHJLZ0NtU3Q0bkc1S3o5MkgzcWhOYlZyOUR6d01WMm5Ja2FPVV9YWU5Bc3BtX191SGNsWWJJc1pkUUJZSG5QMmpmNDNmM0lvMW1n?oc=5,Google News RSS (10-Daily)
19 July 2026,kumparan.com,Media Massa / Pers,Tier 1 (Nasional),Unesa Nonaktifkan Mahasiswa Terduga Pelaku Pelecehan Seksual di Grup WA - kumparan.com,Isu Hukum & PPKS,Negatif,https://news.google.com/rss/articles/CBMiuAFBVV95cUxNdkppcVdfbmRlSzhZemUyWURZRnNJblllQmgyVWtfZDYyVmpLaFByUzBoNU5zWklEX0hWemFJQ25Dd29zMDRSbHdTOXhXU0xYeHlkdW55cmFOOEtVYXhTT0RWQ01LU0lmWE5kRlI5c2VzUjJjZDAwbm8xVVhsMnpqN2lIbmRMU2VaV2ZlTDZSNWd5ZF9XbGtZaFM2aXZCeWw1dnZtS3M4N3ppRmViSmJjRTlFOXBNMHRH0gHAAUFVX3lxTFAtQUpGRHU5T05tejIxN05EbDhVTkpiVU1RVS1Fa2l1SF96NG9GUERaSkc2NGVRWW5XallKN1I2d0g1UW9UUExMX080VWpXRzlMakQ4bUtuSGpHdDBaZERSWmdmRVFwdTFvazFIWm9qUFVKNFZlT0ZKU3JMNWVJY3FYTnlQNmVnenB2UVFlOWprcVYtc1JEam9RQWFUaU9xTnUtRDlGN3FOaE8xcmcxdXA5dUtVcFFYVW5NNFkwQ1I0TQ?oc=5,Google News RSS (10-Daily)
12 July 2026,sman5sby.sch.id,Media Massa / Pers,Tier 3 (Lokal/Independen),Rekap Diterima 216 Murid di PTN Impian,Akademik & Umum,Netral,https://news.google.com/rss/articles/CBMicEFVX3lxTFBFNUl5XzlySnowLVlTbFRhNGM0MkZMT2ZzUHEwbFMxdFdDamF4YkpCVExLTW1pLW9YbEtNSWFHV0E1NXNGV0dRUlVTQkpaVGpFR0dZWURqdTQ0eGl6VDBBa1Z1cFdqR3pzVER6V3c3d0E?oc=5,Google News RSS (10-Daily)
01 July 2026,KAMINDO,Media Massa / Pers,Tier 3 (Lokal/Independen),SEAMS School 2026: Workshop on Bifurcation Theory and Perturbation Method for Differential Equations,Akademik & Umum,Netral,https://news.google.com/rss/articles/CBMixgFBVV95cUxNVnJNYlhOV2dPVjc1Vy11bllQcmlqc2pCRlg3d082UDZ0VzdpcEVMd1dlN21zS2c0aEFNdy1SV002MlF6TzhaTVctWC1uQi0waEI1OW1rTjhXamVjRnVlV21tY3dtQmFadTZUTkhrOUF2Y1NzbGgzMVBXTVRKMW41a0JfSXAybHFxdDMycmtNaHdtZGFFdUVUODhwaTRBeHdqUWlobFpXbWRMNmM3VHZ1ZVk1ay1DSTlIX2sxelZ6c25EMmRheFE?oc=5,Google News RSS (10-Daily)
07 July 2026,Gerakita,Media Massa / Pers,Tier 3 (Lokal/Independen),KONI Pusat Luncurkan Buku ‘Sports Intelligence’ di UNESA,Riset & Inovasi,Positif,https://news.google.com/rss/articles/CBMiggFBVV95cUxOMXA0SGV2bmdobGR1SkI0LTdIX0Y5OWNldm94Y01CbU0yZVJBYXJ5NjROcDdHemJjYldGSFNmMVRqQTczMDl1ck9RMHFIbzAtNVdoZHNiSnFuaVA2QUlUcmNWS2lTRVkzNWtNTjJUdmxjLXdOMFViUDlLczAxQnA4ZGxR?oc=5,Google News RSS (10-Daily)
01 July 2026,HIMAFI FMIPA UNEJ,Media Massa / Pers,Tier 3 (Lokal/Independen),"Study Banding HIMAFI UNEJ × HMP Fisika UNESA: Merangkai Cerita, Menyatukan Langkah.",Akademik & Umum,Netral,https://news.google.com/rss/articles/CBMiUkFVX3lxTFB2U1ZGbTc4WHBrSVJqZjVKbVNkQ1prYVRQLXE5akF5WmFKbUJMNU5PQXNkS2lLY1Rva1RJN1F0QThVOW9CVDZGbUN3d2d3d0VGaEE?oc=5,Google News RSS (10-Daily)
07 July 2026,SMKN Kalibaru,Media Massa / Pers,Tier 3 (Lokal/Independen),Guru APAT SMKN Kalibaru Ikuti Kegiatan MGMP Agribisnis Perikanan Jawa Timur di UNESA,Akademik & Umum,Netral,https://news.google.com/rss/articles/CBMitwFBVV95cUxQQURLb2NoVWxTV3VLek9Ndi14NnJxMExQTTFJck1nV0dxNkp3aG9TOG1Sd25UalgxVG4xLVZQTWo1WERuRDlaR1R6blhyVFVPSTluRzV0QmNRb2JVU2tCQ0kySGFvVng0WjI0T3M5SV9FaS0yU3QyYTlHMU5ZbldKZHA4M01EWFV0WktrUGI4QWdkaTBxV21Kdzd6X1dWOWZIdU1kdk9jLTF0aW9IZEVSanlteTlLN1E?oc=5,Google News RSS (10-Daily)
08 July 2026,BAZNAS Kab. Sampang,Media Massa / Pers,Tier 3 (Lokal/Independen),"Dukung Karakter Generasi Muda, BAZNAS Sampang Salurkan Bantuan Program Pembinaan KBMS Futsal Competition UNESA",Akademik & Umum,Positif,https://news.google.com/rss/articles/CBMi9wFBVV95cUxOUVVRc1l6UW13WXM0TnJXbGNpRU1SQ2JLczN2bDRRZ3VIR2V3UkQxVm93S2FRLWhpYnhobGY4VjdXWDFBX0s0TkU0QURpWm5NekdBTWJXTndYTE1NRS1OZ0V3X25Xd2hkZzhjU2xKbzdjNkhLRVJKZms3NTFJMVlZd1hZT280N3FLUmRlSFhFSzF3N0tCR1RTdmMyQ0xieFZYUG0xVUg5Z2VGMHNYQjZrZ19nS0liUVdKSXZsd3B0TFNRX0x6c2FWRGxQTW5Rb3M5ZUs5R24yWm9Cd0FxV2hvcnROTlBjdmhwUUdMVm96Y2JUbUJGUTdJ?oc=5,Google News RSS (10-Daily)
08 July 2026,Biro Organisasi Jatim,Media Massa / Pers,Tier 2 (Regional),"Gubernur Khofifah Dukung UNESA Tuan Rumah Vocational Epicentre 2026 sekaligus Dorong Inovasi, Perkuat Kolaborasi dan Tingkatkan Daya Saing SDM Vokasi Indonesia",Riset & Inovasi,Positif,https://news.google.com/rss/articles/CBMivgJBVV95cUxOY1VkUmZOck9BcWkyUkxaUlJtTHZCbWVrNWxoN2tlNHR2YkJaa05zUDRFbUlDb2p0b0RodUE3RE0wRzhGRHJMaTFfNVhIVF9SU2pkalZPNkhlQnF2bE5XVWhSblpoOUVaRmtSVk13QUMyNlJvdHkxTllibE4yVFJVR09kNnl5T2hSLWVLdkE0Wm1MMDBWblNNT01kQUgyWEt1bXlSTEJYM01WbVJDLXl5alhzNTFLN3NidUhRNGZITlR2WFNCUjRVRXZselFCVUdYdTF3V01VN00yOUJBUjdQY0xmLXk2M0tIOWg1SEI0cDhsdDlaOXZhV0xQUkpuUWlMZEJRZS1zTG5DejI4SlRwQThfMDlhbjZBbEl6QzJuZmFTSmcybjJQelphSHVBaHNFU0JjY2lUQ3RlOUdBYWc?oc=5,Google News RSS (10-Daily)
09 July 2026,tp.ac.id,Portal Kampus / Akademik,Tier Kampus Mitra,"Buka Akses Internasional bagi Civitas, Unesa Agendakan Pertemuan dengan Sejumlah Mitra dari Tiongkok",Kerjasama & Internasional,Positif,https://news.google.com/rss/articles/CBMiUkFVX3lxTE0wZ0J6ODBKMm12V0EyVUd2WWdMVWMyN3VySm9WdTNlZmtxcjI2a2lkY2NEeWt1cjl1ZGs5WU9DOWNjN25XQXdYVWpnOEFNX0NjTUE?oc=5,Google News RSS (10-Daily)
04 July 2026,"Kementerian Pendidikan Tinggi, Sains, dan Teknologi",Media Massa / Pers,Tier 3 (Lokal/Independen),960 Mahasiswa Penerima Beasiswa KIP-K dan ADik Antusias Ikuti Workshop Penguatan Karakter UNESA,Kemahasiswaan,Netral,https://news.google.com/rss/articles/CBMi4gFBVV95cUxOUlQ3VnVaX0V3U0hwU3RNZlZCSmY3VXFOYXl4UDU4MDNTamhuN05mblhtSVhQNUdrRGo2emVIRVZ2ZW1aeU0zajI2aWJYd1BVVERnUHVlU044VG41LUFoMEE1WXhyTlIxM1E0YVdSdXZsRnd2R0FMTDltalM0djlFNDR2V1NZVEY1YWpzYi1aSE1aUThNb2QzTmFXTUZxUHF1a3p1c1AwaVozZWdtNVlKbG5TZjV4SHRWY2hXcXQzZlIwLW1KdGN2RGdtOFk4UEhyX2dRTFlsUUdBbmxnUWo4X1Nn?oc=5,Google News RSS (10-Daily)
08 July 2026,jatim.antaranews.com,Media Massa / Pers,Tier 1 (Nasional),Khofifah dukung Unesa gelar Vocational Epicentre 2026,Akademik & Umum,Positif,https://news.google.com/rss/articles/CBMingFBVV95cUxOQXhkVWMtRmFzZDllUUxYYWRxZDlhVlFNN2Y5MXY3NHJxYlA2ZG10Z0F1bWNaZEdiV2Y5RFYtaXZMc1Q3Qjh4M0t6NW9HcklPRFhXekk1TTVNWkxiUVlMQnBCallUcUxWUWluQzFwaVdZbnR3WFpzRW5nTllQXzZFUFF1dEFEVWpza1hLZ2hEVTVtVVZjazd6RUV3c3NzZ9IBowFBVV95cUxOQWxyRHR2UG5WNmhUR2dkMG96NzlHTXh5VHhaTXBHb1F6QnZKcXVNbmtCVzBjemVYZktwNm9IMURaZFVsZXZycW50VFQtZ21FN2hnd3h6OWpLUmxKeEZUc3pOQjFlTEhTa1VIdklyNU1YNTN1ZVZTMXM1aEJPU3ZYdmg2V09QSThiYTY2Q0dpWTUzWTFzZEdfUUNzcDlLYXhPU1Y0?oc=5,Google News RSS (10-Daily)
08 July 2026,kejati-jatim.go.id,Media Massa / Pers,Tier 2 (Regional),Silaturahmi Strategis: Kejati Jatim Sambut Hangat Kunjungan Rektor UNESA,Isu Hukum & PPKS,Negatif,https://news.google.com/rss/articles/CBMioAFBVV95cUxPbzA2UUliWUR2U1czOG9uWnhhVERaN2FueDFaT1VsNkpabm9vazZZMkxlZFkwenJSeDhnTVN3Q19PUXd4V21NYTVLR3FhRTZXeG1FdEZoV21sR2ZfTlFyLU1iRWFZZHVoRDYzVm1oN2o3ZlRoMVQ2bkVOTTRrR2lyUnVmVjVFblRPMmxNQUkzSVlIR1o2R2ZXeUhmZm14emhU?oc=5,Google News RSS (10-Daily)
08 July 2026,"Kementerian Pendidikan Tinggi, Sains, dan Teknologi",Media Massa / Pers,Tier 3 (Lokal/Independen),"Unesa dan KONI Pusat Bedah Buku Sports Intelligence, Rancang ‘Otak Strategis’ Olahraga Nasional menuju 2045",Riset & Inovasi,Positif,https://news.google.com/rss/articles/CBMi7gFBVV95cUxPd1RnYVAyOERWakI3WTRxUlNWUlprTDU0T0Q3Rl9RV1k2TkdwWkdjUTVaQmpvSVJEQ3RSam40UnNNSjRkVGoxUGdHMzdWQVd6OTdRUTFiN1JJemVVa1l5T0ExU3JPVVV4OE1FUUZkOGMyMHYwMjV5dGllcUgwa0NGakFDQ2h4a1Q0azdoc0R5VERaVmE3WWdsZ0lxRDZ1NUU1OHVCX2p4WTI1RXU4cWVhQTQ0ZUdWeTVQb3FDNkpoRF8tV2V5TmFiWDhZNTR3ZHpqUEJhODBRTy1nSmE5RnludHg4bktObEtWczNvek5R?oc=5,Google News RSS (10-Daily)
01 July 2026,Kompas.com,Media Massa / Pers,Tier 1 (Nasional),Suara Tinggi Hakim MK ke 6 Mahasiswa Unesa: Jangan Buat Main-main Persidangan Ini!,Kemahasiswaan,Netral,https://news.google.com/rss/articles/CBMiyAFBVV95cUxPZXBZZzZ2NXljOC1jcW9vMFpzY0N1RkJmM0FFWkJhbzBiYTFvZ1hNZjVrY0JRaWVfZ0tUclB3eHdXLUpmcXFkVURNdjNEM2JvMFJFc3lLQjZHNFBSSFdXVEdwQ3VfWUFtaThXbkdMRVF4cmtxTzNrRi1MOUxOMUFjOUU1OFdTRGRwTWtjN29WV1lJdzI0Zm85eVlwVk9ZTFh4cU5hUFdCeW9yaHZjM1NzVkw0M1pwNmgwTW9CTDRJQjdabnI3bDltYg?oc=5,Google News RSS (10-Daily)
02 July 2026,Kompas.com,Media Massa / Pers,Tier 1 (Nasional),"Fatimatuz Lulus S2 Unesa dengan IPK 4,00, Kembangkan Pembelajaran AR-Virtual Lab",Akademik & Umum,Positif,https://news.google.com/rss/articles/CBMixgFBVV95cUxQSkFaa2QzNmk1cVRfbThha2RNeDBPTHNENHZzZS03Ui1MWnYwN0luWTRfeWk5d0tZdWZUSDBWZGRCSE1iZjZTOFY2dFJYeWdlTUxxUGFFV2JRZUtqT19rTkFqOV9KWWFjVG44b3NTMHRrUm1pV3RzakQyTTNCX3hNME43Zzl4LVo0cnB3bkdzbG5jZG1ZVHF1RUlRNUVtT0t4UVhZN01JMVR5Y0tJZ2pxWVhlNm4taU5FYjVWX0RGTzBSNDBNWXc?oc=5,Google News RSS (10-Daily)
02 July 2026,jatim.antaranews.com,Media Massa / Pers,Tier 1 (Nasional),Disbudpar dan DPRD Jatim perkuat ekonomi kreatif lewat festival,Akademik & Umum,Netral,https://news.google.com/rss/articles/CBMiqwFBVV95cUxPdjFjV0YyZzc5WjQyaWNuYk1NMzkwX3p4cS15ank3OFhFdGhtUHl3Skt5RDNDQjN2WERoRm9tS296ZUU5VXdETE1PeXZrQkU5TXFvYWZnM0p1ZTEzdUFYdzR6UGN5UVdxLU5keFpDZlhRZFdiY3Y0Y2ZINXA1cFgtRHlwakx0V3RBUTkwUGZVem9ob0JCQmFlUkJGeU5vb3JUUHkwR0FGSzdBQXfSAbABQVVfeXFMTWhZdGV3SF9zUmUtVWZEU0x4MkRreXhvdVpKSXZrNG1uX01JQU0zd0ZTSU1YTjJ4RkdNOGZmbDdqU0xFUWV0QlZEMVRLc0oxS2FVNGhYMEh0SGtUd1NJNXFNcVNPNmkyT09DTy1BdGNXZFE2YkZodEJrd0t5VnU4cXpwWWk5NHBqaHJ6U3RDX3dOLXU4dFZJMjlDZFMxMnRZTEVRYy1rUnBQazY0TWlGTGQ?oc=5,Google News RSS (10-Daily)
10 July 2026,detikcom,Media Massa / Pers,Tier 1 (Nasional),Top! Siswa SMA Labschool Unesa Borong 3 Juara World Robotic di Singapura,Prestasi & Penghargaan,Positif,https://news.google.com/rss/articles/CBMivwFBVV95cUxQRGFUWDVvZGhuTkdtNnFXUUpQZWFJN3hGdGNuNUE1Z0tIbnBIdE4tcUkzeU9XVGtxWlU3bTFaaTg5VUlKbFZzTmd1X1pwZlFoWENMbTlESWRCN3JLZ1RKd3I4SHMwSFdxOGl0X2RaazhhX3dOMDNid19fM1kwdkRDNWlQaXlTTGQ2Y2xKekxOM05MLVQ5UXVJd043bUtRT0lXWjdxY1Z0R2hCWmVSaGliQnJsVnNYM3JMMEw4Ri1kMNIBxAFBVV95cUxNVEZJMm9LTDhWTmIxV1JmVGNZclNMdE9XS1BQeTdZNGJoSFp0RzlFbXdwb3pjQ1B2elE0Sk05WFlXVDJRZkxZMHRXSDhxSkZQLXZET0h0NUhTU3d1WG1MaVEzdWxxMEJaQmFDWTk5QS1KZVVtc191d1NfRVViV19kZGY1ZjhMOFBCQVB1QnV2ZFlLeEI0dzRBLVFGd2ZmcWd6R2JVc01VTDlkdzMyZndOUmliblVYMFRnSU5yTGhuZ1dLWjI1?oc=5,Google News RSS (10-Daily)
01 July 2026,Superprof Indonesia,Media Massa / Pers,Tier 3 (Lokal/Independen),Ragil - Guru biola - 115000 Rp / jam,Akademik & Umum,Netral,https://news.google.com/rss/articles/CBMi5AFBVV95cUxOSFdsbTk4VV9BbmRrLU5HcmdpUkVJUW1oOU9IQzRSREFCRGhWbktSSmhoSDRQekNoQk1XZHVGcTBpeWFqSW5wRFFkaWktZ0dpcHA3Q2RDSElnbjg5WTVxdHZ1QUlCZ1VpbkV3eHc1TlFkYklOYkN5cERBT2NxOHB2UHU2WDl2ZXg1cGdLUlQ4VE9BMUFHcUNjRjNha1Q2aXZtRWNaa0QwMk1aaE9sQTg0R1NpRElpNE4yQXFHNHFtV25zd19LYno4YndyNkgtOS04ZDVWS0h5N0ZoVDY0QWpQTWV2bnU?oc=5,Google News RSS (10-Daily)
08 July 2026,Suara Surabaya,Media Massa / Pers,Tier 2 (Regional),Khofifah Dukung Unesa Jadi Tuan Rumah Vocational Epicentre 2026,Akademik & Umum,Positif,https://news.google.com/rss/articles/CBMirwFBVV95cUxQcVNSUl91S0ZYcXdBYW56eEVXTGxiRjR5UU9zd3kwTWt2S2tTWTgwclVUV3R4eGhGVkw4aEktdnQ4Z2hzbjFDNEw3VDc0c2NOVkl6dDNWVkRuOThBUUd0TGxDeGppVTZKb01kc0pZOHdjU2thRDZUVEJLYlpNM3NEVWIweFJuV1RfRVdSRHdmNHVrczNaZ09yNEkyOHBCemZrVWpSamhZTFc3NTdDb2Nj0gG0AUFVX3lxTFBLZkM1MW1EMHR5dVVpM3RQaU5TSXRzbzVHWURTYnFSdUs2cDc3cHpwcDliV3BXbXZNaGlLd0gzSEhRTjFWLTR2ZHRFd3VybVVxTWhrdjE3OXBPNEhPaGE4NkV0TlRtLXFtdUt6V3RtV1hoNnFmN3V6eWtjVGpIQzdxZkRGMGt2b0dxaFFHRF9DM2hpcG91dWdFRGpWQkxXUHFKMENOTVhOa25IY2xyZ1ZfNzNnbQ?oc=5,Google News RSS (10-Daily)
05 July 2026,Suara Surabaya,Media Massa / Pers,Tier 2 (Regional),"FH Unesa Jalin Kerja Sama dengan 3 Fakultas Hukum Eropa, Perkuat Riset Internasional",Riset & Inovasi,Positif,https://news.google.com/rss/articles/CBMiygFBVV95cUxNQ2ZYSnNiRUhiSEVDazJYUkExOGJaam1hZ3FZaXJmbUJmci1WemE3XzJGWkhST0FwSjB2NXg1SXpFYU1LNXRvR1ZXZlFfN1UtcU1IODdEdS1YWFhXU1ZkeWxuZ2dSaEpmN2R4VWctMFJnd3ltakYxYVBhb1ZoLXVtcWF5VVlFem5yd2dnTEhNN0ZHbC11U0JTTW9QaWx6cDVsVDByOVFiLXE2S1BQREFyanpxRENSN3o1djYtbHZtbmtLSEpGZXR4SmlB0gHPAUFVX3lxTFBMelpnR0FKZWFFOVRITjQ4alJMX1dSVjhqeXBoQlRJTF9kRHJnN3ZzQW9QaE56eUR2R2tIUGNtOVBoU005LTdFdVpDbzZUNjB0WEZKQURCZ0dFc3B6VnlHSU1ZcHd2a1cwQUE3WXg1VWl2OVNRM2pLd0FtbWZxTFJMWjhuQzVSTXBOZnA5V0xqZW16c1YzdWlQSV92LXYwbzR0eEp2WExCMGg5SFZWYTNLc3hLMU5JRi1fMTQ1ZzgyN3dSSWpzVkhRTUFrSVB6Zw?oc=5,Google News RSS (10-Daily)
07 July 2026,pedulikemanusiaan.page,Media Massa / Pers,Tier 3 (Lokal/Independen),UKM Peduli Kemanusiaan,Kemahasiswaan,Netral,https://news.google.com/rss/articles/CBMiU0FVX3lxTE5DQ0FYM3UwVVBYVUdRekpJYUFadnJHamFnM0JLY3ktS0ZJOG5nS3JsQXBKbjZ4WFlEMUtjRnR4RmNTaHpOcUwtcmJrdDJ3SGxLOG80?oc=5,Google News RSS (10-Daily)
05 September 2026,Rumah Zakat,Media Massa / Pers,Tier 3 (Lokal/Independen),Rumah Zakat,Akademik & Umum,Netral,https://news.google.com/rss/articles/CBMilAFBVV95cUxNcWU2Q1NRUG1Fc3pKOC1Qd2RkZWRIWlk3dkVPbHpMN0trT0tOUDctN3BaMmlWUGNHOXJ2T01Na1NPTEtrSnVpb3QwVWgwbkZLUFk0Z2N1a2xrWkFTYy1EUnVGNWFMM0ROSWVEV1B4QUpfbmNzd015U3NERmk3eEpncmVfZWdjdjhHU3dVcWQwZU9FaFg0?oc=5,Google News RSS (10-Daily)
10 July 2026,Badan Pengembangan Akademik Untag Surabaya,Portal Kampus / Akademik,Tier Kampus Mitra,Badan Pengembangan Akademik Untag Surabaya,Akademik & Umum,Netral,https://news.google.com/rss/articles/CBMisAFBVV95cUxQVVl1dEZWMlNGOVlKNFB2Z1dGcnBkZ3hSR2I2NmJZTXFHVEt0dXJhX3JWQllVbllpdlNVbThOenJHVGktZmxxNGs4ZFA1U0NCZmo2UEl2SWFHZktkQlNBb29PanZwc3c4T05FNzBHWWd5UnR3Vm9VY1hJbExBVkJ2SG04ZGF6SnJrZkRLMl9Fa1AxbUZFTm5YdFhOOXFwQ2hjT3c5X2pHaHV1dUZOSThNaw?oc=5,Google News RSS (10-Daily)
02 July 2026,joecy.org,Media Massa / Pers,Tier 3 (Lokal/Independen),View of Upaya Guru Pendidikan Pancasila dalam Meningkatkan Kesadaran Hukum Berkendara Tanpa Earphone pada Siswa SMAN 2 Lamongan,Akademik & Umum,Netral,https://news.google.com/rss/articles/CBMiaEFVX3lxTFBuZ2JXWldDcmotSkplOWt2VGhxYWNqM3A0cWtzaC1mWVQ4UjdLSEM0SG9zLWxXRnJZRHlDdEdaS0pvUk1lUlcyTHZOYzJBYi1EX0hnNHB1ZTBLaENtSl96TTJ3aS1Xcjkz?oc=5,Google News RSS (10-Daily)
03 July 2026,Kompas.com,Media Massa / Pers,Tier 1 (Nasional),"Kasus dr Icha, Bisakah Pelaku Intimidasi Dipidana jika Korban Bunuh Diri? Ini Kata Ahli Hukum Unesa",Akademik & Umum,Netral,https://news.google.com/rss/articles/CBMi1AFBVV95cUxOVThPZGx1THpIOTJSQ3NkUTFVQXRpWUczbDViTjJnb0NmRk9zRGIxVzlCVTdPNVgwc2dkaDk1eEY2bjdwWlliNHllOUNZekM5eE9WN04yQUExU0d1S29LQmNuWVFidEdnaWhTMkI1Z1lIeGY4Y0VWeWVxZWVxVlFxWUhieHZBWV8tU3dIYWNfVHc0OXZITWtPVjV1MWZLUEJHNms0aUpoWGxZMU5FZ1J1dVlQRVFJUnZCcmRyeVpWLW9TVTkxZFdXbTM3bVRXRWUzUGs4Sg?oc=5,Google News RSS (10-Daily)
01 July 2026,rasikafm.com,Media Massa / Pers,Tier 3 (Lokal/Independen),"Razita Azzalea, Raih Medali di Grand Final Nasional OMNAS 15 di Kampus UNESA",Prestasi & Penghargaan,Positif,https://news.google.com/rss/articles/CBMingFBVV95cUxONDluMG1PTHozVFBYSUpSS2xWbFdpUDZuNGNHSVhXTFdhZ0hoQmFzZTBiUTZnWG4zNUJxX0J5Q2tCSXhjOHEzVmVFMnhScF93UDlFZ3RQb1lvWmZRUzhuZWxEbDVpelhNbHZkeXNzVE1aNm1GOXV1ZEFMUmtwVjdXR0xpcWl1YnNvYkc2c25MZEFuVXhYa3YzbHU1SUt5Zw?oc=5,Google News RSS (10-Daily)
08 July 2026,Radar Bangsa,Media Massa / Pers,Tier 2 (Regional),"Khofifah Dukung UNESA Gelar Vocational Epicentre 2026, Bidik SDM Vokasi Berdaya Saing Global",Akademik & Umum,Positif,https://news.google.com/rss/articles/CBMiugFBVV95cUxONmRzMGdxT3RmUjV5Z2hueEhLeUs5cjVXVXpfUHRjTzdxVHRIZzl5NmJQejRtcUpyRkJSS1dWZFJyaW4xdFRmSkRmakVHa2lyUkZsOEVHQmQtZWI4d1ZFUjNDMTg4YW9NNzBndWFIaThZUTVoNlhfeF9XZWVYZlZSSVpIMFQ5aVozaklMLVd6amF5aGtkdHd4OUFJTnVTa0dBUkZSUDhROWhsaHNXTENGU0l4M1ZhbHUyM3c?oc=5,Google News RSS (10-Daily)
09 July 2026,BINUS Business Law,Media Massa / Pers,Tier 3 (Lokal/Independen),Business Law – – Page 51,Akademik & Umum,Netral,https://news.google.com/rss/articles/CBMidEFVX3lxTE1fSmRFcTRXQkpfWkZXOGgxRTZqTF9OZ1lacG1MdUkxdThPQVZITW00NTllcDBBRU9QNWhDSUU3RmdRbXF6MTFVZWJDcl8yY254UXNXTTEySnN1V1ZtRm5WRnVxeXJkd1pLSG9fMmpXSXdBbDRk?oc=5,Google News RSS (10-Daily)
10 July 2026,Desa Keboireng,Media Massa / Pers,Tier 3 (Lokal/Independen),TELAH DIBUKA PENDAFTARAN CALON ANGGOTA BPD DS KEBOIRENG,Akademik & Admisi,Netral,https://news.google.com/rss/articles/CBMimgFBVV95cUxNZmhNSzI2RXBHaWFRSkpvS01GekR2cVgyY1ZkZy1oQkF5dUJGb2k5bFNSZTVnSFdIY2phMnpRQ1ZUd0N5d0JFLUpEZlMzaW9KVTlpOWFaenpyWkpiZ2tfdFJoZTJJcDFYNmtVLXZnWlljS0xibV9vTjBoRTd1UkowNGM0SkdlX2Y2YVVTdm9EU05VOHNGRmh4Zm13?oc=5,Google News RSS (10-Daily)
04 July 2026,Bimbel PLC,Media Massa / Pers,Tier 3 (Lokal/Independen),"Bimbel BIMBEL TMUBK UNESA, Syarat dan Informasi Pendafataran Bimbel Persiapan BIMBEL TMUBK UNESA 2027",Akademik & Umum,Netral,https://news.google.com/rss/articles/CBMihwFBVV95cUxOU1BVRjlqdnNSVWo4b19pUWZfSnJSNWY0UE45OFRfWXIxLTBOR0NxQ0E2XzlwQ2RUZl8xck04RzZZV2pzalVDR0JhQ3REX05lZHN0d2NzRTh3ZXhYR3ZWOGRKcHdUV2JkcHpyTkJ5QWdjNXd2d3VMM0g5eWdRWVV6bUgxRGpoLWc?oc=5,Google News RSS (10-Daily)
07 July 2026,Suara Surabaya,Media Massa / Pers,Tier 2 (Regional),KONI Jatim Dorong Sport Intelligence untuk Tingkatkan Prestasi Atlet,Prestasi & Penghargaan,Positif,https://news.google.com/rss/articles/CBMiswFBVV95cUxPcklDQ2FOQW13My12bWt6UnlOYTRNNVBJUGtYTVVWU2JSNEdtYUMwT3QzcnJUWjZXTlI2ajVJMHVMaTl2bktXVUpTR1poRFpkS0pDa1RMbVZ3ZVl1ZC1JMEtuckpUaHdvMllLUGV4WV9XbGItVnZ1WGRfdDgyb0Zqc3dpckFfU01pa1UzNTA1ajA4cmdid2ZYZlE0aW9QSGhBc2tuc0w5dXg3ZTk0MXc3ZFgxRdIBuAFBVV95cUxOMnI3RVVncHRCZFNud1NNYTVxSEJ1cktWLTlMZHpZd1dDVFJ3bC1rY015NzZFckJZTVVUMzhZU2ZRV0h4ZGZLLWRXTGNjZTdsb2g3UVA1TEZseTFQeXRyRnFKUUhwU2VwaDZQc2VYRWVaYlJOTUMyY2Q4TkUwaVphcGdxQnNlUmk0ZnQ5VzQxS1FyczY3cFpKZ2t3WU1tX1IxN0tjc2tWak5pWWdidjJLT0R6cGtZSkEy?oc=5,Google News RSS (10-Daily)
02 July 2026,joecy.org,Media Massa / Pers,Tier 3 (Lokal/Independen),DETERMINAN PERTUMBUHAN EKONOMI DALAM PERSPEKTIF SDGs GOAL 8: ANALISIS DATA PANEL KABUPATEN/KOTA DI JAWA TIMUR TAHUN 2020–2024 | Journal of Innovative and Creativity (Joecy),Akademik & Umum,Netral,https://news.google.com/rss/articles/CBMiYkFVX3lxTFA0M0VxQ3E5a3lrM3dfamZQelowdmtaTlVHeHpPS253WGEyVUgyeldSX01zbmF6RGxQVi05MGZfMXdtVjljUWVWS1F2NHM0dEVnUUFUdnFDVEdGcERGcG96OGdR?oc=5,Google News RSS (10-Daily)
04 July 2026,TIMES Indonesia,Media Massa / Pers,Tier 3 (Lokal/Independen),Dosen Muda FH Unesa Buka Jalan Beasiswa Erasmus+ ke Eropa,Akademik & Umum,Netral,https://news.google.com/rss/articles/CBMipAFBVV95cUxPaF84Ym9GaUI5eHdqRU41Si1QVXI0OUNUc185RldybVhqTm1jYmwzTkNDbWVPaDFoU0RVSVVSU1dYRW9zS1Vka2JFWGpCNGFmcDNEWkR4Q1h6RXNpOTVwX3l2NXdqRlViVmtLM0NFRG1teV9LUXBDRnNxWGJtSVVGOUpOb0ItbWZOdXNoYkdzX1ozWGZqb3hsNHpkWHdHa3JfR2RMbg?oc=5,Google News RSS (10-Daily)
04 July 2026,SMA Walisongo Gempol,Media Massa / Pers,Tier 3 (Lokal/Independen),Murid SMA Walisongo Gempol Lolos Jalur Mandiri PTN,Akademik & Admisi,Positif,https://news.google.com/rss/articles/CBMipAFBVV95cUxNU1p0Y05WcGVOS29TVjhrbExxZXp3MnpvamdHMTdHOFI2M1pkU1pKR1hFVGVEczVXWXJmYjZZc3kxelpWSDdoMGltSzlGZ3dla29DYzRPc2VkM0lEMjMtcWdFamhjcnI4cmRBQWtRRTk3OXJnNTdzMzFlLWFQalhLbGo2VEZVdlpxcjNQdG9EckNwWXJtdmpKZXRYMTFxRnRUaHpDNg?oc=5,Google News RSS (10-Daily)
05 July 2026,Harian Bhirawa,Media Massa / Pers,Tier 3 (Lokal/Independen),Unesa dan BRIN Kolaborasi Perkuat Riset Sport Science,Riset & Inovasi,Positif,https://news.google.com/rss/articles/CBMiigFBVV95cUxQOG02eUEzNWJDdnZTS1BEZF92bmxUVFJzNDRXVExKZHhkM3FqWmlhN0gwMWdDSmRkaUpCUVhZTHc0YVNlcG45MU1sMmdjVkhKaFFaWTZKaENNWHBWVC1lN0pna0plZ1NKOENDRm45N2VZU2hvQkZTNURUNWJzaVAzNlB6TURNWjNHT0E?oc=5,Google News RSS (10-Daily)
01 July 2026,detikcom,Media Massa / Pers,Tier 1 (Nasional),"Fatimatuz Lulus S2 Unesa dengan IPK 4, Ciptakan Inovasi Pembelajaran IPA Berbasis AR",Riset & Inovasi,Positif,https://news.google.com/rss/articles/CBMiywFBVV95cUxOZDM5SFk0ZXVSRzh5allhclJKVVM5YVk3SXpTWWlSVlhfdm5lSTI0NkNLczZpaDdPbjhfRDhDeXNiaU4wSXNUZ2NaVTVZUnZhTEFSNm45cUZ2TnJISWVCTDltUG4yRUZUakdsUVU5UkpCblQ0WWlvQXV1eG8tWWxHU0xIUFYxTlhjdW5aX2ZOVC01RHktX3lvWFRsVTFJSnQ4VXVtNVlMNWNSNnNkeGpaMjItMDdsSUIwMkxTTUJKTkVvQ2Q5NmYxeEd5Z9IB0AFBVV95cUxPMUMzOVpXQTVtOF9kZlRlYjV3NjFaTm9SdWtENVhEdm1OajY1WmhWdGZMMV83UjZaNDdrVC11MDRwbnB6TndmQ1piRmIwZlg2VDZab1ZpejlzMlBQQTRqa1NOZ3RuUE9RMWs3bDFzbnFmSW53aTlDR1U5Wnp2eWdOWEF0cklDU1VHN281VnNzMmxlRm05TGE4REFZbzVxN01vWVRpS2lBalQzT3hlWGZnMW1SVWticUZQM25peTRPa3BmSnp6VGRhTFlWbmloazE5?oc=5,Google News RSS (10-Daily)
17 February 2026,Departemen Teknik Nuklir dan Teknik Fisika UGM,Media Massa / Pers,Tier 3 (Lokal/Independen),SDG 7: Energi Bersih dan Terjangkau – Laman 3,Akademik & Umum,Netral,https://news.google.com/rss/articles/CBMiekFVX3lxTFBmTi1BdE96OG4wQi1zcmtxTGhiZktnOVRLSm5TT1BiVDVOMGtfbDJjVFBtb19ZWk1yRXNaQW9mWFlvbjV2RnpTVUVrbmVMcWRMaDFQS2tNUlMtMzN1R1JrakZ3WjQxYnlGQlg0WkxBQ0lfYlh0WVRfem5n?oc=5,Google News RSS (10-Daily)
08 July 2026,kejati-jatim.go.id,Media Massa / Pers,Tier 2 (Regional),"Kawal Stabilitas Jatim, Kajati Dr. Abdul Qohar Gelar Courtesy Call ke Kodam V/Brawijaya",Akademik & Umum,Netral,https://news.google.com/rss/articles/CBMiswFBVV95cUxNc1N6RWtNMnhISTQxTnUwMzl4dXloM3FxcnR6ZlhUQk1UX2JSRXNYR1EteWNBWmVlUGNTQURtbTg2TXFrUHNva2VFR2ZrTndqbWwwaDNRaDdsdkllWVU2MXE0Zy0tQ2hXMy1DT19IY0NqUzY3V3BNc19qWkJrYUxKMHFXckxWU3NQUGJvZVBnTTY1SDNrZWE2ckhYN1dBU1otcXZnNTNzcjRuY2VfRHFtOFY3WQ?oc=5,Google News RSS (10-Daily)
02 July 2026,Trip.com Indonesia,Media Massa / Pers,Tier 3 (Lokal/Independen),"Suroboyo Bus: Panduan Rute, Tarif & Cara Naik",Akademik & Umum,Netral,https://news.google.com/rss/articles/CBMiY0FVX3lxTE9FbWx2U3ZOSV9wbkp1M3oybUgtU3FSTi1aYWp5OXZ4NFFtMVBsdkUxMXZoSHJ0VVlyTVVPRWxpNUlnZjRnWkphTGw5a1A0T3NwSXB6YmFiS2x1YlNFYk01STVROA?oc=5,Google News RSS (10-Daily)
03 July 2026,Suara Merdeka Surabaya,Media Massa / Pers,Tier 1 (Nasional),"Pajak Progresif JHT Bikin Gaduh, Ini Kata Dosen UK Petra - Suara Merdeka Surabaya",Pikiran Pakar,Netral,https://news.google.com/rss/articles/CBMiswFBVV95cUxQN0x5d3ZnTUxySnU5eUkwam55U0taSzRnbG92b0NSc1F6a2hqSnUyQnhKVi1DOG1tNDB4RENONHpMQjFWOGpBanMtZ1ZwTG1IOUlWeTRqY2ZwMGNnX2ZYSl93Y1NFUFcyZFpzNFl2bEs0YmZfdGR2NEFFbklKUno2ZVRLc3lXQmxma1BiQ0x1UHN3OVJ2NjNxdEstWHE2TFJjNWk5ZzNwT3VjdE96R0MxZnVuVdIBuAFBVV95cUxNc0d2WXg4bXk2Z3RiMjNBeVcwZzBtZmRQVmJNcUIwa1Y3dUNYZGZqeW9xZmhWVlAzZXg1ZjhLeHN5ejRUUW03Z3plOFpPNW5MaHJ2NV9MRXpGbWpVZ1dKX1FNTkQ1WEtvZE15Ri1qeVhKaElMMldiTllNX0U0cFV0Ulh6cmsxVi1RU2djdi1ZRUQyMUsyeGIwd3ZBeWM4MVdEbW1XdlFKcUQ0TjFBYThsc1VMdFlEZGpB?oc=5,Google News RSS (10-Daily)
07 July 2026,Sudutpandang.id,Media Massa / Pers,Tier 3 (Lokal/Independen),KONI Luncurkan Buku Sports Intelligence,Riset & Inovasi,Positif,https://news.google.com/rss/articles/CBMickFVX3lxTE8yektXc3RnTTE3XzJLOGsyaTg0TklUcnBNSkRJYl85S1paQWdkWG5rSGZub1ZQMUlsVkduYWIyYUhES29IUlRBbmRTNW5aZ2dMdU80RDc4em1kOXcxNzNrU3BMYTU3Z2tkdWF5OXZMSm1DUQ?oc=5,Google News RSS (10-Daily)
08 July 2026,HARIAN DISWAY,Media Massa / Pers,Tier 3 (Lokal/Independen),Mahasiswa PAP Unesa Belajar Etika Bisnis dan Table Manner di Hotel Movenpick - harian.disway.id,Kemahasiswaan,Netral,https://news.google.com/rss/articles/CBMiswFBVV95cUxPSDlWR2cwRHNyTWczSGtSUEhsRmZSSmYtaGIyOU1jdHdwdEI4UGE1aExreXdyVFVfNU1Dc0RqM0lDQmItQ0ZuSVZOanR4LTNxSndSUXlEYmV6YWtuOTVJa05FSFFLX19xcDhBN0ppNHhGeDJiNEZ4RUVSTkFteHlYV1lFazZoRGtaT1pnNER4WGVKbDV2X3Z3QTd0bXllSXpUTTVrNjktZGZ6dEtLbUMyYklxONIBsgFBVV95cUxPYm84YzVfMU5uV1NVbFV0N0V1S2hITjU4ZnhIMjJKbzYtdTI0RGlaMWV0SW9vbGdVV3FFZVdfbVlJU3hyeUpNeE00eE5xTDVZZmJaN1g2V0hha0lxQW9kakc4YmhaeGZHVUltdmlfMWI4ZGRYM243TU5wbGF2NWtCeE84UlBoZno4RHV0RzhhemNrRnZGRVo1N25mdE13c1g4TFFkMFNRb3otMzNuVGVlNkVR?oc=5,Google News RSS (10-Daily)
03 July 2026,HARIAN DISWAY,Media Massa / Pers,Tier 3 (Lokal/Independen),"FH Unesa Gandeng Tiga Kampus Top Eropa, Perkuat Reputasi Global - harian.disway.id",Kerjasama & Internasional,Positif,https://news.google.com/rss/articles/CBMioAFBVV95cUxONXpaWVFmMUdVMjJ6NEtkTWNzb3IxR1JJcFVZdTNSTm5kOWo3Z1pSc2F6a0N2NDRyRXh6RENFQzVDU243Q0NIZUFSS0FpZEwtSGtFRE82WUxZRmV2Y3EwOUlDOFJWSHA5N3hBcDhfQkFIX2ZvX1A4NC1sWklsODU2cXBTRk5jWGxfVVNxYzctZVlLVHA4QlhyblppRFZTTGN40gGfAUFVX3lxTFBXUVFwN0ZpT0xYdmFlNDJzVGFHR3B2VWpzT0VlckZCQXc2YWZVdU5UTHlyRjN1NkhHeDVXUHRlN0Y1enNQMzMySDNjYThubksyMmcyQXpzSXBHeGlmY0JhaE5OblF5OWhnQng4TTZZTUhrczJnekhEajEwRkJfbW13V3BmUVdUb3N3d3BrNGE3M2hPWnR0QmI3Mks0Q3dFOA?oc=5,Google News RSS (10-Daily)
02 July 2026,malang.ketik.com,Media Massa / Pers,Tier 3 (Lokal/Independen),Keren! Rektor Unesa Sapa Mahasiswanya Rider Moto2 Mario Aji yang Latihan Balap di Spanyol,Akademik & Umum,Netral,https://news.google.com/rss/articles/CBMivAFBVV95cUxQZWdfQU9qdW51SVdIR2pLRFZxd0laaEZtalJETE40c2wydzQwdFEwbEFZcEhndEY1ZEFaT2hadEN3RzVtbTZPNUo4SVU3MV95TlhqOG1XZjJpcThwb1hHUmZHR0VULTRqWU1Kc0tGS0VHYVZjYWtsX3Y3YnFTX2pnVDRGb1Vyay1ManBUMURCWUlpcFQza09HcVF1cG5QZ1RBZk94VzV3ZGw0UGxCS21pQm1HMXVJTG1sQnR5RQ?oc=5,Google News RSS (10-Daily)
07 July 2026,Suara Merdeka Surabaya,Media Massa / Pers,Tier 1 (Nasional),KONI Sebut Sport Intelligence Bagian Penting Bangun Prestasi Olahraga - Suara Merdeka Surabaya,Prestasi & Penghargaan,Positif,https://news.google.com/rss/articles/CBMiwwFBVV95cUxQS2RzZVpQVG43MUk5N2h1N0xjemozQWZiV3JTX0F6SXR5amt5aGYzV3laNy1Dd3RhRmNGR2tYVlNPeUlSbDJCYUY0TWw5MGlSRjhMVjNhbVpDWHVwQVpFZE5SdU1xR2NjNGN1ZWVBcXBjRVE4QlREWkQxUVNlVzVjczJjRnV4RVV6RlBuVzluOEtIcFRpSlVrNmxSdWJlLUxQeVdmNnJDUWE3aGM2SkhhT1J6a1d4N2txbVExa3dVZnFVeTTSAcgBQVVfeXFMTzBMcUF5MVY2djJWcmVwRGhEcnRwRXIyYmNXWUR6TVUzS2N3bzZCbzBmYnk3WVlmSnB4VnltV29GQ3o5S3hxQjB5Vmt6LXlIcTZOSXRoSFhEZXZYVGI2UmhSS2RxVHB5VFZscUhnaHpyeVVRQkRZRXJhZjRFOU16cmQtMGpjNFlvUWlsZjRraGRudUY4OG5ldy15X1NpWkd1MTBpYXgyR1JpQnh2VnI1SUJHZV9hZExiVk1FSDREalF0cVpkeDdQbmo?oc=5,Google News RSS (10-Daily)
07 July 2026,Suara Surabaya,Media Massa / Pers,Tier 2 (Regional),KONI Pusat Sebut Sport Intelligence Bantu Atlet Membaca Kekuatan Lawan,Akademik & Umum,Netral,https://news.google.com/rss/articles/CBMitgFBVV95cUxQNmtaR3NON296X0lUM2NPdVoxWUlpRnZLQUVNdGE2TnJzSzZFR2NKaXc4cGVCdXllMjQ0cmRVblc4Q1R2Qi14RFJSeXJFRUpjU0pUNTdER25FeEk2Mkd0TGhISjZ1cWFNV1Zfd0dQODBnZ1hqSEhqWkhVaTVScUN4WmhvVnpwb1VZZDV6VEk1UFVMUEI4SUllU01KWTgtcnRtV3RpQXJhTUtyeHdyRXM1dmtOMTlYd9IBuwFBVV95cUxPMjBiR1kxT3BYandYd0FOdDFXUHlUMk1IckJXRTJWSUlnSFJTNDdQLUdvX0diY2ZscFdVcGFIRmZsWVhlalFYRXUtNW0yRTdkbXEwMWdzX3BYOWNLRTZwRS1kTFJsNzRCQUlhUXVPcVV2MklIY0MycFVGMEc3RDVMSFR1Qkx5S29BV3pydk51VnZIUmUyclZaaDJOYk43SmEyNEotOE5kZ214VUtWeDNWTGZPZ3N5a2VzZkh3?oc=5,Google News RSS (10-Daily)
07 July 2026,Sudutpandang.id,Media Massa / Pers,Tier 3 (Lokal/Independen),KONI Buka Turnamen Internasional Petanque Bola Baja Cup,Kerjasama & Internasional,Positif,https://news.google.com/rss/articles/CBMihwFBVV95cUxPWlZXRXBlOHpsU3Fub1BOYnhjM3pla0ZzZk54SFFuaTJxRUZlVmZhRk5SX2RDQlc5MTFuN1FMYjZ1ZUhPYlJOM1Z6blRaaEFkekFES0R1XzE0T3I3LU94Zjlrd0lZeXRzeXM4TE5sSENnSmtIc1ByNVI0LU9oYnpIZlU1TXVPMFE?oc=5,Google News RSS (10-Daily)
01 July 2026,Kompas.com,Media Massa / Pers,Tier 1 (Nasional),MK Nyatakan NO Uji Materi 5 Mahasiswa Untag Surabaya yang Bolos Sidang,Kemahasiswaan,Netral,https://news.google.com/rss/articles/CBMiwAFBVV95cUxNcVJtdGVKREhOR2ZCeWIzRWhKUWpna2lSMUh3NWRUUWVidk45WVJDaGxrRm1sVWZtOXh5d2pJWjgzdUpHUjdnUjVDbWdRc1JNOFk3azc3LS1LU3pJYUR1ZGxtYlY1R2ZkRmcxY05xOFRoMFlJdUswZ3dfdkJqLWp4MThkMlB5MmJodTJhTFdKcXQtdjdRX0dkZl9rTE9ZX0lKS0RTTGZnOWFYTzZPY1lRcjhXX3hqc2hqSHR1S1NGLW8?oc=5,Google News RSS (10-Daily)
03 July 2026,"Kementerian Pendidikan Tinggi, Sains, dan Teknologi",Media Massa / Pers,Tier 3 (Lokal/Independen),Galeri Media,Akademik & Umum,Netral,https://news.google.com/rss/articles/CBMiakFVX3lxTE81U1FGZXlfWkZ0TWVwOWJBNldRWDlOeHBXN1ZpSWJkdkZSbkloUXZsaGJ0ZmhGblBVUUx1VURNS3dHMkJ5d2FrMHI5d25GeEZfTENiQ3dCN2VVZWxVUTI2dW90d1p0N1FFRGc?oc=5,Google News RSS (10-Daily)
07 July 2026,Suara Merdeka Surabaya,Media Massa / Pers,Tier 1 (Nasional),Unesa dan KONI Bangun Ekosistem Olahraga Berbasis Data lewat Sports Intelligence - Suara Merdeka Surabaya,Akademik & Umum,Netral,https://news.google.com/rss/articles/CBMi0gFBVV95cUxOUXBCMklweEpoZkxEdHpab2c1MVNZMVd3SGNhc09KQnYtRFB1a1JzVUNuSGFaOUFXMGdlVTFyaGFrQzJWZ1VrNUw4aXJPVjIwR2JRNFA4U005OVZBTFprM29tOGx6TWhYTXl1Y2kwYmY5dWRrSGNWemlOeUMtSjNNZFMzMl9tV0g1Vnd1R2ZpV1lFLUZZOUxhenFCTEVSVnVwSG4yMnoxZFRfR1UtWGtNTXdsNnhuQ0lWekVhZUdjMnphdXZTb2txSWFCRHB0WmcyN2fSAdcBQVVfeXFMTXprM1UzNGdfT3RDM1h6SUI0WDRwWnBxZXFpcTRTaFhXWjNUaVdqRjhYSUlDMlNvLXBzMkJzOW94WkxoNndKcE53bldGV0JydUJ0TGpsNUc1MUROUEhobjlnUjUxYVVxOHFfMGE1YVJmU0NiN0lvc185NG5ucmZ6N204SnZuWVl6czRjOW5hbnZxaGpmTGQxczg1djFpdWRud21DRkJMaUJkMXBLUEstVFNnUHNFVk9PVjZiNno0aW9UR053N1Z0c1pXUlFMemhiS05FbFBiamc?oc=5,Google News RSS (10-Daily)
07 July 2026,Suara Merdeka Surabaya,Media Massa / Pers,Tier 1 (Nasional),Unusa Terima 10 Mahasiswa PPDS Paru dan Obstetri-Ginekologi Angkatan Pertama - Suara Merdeka Surabaya,Kemahasiswaan,Netral,https://news.google.com/rss/articles/CBMizwFBVV95cUxPUWc0bTFsUXFiWGdETkRaR3VFLWp1UjM2aGpzeW5OWjBLREhVSXl5UU5ZUi1LR285TWszeWtfek9jNzROZHdlbG5CaWVsSVZCWDVkWlBEVVFfNWtWX2pKM3FQaHJ3cVN3Z0hXN2xnRENfV2NoM052SFlnVkVBWjd5TFUtQjFlRU5KdlU1WlIyTFdScVZGSUYxREZJMXFfbFNETEl3UGJZMGpvRTd4akVGbm9ydFVRelEwYW5xMGZxemNZeGVzc1lNb3hEeWlmR2fSAdQBQVVfeXFMTVFJZTVjRjBLLUpsVGxBZXFKMG40SWp3RzVwT2Z5ODNEZ0J3WnY2SDVIbENOc05SSG1ILXlCTmFnZmRLSEJHYmRnc0tUbk1aalA0djJsdjNleHg5VDZXQXVaUFRiLU51SmUycnE2LVZuVXJPamtKSFVoa21ITGRWbGZBT2tpdk9CN0UwcTVSWkUtVXgzWEdZVk8zbTFUZVA0S1JBYnM4dF9JTHJid2xyZVY1YTZ1QUZfX2xoZWVaazVCVGswbkhKMVZYdl9iNlpic19ZeTQ?oc=5,Google News RSS (10-Daily)
07 July 2026,institut nalanda,Portal Kampus / Akademik,Tier Kampus Mitra,Perbandingan Efektivitas Media Kartu Kata dan Media Konvensional dalam Meningkatkan Kosakata Peserta Didik Sekolah Dasar,Akademik & Umum,Netral,https://news.google.com/rss/articles/CBMickFVX3lxTFBNc21zUlRub0dGLXJhNWNYZnNYdWxKMkJacHFtQTlEWWZvM1ZCWFl1RjEtRm1rZlVtMUZRbTNOWWtvVHZkNUxOYS1aSVBZOC0wbnZ1bFBIVFRJVUR0R2J2MVdfaVFwVGVjRGxXN3dFV0xOUQ?oc=5,Google News RSS (10-Daily)
02 July 2026,HARIAN DISWAY,Media Massa / Pers,Tier 3 (Lokal/Independen),Antoro Gurat Kisahkan Perjalanan Spiritual Mendekat kepada Tuhan di Pameran Seni Tasawuf - harian.disway.id,Akademik & Umum,Netral,https://news.google.com/rss/articles/CBMiwwFBVV95cUxPUk5SWXNNV0E0cXBiaV9QekFPMmMtMFJuYzNjVmhubW1NN1h5MUd4Sk5vZUdTZ1pnNmtGYjdzTzExeUZaTDFHR1B0TmFjUHhKTTFKWmt4MGhuRHRJX2tvbTIyWlFSdTIxVkJjRUVjMWNGbVlieERYN09kNFhSZmFsMDBBX3RxdWl6SnhCTkJLVzFQS3lzNDNlQm9ZdkRmbEtVMlJFSmR2cWJyWl9yVDhVbjdUYnN5VWpVZWgzanltOHBHZG_SAcIBQVVfeXFMT2MxS3Q4Z3ZRYnVNOGdpRnZ3bnVvMXhjRzFCdDVncGwtejVHN0dWTjRWVlc1ejc3b2RJWHI2SVd4cjFyekpGSFhXUTB0X1N3UThZenAyZXNBZE9aa3NJVWYzbkVzOW5ITEdBZHVISi01NEVuai1ZZVl6TWhWSWdNQ1VlRVJha2w3cFp4aTlaLUxDU3lOOEVPWGJmNnhpS2VKalhkemVNOEFfSHJNcF9YNDI3WUpXWG5jZVppYWt2ZlpIOWc?oc=5,Google News RSS (10-Daily)
08 July 2026,HARIAN DISWAY,Media Massa / Pers,Tier 3 (Lokal/Independen),Gubernur Khofifah Dukung UNESA Gelar Vocational Epicentre 2026 - harian.disway.id,Akademik & Umum,Positif,https://news.google.com/rss/articles/CBMioAFBVV95cUxOS1h3OFZrdlZTV0xiQkdYSnA1LXBENmNhUjlEajB6d1hlRTZYNURrZWx6WW4wN1hYVTN5bXZ6bG5wWnFrWUR0blF0UHJEWEFpODR0WnV3S1hQbmk4VEpha1pkeHY3a0tTdmJMVmEtdHRGUkxuanJ5QXJFZUE3Z0k4dGRSVm1tdGRPZWFDSTlKR0duQzRKcmdYakgzZlNnaHpp0gGfAUFVX3lxTE9ZNnEyWThXTXp1anNxOXlDSHRqOXQ5QzY5ZWJ4R3JmUlF0YncxbGlrSU1jZGp5dHAxWWREdi1rSVJ2VGE3RzZFa1NkWjJLdVJxVXotSkNjc1dEdThKYkN3ZXBwZnotTzR2bkJJX2NTQ2c2MkpsNEs3RkVQYUxmQWJkX2Q4YVNBM3R4Z1YwdlAwM0dBR1o2Ykd0enRnSFU3VQ?oc=5,Google News RSS (10-Daily)
09 July 2026,Tirto.id,Media Massa / Pers,Tier 3 (Lokal/Independen),Link Pengumuman Unesa 2026 TMUBK 1 dan Info Daftar Ulang,Akademik & Umum,Netral,https://news.google.com/rss/articles/CBMihAFBVV95cUxNOEtvTks4dEFtcTNWXzhJWld1XzI2VlN4bHAzR0FzU05BeXJSaExqU0lPMUhUQUNnQ0t6OG5sU2NweThCWDB2ajNwbXVPUlJnQUxHdzlDd3hrVm1YLU1jaWdMX216aVNycWtLTC1Pb3dsQlJZTktfVDQyeF9PejhMeEFmVC0?oc=5,Google News RSS (10-Daily)
07 July 2026,Suara Surabaya,Media Massa / Pers,Tier 2 (Regional),KONI Jatim Dorong Atlet Petanque Perbanyak Kompetisi Jelang PON 2028 dan SEA Games,Akademik & Umum,Netral,https://news.google.com/rss/articles/CBMixgFBVV95cUxQMkVzZmpFQkxMRnEyQm5WazJtX3JDQnlfN3FXVTFrRnVhUmVMUHZXTDQzdHdHb2RfUFJVemxmSWZaS1lXZGNxN1pLNVFtaVRQaWJqWVlVT3k5MVhEczJhaGRCS09kdEMybEhyeWZ6WXNRcTAycVBCQXFTcENHdzExRW5RRGtpOE1CVk9LZmt5eWtPOHIxTXBrSVJVMXpQSzNYUDVablFydGl1bHh3RG5CSGZxYno0N3Z5cS10dzh5MHJKOTVPYXfSAcsBQVVfeXFMT1ZSa0lfYW81dlk4NWxGZzhxYVRtUTMybE9FNHd5RE04M3NTOWozeEd1TUQyb0JkbTNQQkxmQkZRbXptNk5VWEpoMVdwUWwtdkJOelRBdWdrSjJ6eGJkQzlWZFVoZGZpOUJNWXNhdHV0aHZCLUdUemV4RUVwN3kwMC1FNDJHMUt2T0N5UV9IRm4tT0Q0ZUFxSXgyVGVGQnFBemVFY2p4eHFUV3lYcElZbjFNN3hGc0xTSlZhdnV4ZWdjLVk4NVlxTndKcTg?oc=5,Google News RSS (10-Daily)
03 July 2026,HARIAN DISWAY,Media Massa / Pers,Tier 3 (Lokal/Independen),Menyaksikan Ragam Tarian Nusantara dalam Improve Vol. 1: Koreografi Modern Angkat Nilai Tradisional - harian.disway.id,Akademik & Umum,Netral,https://news.google.com/rss/articles/CBMizwFBVV95cUxOMTNWWmR3anBEakJQZWhtSXQzUzJfOWRDdW1UMFNsN2lOMEVGRHVHVEJFMEE1cXlMaTc0azAySGpfcTQ1Ul9IX1o2V0VzNzZldkhpelg0YkxRSkh6RUV5TmJjeFFneWxyQVBtQkFaN24zaDVjNDl6S0U1RU5YWXdEdDhNN2Q3QnEwUlEwUzcweV9EV3dnRDEzTl9aVHE3NUszR1IzMHZiRVN3OF9SaG5GcWVtZkxEVm9haFVUbzlMQ2h1aE5wdnVYSUQyMWRmYnfSAc4BQVVfeXFMTUhndXdfU1dBZXdqdzFTMDd6VFdJYXJkbGQ4RXBYVEk3NWpYVTZSd3FvcjZlWHZRNW9sbzY1QUEtc21HN0QwdU1UQUZoRmtObnVDZTNqQkc2cWlTanpWTnktLWtFVFhGZXFPYWhYNU51RElWbXJ3bTlsZUt1SjVZdVJYbnNJSHJ3TGJpSWprNE9jLVd1SGc1YUo0cmZKR1FvM0NuMWQzLXRtbDBlUEdkd0g1OHdVSDZpeEg4c0Q3NWpUSXRhUGN3ZXI0UXRPY2c?oc=5,Google News RSS (10-Daily)
07 July 2026,Radar Surabaya,Media Massa / Pers,Tier 2 (Regional),"353 Calon Mahasiswa Kedokteran Unesa Jalani Seleksi Ketat, Diperiksa Metal Detector untuk Cegah Kecurangan",Kemahasiswaan,Netral,https://news.google.com/rss/articles/CBMi7AFBVV95cUxNOUxCcHkwUHB0Zm9aVHNHMmJzOHVhTHdnaTRnNnEzTmlyZWUzaTQ4dDdwUFI4amZieHZxZ1hVTjR4S2tORUVLVFNxT2ZjZERIR0R0c3NKOGxxbjRCTlZxVzUwTGtrVjJ2ckZGMHBzQ3B4dVREdUlwcXBXS0hRRVR4UV9XbUVjVENYdE43N3JKbEgtSGx2YkxiZ0phbDZsR1NFaEtXenNpUGxURUNiVVpDc1pyei02eU1QRWtKWHNETUNMbFdqa29FNkthREN1OFZZMTBNMUV5MmVubmstdWVvcGdPbzRTaDQ1NjM4VNIB8gFBVV95cUxOWFBSakdoMm9PSDR6enZFZUNDd0wzc2pERlpVVi13YUhUbDlWV0MwakNaZHlfOVc1SHdMd1lyNmphMmpTbDY2VkRIcGRHLTN2OGZOZ201ODJHcHQzOEQ1amtuUHJYZU42YjFOOWt5eHV1Z1dld2doVzN2UE5DeUF3NHU0ck1CTGtxLXJFVTR3blFfZkFId2RQQW5ITjBPRDhHMnF0QW40UHJydTdwdDZiN1VSSXVpc19mWTdxcThNQ2tXZzhFUmhWaXE0MlJZVTlReWJQVWFubGlkUWJwaDJhYWVUaWFLNFRxVDlBM2wxMi1ZZw?oc=5,Google News RSS (10-Daily)
02 July 2026,unnes.ac.id,Portal Kampus / Akademik,Tier Kampus Mitra,"Juli 2, 2026 – Fakultas Ilmu Pendidikan dan Psikologi",Akademik & Umum,Netral,https://news.google.com/rss/articles/CBMiUEFVX3lxTE5TQ3FMTHRVeUlCaEh4dlR0YWRIUlFQX0FHY2EtSG0yaE9VdWlLVnc3djFWUGtVbjdDZ1NBVHZpc1NhM2QxWWdlVzM3Ni1yTnYz?oc=5,Google News RSS (10-Daily)
07 July 2026,Suara Surabaya,Media Massa / Pers,Tier 2 (Regional),Sport Intelligence Jadi Strategi Baru Tingkatkan Prestasi Atlet Indonesia,Prestasi & Penghargaan,Positif,https://news.google.com/rss/articles/CBMiugFBVV95cUxOTW9VWTlkMi1FS29kbG9qcTVJdG4zM0tGVGRNQldxdXBJLVlSaDBubTR6ZEpoaVUzclNLNkpNLU0tZjRGWkE3TnNZWEFRcnlhZDk0SmdIUFRWQW15d3p0bXFUYVNrZ3JNSlo1X2hvbUFRYkFJa3l1VzAxeXdkVkw3Ni1pQzVlcGZraDhxc1VQSno0d2djVUk5bWQ2TGdmZDY3R1NzVTZlRXk3UU5QUDNjcHhRREFoTEstbVHSAb8BQVVfeXFMT3BTRERGNkkxSTRLWDg5eHVYblBJTHp1T25nUjluMndfcFdwXzhxVWJ2dFI3WG5WdlZqY0hhbkMtSjNGR3o2azZsU095OUJMTEJNTG9ZNGhyU0dqcTN4NXBMRW80N01XU2dXN2RFbk53N2t5M3gxZEVrLXZSc3lFRlA0S2x4V1JCU2VudXhyQUVLZ3ZUTGhMUGlxNkdyTXV0d0c4S29QajdCS2FfNXZZQmtWU05nR0VEV1dGSl8zazQ?oc=5,Google News RSS (10-Daily)
10 July 2026,dimadura.id,Media Massa / Pers,Tier 3 (Lokal/Independen),Prodi PPKn UNESA Latih Guru PPKn Bangkalan dengan Pembelajaran Inovasi Teknologi,Riset & Inovasi,Positif,https://news.google.com/rss/articles/CBMitwFBVV95cUxNOG5GRmRGQXFyX3ZhZk9QX1pzSmVnbW1PdDNnSnFhc3lLb0laRVdINWhiVE1aLWlSWFEwZk9jYl9TWVhLSnFXUGJ6Z2ZIaUFZV2tZMldsNHd6NHpSZHEzazh5REVOVnNPTzRNYXE0NTJWclZfdHdPSW1YU3JWT0NmQ1d5UWF5dXFHTkhzUUROaVFNWklUR1luZnc2SWhPWDlqR2dYQ0RwTUxjVjN5Mkx4SS1La2NkWlE?oc=5,Google News RSS (10-Daily)
02 July 2026,Threads,Media Massa / Pers,Tier 3 (Lokal/Independen),Kang Khalim (@kangkhalim) on Threads,Akademik & Umum,Netral,https://news.google.com/rss/articles/CBMizgFBVV95cUxQWHNCN3JWQlpob2lCQ3lWdlZHV1Ywem1Jbl83THB0eWNGMW0yaHMzbmprWGoxU2s4RGRPcVlDQmVZQlhYNEhwR1dIMVhZOG9MdmYwcUEtRmtNaEhpaGdfWjhEOXIzRkVwM3BfYnRyby1iOFJoc2NvMFU5RzhWY2UtOUgxdnpNSmhWWGZSM2xCZ2czSFF0Q1pYamlIRnYyQ213NHVhN2s5TkI0N1E3SnZrSHI3eEtqSkZhaG5abU10RXVDZm5YVzdObG5mRG9WQQ?oc=5,Google News RSS (10-Daily)
08 July 2026,Suara Merdeka Surabaya,Media Massa / Pers,Tier 1 (Nasional),Tim Robotika IRIS ITS Rebut Juara 3 RoboCup 2026 di Korea Selatan - Suara Merdeka Surabaya,Prestasi & Penghargaan,Positif,https://news.google.com/rss/articles/CBMiwAFBVV95cUxOaEhZbnRVNzhxUTBwS3JEWDB2aGtaTXc0OWRlei1kWDV0TS1EWEhqTlF0NjBYTDlyUlB1eHVFOWdyZmJ1TjczcF96ZGdaUUhpSWNSMmdQak5BUGZpSXFkM1NzOHF3dUFYc2hVbDdEZ2xUdlAwS2VERkZUSnVxdEsxeDdGdnp4QVoyc2pKYWpPWFdvbnRZSGt5SFV5RU9WRkowMTRQS2czUG9mNFFGYzRsYjNDQmYzMnpERlVIUVhtWVbSAcYBQVVfeXFMUFFkUmJxcVdoS19XM0F1dFBqTU15eG1UcG51Y3hITGpQaVpjWjlkYUp0S2ZKc2hFLVN0SWZTX1NOQ09KX0lIeWdGanlWLXJQZlFMblZiQVFzT0xTV0R5UTdKVFRPVG1kN0U3YkFTbHJLV0p2RkQtTVNncEpEQXQ4UUFaV3djYm80ZGtMZHluUUtnNXUzMlkzYmE5X0xEM2c5Q2s3LTdfZVhqdGxEX0lpQ1ZQSXBtcEttSFA2QjR5ZU5WamIwRXNR?oc=5,Google News RSS (10-Daily)
09 July 2026,Radar Surabaya,Media Massa / Pers,Tier 2 (Regional),"Resmi! Pengurus Baru Forum Rektor Indonesia Dikukuhkan, Siap Perkuat Riset Nasional",Riset & Inovasi,Positif,https://news.google.com/rss/articles/CBMi0AFBVV95cUxPZGZudjhZNTlKN2w3Tnl1a0I1R0RnMUxKYkJzajdLOHJsWnJpMGFMdTRycU5ObXZFUHNlNzNoMlA5SHNWUDhQZ0YxTGttVGZ4SnVocWd0YVFSQkgzUWFJT3lmVWV6UnhrUjJmY1pJaDNXeVBtS1dBZUlyN1pBa3NhOXlObEFMZHJkbUl6a28xTFRoTUg0UkhJTlJCZzE1bnlpSFlHX19EWkRVR2ZwRVUtSG1EbHNFYjJjMG5DdEVndnFLWm9oNWI3S3lIY1owcC010gHWAUFVX3lxTE52RTBYVm13cVE0S3NmZFRZNjktbXhOWFdNU3BEVTZubnB5bGxxVTQxeG9kNkxyLWVrR1JwMjUydExlS0diYkFRNTBiN1Y4MjZXRGxxY2lqN2ZmRkh3UUZwRHBEc0RjNXBYdXB5elBNTHlpMVFXWjJwbzJvVGowZng0dzdWd2t1dEE1TWN2MHVXelBXZnJNeXI0d3FfbHh5T2Jmdm8wd2s5MTg1NTVCRzM3YnNKdVpLc1dmZjdPd1JjSTFoU3lHOTg1bUVVXzVQUk1vV0pJeHc?oc=5,Google News RSS (10-Daily)
10 July 2026,Kempalan.com,Media Massa / Pers,Tier 3 (Lokal/Independen),UNESA TUTUP TURNAMEN PÉTANQUE INTERNASIONAL DENGAN PERPADUAN BUDAYA PRANCIS-NUSANTARA,Kerjasama & Internasional,Positif,https://news.google.com/rss/articles/CBMiugFBVV95cUxQU3hiWnl4cDB6SDVGMjVfbnhhaDg0c2VZSC1sa3U2NkZ1VnNmUWhPSWw3ZUdQcENtSWdfdHV3a3ZiYUZySWNLZWJTQk44UW9SUUhuSVY2RkgxZXBRRHhhVV9NQ0lWcUo4ejNZcTVUTUtORm11MXprVVpmX2tmbmJoNi1qTTNaRXNmbDBRbUtzbjl2dmJfVFBtblBOSExHQ3p6ejZrRWNfWXhhc0psZTlZZjF1REZxdDRTcmc?oc=5,Google News RSS (10-Daily)
07 July 2026,Radar Surabaya,Media Massa / Pers,Tier 2 (Regional),"Ketua KONI Pusat Buka International Invitational Petanque Tournament Bola Baja Cup di UNESA, Petanque Jatim Kian Berkembang",Akademik & Umum,Netral,https://news.google.com/rss/articles/CBMihwJBVV95cUxQSXNPRGxoN004WXBPUFU0SzBkZi1yR2hJT2VaTk5DVTJpamNFaUU2UkhuSlM1THF6MWtTMWJ4cWVDY1BxYU9leUljSUhES2xkSmNMVGlROE05RlZCaE5ScmpTVjBNNkhNeDc2RW9BMXQwMXJ5eXpVcTFmOFZYMjBtUU1NUXAzZXd0OEt1WWdtMzRRM3EtTnNOS2xhanVpallMbXY5dVRQZ3c1V2RUTHlYcUJCcklNMlVjVUVCSEdBR3VMUDg1VVVoMDhjN01ZUGd5cld0dWt0TmstelotdV9QQmc5QU9qLUZKOTIyTkFVTDF5M0lPMm9OSTBnY3U1b1g2QkRKZFVhQdIBjAJBVV95cUxPTjlPQnhka0dDaDR6RjlhY1dwWTdDYTZuT0NKZXVJOV81ckd2SV9VdlR1Y0FFSExkblJmQkcyS0FMX1VwTmpEelpzMXF4WHRXM21xeHNfWUk4XzVTUWhLazY5WTZJN3hTU0sydVhTUVROT0tUZFRuUWQwSFFwaGZTZ04wMXZQQWRTTnpCX3pXSUxkR3E5SzJIR0VGbWtBU3pfd3JQWjdJM1E0a3A4clhMOEFYUWIxX1dmUFE4SFhDalIxYnZBQUszcFRFYWhRVEdBcWVkMnE2RHAxOFRiT3BHQmdLbWw3MXBKTWhmZ2hDQjlwY1FZV1FoenExdHV4ckFaUU5aM0MxS01jUnRn?oc=5,Google News RSS (10-Daily)
09 July 2026,bola.com,Media Massa / Pers,Tier 3 (Lokal/Independen),"KONI Pusat Luncurkan Sports Intellegence, Jawab Tantangan Zaman dalam Pengelolaan Olahraga",Akademik & Umum,Netral,https://news.google.com/rss/articles/CBMiyAFBVV95cUxNTnBaZHBjMU5qME5rRDY5U0dfTDdLa0QybGNqTzV5SEtIblROVXJ4YWJZMFpTUS1LQU5zeUdEb0F2UEVNYmw0NENrejZLbFRKVFBCQmVoYzhmeXpMeS1GVm5rb2Z6S29LSjN5N3FkY0pBWnRWSVZBY2F5b09RWFJQcGNqNkF5LVZoNjgwUmtqRWNDelE3RjluaHVVMUVDM2JRSmduMGxmQjV2eG96UEV1Zy1nMDdsM1ZPbmE2YWJ6SlB0LTB4VVlnatIBvwFBVV95cUxOZk9aaDdsY3hqZngwYzgtOVcyS3lWUUgyZDVGay1TaE9nLVNVTnlGczc1aXA4VEdKS0UtTG5BZFNZRzBlcGZUWnE5Nko2XzZfWWZzbWhtaTFmVUxnSk96SnhkbXFacEJNdlA1R3hTRTZEaEo2NE9JQllPV2tvMVRpdHgxaVNCLUlGNFlJQ0pQLTZMeVhuY1JIYm9iZ1ZMdjVmcWVVcGEtZGRSbTNpU1U4bUVYd3ZFaVlZMEUwR2NYZw?oc=5,Google News RSS (10-Daily)
02 July 2026,Kempalan.com,Media Massa / Pers,Tier 3 (Lokal/Independen),"UNESA Petanque Tournament, Arena Lahirnya Juara Masa Depan Indonesia",Prestasi & Penghargaan,Positif,https://news.google.com/rss/articles/CBMiogFBVV95cUxPaEt2a3VhOFdObEU2RlI0cURqaHJSQnlSNVhmTzBzWjJMYmhXbG5vZm52NjNPNDRsN0F5dmN0SmFHRnE5R1M5WHJBZGFnNVdSOE9XRjduNnFmV0FSc21lQ2wtbE1IU1BmUUEyZ2pqZXpjakpHQ0tleS1KUTVSOEtmeExEN0JvRHJRUEZWblRnVzR4YnpiQ01ST19sb2FKQS1tM2c?oc=5,Google News RSS (10-Daily)
01 July 2026,Kempalan.com,Media Massa / Pers,Tier 3 (Lokal/Independen),"UNESA Petanque Tournament 2026: Spektakuler di Lahan Internasional, Sumenep Berburu Generasi Emas",Kerjasama & Internasional,Positif,https://news.google.com/rss/articles/CBMixwFBVV95cUxQMW42WWVKYU1WZWNUQ1g3V2sxcXotNy00djNkVFB6X1FPUHNEV1NqX3NnUGFCRkxjX1NnamJtMWl4clhiUEVrLUlqRjl3cnhGa19zUW1KeHJBNEI4bXVxajFId0UyZjlTc1hBYUZWeGxMRmJ4a2N2RHVnTk4zRUg5cXpZcXFIZ3M3ZGswQ2hSYm1qdzNGSDdSWDNnUzc2VXZBU01xRGRyY19TSlg5bkhhRXZvUTVNYm1uQ2FSSWViZWpfRWNEUlM0?oc=5,Google News RSS (10-Daily)
09 July 2026,IDN Times,Media Massa / Pers,Tier 3 (Lokal/Independen),KONI Luncurkan Sekaligus Bedah Buku Sports Intelligence di UNESA,Riset & Inovasi,Positif,https://news.google.com/rss/articles/CBMiuAFBVV95cUxONzhqVnlIbEpwdHdOSUpuRzZKTDk2VWRhTmJON05xdUpablBJejhnaldmTG9EbEkzQ29sS1ZYcG1tQm1qWWZLM0dnbGFieldyUFlLS2tzXzQ3dnJadnNtZHRtQnVNOF9iV2NOdFhwMi0wZDF3NmhwZk05QXhwOWRLWWd1NHF0MXpGMlZta0lCejYwX2pWX2lRclJXeXJsQkJFMVJUSTlIYm5iVTNueXp6MW5CbHdqVzU50gG-AUFVX3lxTFA4TTJ6Z200ZXJ1aTRrWHhDQ1ZsUkFlRzh1V0VLR2RBeDhvQ19Va0tkeG02Vm1mbkg5MjBaRDZmWHpnXzhyVDJXdEtQVDFvRXNzZE5yV2s0ZjhmY01QLVFGc2NncF9KaG1OOVF3a0Zpd0JHdjNPVXZkQ1hOdGZVSlZZdkdZdXRiRDZEcVV0WEUxR19oejF4N0hFVGI1bDdXYmkwU1Zma0JING94ZFNyMm5HWmtJVC12U0cyOUZ3LWc?oc=5,Google News RSS (10-Daily)
06 July 2026,Kempalan.com,Media Massa / Pers,Tier 3 (Lokal/Independen),"UNESA Bola Baja Cup Bastille Day 2026, Magnet Baru Petanque Indonesia dari Kampus Sang Juara",Prestasi & Penghargaan,Positif,https://news.google.com/rss/articles/CBMiwgFBVV95cUxQOHRuc1o0NVV0TzJJMmUtRUVaSDBVZW5PVHNqS3hFNlBiZ2tOU01sWjdqVm9ia2p1cDNTdzU4SzVJbzFkMFZwdTlDbkR5UWJwYnM1VXd4OUh4T2hIVXRpVW4ybHZSVXJwWnpfVS1fcFdscGhDYXRrX1poM1VCc0dLUzg3VEV3S0YxeFdCUGswQzJDNlJITmZCRTlVX3BpUDdkdUxmQXZYV01mLUZYQVVhclBrRG1lV3hOSlJ1Rk5wSURUZw?oc=5,Google News RSS (10-Daily)
07 July 2026,Radar Surabaya,Media Massa / Pers,Tier 2 (Regional),"BRIN dan Unesa Kembangkan Sport Science, Hasil Riset Dipastikan Bermanfaat Nyata Bagi Atlet",Riset & Inovasi,Positif,https://news.google.com/rss/articles/CBMi3AFBVV95cUxQMUVfSHB1UHljWk5Ha3RwX1d2bVpISlRLWGZKTUtkRGtZUWMyN01PVUt0VHNxYVgxdWVnaWg4TXRnc3dRdGxOcHhCejgyWGtnZVpvNHlKbnJMa0RxZUN4emVEbE9ndU1LNXA1aDB4VWRNVDJIYWwzVWVMNzRHX3pDamNzYVZQQVppSjd4VFF2MjJqbHd2NkkxZlM2Q1ZHa2ZyRkZvQUplT2RySVpaMV9UYUZmLU9sS0pFdWM4UUZpc0dVeXl1LVBfOE9RQm5tbU9ZdXBJc1AwZ0RyVWxu0gHiAUFVX3lxTE9aMVhyWXdlb25xU244WW9mSEU3eTRveHpGTkg1b0RYUnczU3lSanJvTXB2VGNrdTFmNXV4VmtybzRXYVgtTXVNTml4M2hsek9kQ1h2YXhnVlR5NFEzUnhCSWdib214Y0RVWmo2WGd3bmpWQUVubDJnWlBHZzhEeWltZzFoUGdaYi1zOFZoMmlERnRMbjBZZ2E2LWo2cFNkU0JyX0xERFlIVDZGZmpmLU5UazFhVjUwYjJPeUtPNC05Wjd3c0gwT1NrVllidGtJakZtb3BFZEQ4Y2pIcUdxTExxNnc?oc=5,Google News RSS (10-Daily)
08 July 2026,Kempalan.com,Media Massa / Pers,Tier 3 (Lokal/Independen),Petanque Satukan Indonesia–Prancis di Bastille Day 2026,Akademik & Umum,Netral,https://news.google.com/rss/articles/CBMikgFBVV95cUxPVjNPTjR4QnFwWE8zVGFfSkF6N1lKNkRIcV9DWmRMMVBGWEZGVmVTbDVTTXRPMjQzaFEwMXRnRTdTam1NR1dOQWRBbHlrQmtMc1lDa2h0VnFLX1BBSTBQbVA4TjZHdmJnWndQN3M0LW1JTVhpN3dTY0p0dE4wYXFWemxoRE9yZGhNX3NrdWx0SkE5QQ?oc=5,Google News RSS (10-Daily)
10 July 2026,IDN Times,Media Massa / Pers,Tier 3 (Lokal/Independen),PKM UNESA di Jepang: Cara Unik Kenalkan Bahasa Indonesia ke Dunia,Akademik & Umum,Netral,https://news.google.com/rss/articles/CBMixgFBVV95cUxPTkN6RnQ3Vm03WnJyTzF4THROZF94S0RvWDQ2ZUtqUDY1QXlMbDV6dldDOENvMW9uN21kYlM1TWxJNGRZaldoOEJ6a0JiNVZZT2xaYlRGdkFrWlpzcHFpZWk4SDFTRjFXemdwY1NMeGpOeERvMHZsX0hGR01Za1lrM3VGZFlOUDN4YWZ0M0VKSmNaWkhMbGV5MlAwdVk5S3cxZHdoMlZvNlBDUUZjcWRXeDdzV0hjdHJfdGUxM3o1THhxQkMta3fSAcsBQVVfeXFMTnIyTl9jTEQ2U3UzRDlNQXB5bm5UeE92RjlPNDdJdXFKZm1NSFAyRFg3ZndaNS1MamFvamNEaWlRTzJZWHdyZ1ZGSEJpYWVTaHA0c2VxQ0dGYmxaMDZ1UnhGT3d4VnRIYy1PRVprY2lkdGtRV3pYSzlfRU5La1VwVDhqbXVoNC16bG9YS3hndG5GZEdzZmxJaG9ZXzNzZ2llc1diZ2VPUWtySHl6dko2SVZmSXdlSlpzeEJnSGtTT0w4dkY4NlM4OTRYUlE?oc=5,Google News RSS (10-Daily)
01 July 2026,dealls.com,Media Massa / Pers,Tier 3 (Lokal/Independen),"15+ PTN Mandiri yang Masih Buka Juli 2026, Cek Jadwalnya!",Akademik & Umum,Netral,https://news.google.com/rss/articles/CBMiYEFVX3lxTE5KMzJwSnFSRERtSVBTeEtZU0lqSndFUlpiWGRuV1hsR1JsemQybUJvNVBZU1JrWHZhUHRITVlsWmp5WlJuWmhfcFpyYU5oSzh0RzJENFJkY2xhQXo2N0FKYw?oc=5,Google News RSS (10-Daily)
03 July 2026,medcom.id,Media Massa / Pers,Tier 3 (Lokal/Independen),Melesat! Unesa Tembus Peringkat 401-600 Dunia di THE Impact Ratings 2026,Akademik & Umum,Netral,https://news.google.com/rss/articles/CBMiyAFBVV95cUxQRnRTeWh0X3ZtdjNCVDRhVDV6d1FadlpNUVA5R0ZmN21JRGgzeE1XNnhvbkE1dmFNSUhYTUN1aU1meVdDckp0VTYtQnkzd0g1aFUyZnlJMklWT1NTYm12ajM5X2dhQ291M01tWDMxcTZEcE8wUFRfaFMxSkhqUmhCX0cwVDEzRmpuZ01CeVdybF80X0ZMYkZHekVRVGpvd0kxQzNlWnBZRk1RM3RLZVRxWTkyRFNTWjVTRzczc2QzRjhDa3c4dEFMMg?oc=5,Google News RSS (10-Daily)
07 July 2026,Harian Bhirawa,Media Massa / Pers,Tier 3 (Lokal/Independen),Ketua KONI Pusat Buka International Invitational Petanque Unesa,Akademik & Umum,Netral,https://news.google.com/rss/articles/CBMilwFBVV95cUxPQThFT1l1Vzd5S0hKY0hIZi1qdzloRlFCVmJXR1k5eUZvSDFoYlY4WVM1dC1GWGNXVURsSktzVDVMcWpURlVMeFl2cTVUWnhMeDIxOFlvMU9sdGY5bVFqM1YtWHFnaHA2eTZWVmNORzNZVVZvWEdVNnpVbVVPNjB4QmlQWldRdVliWWYyaTJYcmpiVERwOUhF?oc=5,Google News RSS (10-Daily)
01 July 2026,Bangkapos.com,Media Massa / Pers,Tier 3 (Lokal/Independen),"Jadwal dan Biaya Jalur Mandiri UNJ, Undip, hingga Unesa yang Masih Buka di Bulan Juli 2026",Akademik & Umum,Netral,https://news.google.com/rss/articles/CBMiywFBVV95cUxQc3R6QXBXNVN1QnJyRDdSVE1wYW5ZT2M4QmtaTTdlcENHWjBpWTdoTEZuVzZsZGktUFYxeVBzckxnVDQtMVprSHB5ZmhiUzJOLUdzblBPSndrQ1Fod1o5NXpvaVNleTNFbWlkUXRDeUYxWjFTQTg4NmlCTDJmY2x2amRPa0trSzRFM2ZXR3ZqeWNYU3lGR2FicnV3TjRxT2YwcFVTY1pYQlBfMjBISEMzLU1YeEx4ZFcwdEdhQ1BvVDk5ZFJEWWFXWGJ3Yw?oc=5,Google News RSS (10-Daily)
08 July 2026,Radar Surabaya,Media Massa / Pers,Tier 2 (Regional),"Tak Cukup Latihan, KONI Jatim Sebut Sport Intelligence Penentu Lahirnya Atlet Juara",Prestasi & Penghargaan,Positif,https://news.google.com/rss/articles/CBMi0gFBVV95cUxOekZQeXVLMDNIUGxvOFdDRmE5em9CdzhheEZ6allRajByMXVYbjU4d2VPcFBRcGxmeDE1WTBvcWl5eGkyRjNKUEk2MktWbEZzVmppN0JlOHRNR0lGTGJiNEUxUmExZDVQRkR6aGN3Z3BjUG5nYW1UaktTSy1LUmpyU0labU53LUpEWjhIZFNqYlZ1NkFDcXppdEwwM1dxZnFlQnh0MkVEWk0xa3BHWHN0bENmNXZDWUVCNVBfLWtGTmg1TU5aRnBzUE0yUkxlbXNPVkHSAdcBQVVfeXFMT0tkU24wY09hZzhYT0pOZmV5VmNSN0kwMTJFd3p6dVVTMXlNalV4dmVrTEZaeFhWR3AyVzBxY0hRYllhaEhValNISDJORnk4Zl9WYkZQSnNIdE9BRmlHTGRjaEcwMWFlZnA0X3JjZ0RuLVNhdGp0VFR5TUJSUHlyMmZHOXFNd0hOaDNXTDBIRFpqMGpoSk9FVU1tSkRET1FXaDVOQ1RUcFMyOTBwcnNjUno4WkZ6VnFQWnFqcXBCOTNVZU1jRU9yTjhXUkpnOHl0N1JwRnlHVmc?oc=5,Google News RSS (10-Daily)
01 July 2026,Kempalan.com,Media Massa / Pers,Tier 3 (Lokal/Independen),"EKSKLUSIF! :Kepala Badan PPG Unesa yang Juga Ketua Forum PPG Nasional Beberkan “Blue Print” Sukses PPG Guru Tertentu, Model Pendampingan Prima Diadopsi 58 LPTK Nasional",Pengabdian Masyarakat,Positif,https://news.google.com/rss/articles/CBMi3AFBVV95cUxPZzFfQTJ0c2MzX0pCX3IzdTN6dTdYN19ULWdsRkFBVFJ1N1l6YTluVjRWRGotNVc1WU5DdEZMN0FyMmc4bWl4aWNSRkZhdkZKYS1LSXFpdmNnZ0JzcFJlR051RTNiaEIxMXNodE1FV2tUX2xtZW1JZXl4cjlEZkt2YlNMQzhVZzZsMWZpV052bGNFUkdGYkhLWWVxQzdCVzlIOHVVT1Z4T1FtMjhkckRsRzEzQmIyYXlnVjdER1ZpbzNYdWVocHZZSmpsX25lYWRXNU5mY3N0UEFaYm11?oc=5,Google News RSS (10-Daily)
01 July 2026,Kempalan.com,Media Massa / Pers,Tier 3 (Lokal/Independen),"GURU-GURU NUSANTARA MENYAPA DUNIA: Labschool Unesa Terbangkan 13 Pendidik Elit ke Uzbekistan, Membuka Jalan Beasiswa dan Kolaborasi Lintas Benua",Akademik & Umum,Netral,https://news.google.com/rss/articles/CBMihgJBVV95cUxNTTluQkd5MzR2SXF3bkRvQWtkVERwbE5UMGxEQjRPZmJFWGhtVjRvelUyTEt2UG1uWXFEVzBDcldzN0ZESWw4TEM0Q0lFc0xvRHQyQWlZdWt4TEJQcmdzcGhHVUE5bXJwRDF6Rm9aS2JkTWlRODJMdzFrN2JZbWVEdEFWTXg3bF94ZTJYbm0td2NBZF8yaW9pZUp3Ull0aFE0R1FpRy13dFhBbVdFU3U2UDE4YkQ2Ty05aklZTGRGeXM5bnpsUUhrZklWRDJsclN5RmJkRVhFZnoxRy0wVXAxVlBBQjlSMU5mQ0V3NXBFU0ZEbjExMzhHaE9ITWFqU19PbUlPZGZB?oc=5,Google News RSS (10-Daily)
05 July 2026,Zona Logo,Media Massa / Pers,Tier 3 (Lokal/Independen),7+ Logo Universitas Negeri Surabaya (UNESA) PNG & SVG Vector Kualitas HD,Akademik & Umum,Netral,https://news.google.com/rss/articles/CBMiekFVX3lxTFBYbDVlN1hXcFBodFhybjFQa0RUNHRmQUhVN2Z6V19OQjZPQmRMRlR3ZjcydzhXbUlNTktIX3ZjSmZveHlNUE1ONWQxdzBoUHhmelVETTRUM0RXbnFxSDBGdGFaaFhKNmttb1lpd0V6b2JXbzRLVVVfQmtB?oc=5,Google News RSS (10-Daily)
20 July 2026,Kompas.com,Media Massa / Pers,Tier 1 (Nasional),"Unesa Nonaktifkan 6 Mahasiswa Vokasi Pelaku Pelecehan Seksual Verbal, Korban Capai 26 Orang",Isu Hukum & PPKS,Negatif,https://news.google.com/rss/articles/CBMixwFBVV95cUxQOEFDYlBtdkhZYTh2MmU2N0tNako2RElLeFp2R080NmVUdlc4WnlzZmZNeTNBcEpSS1c3V1FJSUxNbklSOERBTmRpNlBEMUJ4eklxLThMTFYxMmlkNUw5bUJaRk5fdW9mQjFFc0F4ei1GTXc2bktUZDFxMHBhNnU1MC1DTG1vNkR3djFNb0ZDTTlmcGVNRWNuT3FiOHo5amNRdjg2NzdZNHRsaExfVFc1TnVna295OHh1RXhpNjM2dVQweHZpVm93?oc=5,Google News RSS (10-Daily)
19 July 2026,CNN Indonesia,Media Massa / Pers,Tier 3 (Lokal/Independen),6 Mahasiswa Unesa Dinonaktifkan Buntut Grup WA Pelecehan Dosen,Isu Hukum & PPKS,Negatif,https://news.google.com/rss/articles/CBMixAFBVV95cUxOajdSQXVxRFM2cDU5aHJiRWpDeUQ2VFp2b1ZuYXU4eGNlQ0dIMlZoLWhlbExYVVU5eEZjeFBDWUdRUEp0V1o2MURseGdwRGNQUnJNaS11ZnJodDhkVWFETlUyclpacVZGWlF1cU9qVU9mV1dEZC1aT0YzQnhfQlQyUzdzNmRzeXFyODRUNWJJdUFsbGJaanVjMzNTclphUF9nWHQ3WHZCM1V1ZnpNeU4xWFRpZzdLSTYyazhSWUdBV3pPeXdz0gHKAUFVX3lxTE9pNk8tWXdkczhmWEJxVnRHX3NvbWs1R0JUU2lTUnFtOWhMVWUxd0xweU9KRXJ4dTF4UDZzY0FiaEJRYkgwZE9DUVdOeHpTN3UzMk9VSTFWaHJxTm0yMUd6SU9MWHAzTjZ6WThON0JwRW02SGZnaXIyMkdmaTZoUmVtQzAtcW5QMGViMFVKN29sRmYxejVfU29RTGQ3SWpIeTVHTmRHTGIwcG1aTGFac2ZmdEF5QXlmWTUyenpVY1pEQzAtc2dWREdRQ2c?oc=5,Google News RSS (10-Daily)
10 September 2026,sequoiaenergia.es,Media Massa / Pers,Tier 3 (Lokal/Independen),Jurusan di universitas surabaya🏆 Tidak hanya memiliki lembaga pendidikan adalah universitas,Akademik & Umum,Netral,https://news.google.com/rss/articles/CBMiZ0FVX3lxTE9RcnlzSDFRNHBFSEpXX1kzdEFPT0xqdXVaM29HZEJuQ2N5NXJ6eWpiRU9UX1NrNDhQd2RKMmpBTlR2dUF0V2xOOHdsV3ZxUUtRUmNMeE80TWt2TFV6Smp1djVRdzdyUjg?oc=5,Google News RSS (10-Daily)
27 July 2026,Suara Surabaya,Media Massa / Pers,Tier 2 (Regional),Wamendiktisaintek Dorong Mahasiswa Unesa Jawab Persoalan Masyarakat Lewat Mobilitas Akademik,Kemahasiswaan,Netral,https://news.google.com/rss/articles/CBMi1gFBVV95cUxQc3FzUTYwWUtzSFNoMllPWmw1eWhQRy1HVnlsbmRMRE5kVkV1T29Qcm1QMkpDN2ZEcFU3aUNaOWVtdDl4N3JtRk9TNE5FaU5DcTZJOW1WRUV5amNYbGVOYzVocVlmWHdGT3R3LWJyeTBBRUJrTzdZMXZsZ0JWdVhaLXlJX1NEaEJMU3lMQ1BlQ3dVZldENldFNl9VcHlaa0pxMGxZLTMyTVdOdTdmWkNrS0xxMEt3djlSMTY2cGxJdXJOQXRmeEhnR1NMUFFHMjYwT0hhUld30gHbAUFVX3lxTE4xYW95TEFWblItWFB2S0VOQmhqVHdEZDV3Q2FmV3VKTUxnRk5CSDRvQ1ZqNURJQlpCdUx2X3pWNlZnRzBGLURFbnVUQzQzWnA1dFdFRHd3eHVaQXpGeGEtVnpCelNRT1ZDWHlJcEFnOThRYWdTeXlFM2JDZzN1WkZpZ3ByTEMycFk3OExISUp4QXBrVWphOUxiSV8zb3ZOSnZLalkzOVQtWUdpclE1UUQ2SExLbUxxd2pxMkF5QmhLLURmbUU1c1ZBWGZYRERpU25rXzc4TGh6RlJGUQ?oc=5,Google News RSS (10-Daily)
20 July 2026,sman1kedungdung.sch.id,Media Massa / Pers,Tier 3 (Lokal/Independen),SMAN 1 Kedungdung Juara KBMS Unesa Futsal Competition VI 2026,Prestasi & Penghargaan,Positif,https://news.google.com/rss/articles/CBMioAFBVV95cUxOeGJnT2ZFY3NLNWxXc2ZXaVAzSjZSeGtxdjd5Vmtac284ZkRGZUdTbHEtWVllQk5KZExwWW1GUC0wcFNzcFdXdk9vWlV1TWpEYkFZeGVLU0RSNVVzOWRHcFhvXzdiM2ZjMzN4REtmWFZ2cU9DOTZrWlpqSmdwZlhmTlNFNktaSkM2SXN2SnQ3YThGckg4MkthNGtwUlY3RldP?oc=5,Google News RSS (10-Daily)
16 July 2026,SMA IPIEMS SURABAYA,Media Massa / Pers,Tier 2 (Regional),SMA IPIEMS Surabaya Berkolaborasi dengan UNESA Tingkatkan Literasi Bahasa Jerman Siswa,Akademik & Umum,Netral,https://news.google.com/rss/articles/CBMi2AFBVV95cUxNd2FfeXVUbncySXl5MVhMbDhVREdWeE15VlNwcUZEYmh6UGZQV0c2Z2d3X1FVUURBWmVvX1JYTzNzclNjTFFYX2dIZUptMnI5Tml2UXI3QV9pV2lHMWtJTWFwbUhjUHVISDZsRHFDdmFGc1lldVVKb01FemIzdzVNUjlhOVFXdG5aYndsSm5xUzZkSmRGQ05sNVI0NDU0TW5oa1RNTmRQd1REblZGM3lWN3ktZTNQNWFzclRvN25hVmlqVkFOeXRLaldVS1BNRXh6bnNUZGRIbTk?oc=5,Google News RSS (10-Daily)
20 July 2026,"Kementerian Pendidikan Tinggi, Sains, dan Teknologi",Media Massa / Pers,Tier 3 (Lokal/Independen),"Ketua Satgas Pencegahan dan Penanganan Kekerasan (PPK) Unesa, Iman Pasu Purba, berkoordinasi dengan PPA Polrestabes dan Polda Jatim, untuk penanganan kekerasan seksual verbal oleh 6 terduga pelaku.",Penanganan Krisis & PPKS,Positif,https://news.google.com/rss/articles/CBMi6gJBVV95cUxNQzVtU2tfREJkLVgzbzFwV3R2RFBZUWp2T25MUGxrU0NjcVhsMDRqbzFDQklFS2RMaDdiUWxXdGJCb3FQRzNESldzUTYtU1p4RGdxU1ZVRFQyUVhDRlFBY2p1czVFa0VDSjE5TnByNlplVlVRRnN3YU1XQzRCNGt4eTJ3bk5wTWhFWEhnRTctYTBzWFZzUkxOOGlsRE9rQkNidG9yRHdNeVU4ekJDSURiVnItNl9FcmQ1WGFfQnczUW03R3lOZjY0eEcwbDlWeUJTVlVSb09Ca3JkLXY5c1BQVDZLbHhMS0NlaVk3SWlsN2prLVd3bV9NNmJ2c1c1VDlqOUh0ckFZNEVVYTlFUzZldUtuVmxXMnNrZzVyakNCNXA1elhST0dwejRjdEdCTFppYTBmZ3h1X2luaG9QaFplTnkyU0NGbUVFRVJ6V1d4VjJaaUlnOVA1VHd4ZXZlV3lPSG96elFOSzNGUQ?oc=5,Google News RSS (10-Daily)
20 July 2026,kumparan.com,Media Massa / Pers,Tier 1 (Nasional),Yang Sejauh Ini Diketahui soal Pelecehan di Grup WA oleh Mahasiswa Unesa - kumparan.com,Isu Hukum & PPKS,Negatif,https://news.google.com/rss/articles/CBMiugFBVV95cUxOdERtVzRyR2x4Qmg1TTVZTzVHc01hMlIxR0RMTVdBTE5POHh2S2lqYVRTU3ZVR2JibTQtYWJZMTUwMW1hVmdLb0FCZW9odlVQNTYtME9qcExFOW1GRXBzWU5STXJwN3o3WG02MmxONmhpTnJwVERQd1ozUUo4dDdYVk9DdHoxY04tQ2FBTjl0R2Z3cFZRcUxXazdhcjZDcGhwSi15N3RXeF9jbW5RSEJjZ0NuTEZIam54UFHSAcIBQVVfeXFMT0dMWndMQVVOTjRhQnVYT2hQQTBBXzhXbWM2RkJaeDV5VTFaeW1YckJrQ1VSZi00azZnSmlFTm55OVlmSjMzT3RnbVVweGhjclllNllZblpmWnBPUmw2dU5aLU56ZFpnNnZJbmR0UGo4V0d6SExsNm13NnJza1E4M3VXVnRGZmNNNHlUSWdsRWRGZmFjODFZT3R5RHFNT0VDaE8tVk1vX0FqVlVYR1drUk5GMGJ3MWo1ZEs5RGlCQU83cGc?oc=5,Google News RSS (10-Daily)
19 July 2026,kumparan.com,Media Massa / Pers,Tier 1 (Nasional),Pelaku Pelecehan Seksual di Grup WA Unesa Disanksi Cium Kaki Ortu-Minta Maaf - kumparan.com,Isu Hukum & PPKS,Negatif,https://news.google.com/rss/articles/CBMivwFBVV95cUxNd1lYd2l3Y1NVaFJaRFBuWkxLMG1mUTVSNmRJemV3ekFWMFcxeW4xczktamJ1X0Z4R1VWaHkyWG9lVXh4bmFGbzUzWk9tTGl2M0FvdkxJSXl3emVwWnJWb2tweUsxak9iSzlyemRVMF9xWktuNVFiZ29KeS1JcXo2R1hHMllsTHpiVWU5YUFubXlwa2NTelhiVWJwQURxU3FlSkdHN1ducXJsYWhabDFMR1dFRjdfQTJIakFOazhmUdIBxwFBVV95cUxNekVDMjlLaHo5M3h6a2NmeHhZNFd1TkVjX0JGcl9sVDZzazY3VHBsWGJhaXNqb0lGMzR4Ylh4VGdUWjRKQ0FBaFFNUmczVVdYbnNRdVA0MEZ1dDkxOVozM2NpaVlOaHVoU1N3NlEydi1ldG1teEpXd1ZZSnBUNzZoYTYyR01teXRFNndRdWpCcjRYcEFtUC1XTTRicURjUUdPenE1dUNDTnhwYXBIVUhXN2JyVWtpYWlwZ2JyaWJxSWNTRXljV1N3?oc=5,Google News RSS (10-Daily)
19 July 2026,Memorandum.co.id,Media Massa / Pers,Tier 2 (Regional),"Tak Hanya Mahasiswa, Dosen Unesa Diduga Jadi Korban Pelecehan Verbal dalam Grup WhatsApp - memorandum.disway.id",Isu Hukum & PPKS,Negatif,https://news.google.com/rss/articles/CBMixgFBVV95cUxQVUVudWxHbEFlZXl6WnZycFZrSWFtX2ZlR1otQ1pPR0JkWWlzWnNGSy1LQ1o4U3JJZUZiX3VOejdvWGladllrQXFxdktEWGo2Z0RwNjBrdmxldU9CVm9oYllIOVZ3SGxVeG94WXo4LXJyelM3QUhacXBrTG4ybENDLTl5X2hlX0NzYjdqa2cyNVkxdjhBYVp5R1lWcU5QdmdSeWZSSTZuRWNSNUVvY2JxMHdLWDRFTzZmRHRlc1JEYTB5bEF4Y0HSAcYBQVVfeXFMUFVFbnVsR2xBZWV5elp2cnBWa0lhbV9mZUdaLUNaT0dCZFlpc1pzRkstS0NaOFNySWVGYl91Tno3b1hpWnZZa0FxcXZLRFhqNmdEcDYwa3ZsZXVPQlZvaGJZSDlWd0hsVXhveFl6OC1ycnpTN0FIWnFwa0xuMmxDQy05eV9oZV9Dc2I3amtnMjVZMXY4QWFaeUdZVnFOUHZnUnlmUkk2bkVjUjVFb2NicTB3S1g0RU82ZkR0ZXNSRGEweWxBeGNB?oc=5,Google News RSS (10-Daily)
18 July 2026,kumparan.com,Media Massa / Pers,Tier 1 (Nasional),"Dugaan Pelecehan di Grup WA Mahasiswa Unesa: Korban 26 Orang, Mahasiswi-Dosen - kumparan.com",Isu Hukum & PPKS,Negatif,https://news.google.com/rss/articles/CBMivgFBVV95cUxPZ0Q2eGRTbFprNWRUR0xreFg2elM3TkQ0aUdRYTQzY2xRX2FDMWdqSUhybXR3Y1VQdXFGM2RUMVU0WUNhR0MzTC1Od29hYTBtUWMxRmRnQllvSmtnMm5zSW5QMi1VNTJ0T0RHZW1uRXNnMWt0MXk5S212QjJZSmRiWXFjT1NrWXdLWDctX3BqbDZ3NWREcG9VQjZDendtUUktTm51S1FTdnFkR1dLTHZ2NHhoZ2NpNnRHalFhNl9R0gHGAUFVX3lxTE02ZjhaWnBzTkI1UE4wblBmaFV3R1RycGpZNHRqS01ZV01LTDNUeXcxLTR0RWh6Q2pPbWtORHBvaTAwUzFaTnd3bnNPR0tXbUhuYy1UNjRGQXlLTUxLb2JDejkzbjFsOTltTnpmQ2Z2MTFuT05ZcXBQcHVKQ0Y1dXZObjNVaHhpNVpDY0hxZ3g4OVRMTnNqdV9wQlh0R3hSakFiUEhMYWZHcXBFVk4yM0NmWkpGSGdSZlgxWjFhcDVuN3Juc3FQZw?oc=5,Google News RSS (10-Daily)
13 July 2026,kota-surabaya.kpu.go.id,Media Massa / Pers,Tier 2 (Regional),KPU Kota Surabaya Bahas Tindak Lanjut Perjanjian Kerja Sama dengan UNESA,Kerjasama & Internasional,Positif,https://news.google.com/rss/articles/CBMivAFBVV95cUxNSVdTeW5YTm5yX1dLUHlhYU9MTmtRUHUwTUpKXy14eGYwUlpBWk82VjU5Z2Z6TC1mbk1tTlcwWXhNX29sZUp1UXRyR0xLOXI5aURpSlM5WGUxeHR5dmh3NkRkTHpBc1ZqVndlWmtEWWFOaG9STVkwMEJhS1dJMnBVd1BsREEtaDRqdjFaVXF0Y0JTMGhSc3hDOWtIZVRXSU1nbE00bVc1YXJMS1ZZUmlUNEVSdjM1VjB0WGhVUQ?oc=5,Google News RSS (10-Daily)
18 July 2026,kumparan.com,Media Massa / Pers,Tier 1 (Nasional),Pelaku Pelecehan di Grup WA Mahasiswa Unesa Pakai AI untuk Lecehkan Korban - kumparan.com,Isu Hukum & PPKS,Negatif,https://news.google.com/rss/articles/CBMivAFBVV95cUxNQk9ZcVNLN3E5V29uTWY0NWpDSDRqWkJsTjBaQTRvcDM0MW11c0tBZmt2UmVIVlc0SkhYNWdqUm5VSjZlMzJSOVZwWWJsempmb2JoUGd6VXdGdG51SWZtT1V5MVN5Qk5EbnQzWWVOVlRQVWdwc2ZZUlpHSVBkNEFMSERYVjBKbThxUFIwU1QtLVFqQm5sVUZjV2FPWEFFclNOOW9QZzZtb002eVlvaHF0RXAtR24zLUg0VUUzVdIBxAFBVV95cUxOb2FLUFhaRHU0dG9JckNjS1dfQlNfWF9ZRVNMR3FFU0l0TzVqaWZ2dFA5dWY0YUVqWlp6eHp6dFpjYjNjRmVEWURTd1Byd2JiOWF1SWdCR1h3ejR5TGVJMU9yX0ZwSTdDS3NJRUpCMGdVQkJsY2NVLVNwUE9WVllYZlB3cTZqODhKQ1V6b09kMWRBNDVaeGgyeGFucWVYcjRnX25BalcydHRvOGd5N0I3T0hucGtLOWFKa00yYmZLSDBlZ1RF?oc=5,Google News RSS (10-Daily)
19 July 2026,jatim.antaranews.com,Media Massa / Pers,Tier 1 (Nasional),Unesa nonaktifkan enam mahasiswa karena dugaan kekerasan verbal,Isu Hukum & PPKS,Negatif,https://news.google.com/rss/articles/CBMiqwFBVV95cUxPcXNCWUJ1LWtGS3BvVzQ3X0xzdW5DVzBrVnJZeUZqVDlRYkZINW50dFhfd3JYQ25ucVJsaXZGRG1Jb2k4cEJEZFZJTW9rTVJYVDEyN0U3UEdFMUdIVzlsWnFmZjlDTUxpd0YtbWNxMmdkeUo3NjF2bGt0U2lHTWN2WDlNOUZ4X1ZueHRjYmNhQ2ItVnBIaFVWVEtrczNIQjVsTnY1NjNtTVhxRzTSAbABQVVfeXFMUFU0Ri13b0lLMHh0YlNxSHl1Mkh5M3NyOXItSlBwejU0ZTNPcktsQkdJMjVPYkZtOVpKeVBVMExrZF9BNzJyekFqZHdnUE1aNml1ek5KRU9LY1Y1a0cwajFaZVl5M24tWjd2ZVNqQzZoYWdkbWx1OXlfRjFsWWlrXzFYYmoySWpaMHZHMkZIRkRyTExnYk5qN2JaVHFENUw4Z1ZFUHJTQ0Zxdy10N2hpTTg?oc=5,Google News RSS (10-Daily)
14 June 2026,Penerbit Yayasan Daarul Huda Kruengmane,Media Massa / Pers,Tier 3 (Lokal/Independen),Pengaruh Inklusivitas Pelayanan Terhadap Kenyamanan Pengguna Website Sidilan FISIPOL UNESA,Akademik & Umum,Netral,https://news.google.com/rss/articles/CBMifEFVX3lxTE03VEpXck9nSzY5ZHdmbnV1RE5VOHJNQ0JrdXhTU3VFYmVTaW94VnBRYzhRV0Nid2pEZGR3dHhiQ1VJRVF1aFpTZ0V4eWlDUFdoNy1Oc1RRNUx3bDBFd3V5dlhGRGljYjZabDlRM3FXT1ZYdm1kYmFwelJ3a0I?oc=5,Google News RSS (10-Daily)
20 July 2026,Universitas Sarjanawiyata Tamansiswa,Portal Kampus / Akademik,Tier Kampus Mitra,Dosen PGSD FKIP UST Lolos Kurasi Karya Seni Tari pada Festival IMPROVE 2026 UNESA,Riset & Inovasi,Positif,https://news.google.com/rss/articles/CBMiugFBVV95cUxQQWlsNVJJbGZuSFpXZTkyeTY2NTlZeFp0MzBSaDJvLXNPQ0xwdlAxd0hsZFhLNGhKeVVUYllKM3BwcktnclJpTUk0SXkxRmp3WG1Yd1NqNTR3VUZwWnhqZVFQY2pNck4xbERJOHNURVhMblRoempnR0xGOENEcl9uTVhPdTJMR01uTldzWWZYbGpWZ0ZoSTdRNzBaU3lWZFJtN19zNVZ0V1R5ZUNrbjgzVUstUTNpMnp4d1E?oc=5,Google News RSS (10-Daily)
19 July 2026,kumparan.com,Media Massa / Pers,Tier 1 (Nasional),Kronologi Terungkapnya Dugaan Pelecehan di Grup WA Mahasiswa Unesa - kumparan.com,Isu Hukum & PPKS,Negatif,https://news.google.com/rss/articles/CBMisgFBVV95cUxNY2NsTFdTQklBR0NaSHN4YWZFVUh2Q1FXeENnVTFJc0F0eGs1a1Nrem1CNTZucVcxdjVBenRHSUNBZjhOeVl2Z2ozVFVMaWMydXROZGJ4ZEJwUlY3alRGY0dDcHljMlhFZ2twT29WV0N1QTlXeU53Ukc2ZEFHQmF5a2RwYzhXZ1BqbHBqY3Zpd2ZZZVlXZUZIamNTbG0tS3JsV0lNRTVGSnFjZGhPNVZmYlJR0gG6AUFVX3lxTFBsRFFOQjQ4T0lhUnlPS3hBUTNwVDVKR2ZmbmxuT3BSWV92MlVabTJJZFlLZWVnVWx2bDRaWG5SUW9PV3RFeXBlY2lPc1hueUpQZDROSW5QLWlFWDFiS1RmWWZoYmIzRURNd3Q0b0ZCVFV1QWV2dVhIVlU1N3V5cWl0SUJUdEVZVGFsd1UxNkFXelg2aldodGhXVHN3ZUx3dVdNUEgtckNmazVRM0wydXhZRzlPaWppckY3dw?oc=5,Google News RSS (10-Daily)
20 July 2026,Kompas.com,Media Massa / Pers,Tier 1 (Nasional),Unesa Sebut 6 Mahasiswa Pelaku Kekerasan Seksual Bahas Korban di WA,Isu Hukum & PPKS,Negatif,https://news.google.com/rss/articles/CBMivgFBVV95cUxPS0tkQUhFRXdhZ0ZXX3IybjVVbzFfRnVIOWNaTXlFTWhuS3FhdGdFYy15MzJaT1dGSjJ3YkNFTUszRWZ0WmZvNV92TmpwbmRjTGJvSWFVVG0wSEdXWW55MmJUV0RmVEQtYk9PUmMzbEhGTmw3R2ZTVXpYR0lNUmdHNHhfTW1zN3pVSWdSYy03UHFRM2hYY3h4R1luQzhaY1ViT1RDYWZzLVJRZEJ5NExwRVBaNXJyZGZsZlRrMkZR?oc=5,Google News RSS (10-Daily)
20 July 2026,CNN Indonesia,Media Massa / Pers,Tier 3 (Lokal/Independen),"Modus Pelecehan Seksual di Grup Chat Unesa, Ada Konten AI Tak Etis",Isu Hukum & PPKS,Negatif,https://news.google.com/rss/articles/CBMiyAFBVV95cUxQTzlZdGVKdnltbkdUbXN5OUVjS0h2T1YwYWRDMTd1QjNvb3JZT3JaVlVYd3JCVjk4OGV4UXZ3eVAyMGdHdGd4ZGVfWVRqeGkwVkN6bm9GNDZqMkNTUnBmYnhoc3huMGdEMzZWR1JrY2s2VkZtVHZtcERZbWQ1dkU4VVhUbnUxSlpIbE4wUjhkMEpoQzhPOEw3eVhWQWdOYzFxZ1BFVnYzcC1MY3FQMHJBZ3k0QUptSFVrQkdJTU1LVDM1WHc3Rk9Ca9IBzgFBVV95cUxPSnVqNk44RUZEaG5jOXkwdU50OWI2WnVZZnRJcjEyU2JDMHBXTU50bHh5OVZqSnVZVHV4U0hWS3Y0QlJrRm5ndEszWEluN2t0SkVYbmJUWVdSazVXd0RkbEFDSVd0S0pjSEJvTjUzd2k4QmJlNW50bHRCV2d6cTJUdUw1OGJWdFl5cHNGMng1N0FIZ3Bsa3VUQkJHOElWU0xVVUw5NEwzRWh6RldKX1Nwallhc09peXAxRkptamczQUxoR1BULUl1dXdZNnhOUQ?oc=5,Google News RSS (10-Daily)
20 July 2026,kumparan.com,Media Massa / Pers,Tier 1 (Nasional),Penjelasan Unesa soal Pelaku Pelecehan Seksual Disanksi Cium Kaki Orang Tua - kumparan.com,Isu Hukum & PPKS,Negatif,https://news.google.com/rss/articles/CBMivgFBVV95cUxOcHlOV25GRWF3dlRGMkhTVFp1SEN6b2tINUtpdWlwZUNmZzdvNTBXYkdoenhBeTBUNm9xTVhzZ1MtUGdqaWhLWjEtZUgwSFZ4TmN3WGdZWTQzUHdzUXV1RHI3NklObFlsa3dWNVk1a29Iak1fZzhaVFBwU2Z6ckY3N20xaF92QXZPWmJfSk5VZjJSQmpNblhrLWJSaWJMN1pyNVZzZjV2SWxTVVhzM3piS0V0dW9NX2lqcEZ2bVpn0gHGAUFVX3lxTFBoRkx5bGhURU1Ta05MWno4YnNCbzV0V1lrRXQtUkNTYnJtalR0d3J2Tng4c0k4SlAxckNfS3NjeEQ1ZW9pMkt6M25mNEl6R004UkRzZ3FGal9qUW15TkpBWVpUNHd4c1BndGpuNk1vVElPc1E0SE5nRU9NaGJBUmVvanZFS3JqSjV3ckxISEx6NjJGWXRnQW5hVlZGOTVoUW5xMUJ0ZE1GeGJJdXV4YmpSSmV2R0tZeUZZZDlyeDk5U3ktd3dkQQ?oc=5,Google News RSS (10-Daily)
18 July 2026,detikcom,Media Massa / Pers,Tier 1 (Nasional),Dugaan Pelecehan Lewat Grup Percakapan Sasar 26 Mahasiswa dan Dosen Unesa,Isu Hukum & PPKS,Negatif,https://news.google.com/rss/articles/CBMiygFBVV95cUxQaDNMdDNadG9SOHFYbEowTVlXeGRXam1fY19MVi1IbDlxUFhmVnBjV3hTUXE2eTh4VmVVWU1RcGZiVktxTXhsNk1aY3Z6RHFVQUdNVGx6eGJVWUlFWFZJMFl5R1VVNWYtbG9Gb2I2c2xSTC1HaTd0bG5UMjJVRm5ZWm9UZkNqUHkybkk0ck5uN2pnc3BYRWdWU1dBa1lnMF9MSzRHdmJzREQ5RzRZMWxlUXZ2YjF6RkwwRW51T1M1WXk2SEhRTk1YTDd3?oc=5,Google News RSS (10-Daily)
20 July 2026,detikcom,Media Massa / Pers,Tier 1 (Nasional),Unesa Segera Panggil Ortu Terduga Pelaku Pelecehan 26 Mahasiswa-Dosen,Isu Hukum & PPKS,Negatif,https://news.google.com/rss/articles/CBMixAFBVV95cUxQcnJILVdiTTU5bUlBbFIwNWJyeVRJUWFKZ1F4c0s1TGw5MGZQMElSanBZNXQyRnNjOWp5aU9Xa01aclh6eGFOVi1DRXZyR3pVN3k0MjAyTk5pOWF0eDl5dFhoOGVNNjZ6S3hHb0szd3pOYmV0NV91UGJBOXJyN0RfbkQyREhoMmZaUk5SUzV3MFF4ZWZhV0pwUk4xQko5NTl4VDVhYkg1VG9scHFzRjZNV2hxSnYzeDdrNVVYYzB1SEhEcEtl0gHKAUFVX3lxTE80cG9oMzkxWm1UOGc2TDNSRjZxRzZfRHdRcGNWRUtLTXlrSXBHU0ROaC05eHFrWHB2MWYxVXpkM213cGZSSmY4ZzBXN0FVU05tbFIzU25EakdmTDZKdUtQRHh6ZTZSZkROa3pCaHRQV3JwazFPLTc1OFdSSVNoYjhVQkY0S2FaQmk3c1owMEhCVldMd3plLUxOU0dWbEx1WmxUMEctSlJyQy1LdVV0bE5JUFByLUdZUzZxQll2cjFIS1AzcjRvdklJVlE?oc=5,Google News RSS (10-Daily)
19 July 2026,detikcom,Media Massa / Pers,Tier 1 (Nasional),Unesa Nonaktifkan 6 Terduga Pelaku Pelecehan 26 Mahasiswa dan Dosen,Isu Hukum & PPKS,Negatif,https://news.google.com/rss/articles/CBMisgFBVV95cUxQczdYdmw2ZWF4a1lrU0lmaWl3WDBPZVdjODN0Sm5LYlBjeUdlNms4cldsVGdpeFk2MTQ1U2RjOW1kbnpIUXF6SThhVThMcWM0UzJqRHhUd0U2RW1BUHBnQTBHalQ5WE53SlVybUlKa1BnbnhrN01mWGtrM2RmdnJnVDV0T1ZJWWhkMi00TnZPeXRuTWJ5c3lPeHJDZGg1VjlfUk9GVjRLRFBUblZvTTl1NFVn0gG3AUFVX3lxTE96SnVQdnZsRjFyMTNiS1JXLWVab1VhRkl6ZUlDN2NiWDBWcnUzTmNnY0p3SHpNNzFyZXZGU0cyVXczUVhMR3ZJcmc2a1IzTUV2MnpONjR5ZUcwZHFMQnlnTUY2Q25ocE5VelpJRnRlOHJmcUZNWkVDc1RkVFlEemdReVBhZDNqNjI4bllCRnJoVHFxalBqbzZGS29QODgtVWEzdjRFSW5iMmxZYjdLM2w2MWlidTlxOA?oc=5,Google News RSS (10-Daily)
15 July 2026,NU Online Jawa Timur,Media Massa / Pers,Tier 3 (Lokal/Independen),"PENUM 2026, IPNU-IPPNU Unesa Tanamkan Jejak Pengabdian di Desa Ngawonggo Malang",Pengabdian Masyarakat,Positif,https://news.google.com/rss/articles/CBMiuwFBVV95cUxQMjVNSm1jYU00blB3WUMzdTZZWElBZXE4bThiclBxODFUdkcwZWJkUXE5bk5Jek1lQTVpcTR5UFVRelJsRHVTa1lnNFVrMVBXaEVzUHZkVUc4Q0RfV3BXdFNtemtrWlVmVlVMYk00bVlzNWRzVExfRk9Oa1BDT2UzZm0wQ2xuNUZWaGpnVkNQT183MEJuWGlkdFk3ZVpaeURBLTZSYjRVTWxscDNvZ2x4cjFNLVFBeUtsZ3hj?oc=5,Google News RSS (10-Daily)
18 July 2026,CNN Indonesia,Media Massa / Pers,Tier 3 (Lokal/Independen),"Dugaan Pelecehan Seksual Grup Chat di Unesa, Korban 26 Mahasiswa-Dosen",Isu Hukum & PPKS,Negatif,https://news.google.com/rss/articles/CBMizgFBVV95cUxNZTc3X1A3cnVxbE1UVXc1aGgtcmhEV1BHZ3M0bVctUDZiWGlvR210eEs1b2Nyc0VuTDlYNHFxWE4xLXRPM3dUZDZ2SnUycFYyYlMwSzJPWkk2WnZkZXZQNGIxLW8xYWxQbXVxS05XM3dUTHB3dGVwaUdBSnhGQXNFeXVYMkowdmpacEZPSXloR1FVcGUtallIVks3WjZSY2RHTUJqTmxmbDhQR1RGdEMwTXFzaXh5M0NkVHotMkVXdEY5WEpxOWZIa1BNdnhYZw?oc=5,Google News RSS (10-Daily)
18 July 2026,Kompas.com,Media Massa / Pers,Tier 1 (Nasional),"Terduga Pelaku Kekerasan Seksual Diminta Cium Kaki Orangtua, PPIS Unesa Beri Penjelasan",Isu Hukum & PPKS,Negatif,https://news.google.com/rss/articles/CBMiyAFBVV95cUxQR3MzNXhLbENXQzcwQndVdEZ5akN5dVY2N0lqLXlFeFpPbFpvLXB5UWhNVFdLc3FHVHZWSGN1THlPWjVGVkRCTG40Y0pXWlJ3emVSV05CNDFPbXhrY0pSRGlhbWk3RGg3M0J0eEt6Ri1KUUtzbjR6RzJwaF85Q2lIa0xfc3NXbkNZNHVqTWV2dE5XWTF2Q0tzRWdtbVh5OG9aRkhMQjhUZlUySW91amtneXZQOUU5RWdHNlRwWk5zYXVsWFo1TFZqSw?oc=5,Google News RSS (10-Daily)
19 July 2026,afu.id,Media Massa / Pers,Tier 3 (Lokal/Independen),"Grup WhatsApp Diduga Lecehkan 26 Korban, Unesa Nonaktifkan Enam Mahasiswa",Kemahasiswaan,Netral,https://news.google.com/rss/articles/CBMinAFBVV95cUxPYXQxd2NYekphUHRyc2hBSjVlNXhRX2NzTUpXVC13N2dadW1mb0U3SFpGSjBua2t3eTgzMjYxVTdVZlNUR1NCcTdMWXVVRzMzYThiZlk1dHlkX2ZLbXJ0bTVQWVUzWWtBTk53WVJYNnJnQjZ6a2I0WVJaTElhUXhVSWNodkVJUmlwNzBvVXZ4b2d3OFhTa01nazBIc24?oc=5,Google News RSS (10-Daily)
19 July 2026,afu.id,Media Massa / Pers,Tier 3 (Lokal/Independen),6 Mahasiswa Unesa Dinonaktifkan Buntut Chat Grup Berisi Kekerasan Verbal,Isu Hukum & PPKS,Negatif,https://news.google.com/rss/articles/CBMinAFBVV95cUxOSjJmNnBMT04wOWdsSVNRMGQ1YUw3N05CQnUtZXpsUnlXNTJpdjlEcWJJem4xTEw2NHdCZDVLTHo2cHRjcFJCTVFBRmtmOFctS05BQkt6QnJ6S2JHUGptS2Q4UmlXcmwxcXQ2ZTJWTlBoS2hseGRVV1hFLU5lN3h1LThIRjZQajhUbXJWdFpuUGRCQ29zZDVkTGFXVXk?oc=5,Google News RSS (10-Daily)
18 July 2026,Kompas.com,Media Massa / Pers,Tier 1 (Nasional),"Satgas Unesa Ungkap 26 Korban Kekerasan Seksual: 22 Mahasiswa, 4 Dosen",Isu Hukum & PPKS,Negatif,https://news.google.com/rss/articles/CBMivwFBVV95cUxQV2xWUXJoNTJvNlpVaUc2NzVjemE0TFJWWmpaNjM4RmV4X3Y0UW5FYWpFaW9CX2x5bkh2S0VOMk5iY1FUNGFDa1Myb2k2M0pnVTAwVVk1MjRpLTJnUTZEVDAyYnRab2swZHVzNG4wVHN0di16TGdXUlRzcDBZcWlBWVlUQW42am56SkRyZkJUdkJzZnd6aG5HOE5hbGNXX1UzVndoQVVSMGJSbU1Ta2puVi1KNUtmQVV6cWVkQ29hdw?oc=5,Google News RSS (10-Daily)
15 July 2026,jatimnow.com,Media Massa / Pers,Tier 2 (Regional),"Prodi Ilmu Politik UNESA Libatkan DPRD, KPU, hingga Media untuk Perkuat Kurikulum",Akademik & Umum,Netral,https://news.google.com/rss/articles/CBMisAFBVV95cUxPUjZoWjVrX1BqWUZzZVdNUjRGQlFpSzJ2WEZQdDZwMk5YQkZPVlJsNlAtZ00tNmN5WExWM1JUVF9qZ1BPTWx1elphRXlhY1NhLXh0dkIxRTlGYXMxYWRUdVJmWWZ4Wk4wZ3pId0txR29SOGdIS3FkZm0zcXhSWEZ3VmJ4NmdrTGoyRDNuaEVTRmhWUy1aLXJNREZTTHBsQ3V5b1puMUZYUWdOWTVSbGpqUdIBtgFBVV95cUxNMEEtVndmSFRORmFKVGhHd0pwb1RpWVZsMDJ6VGxQVUtCN2c2NmNqQVZJNTMzQXdzeFJVWnM3elJfcXltSGktZVlfS2lVVFZTMDRER3ZuQVN5c2RKX3hDS0M1bVVxZHlINTJpa09aX2gxa0VhbUZPZjg0czJBeVFFV0U3SUYySV84Q0NKSGdlZUJseEUzWFk2YzZFRldTcEZSUDRUNnYwNG9BR2kzTTVmaHlISDhTQQ?oc=5,Google News RSS (10-Daily)
13 July 2026,um.ac.id,Portal Kampus / Akademik,Tier Kampus Mitra,"Kontingen UM Sabet Runner Up PEKSIMIDA Jawa Timur 2026, Borong 17 Penghargaan",Prestasi & Penghargaan,Positif,https://news.google.com/rss/articles/CBMimgFBVV95cUxObHVFdGdMUFFRSXpUeDdVY2ZEcHVRSEF4dWhNWXRBT0dDenh5WlpTb1hjZDAtbUU1RmJZa0RKZ0tSRGQ0VTJlSDZ6WWV5cDM5a0dNbU5YUG1pU2hpVGVnWFN5cExJeld0dlR1VzNmRmJQSC02ZEczUjNyd2xkemlTazdfenBNZ0M3anJyLXMxODlwNm4yaVg5ZFZR?oc=5,Google News RSS (10-Daily)
19 July 2026,Kompas.com,Media Massa / Pers,Tier 1 (Nasional),Erika Lulus S1 Tanpa Skripsi Berkat Inovasi Belajar Matematika lewat Tari Kembang Kahyangan,Riset & Inovasi,Positif,https://news.google.com/rss/articles/CBMixAFBVV95cUxQSUZYMHB2VGRjMzVHVmFzTHdFQ1UtOHFqSlFiSWZBZ2sxbWdobGFKbTNZdVBGU2NJQndla0NGbGQ4SENmTmZSQzYta1dGbzYxZWNCeDBQU1hMTzZKLXFfNFAwUlA4OXktT2FIV2ZZR3Y2LTJadDJjQ25NXzU0MllPUkRadk5velA5Q3hTNGt6UDZ4ZUlTN3ZHb28xTkdremxya0dnM0ZsbkdNWVZmbHc0ZnU3NWRReDF0dFlCODE5bHY0cDJT?oc=5,Google News RSS (10-Daily)
18 July 2026,Suara Surabaya,Media Massa / Pers,Tier 2 (Regional),"Kasus Dugaan Objektifikasi Seksual Terjadi di Unesa, Korban Lebih dari 20 Orang",Isu Hukum & PPKS,Negatif,https://news.google.com/rss/articles/CBMiwwFBVV95cUxNMXIwYmtIWUp0SzhySzJEUWNlOExHdWRnZllQNURXMjBkWi1ONjVkSFlKd0ZaYmpLcXJ2LVl0N3VYNFU0NG9uZlZOc05jNjAxNU8xQUxQY29janUxZDJwVDBiMGFNbjJtcjRqVDhnTG5GRzdtM3dYdERqR012RGliYzhuaDVTUm44cnQ2YjhERFNEZy1HQ3YyTUtsb3JtYmk3SHNKTXdBWkJsVEVoTGJfemZlRG1pNnhRdFdmbTlQRG1Nd2fSAcgBQVVfeXFMTjJOWVlEczFkQTg2c2lYMTJTQTk5Z2Q3ZFMyMFNMZnRMUmlTWTNSQXVUYnRVSk1JS2tWMG5POF9zWmdrVWhIVGt4ZDlTU3JsemRwaUpZRE03VG80bjFodm1DZnBJc1hremhtMWpVVVRLdVhLYkVBVUxPTXZuX3Q5US0xbjJVbS1FNEw5MVNtVVg1dC13U0toeE1nVnlUUXdSdHZuM3Y0aTl3djRjRGF5NHlxMmxOamhCSjdFdXA1amk2TGYwMmlQNk8?oc=5,Google News RSS (10-Daily)
19 July 2026,cerebrum.id,Media Massa / Pers,Tier 3 (Lokal/Independen),UKT Unesa 2026: Cek Biaya Kuliah dan Persiapan Masuk Lewat SNBT,Akademik & Admisi,Netral,https://news.google.com/rss/articles/CBMiTkFVX3lxTE0ydmRxQnF2UGdkNHo1OFctcS1aQ3QtSGM4Wm51VXNxVXJXc3FPeVlxNFhzald2NEpUYWNvMjRWb2Vpell6UVJ6UmVocnlUUQ?oc=5,Google News RSS (10-Daily)
19 July 2026,iNews.ID,Media Massa / Pers,Tier 1 (Nasional),"Viral Chat WhatsApp Tak Senonoh di Unesa, 6 Mahasiswa Dinonaktifkan, Diduga Libatkan 26 Korban",Kemahasiswaan,Netral,https://news.google.com/rss/articles/CBMiygFBVV95cUxOT0xtWVJ3d0F6cHV2OW8xLURYbVhGT3RkUGgwb0FWMVdSRjBvZHgzcHk1b2JPaXhvaW5fXzBpRVl6UmYxTFhaVmJpWlZWem0tcTFrSE90NTI4bzRtVkVrdElkYkVmS243ZGNMZ3kyRlZwSHhPaDRZTzZSUldjSnpDQ0llSk1IRDVJaHl4U0pHMzFTaUtqWWQ1OGQzV3RqUnI2QXpGVmpBd21xWHdQZUJ6MHhnLVdyemszUnIxdjJhY0pBMktaNjQ0LVhn0gHIAUFVX3lxTE1FUnZ3ZU41QmpfaDlnR1FYS2t3RVJQcE1QYXZBVWFISFJvbXlDeXFzYnVNZVZPanR6dkRxN2w2aER2LWRaTGYyMC0xWlpnVldFN0NDME1iTG14X2FkWTBEcXRsX1RiN3hFUENzOEQyWi1vam1QX3lweDBIb0hDbEtwYW9KeVBZUF93dnl5eG5SWktxNW5VSHZVWnl5d1NVOTBybi1GNGxCSEQzY3ExcDlrT1VLZHlyeWFSNGdGbGxlZVdhaVNlSUo5?oc=5,Google News RSS (10-Daily)
14 July 2026,Kompas.com,Media Massa / Pers,Tier 1 (Nasional),"Kisah Fira, Lulusan DKV Unesa yang Dirikan Sekolah Modelling Khusus Disabilitas",Akademik & Umum,Netral,https://news.google.com/rss/articles/CBMiyAFBVV95cUxPNFB0YWJHeFVkdlhOQy1lZFRKVGNWN29DR0d5VDd5cVJTQnVESFdfX2FmcDFfcDUwNjE5VGdYZ0ZsSW5WV3VieDNQOE5IMHN4LVRVeS1JQlBNbVVldVJwa2V2ajU4dERrMEpRSWdVbnduS01SbjhJSGJZbk9RQnNEVy1VYXhSZVl4bXg5ZDRqTDlSOTlaMXpROG56YkJtaUxreWh6SEdkMTk5Y1Ewc0lyb3hfUEkwVU9lLU5CTUFtbUdZQnhUQ0hBcg?oc=5,Google News RSS (10-Daily)
16 July 2026,"Kementerian Pendidikan Tinggi, Sains, dan Teknologi",Media Massa / Pers,Tier 3 (Lokal/Independen),Catat Baik-baik Namanya: Desy Ramadhani Maghfiroh Ayu Putri,Akademik & Umum,Netral,https://news.google.com/rss/articles/CBMisAFBVV95cUxPTXZXc2JqbVI3RjBRRFNJT200WVoxa3JJUFFJbHJqcVF5dHhyR0JqdDhFa1pxVDN3ZnA1WWJHV3VqbW9QdE5PU3hqQlBkMXd6MHRzdmYyMjBTLWs4Y1EzazNnM1RWbGpNS1FVNW92cGhzbnM3cGg5RGN5TkJxdE9rV21mTDVTSVZUamx4dzRneEZvYTB4ejNZVXdhYUdvUTMyVWlDbWVaYlFYZmwzRi1nZA?oc=5,Google News RSS (10-Daily)
20 July 2026,detikcom,Media Massa / Pers,Tier 1 (Nasional),"6 Mahasiswa Unesa Terduga Pelaku Kekerasan Seksual, Korban 26 Mahasiswi-Dosen",Isu Hukum & PPKS,Negatif,https://news.google.com/rss/articles/CBMiyAFBVV95cUxOX1ZwT3VLMWU4aTNaOVZYQ09VNFJOdmVJSmpGcE5EQ0pfNWhLMFM2X3Q2aGtaX2VyczZTb0FzcEtUVkJPdFF0S0h3M3RTaVpHYnptc1lJOXFDSDFNdDk3QWRPQWFBNjRaUTlNMWhYaXZWWXRzYlVmM1Y1WnBrTzRPY2pKUkhmRUhDN2FxdUV4dHpxUmJsUkpqbUJvR3RfcUF4M282emU5WjBQb011YjBSOWdBRHpBdVZDNUZSa21PNmg3OWpURURfctIBzgFBVV95cUxPYThSTWw5cHpMXzFBYUM0QjFFbV9Tdy1aeWQ4bXppb0V3ckF3TUJiakV0aGxqWXpzZTBvT21BUjEzX0RSWEo2dDBzSHZMT0FhekNEY1VZYjZ6dDY4aXk2V3R1Z0Ixd1MySnhGUDNuQTZGYkswYTRXajRtZ2ptSFZDbnRxMHVXbFc5YlY4R2NjaXZkaW5zdzd3cXU1OHNmd3FNRlh4ejdMbWVEV3VQd3JrTmhFN3NWNDEyX3l1dEhWQ2d5VFNCZ3lkMzNOdEJidw?oc=5,Google News RSS (10-Daily)
15 July 2026,INOMATEC,Media Massa / Pers,Tier 3 (Lokal/Independen),Hubungan Antara Tingkat Kesepian dan Intensitas Self-Disclosure kepada Chatbot Ai pada Mahasiswa,Kemahasiswaan,Netral,https://news.google.com/rss/articles/CBMickFVX3lxTFBBanNRck9Cb0dXTU5MY0NDZ0RNSUpxRVBzUDF6LXV1TVBrSTM1LWw4TFU2T0JMQkxRWElVcEE1aTg1NG83TjdSX0JhLTFMMklBVlZGT0s4NXU3WlFoUzJNQXBRbmVXS3lNbnNhRXJ2bl9Wdw?oc=5,Google News RSS (10-Daily)
19 July 2026,Kompas.tv,Media Massa / Pers,Tier 1 (Nasional),6 Mahasiswa Unesa Dinonaktifkan terkait Dugaan Kekerasan Verbal di Grup WA,Isu Hukum & PPKS,Negatif,https://news.google.com/rss/articles/CBMisgFBVV95cUxPYlJaTlFRMFlIc0RIbHdhTm1CN2pEcFVfbHB1UE5mZXU3QWtfMFJ6bFpKSS1MUzhKaDBFTW9kRjhDOUE4cEtPR09Ed3NNZllWc3JxOXRFM3ZHUlo3NGoyYzVFenFvTnY5VnZ3ckNtNmJQaTBmTExtSDUwdTdMTTVNalZPTzQ5aWRIQ2s0a0Q3MkhVam9ieW0wb3JLSDZkOVRYV0dQQW5YZDR6MG5WV283Q1Z30gG3AUFVX3lxTE1GU0lHc1MxLUI2a203NjNNVzVXMnA5dlo3cG1xQ2VnVDlnTHNhZUJ1QlpFc3diQjFweF9wRGFDa2lnSnBzcEZueDFvbjNvRGQ1RVBTWDhRNDktaUdZRW1VdXpYdnFrMDdpempLVnl0cEJnNEt6YWhLR1gtR0hBaE5GajZkZGdXMEdYTmVMMkpQcjNLSFU5dHpESXZTVVdBNHBMZUNnenhWWGtBU0ZOX3VTeHlST2owbw?oc=5,Google News RSS (10-Daily)
20 July 2026,TIMES Indonesia,Media Massa / Pers,Tier 3 (Lokal/Independen),"Diduga Lakukan Kekerasan Verbal di Grup WA, 6 Mahasiswa Vokasi Unesa Dinonaktifkan",Isu Hukum & PPKS,Negatif,https://news.google.com/rss/articles/CBMixwFBVV95cUxQd25zMlZFMU9oNWlvWHpQUWJCNm5aMVQ2RzBJWFVGNjF2b1U2bFgtT09LbS1PQ3BlUDJhcG1xdUp0Q19pWjEybnBEOHhXSmJ0X3doSHFOT0hZcllvYVp2VVAzUUVsM01nN2FjRWdiNHp6bnFaMTlLbGFpY2hWTDVxWE5hM3M4M2xhUkhVTUNQR0NGN2g2c2F1cThMWUNlZ2w5MGFUWEpoSmN5YWh0M2ppRTJtRHRHRjJ2eWNHVjh5REZzV0puMHVz?oc=5,Google News RSS (10-Daily)
15 July 2026,ipssj,Media Massa / Pers,Tier 3 (Lokal/Independen),View of Regentschap Pasuruan Tahun 1830-1860,Akademik & Umum,Netral,https://news.google.com/rss/articles/CBMiZEFVX3lxTFBjR0RObnJjb0lscGRMNDNUc21YRVNhUlBNYzU4WU52cGRKZmlCczU4Tk1RNDd4UkJ1ZEY4ZjdQUTFtdksxWEhxaE9EeG1ESHVRZndYdEtwMzU2cWdXd2NVOXQyQzY?oc=5,Google News RSS (10-Daily)
19 July 2026,Inilah.com,Media Massa / Pers,Tier 3 (Lokal/Independen),Unesa Nonaktifkan 6 Mahasiswa Usai Dugaan Pelecehan Seksual di Grup WA Viral,Isu Hukum & PPKS,Negatif,https://news.google.com/rss/articles/CBMimAFBVV95cUxQWDFrOUI2c0psNDJwam9QZDU5bW5pbjY1RDE1SHc1T29FSW40bjRTQWtYUlRocnJyR1NUeEZ6YlMxTC1sblRpSE1fMEtfb3lhQjJXeEd6ekkyYTNycVczN0xFZ0VLRWIydUhFclNHNEZiVV9ySHF5cjF4YkdueWZxSkFKNVk5X20tLVQySTZWQ0dFbVJMVGU2WQ?oc=5,Google News RSS (10-Daily)
16 July 2026,detiknews.id,Media Massa / Pers,Tier 1 (Nasional),"Serat Daun Nanas Kelud, UNESA Hadirkan Barik di Pameran Seni Internasional",Kerjasama & Internasional,Positif,https://news.google.com/rss/articles/CBMiqAFBVV95cUxQUWF2YUhWdTNxZnZnemVRV0lsYm9mVHBEdGNJTzBqNFFuNDdnZTRFZ3VSc3FUTFFkSnRiWTYwQllJd3pPRkZFNDhiaDZrdTZ3UFV6YXlEWG5HUHE2c0tlTlZjSzhDWWgzUm5RTHJ0cGJvREh0QmkwbEdGTHVNRWRIeE1qVXROeFZ5QXhYWC01WG5KN2pMaGJMYWh1a1NyX24zcVg3MTVrMDg?oc=5,Google News RSS (10-Daily)
14 July 2026,Jatim Media,Media Massa / Pers,Tier 2 (Regional),"Kisah Fira, Alumnus DKV Unesa yang Dobrak Batas Lewat Sekolah Model Disabilitas",Akademik & Umum,Netral,https://news.google.com/rss/articles/CBMiqgFBVV95cUxPclFXamVjRlB1aF9sLVpZWnFhdl9SX004MnBDcC1Xd05CM19pcHZxWGxyVXo4TWx5ZTdyT0VqWjJaa184bkRSSmlITDl6bklFRDJZcjZhdTVsaThEX1ZnRU82ZzVZOW9pRDh4SWFIYXNmS2ZNX1hfWDJIQXpXakgwSS1yVWpJQmQ0UTZabUx0VHRQUy1QVzh3T2xDaTYyS2pBdExISUx3NTJwUQ?oc=5,Google News RSS (10-Daily)
20 July 2026,Threads,Media Massa / Pers,Tier 3 (Lokal/Independen),Kronologi Dugaan Pelecehan Seksual di Group WA Mahasiswa Vokasi Unesa,Isu Hukum & PPKS,Negatif,https://news.google.com/rss/articles/CBMivAFBVV95cUxORkZHejV6WnRyS1Zfc1BrWUowOFFqRk94bWVKR1JsX0Z5WGFCYWljZE9hRmJCLUNYcHpmdXljVDFTTmRmT1VCeVJRR0M5ZjNsbDRzbXMtVm9iNGJ5YlBZMkRMSjBKa202dEVnbEZZeW1ad05iQ1VleDF5LUZ1UGNSNlFVZW5WZElGd0FLTjNxT0tlTjdXbEx6X3JuSVBRTDJzeWY4ZXFMSnhpY1Z6ZGplcW00OU5qRkd4MzJhUA?oc=5,Google News RSS (10-Daily)
20 July 2026,Universitas Negeri Malang,Portal Kampus / Akademik,Tier Kampus Mitra,"UM Juara Umum II PEKSIMIDA Jatim 2026, Tiga Mahasiswa Melaju ke PEKSIMINAS",Prestasi & Penghargaan,Positif,https://news.google.com/rss/articles/CBMirgFBVV95cUxPdkpyanEteUJuXzlZQzRaeXR2c2t2QTBOTExVSlhsRXhBYjdrSVhtb0VZeVVLdzFlYzdqd1VacklwYzNnR2lwUUgwbTNlWFBHXzFNc0lrbWE0Tzl6aFp5eXktcWUyQl9jRXlxbTJrNnd4WFE2S2R3N21kN3NSOVVXUFU3R1hNeG1oUUdKbkNiU1d3Y3pnLWJsNURIOFpBelBlVTJQekxmbzZpcF9vSXc?oc=5,Google News RSS (10-Daily)
19 July 2026,MetroTVNews.com,Media Massa / Pers,Tier 3 (Lokal/Independen),Unesa Nonaktifkan Enam Mahasiswa Terduga Kekerasan Verbal,Isu Hukum & PPKS,Negatif,https://news.google.com/rss/articles/CBMioAFBVV95cUxQemNoRE5oVVA1anhkSVVHcTZDNURaUGgxeTdBQ1dzNkVTSmhvTDRFRFI4YWZtTWVDa2Y3Q1RodFY1SUJLcnRJQWRHSXd6cUJNb2NTYTVoa0ZPMGp5UVE4YjU2Zlo0OUotT2xaOS1OODlibm8wRTM2eVBkSlBRRXN4eFl5MXg2bFRzSEFqYzVYeHEycmNfbkFkeWpKNjRQMlRK?oc=5,Google News RSS (10-Daily)
20 July 2026,Tempo.co,Media Massa / Pers,Tier 1 (Nasional),6 Mahasiswa Unesa Jadi Terduga Pelaku Kekerasan Seksual,Isu Hukum & PPKS,Negatif,https://news.google.com/rss/articles/CBMilwFBVV95cUxPMUFWd2dBVGVJWnpHdnA2T3hxdkZIRnhOUUhSMm9vNU03em5tV19qWTNpQk1NR2l2clprbXFQRk8zR192TWdRdnQ4RmNGZmtSQUc0SE5yNWN4RjNSMHZsQWdTd1dqcTQzSk1DWUJRRWlQX244NGExTDViQzVHZncwdzhvVW9QSW1vUndfZUczb0p4R2hMcnIw?oc=5,Google News RSS (10-Daily)
14 July 2026,jatimnow.com,Media Massa / Pers,Tier 2 (Regional),"Unesa Jaring Bibit Atlet Futsal di Surabaya, Usung Tema Fight For Pride",Akademik & Umum,Netral,https://news.google.com/rss/articles/CBMipAFBVV95cUxOTlhJdm9wOG1Zbnp6TGhVcGVPdFUyVk8wcDZzeU5sWENrc0xZVjZVWVRkaG5uMnBEMVdYck8wSDhDQ1BWYlMzdHY0WGhKZE5aek45UElRN3NjaVdJSFFkUTlpcVJpVkI4b2wwMkZrREtYNFdPV2d6YmdOWWtpb0ZnTE5rWndNN0xTSC1UVHJiQzYyUXRsVGo5dC01NWRxQ3k4Sm04X9IBqgFBVV95cUxOTzFDQVcweFc2ODJnMzZZc2tNQjAzQTdxSEZjcnBUenNPU0Nnb19rZld0YzYxUG4yYjY3RlZQUEZfSW1qd05NU3ZnYVMxWFBNNlV1RGhlaDc2cThlV2REb041b2dTSUowWnNMZVlNamtJTWg2bGVIZnRSOGxBSjh6UWc0aE9QXzRRQXhRbFlCRnZnU3JsdVdXS1NFdV8zaHBPZmE0cHV5ZjJidw?oc=5,Google News RSS (10-Daily)
19 July 2026,jatim.viva.co.id,Media Massa / Pers,Tier 1 (Nasional),"Dalami Dugaan Kekerasan Verbal, Unesa Nonaktifkan Terlapor dari Kegiatan Kampus",Isu Hukum & PPKS,Negatif,https://news.google.com/rss/articles/CBMitgFBVV95cUxNLWNBOEZQQmpCS29jSlNDMEZJbzFzMm96SWV4UG0tQWhnWDJERWJsRGRvS0FhSkd1dVpndFBfc25lTkR0dHk1Q3RVZUtmVnhOX0JNQlNRZ0ZKZVZYNnJtd3hGWVdENS1TWjB0el9fZlRBRkYwTnh5SjNoNVgyRm1DSFdnWTBWMFpNODZtZVhfSnNENm1BTUtGRmc0bDRYcmFUMmFhNFBMdmFLQjdVc0Z4NEZKdlNNZ9IBuwFBVV95cUxPdnJuRy1mWFJGWUZ2UUhMeU5Tc0VLWHlLSktaZnVOUzdLWExKeWJZdDFSZl9UT255OWdXWENpZWViY2M4S1lHVjhmOThlQXBxdGpfdjFLUDRiczh4S0J6QjJ0WWt0NnpiWU0zMUQ3MHVucWswelZSUldhWEZVYkVEdVo4VkFJSlRQR0pqRWE2bFVZS1pEWjlBV3JTMVJVYXVBVkM4cnhBa1lnOTlobTd6T2FPYWNNTlJfb05r?oc=5,Google News RSS (10-Daily)
11 July 2026,joecy.org,Media Massa / Pers,Tier 3 (Lokal/Independen),Persepsi Mahasiswa PTN Surabaya Terhadap Performa Kinerja DPR Periode 2024-2029,Kemahasiswaan,Netral,https://news.google.com/rss/articles/CBMiYkFVX3lxTE1xa0dsc3RVeVBRcHh5ZzhjanNlZTI0enk4LTNEcllKN2tvUm5kWW81UFpQYy1SYWltQmpaRlpQSDdhSEhqdllITmZ1dVE2eXFxazB4MmV2WkRDcmdja0tOeTdB?oc=5,Google News RSS (10-Daily)
18 July 2026,Kompas.com,Media Massa / Pers,Tier 1 (Nasional),"Kronologi Dugaan Pelecehan Seksual di Unesa, Korban Bertambah Jadi 26 Orang",Isu Hukum & PPKS,Negatif,https://news.google.com/rss/articles/CBMi0wFBVV95cUxOVm9lUmR0dVk5bUhNcmVqY0htU0pzbG9JeUpIcDdKdE1Jc1Y2dDlpZTNyYXZBLTMyOHdQaEdxbU9IRDlfMW5fQlhiZVlDSUxibWdVZUduZVJ4UXFxVzRkTXBrQXplSFpTbWNhTFRTOW4ySVk3TEl5Z0xzUHR2S04yQk1VMDBkZHVEVXlXVW1rbGNmQllIZl9CRG44SkFGUU1KMUZMYmt4dVdNa2RnUEhRZlpxbUdtMGNWSWdhT1hWVmpDTlZTQ0pVUnNnS1NQRUhPYVBJ?oc=5,Google News RSS (10-Daily)
19 July 2026,bacasaja.id,Media Massa / Pers,Tier 3 (Lokal/Independen),"Heboh Dugaan Pelecehan Terhadap 26 Mahasiswi dan Dosen Perempuan, Unesa Proses 6 Mahasiswa",Isu Hukum & PPKS,Negatif,https://news.google.com/rss/articles/CBMivAFBVV95cUxNamxVRkhIeUhhXy1YUlhfaFZvMnNkTDJTakpidVZuRkh1cTlTYzFwVzc5dFJkY1pBWFhHb3AtMW5UX0ZrWmNsclNnOWxyZnRsT0pkTGpqa2YxalYwb01MWU1nU3cxLTJFRnNqYWxlVV92RXhodkpNOWlldmRnZVV4eHRGOXI2SmRfYlZGSS1ta1YxUU50Y01IVXlqZmtFUm1aTEp6aTZmZlZGZFRQWTQ4UXJ1VmpUQ2RuMEFiTtIBwgFBVV95cUxPZmRCeUhUQnRxUXQxNl9yaHFtMGh4dGdvdUN2N3hDY2pBNlRnZmR6Z1hieTNJeGt0QXVRVU9STDJPYzZYLUhodEpxUG44ek1TamNmeTVycnQyZ1d2SHNsTmVESlNFUU5sRENRdWgtVXRiU3YwTndFZndVbWFfWWttcndUOFVrb3J6WTFqeFdDTmZPekkxZnFXOFFCbXJjVzBmSkR3cDYtcG9fNzl0Sm4teVdsalR4U0ZTdFFPc3BKWVk1Zw?oc=5,Google News RSS (10-Daily)
13 July 2026,TIMES Indonesia,Media Massa / Pers,Tier 3 (Lokal/Independen),Fira Modelling Disability: Aksi Nyata Alumnus DKV Unesa Perkuat Ekosistem Inklusi,Akademik & Umum,Netral,https://news.google.com/rss/articles/CBMivwFBVV95cUxQS1I1aUt6Q2lSekczSW9XMzdNdlhSelROUDhPelJBdFRPRmJkQ0NjaDFlZ0dqMDVMdDhWdV9iNk1BYlVla1NiVXczSDJ2clZDai1vLWc1RDNNVF9FM3VDc2EyTzJqTFlQbWxVN2h5M1FJalVfbWdVYTRqWFhmZW9nQlZFTHZ4a3NSNGw0MjFiZm9rYXlyV0RoUVVzQWRBV2MzSTk0TVA4cEZ1b05tSnY0XzZnZVl3Q2NMMXJoRGh5bw?oc=5,Google News RSS (10-Daily)
17 July 2026,malang-post.com,Media Massa / Pers,Tier 3 (Lokal/Independen),UM Juara Umum II PEKSIMIDA Jatim: Raihan 57 Poin Ungguli Puluhan Kampus,Prestasi & Penghargaan,Positif,https://news.google.com/rss/articles/CBMiqgFBVV95cUxQdDIxQXNSNi1fN28wbzI3VkN4Z2poYkNuSnR5MEZIMmwzOE1MV3BWR0RkeUd1OVRJLUNDNDZEU3Yta1RVLWdDWTJMcjlOY1dOMlJ3TUJ2Njg1bUNBRzlEWUk5TjM5clo2eGl1bGt2aWxoSFRXMDg1Tm1SbmMxTzI4aEpxblFtd0lBOWpkZngwMWRXYWlqY0QzS3J0aTYtcl9Wd0JFbUNaWnRpZw?oc=5,Google News RSS (10-Daily)
17 July 2026,detikcom,Media Massa / Pers,Tier 1 (Nasional),"Kreatif, Anak Petani ini Ciptakan Cara Mudah Belajar Matematika Lewat Tarian",Riset & Inovasi,Positif,https://news.google.com/rss/articles/CBMiwAFBVV95cUxQc3hNS2tUY2NCdzRaclUzVUpIdVhlalRKbU8yMnVIYzFvaEFHdkxKanZXRjczbzVsU3NMWWdWMzFoeThEaDBfVExXbW9XU2ZJdDUxa3YyUGVPcVNmUlo3WkJkbC1RempwR1BERWNxS1dsMjA5M2l1V2tJaldIaExxVUh3c0FUVGIxUDRTd1FQT3BGRXhBSnNsU01QcUJhOWJnQmVzR0l6TUhKUGp5dTdsTnNnYzlmVm5TTjAzdzEzLXDSAcYBQVVfeXFMTnpBN2dmaFNBUE9taVlCZzhRWS1QaHhMa0QzaXlyV0VncXkta1UxcDNNRmRDWktSamo2ckVDSEJjNU5zeExnY0U4TDFQaVFMc1hON2VLa1dtODBlUGVEeXViZUpUcFU2Q3hIOVdzNmJRbEw1OWdvc0d3eFROTVRFeE5YWGRDRDJaNmpxeFE1LWNRXzJfeUdMeTdFcEdCWFM1WDhIUjRMLVYwcV92UW1oTTFDSjZBenlIck1jT01DUVNONXprX3BB?oc=5,Google News RSS (10-Daily)
15 July 2026,detikcom,Media Massa / Pers,Tier 1 (Nasional),"Jalur Mandiri TMUBK Unesa 2026 Masih Buka, Bisa Tes dari Rumah!",Akademik & Umum,Netral,https://news.google.com/rss/articles/CBMitAFBVV95cUxQVXlSQ090VEstUnVVVzVkT0NjUGxvVjBuQVlrUkhhMTQ1RWxxZXo4Mmw0THNvUzVReEVtLUxFdWlCdEpES2tySEExU1QxRmxqNkJkRTZzMlMyUzhYUllxMHhaLVM2NENrY0dHUWRoR1ctUDZ5U3lyUktVRGhPZHdIVHlDUFdFVlRUZm9VV2VaWDNTcHp4VkZ5M3ZaNTVwbmgtRHU0T2VpdWplc1czVnZfNmtkWlHSAboBQVVfeXFMTklEdmgwTnVqSGk5RFFnSWowbGphUTBxZy12SlNXS0pHS2F4blB4cm11T0k0d1hSRXVsQ0JYcnZvakxFcUdFdDBERXZYWVRDZTROeE9fcmxrYkYyNE4tN3dDZU1XR1ZEWXpYN2ZaNlZhbGhESXcteV8xbnRudEU2ODRHbjZxbEZlbHcydmh2UFZCaURydkdTNk5QcEZ0TmZGaDJ2WFlHbUpIMFFIOTFCY1RxWmlxUWhRZkhB?oc=5,Google News RSS (10-Daily)
20 July 2026,Padang Ekspres,Media Massa / Pers,Tier 3 (Lokal/Independen),"Kasus Pelecehan Verbal, Unesa Nonaktifkan 6 Mahasiswa",Isu Hukum & PPKS,Negatif,https://news.google.com/rss/articles/CBMimwFBVV95cUxNbnNmZmtuT1d5ckdJbjdzODZvdE5qU25VZFFpTkdoalRsU0dkeVM3VmhVSWNIMkNqUFNPVTZPS2lZZjJQbXFBaDdURXVUbmZpa0RDR05Tc2JkZDlZbjRKWlhTbE15NHNHUEdRamwwRUliODNfcTZyWGNuR0J2RDZnRTNieGVNaGJvb09TUG9aNjBxUVlSWFB1ejRDNNIBoAFBVV95cUxPOWc1M0ppTktsLVpnWTBUbWNwdEIxLXBTT3R0QVg4dU8wZ0tETHZLcFNSQlp6UEtiM1ZMNmtwNlFlbkE5Vk9MZXl2MUV1VmYtVWg1TGxOUTRsNkxaUk9FV2JYQXBxeklhdmdXb2xUVlFNT1BRSURxaUVjMldsOVUtbnROTUxHQ3J5V0N4VmRMRDlGRUFFd3pGTTA0dTJVaVp4?oc=5,Google News RSS (10-Daily)
20 July 2026,news.schoolmedia.id,Media Massa / Pers,Tier 3 (Lokal/Independen),Guru Besar IPB Soroti Kondisi Laut Indonesia yang Kian Memprihatinkan,Akademik & Umum,Netral,https://news.google.com/rss/articles/CBMisAFBVV95cUxNSEdhQVdhTkQxVUxkNkg4el9ERGs3ak5DejVxU0hKdTZHWTExZjBnc2RPZkVOQnROb2gyamtrQnlCZ0hKX1c1T3R3alJfZS00c3FjdUlHZ3dKZF9iLVRsQlRtOF9ucGNsSHpoWF8wM0o2cjRZeXhVVTJmTm5lTUg5UWE2RHlkdW1FRFB5Z0ZRWXZYMXBTM01PYXpXS2NhdTNjTVNWbDVqLUFhTEZMS3FERw?oc=5,Google News RSS (10-Daily)
15 July 2026,republikjatim.com,Media Massa / Pers,Tier 2 (Regional),"Cetak Lulusan Siap Kerja Nyata, Ilmu Politik UNESA Gandeng DPRD hingga Media dan SMSI Rancang Kurikulum Siap Kerja",Kerjasama & Internasional,Positif,https://news.google.com/rss/articles/CBMi5AFBVV95cUxNb2FqM1QwREZhWWhhTlQ1bGt0cGhQcWtxNjhYX1BmOW9vQXM0UXN5RlE5Uk5oX3dNTUZRLVRMVWN5akd6ZGE1bmNtRVA0dnFjY2c5eWF1c25aVVVQdXh0T3o4Skg3QnVVMjVKUmFBOVM5dGhZNnZQd0FjdlFHU2ZWUDdFRlhTbEQ3NHBOU3FNenp6LS1QblEzdGhwWDFVbjYxcmY3NlVZYW9LLVpBbDZlZDBZYVNxTFdmT1p0MHRXZHBGRkxDVGFJUklwQ1pJY3lkdkt1RjFiNlA5Z1ZKTFIyeGVtaTbSAeoBQVVfeXFMUEpjaE1ibVFOenp3cXlnSjNMQjgtdEFRV0o0Z2xGYTJERXlpNnc1TmlZSEt2RzAteUowbDRHZUxCX3lLWERKRDNZSlFpLXNSX1RPcGlhNEpGRkgtOWhPVU1zV0VaR1k3SUZhLXppZmhzdzZYZ2NSUkdPM3U4ZXk4M0pVczFUNWVpaUUzUDRsbkNQQkk2b0V5djVvQ2dZOFltcVAxT2FqbFpRWGZYTEYyZmk2YUhtUGM4Vk1oeVZZeGJKc19TeThoYkJ1RmY3WTBnZGRCRFFENnJkdWRuWENlWEFkUlo3MjFveUhR?oc=5,Google News RSS (10-Daily)
13 July 2026,jatim.viva.co.id,Media Massa / Pers,Tier 1 (Nasional),"Kisah Inspiratif Alumni Unesa, Dirikan Sekolah Modelling Khusus Difabel",Akademik & Umum,Netral,https://news.google.com/rss/articles/CBMisgFBVV95cUxPRFhxLUdZVjBmS3FNUHRjUlR6RUx5R3VYNVRzenhhSzFqYlUzd21HVjBZOURuZi1jZEoxdmdGR2pVYUUtWExWS0RpU1gyR1J0TlhnajNIWmVPTTl5dzAzQ2F4dTBiS0xzSFA2SDB0anJLdUszMEVud25CclZ1ZV9LZkdTRS1DenJwUVRMcDloZ2RJVjZ5MDdDTk1SeUtLV3lHWDY3b0YwV3NEeF9xSTM2YXBn0gG3AUFVX3lxTE84VGlUZWlqeTg5bXphRFB3NmhsUFE3OE9nNGdvZUFOSVdVRzBORUliZ1pfSFlfSC1GSVV5a2RjS0l5a0RpWlJKS0oyemlPSHAtVi1zODB2TTY2QUoyVHpKV2dEeUc5ZmNCWEV6QWRScEYxZFEwaUZDdy04WGJhVHc2eFNqaWFjWXNfRnJ6cGZWTkFKM3pzTWtsWDRGT2Nrb2ZqQXJUTmVUdlRPSVo2NG9CN3JfNzNvSQ?oc=5,Google News RSS (10-Daily)
14 July 2026,Jempolindo.id,Media Massa / Pers,Tier 3 (Lokal/Independen),Tim PKM-VGK UNESA Kenalkan Inovasi SMARTBOYSHIP kepada PT PELNI,Riset & Inovasi,Positif,https://news.google.com/rss/articles/CBMijwFBVV95cUxOVFhWOGx2bzVQUGRFM0Jocm80RXFSTGpMREhNX2dCVEFkR2ZLNW9ZOEhNOEdmanNpMWpUck1XeFRDMkl5VnFXaHBRX3ZBVmJydDNvN0w2eGZnZXU4R3RJSjZPb3pSdFhtNHd4eXJYdmlWTmVWb29NaGxLb0xxamVMNnhTRVlJS3dubEZvZmFaVQ?oc=5,Google News RSS (10-Daily)
19 July 2026,Suara Surabaya,Media Massa / Pers,Tier 2 (Regional),Unesa Nonaktifkan Terduga Pelaku Objektifikasi Seksual dari Kegiatan Kampus,Isu Hukum & PPKS,Negatif,https://news.google.com/rss/articles/CBMivwFBVV95cUxPQ3pEZnpMTVNSZm91SGNXRjNMS3hORUM0VGlXRXhPb2xrcU5rMmVyZTdGSk9JWFZHSzB2SER3Z3pRbEpfdUNnTVdrZVJ1Z3A2TThXRFFwakdMV0ZhTzlfelJaTm4tVW1seHV5TGFzb1dzalF6Rk93VDJHYUxGcWVCSHI2UHJuQ081ZjN1R1hUSm5BOF96Wm14NHZEaXhpNG1lcm5VbmNDN3hWdU00cTNyMTAxM1BldVN1WTIyMDJfc9IBxAFBVV95cUxNbXlzTmE2ZHk3TGhiNExjYWdFQ0pHSXlFN3ZVcjNjYTZuZEpRcERQWUw5RmRmSVBLOUFYOEtKMmJpM216Y3dzNk5mZ2wzQ21qSFZXWFQwdHVNTnRTOS1PU0ZLRm5Wdmt5eF9rdEJTQmdUVWJMbjFDNG0zaGlQRVNIbldwU1JrSWw0QlNYeVdLQ20zMkNBZ0RKMWk5OGVZcENHeEVNWHliQVdVb2ZwZnN6bVlobHFBSW5MNDhkU09HQXdOZ0Vl?oc=5,Google News RSS (10-Daily)
20 July 2026,RRI.co.id,Media Massa / Pers,Tier 2 (Regional),Nobar Final Piala Dunia di Unesa Perkuat Sinergi Kampus-Masyarakat,Pengabdian Masyarakat,Positif,https://news.google.com/rss/articles/CBMiugFBVV95cUxOUUdOaDFPOTJNdjdYbGxiLW9xRGppSlBXekoxb3lxYnVmYWpYa1QtQ3JsbHVMalNlU0ZtVUljWDNFWTZNdEJuOXFTV0NCSFU0OUh6WlBwcWhWbkNXR1dJV1dQV1E2azRyUXBYaVlZbmpMMkctelVzQ2xwSkVnQ3JvRXZ0N2s1Zml3NEUteTNVMDVVNW9Kc20xWno2YjJJVS1KWE9vNTVOTV9Fck54a29kVlpUZHlINjZST2c?oc=5,Google News RSS (10-Daily)
13 July 2026,Fakultas Teknik – Universitas Gadjah Mada,Portal Kampus / Akademik,Tier Kampus Mitra,Peneliti FT UGM dan Mitra Internasional Kembangkan Jalur Pemanfaatan Red Mud Berkelanjutan melalui Proyek KONEKSI,Kerjasama & Internasional,Positif,https://news.google.com/rss/articles/CBMi0AFBVV95cUxOQlljWHJYX0xsSUpUWW90ZFAzM2NsZFlFV2ZZX0FnaWtjTkUyeWU2VE9vaUtNNkRvbUVDRTNma0habnA5RHhjeVNNZGZzcWgxNXV3YS1rVnBqQXdyZ0ZTdlF3bG5rYUwwY2M2UEdWbDNLenlQN3hSdXVhSHBqUExzZ3I1Wm9Xemt5UlVhRzZYOUhqU2RtZkpGczBpaHN5OE9VUFQ0eThsV1VVc2JYWHpuQXN5eGNhWEVoMVJfT1ZrRTlVR2VsbmNmNEtYYVhfMzZv?oc=5,Google News RSS (10-Daily)
19 July 2026,HARIAN DISWAY,Media Massa / Pers,Tier 3 (Lokal/Independen),"Unesa Dalami Dugaan Kekerasan Verbal di Grup WhatsApp, Korban Bertambah Jadi 26 Orang - harian.disway.id",Isu Hukum & PPKS,Negatif,https://news.google.com/rss/articles/CBMivgFBVV95cUxOdjh5ZDVfd1B1Q0gzZWdqYi01M1JYdk8ydjBHTnNLRG5MYWcxdTBtUmk1aE1HMktsaVBHM24ydk1fLVlCZ25RQ18zUHVlU09hcDdlc3FGN3NjUDd4XzJLVDFTZlpMRUZUcTJKRXFiek8wRFJnaW1VUzdib0FHOHVYOGV4VjdTbXYxX2lOQ2huMU5aUWdpQjh2WGROOEg0WmVqTHZmSF9EUkVJekZEb1N6S1hXM2VBV09YWXRsekhR0gG8AUFVX3lxTE5VMk95MVFXNWlsNTZ3MHdVOXFiRUQ1Zld0dzk0V3F1WllnczRqbnJGY1dxUHQ1VzVzLW12YnRfc1ZiajFRcEhlUG8wZGxYMF9yWUYyUVFrM3lCVjdCb0IybVhDM3h2bWVsOWZTSTB5a3ZHb3J1T3ZxTm9GVTRrTG1WWVdaQ2RqbE51OWVsS0gwRzNNWDJLQVoyd3hnZUt4SXZ0azk4WDhQVkZBNmhxMmllMXVoVXZTYUVnQjgt?oc=5,Google News RSS (10-Daily)
04 June 2026,fib.unair.ac.id,Portal Kampus / Akademik,Tier Kampus Mitra,Seminar Nasional “Kajian Sastra dan Budaya di Era Transformasi Global”,Riset & Inovasi,Positif,https://news.google.com/rss/articles/CBMiqgFBVV95cUxOYm9xNTZWcTdRNU9hTWpfSndUN2ltd0VvYWRtUnNwajNteGliNE16VUxHclkzbllzWWllSjFXcnQ0Q1llS2pkeWVTOGUxeW9MVlhZOGltbk01OHJMdGtKc3RTSUxnVjBrUWV1dnJsMmE1SURsYUdpcE1XU0dvLXk2RUtheHJDejNZVG81SFRoYnFGQi1JMU9UQUFxQkdCMkNzZ19kMG9qeW5lUQ?oc=5,Google News RSS (10-Daily)
18 July 2026,Universitas PGRI MADIUN,Portal Kampus / Akademik,Tier Kampus Mitra,Fakultas Keguruan dan Ilmu Pendidikan,Akademik & Umum,Netral,https://news.google.com/rss/articles/CBMibkFVX3lxTFBOd3laWHVIdjAzbGpZcElJZk8yMzNNYU9fdlNXRUJOU2tqU2tUb0tXQ2ZxYndmZlhGbVVqeUdfNHYzVDMyV1N3eVdEMWx4VzFPYS1aVU02YnNGdVVNTlU1ZHk3b1pVM1JzdHE0cFdR?oc=5,Google News RSS (10-Daily)
19 July 2026,Media Indonesia,Media Massa / Pers,Tier 3 (Lokal/Independen),Unesa Nonaktifkan 6 Mahasiswa Terkait Dugaan Kekerasan Verbal di WhatsApp,Isu Hukum & PPKS,Negatif,https://news.google.com/rss/articles/CBMiuAFBVV95cUxQeDRFU3U3aEhRX2RSUzdkTEJGRUJ2djdwQVJoRlk2eUdVdXYxcWxVSGJuVU04OWFSUHhiZHd2WFJ0aVdrMFppY1Z3ZkFnVGhOTjRDZWJ5Tnp5Sk1xd0wtdENIVTlNcHdUQUQyQnBkQXprMDZpMGNmVi1BdmdmQ0o0QktVVDB4N1U4Z2xsaGpMTG1vNGgwYWdyc2pxR1gxYk9GU3gxZ1k0QUM4Z0RkYkVWWkpVbms4a1dR?oc=5,Google News RSS (10-Daily)
15 July 2026,Universitas Muhammadiyah Bengkulu,Portal Kampus / Akademik,Tier Kampus Mitra,OPTIMALISASI PELAYANAN ADMINISTRASI KEPENDUDUKAN MELALUI LAYANAN JEMPUT BOLA AKTA KELAHIRAN DAN IDENTITAS KEPENDUDUKAN DIGITAL (IKD) DI DESA NANGEWER KABUPATEN PURWAKARTA | Setawar Abdimas,Akademik & Umum,Netral,https://news.google.com/rss/articles/CBMibkFVX3lxTE5BQzkxRWZtVmJ1NkhhTEtOc2JRa0NGSmZlcUxsZnQ1Q1FPVWFfNUhXdWQya0p3bHVTWk80MV9idXV3ZlI3d0p3MFJxaGp6aFc4V05FMGQxTWhMSHlTUlMtaWp0TWs1c2l0d0h2TFRR?oc=5,Google News RSS (10-Daily)
20 July 2026,Suara Surabaya,Media Massa / Pers,Tier 2 (Regional),Final Piala Dunia 2026 Jadi Ajang Unesa Bangun Kolaborasi dengan Masyarakat dan UMKM,Pengabdian Masyarakat,Positif,https://news.google.com/rss/articles/CBMiyAFBVV95cUxPVTMtMGRtTHVxRG8xdWdMbTBidUxfVmlkdHpFODAzWkYxdk9JNUZVRi1yOTNWZ1dkbWJLQnN1bm1WS1U5QUtDYkJUeFpNMU1tQjZveEt1NXFwcEVNelRuTHlUZ1ZXZ095amo0NEppNWNsSC1KUEtHTzRXVzBnZ25jNTJCalppak0zTVkyNjAwNlJMc0oyZFBFQVJoQk8yVWR6MGJmMnRDODRTNXprSnVjVlBndWJJUnRtdTRWa2dYYTlGMzVFMU05RdIBzgFBVV95cUxQX0JwY3VrWll0UllmMGRLSTJGTTh3b044MTMyNDg1MWZkV1JfSUFWMWNLTzAzXzNLUjdyX3lXZ2xRQVJubDRBemtHV2dSZnJUd01TZktUdDdsc0R3OFBmU1JlNHpWQWlxYVJTbkY2WUZaQjJlemktcm5wS0MtQzhjSjBHYmZaS05PeFFZWnVGTy02RGJ3MkkyRUY0NXBpTDFpajBydjUyU2d5eHZMX3g3MkpXMDZpSGVvdGc0cnRHWHRyNjR4NU94anM3WlZQQQ?oc=5,Google News RSS (10-Daily)
14 July 2026,Suara Merdeka Surabaya,Media Massa / Pers,Tier 1 (Nasional),Alumnus Unesa Rintis Sekolah Model Khusus Penyandang Disabilitas - Suara Merdeka Surabaya,Akademik & Umum,Netral,https://news.google.com/rss/articles/CBMivwFBVV95cUxQa2t1YkQxUm9MQTE0Tzk1YlR6QTdSQVY3VE5GSkZEdWVnV3dXdUlLVkR2UWx4ZzFQTngzaU55b1B5Q2c3eWlaYTQ5RldWeks1ajNzR1VraDlqQkNHWjA2VzhjS3ZvZGVIM1RqVVZ1Q3lvUnctaVgtYlBlbDB6eC1RM1dBN1FSb0M3Z2NYVlRvTDlZdDZhVTg4a3ZXWGZpTk1YU3BTa2VJaXUtaktBQ0tsT3pJV0VkNW9FQnlJeGtkc9IBxAFBVV95cUxQTnhBOWtZaU9RZi1DZnVZb3BYdzVYRFFISXBiZVlvbG9fVlZ2eTZNeVA0SmVEX2FDNFFxWFJ3bjJqb0UxNGo3elVQeDdmRmxQbnVqQWNpRnFZN2cwcTQxSV8zYWpjQUx0LU9kYURTN25Ydk1tM0V1OWl4c3owd0JkaEpJUVBGYmNfLUJ5d2hnalJfLVJBWmtCaHVBYzhtb09IamFMR2FWeE9VakpFcGdxaDIzcDdNdVBEc1hLM01CNmJDbUZz?oc=5,Google News RSS (10-Daily)
19 July 2026,Grid.ID,Media Massa / Pers,Tier 3 (Lokal/Independen),"Kronologi Adanya Dugaan Pelecehan Seksual di Unesa, 6 Mahasiswa Terduga Pelaku Dinonaktifkan",Isu Hukum & PPKS,Negatif,https://news.google.com/rss/articles/CBMi0AFBVV95cUxNVGloMEhwWDNLaG0xRS1XSUtFdTNDMkpZY1dJeFVNWVdNbk1GWGU1Tk10MUF6MUxPWkdwLVlfaXRVbS1tTWxZbW9TRnpnWmM0RHJHazJ2WEpYTFFBb3hTMTBNRGtnUlVQWDNjWEozTjNVcHJTM2FxenVIdW9Pdm1RVnNLQmt6d05XY3VSQUtnWXFpN2R3YmFGU2U5Rml0M2xNY3BZSkhsRUMtbDFqNGMzQUtNZVRDRGJvalZrWmRMeE8xakIxUnhrYVd0akpvc1hK?oc=5,Google News RSS (10-Daily)
15 July 2026,STIKes William Booth,Media Massa / Pers,Tier 3 (Lokal/Independen),Category: Kegiatan,Akademik & Umum,Netral,https://news.google.com/rss/articles/CBMiYEFVX3lxTE5PVi00LWpxSEVOeC0wQ3Fna25Ib0o3ODI5QmVjTGp3cVhLNnhKZzNleHA0bjFtVlRnZFl1X1FsTmJZS1J2MU5yQUx6elhYUXF5SXV1WXJjZEVwRUNZN2VOYQ?oc=5,Google News RSS (10-Daily)
19 July 2026,Google,Media Massa / Pers,Tier 3 (Lokal/Independen),"Mia near MIA-KOS, F Gg. IV No.2",Akademik & Umum,Netral,https://news.google.com/rss/articles/CBMihgFBVV95cUxQdjJZR1hKekJialhDNjdkYmRpNlVYTk5oem5YeU9JWUt0QWZZdnFraDVmTDAtb256ZklSTUQ5cWU5bENxT0l0MUNjMUFpZ2ZoZl9QN1g5U2lWemdSTWNJQ0tCU1RsNEJwNXQtYmJMbnZWQXI2V3BhbkFoSE1HSVZqdmxJaW1sUQ?oc=5,Google News RSS (10-Daily)
18 July 2026,viva.co.id,Media Massa / Pers,Tier 1 (Nasional),"Fakta-fakta Dugaan Pelecehan Seksual di Unesa, Korban Bertambah Jadi 26 Mahasiswa & Dosen",Isu Hukum & PPKS,Negatif,https://news.google.com/rss/articles/CBMizgFBVV95cUxQWEp6ZHJvN1hpTWlhWXUtRTNTM0NheEVpMmJoa2diV3VOajhsbkstQ2hqUkpzbEZ6NGdaandlZk1qWjhwcEZVVG1ZanVkZzBVdlNlc082TU45bDQzNEtLbFhTNzZzaU9lM2hsVFFOYkJEUkJrYVN3XzFzT2hKaGQ1RzZNVjdsXzFKRFd1YWlFcTFJYkU0T3AwSlJBZWs4Rkh0eWpCdkk0Q1Y3MzNzTWpMc253aUkzQjV2bW5pTE9fY25fNDhIZEM5d2YwbDRBUdIB0wFBVV95cUxQNDVTNUdyTjVsUkZCOVV2Yjc3NWxIdVhPeHRXdllqWGVLQ3NPQzI5S0ZxUi1DTVl0Tm44NUxaN0lmaFZaemJHSmg3TnNZZ2NWdVVLWm1JdmFjS2puQ3YxNjF2cXlJekV2OE1RbVRJZUlDR1Eybi1sZFJOckEtRF9wQS1SNG40QVlWZVJhR1h5RXVMdWYzWmVHNzFacnhsZGc0Zy1IZnVMVmZKX2RRUElFc0I5X2Q5dHlhN0JXZzdNcXJwcnZUQWl2bWtiYXBPSDFUWUtz?oc=5,Google News RSS (10-Daily)
14 July 2026,beritajatim.com,Media Massa / Pers,Tier 2 (Regional),Alumnus Unesa Rintis Sekolah Model Khusus Penyandang Disabilitas,Akademik & Umum,Netral,https://news.google.com/rss/articles/CBMikgFBVV95cUxQdWcwRzZKQkRfY0FFYVJrcWp5NjUxME5aUkRjRGVMWkxONklRbFJfWHFicEZISzExSUZWbUJHTlIwTW9naUxQTWxGX0VlRlNYNy0zRzZ1alg2MjlESTdfdkI1Q1ZSUVJCZ2VDMHQyQ1A5RHZZeDZCaEZFa0Y3WXRTQWZlNXg0V2FiU2dBRnYwWUtFQQ?oc=5,Google News RSS (10-Daily)
17 July 2026,surabayapagi.com,Media Massa / Pers,Tier 2 (Regional),Kampus Berdampak dan Masa Depan Pengabdian Mahasiswa,Kemahasiswaan,Netral,https://news.google.com/rss/articles/CBMikwFBVV95cUxPVWpHNEtmVUVwX0hlS3E2c0wxc0RKUXhUMjZ5SlFjXzd4QmpSdG5FQmo5ZjA3MTI2LUhudGF5bWVqd0tIWHd0OEhxbUJuZFlucWx3M3o2bU03YmtGeXNxMmdiRUFieDY3bk1USFBxVUFackJqWHR1M2VlOFFvTThNWmxQc0NKbXpLSlM0a3RLa25HRlHSAZgBQVVfeXFMTXlCU1hLTnZ6MldaOXg0X2kyeG5vdHRiWE9HYUV1Mkp1SHdRVGJrZW1VVWVlcEpla0VkTUhuSF9oVmtFYlJoRE1kRm40N0gtMlAwZHJZMllzSWlCdU8wWGRESEo5Ql9pWkNVWjVHbEZaNDA1bUMwd2c2VnNmVzloLWwyQWZRTVc1VUVkNDVxODBCZDJfbzFKaUI?oc=5,Google News RSS (10-Daily)
20 July 2026,afu.id,Media Massa / Pers,Tier 3 (Lokal/Independen),"Unesa Nonaktifkan Enam Mahasiswa usai Dugaan Kekerasan Verbal terhadap 26 Korban, Begini Kronologinya",Isu Hukum & PPKS,Negatif,https://news.google.com/rss/articles/CBMiygFBVV95cUxOY2JWTkRLeHBVTlg3WmVtYVBOZk1xY0ljdWZmcWxsTWpTQjhGM1RIVnV5X0NJdVdObHhLVjRJWXVJQXc3WnVNQkhQWUZENU1PYUczZW1QLTRzTkVpWkNfWFM3enZaby1GLTRuYW4zSHB2aEw0azV2Q3dpYlVhN3N6UUNLa2UxNDhPNG95SFdyQjFTSDJ2MzUwVEd1QVVvbE5MUy16bThLSzdxU1hJak03M0x3LWY4alNyMENwRXQybUhEckNhdnM4TDVn?oc=5,Google News RSS (10-Daily)
12 July 2026,edukasi.kompas.com,Media Massa / Pers,Tier 1 (Nasional),"Jalur TMUBK Unesa 2026 Buka sampai 24 Juli, Bisa Tes Online di Rumah",Akademik & Umum,Netral,https://news.google.com/rss/articles/CBMivAFBVV95cUxOd0x2Qk12SlhPR2tTRVkxR0hQNm5DR3ZZQXhISFRJU2FPdUlVZ2FnZGxsOXVGeGdwY3NaWlFaMzZ5M0NuRVJQTnZEMjY1ZlhmclR5a3NEYUxUYVdWTWJ3cTdkbkpVRF9BU3BHYllBZUVmaGttX1RPaFRHcjVQQ2Zva1NxNmI4QVpKM0NieTZlVmlLUGhycXczbTBvcW1RcVdoMnBrX3NZMllKUGRKM09qdDBlV2FXbXBsckh1ZA?oc=5,Google News RSS (10-Daily)
19 July 2026,beritajatim.com,Media Massa / Pers,Tier 2 (Regional),Unesa Perkuat Kompetensi Guru MI melalui Pelatihan Pengembangan Bahan Ajar Bahasa Inggris Berbasis AI,Pengabdian Masyarakat,Positif,https://news.google.com/rss/articles/CBMiwwFBVV95cUxNMEFmWV9ScmtrVVktNnJ4MDdMQ0lHTU1EV0ZuM3VwZ3JXY05qbjFpQm1XX2pCQ0o3aFpSYVZGLV9ORTR6bTJVRXdPTC1FZXVSdkhvUlRqRmNQNC1hY1pubXlJRDRXN2hRa0FkVWlyNzAzdXRmajVKbFJkd0RqOF91NjJiUHQxRGp0TmVKVzdWYlJFT1J6TGV1OUFxakw5OGhPTHdJRXVmNTVlcjVhTFRmc3JLZUhwMlhEcXM5d3lya1pyc1U?oc=5,Google News RSS (10-Daily)
18 July 2026,BeritaSatu.com,Media Massa / Pers,Tier 3 (Lokal/Independen),"Geger Pelecehan Seksual di Unesa, Begini Kronologi Lengkapnya",Isu Hukum & PPKS,Negatif,https://news.google.com/rss/articles/CBMipwFBVV95cUxOaWdRSGlEUFIzZU51OVdVa1JtQnFCbDJPVTdETVJUd2otSEhMekstZDBpV0puc2xtaEFIU2lqS2hoVHJrdHlLOW1OcHVIREZwb3c0OHRVdGRLYlAtZjBfLVVFazJiN1VhLUkybkdTN2RQUFVYU1QzY05WeC1TeUtSQ2lGQkZjSkIyNVZxc3lBNkxNR1FRR2pjeWhsX0JyWXlJdno3WXhFQQ?oc=5,Google News RSS (10-Daily)
20 July 2026,RRI.co.id,Media Massa / Pers,Tier 2 (Regional),Unesa Nonaktifkan Enam Mahasiswa Terduga Pelaku Pelecehan,Isu Hukum & PPKS,Negatif,https://news.google.com/rss/articles/CBMiowFBVV95cUxNQlhjbHg4TjlFY2RGUFpLVGhPSnJTZ01xaFo1X2U4ZkZ6UFFSM0tYSzA5NGhCbHZpMU1RMXNBS2ZjWVRLazNKSEFCWFVmVTdkYmhDQVhDVGlXX0UzZlpjN0pHX2NoOG9JUF9zbzdLdjNkbkdvaTdKUmVUYUZpelJFRTQtdjlnQ1JZRHVYOWVXcnpxcEFCRjRaWXFUaTl3OGhqNHNR?oc=5,Google News RSS (10-Daily)
18 July 2026,kabarbaik.co,Media Massa / Pers,Tier 3 (Lokal/Independen),"Kasus Pelecehan Seksual via Grup Percakapan Terungkap di Unesa, Puluhan Mahasiswa hingga Dosen Jadi Korban",Isu Hukum & PPKS,Negatif,https://news.google.com/rss/articles/CBMixgFBVV95cUxQaU91Ty03dy1paF9GMnpUS05CT0w3bnUybWlyT1NQZG1WMGd0Unk0ejR1ejl0NUxtRTU2b05BLUtJRTlXRVZXQUNtR0hGMS0wRnl5VWtkYmxEdjA1ZklRZFR3aU1GQ3dNRF9nZXFfVlVPYWR1YjQ3TUpvT1dkU2pyU1E3WTRqWUpsLVU5X3RmWktjcTNDc2ZxMDY3UHZoUERwZEF5WVNBVTdPRE1DOUI4RWFkb0VtUi0zd1dKWXByVWxqSDFnLUE?oc=5,Google News RSS (10-Daily)
19 July 2026,surabayapagi.com,Media Massa / Pers,Tier 2 (Regional),"Kronologi Terungkapnya Kasus Objektifikasi Seksual di Unesa, Berawal dari Laporan Grup Percakapan",Isu Hukum & PPKS,Negatif,https://news.google.com/rss/articles/CBMizgFBVV95cUxNMzNJVGZQb281OWF4YTFIcW1FMWNBWkpHNFdmQkR1aFk4ZWk5TjQ4VDNKSm1CNFNTZGVNeDNOY0FRMHJEZ0dQdExVbU04V1JDZXlEaWhWNXpvV2V4RGxCV2ZGVEVpSWpwNUV0Ry01ZnVsZElONTM0QU53Zjg3eGhRSVMwWkw2NUJTVFVpaElzeC12NC1YUDhJX0JhSDRLUnY1QVp6LUpsU0s1MllDVjhsNnNwWTVLbHp2ZVFKVjRDRUtJRU9mYk5aNERWN3NkQdIB0wFBVV95cUxNY3BBQkhPcjZfYUVxR2RVZWlLY0ZoVEhvTHdtLWxCNWIzQ1pYeHZKb0JUajlJbTVGeURYdThEd3l3NWRlaWwwWWU1Q2FIM1BYbjByV29COFN6ZWlHVF9sRDFwb1RkYmNwd3FRcUNPQktDSm9ldEVUdnVPVTlrWTUxN3JBZGpZcjl2NEJfeVBqZkR0RE9uNTAxNHlLQzNwWDd6MU5LeGtVY3hzdUhuRVlObzYybHlWUmx5QWhEOVdNUW01ZTFKdjJOTTh0UzF6UDhIZEVF?oc=5,Google News RSS (10-Daily)
18 July 2026,Kompas.com,Media Massa / Pers,Tier 1 (Nasional),"Korban Dugaan Pelecehan Seksual di Unesa 26 Orang, BEM Ungkap Modus AI",Isu Hukum & PPKS,Negatif,https://news.google.com/rss/articles/CBMizAFBVV95cUxNMThDQy1lUlB0U3JXdXZuN2lZdldYRTk1YVVPOFZTeV83cVVYODJrejFFTGlfUEJ4cDJHVkZpaEVnemxkbW5nOXNFT0FZbTR2YzktdmQxZXo0bnZRa2pOOE5hNVNHZHNvclRHMXM1VkJDeE1MSGlleUo1ZVg5aUlzM1Bzc1pORlZpTmJkWTgzMFpXV0RZUTdiTVFaR0hVNmg2YkV3Ym9rdWJrMjdBWVpINl9KWHJrR2dNT3BoNHJMWHNFUDgxZ0RleHhzYzQ?oc=5,Google News RSS (10-Daily)
20 July 2026,Kempalan.com,Media Massa / Pers,Tier 3 (Lokal/Independen),"UNESA Gandeng Pakar University of Newcastle, Cetak Guru Berkelas Dunia melalui Pembelajaran Inklusif dan Karya Ilmiah Bereputasi",Riset & Inovasi,Positif,https://news.google.com/rss/articles/CBMi8gFBVV95cUxOVEtWWkR2eHhNRXpISmlXakE3MXRtck9qVHhqSl9HdXZ0Y3RsMUpoQVVEOG5EYUdVY1Rzc2tYYjFRMHhXY2tXNDBvS21jYUdYZmtqRzE3YzFXQVIxVVFWQVZEdFN4N3hxaEtmVEZVWFluUVdWY2lxQWxNb3NhTXdUdDhKZE5UUGJHR0U4V3FUT1M1aGxUU2FIRjc4UVI3Z2k5cGswZXB6MTdIR1ZKYXhnall4WUQtZUZEVzlxeEs5Sk1HVFREWmhoU1FzZ3ZlSW9LR1lWN2tQN3BnX3pyQl9FTVJ5NHZyNHBRVjV2S0FNa3psQQ?oc=5,Google News RSS (10-Daily)
29 July 2026,Kompasiana.com,Media Massa / Pers,Tier 1 (Nasional),AIESEC Roadshow dalam Class Visit Perkenalkan Global Volunteer sebagai Peluang PLP Internasional bagi Mahasiswa Psikologi Unesa,Kemahasiswaan,Netral,https://news.google.com/rss/articles/CBMipAJBVV95cUxNWW9UMk5wdFBlU1M2UWJxalpIcFNPQzA1QkIwbDVrZU51bm9xWldnTGstNGNnV2RHOW0tTWRselpCVW5idWNOSF9Ud3cyNU40Q2Q4MXJCNDJGbXlhMzdJVS0tVUNsUEtGM0Z2bVk0dzFlQUQ4R2gyQ3R4UHZUSWE1by1XcUFIQWlxREhmbXhWZ0dNQWlWajl2aFBWdUpCM0JVZkR6TzdGWlllRVRoY1o5Y2gxcnh3d3QxUU1saU5sb3VyY09EN2VrY0tRdHIwZGI2UnhoajZqVkE3cVliMkRucm84YWRsalhHMkZBdWFYekpmMkJSX3NMSE1tUFdSckpFTWVrdEEwWWZIRHRURGNoLUJPQ1YwYTNoOTlFX2JDVnpwQ2hL?oc=5,Google News RSS (10-Daily)
01 September 2026,Universitas Islam Makassar,Portal Kampus / Akademik,Tier Kampus Mitra,UIM dan Unesa Arsip,Akademik & Umum,Netral,https://news.google.com/rss/articles/CBMiWEFVX3lxTE53WEg0U2dKdWljV0NBRC1HcUttcE51c3dxVGRENXNjaHRTY2ZWS2xmMW1qTzJ4d2NENUotTTRFWFd6RDlVVkpaRXZ6azhqdTZuTWRfSXpuVzM?oc=5,Google News RSS (10-Daily)
28 July 2026,Dinas Komunikasi dan Informatika Provinsi Jawa Timur,Media Massa / Pers,Tier 3 (Lokal/Independen),16 Ribu Mahasiswa Unesa Jalani Program Mobilitas Akademik yang Melibatkan 1.152 Mitra,Kemahasiswaan,Netral,https://news.google.com/rss/articles/CBMiwgFBVV95cUxOMFZIUXFkRFpPelZ5UnlqUU5xQmJnb1hMeHlJN3ZoN1ZjU2dFYXNOd0NzdDZBYWYwV19WZkVIRmhPd3JaVGhZRE1ic19iTjBnNlAzUFNYZ3BWc0I2M3lXNDl2clMyS05EekpGOVNVRVU0QVBQdms4cWN3NDRlOUNRM3liVHFGR3N5cnZOTUhOVmRNSmNrbExvMjYzVkF6SWNJakZkLVhFOXRGVG1Eck5LWFQ3eHBXQ25pUVpUWWt2VTJDZw?oc=5,Google News RSS (10-Daily)
22 July 2026,Majalah Indonesia,Media Massa / Pers,Tier 3 (Lokal/Independen),"PTN yang Masih Buka Jalur Mandiri di Bulan Juli 2026, Ada Unesa & Unsoed",Akademik & Umum,Netral,https://news.google.com/rss/articles/CBMirAFBVV95cUxNSS1tTUFLZ2F6RS15SGxlX1kyWkxEeEx6a0VRUHNvamRiQ2kzczN4RDFHLUx0VTQzLTF6anpsY3BEelNKR3BkM3d1UXFRS2NPMHVqUlZMMnVNMXBlTW1OWXA5cWxTVV9ZdGtuRlhickhJUjNyaXBJTU9VVzVJdHRVLWNQbHlNb2pDWDE2M2xsb2l0bXZNZHNmTFpFTGNEQkhnckNfRWFURTd3bHRx?oc=5,Google News RSS (10-Daily)
23 July 2026,"Kementerian Pendidikan Tinggi, Sains, dan Teknologi",Media Massa / Pers,Tier 3 (Lokal/Independen),"Beasiswa KIP Kuliah Antarkan Zahira Dewi Menapaki Mimpi di Unesa, Kampus Siapkan Program Pendampingan",Pengabdian Masyarakat,Positif,https://news.google.com/rss/articles/CBMi6AFBVV95cUxNQ2hMX0tWSG91VDZmUklieFJaVnR0c3Q1X0l4aFNfM3lETTRfeVc3UzFwN0JFbl9LU3phSEtRMFFmQmVlSFpuTndETUlzdmJwRk1Ta0pwYmdVODdSa3g1cXJoZkQ0LUdhWC1SMmhaN3htNy1ZT05QVmU3aXp5alRVU18tcEl1dmVXOG5HMDMzWmd3bVR4OVd3SHlkWDBQUENaWFU2OF9FUElVcTNzWnd6SDFFR0dOZ0ljbnVoNDlWTjFHb0VIalhjUG1QbmRVU0doeHBZeDE3RWE2RDhfVGtqQWpBYTV5bVVu?oc=5,Google News RSS (10-Daily)
29 July 2026,news.schoolmedia.id,Media Massa / Pers,Tier 3 (Lokal/Independen),Putri Penjual Kelontong Penyandang Disabilitas yang Berhasil Kuliah di Unesa,Akademik & Umum,Netral,https://news.google.com/rss/articles/CBMitAFBVV95cUxQcFBaUEIwUnZpd3NSOWZjUUpPSS15OURJMDlkS2pubFpvRzZSTEQzOUR6eUgyYXBodHI5V2p6Y3ZRZU82b0pEYVdFaElRR3poZm1rUHlDMlJxUDA3TGdvWTRFUFg1T0tncGg1a1lBbktkejBzZzJoRXJFaldILU0yb1Rlc1VHQ3RrcXdMdWdLOVIydlZpaUxJOVRaWFd3Ul9ab3B3cy1wQ2Q5MElNSmFKLWVYSlk?oc=5,Google News RSS (10-Daily)
27 July 2026,NGANJUK SMART CITY,Media Massa / Pers,Tier 3 (Lokal/Independen),NGANJUK SMART CITY,Akademik & Umum,Netral,https://news.google.com/rss/articles/CBMiZkFVX3lxTFBXZW5TMFRtTzlWSTdLVFk0QXpaRGxJVGxnVEt1TXdEcVFGVFVZc2gtNXhoR1EzZW94Uk1mRlYycFloYkI0TnRYUUZ1eENNRGpKTTcxVUtQeHlxSk8tTzIzaWlUUTZ2QQ?oc=5,Google News RSS (10-Daily)
28 July 2026,ANTARA News,Media Massa / Pers,Tier 1 (Nasional),Mentan gandeng Unesa kembangkan benih kedelai guna tekan impor,Kerjasama & Internasional,Positif,https://news.google.com/rss/articles/CBMiqAFBVV95cUxNc0g0cjhuN3p2Nlo2MUdicDdLVXRMVzBsMzFfYnUzUTJpNTRFSVJIWks3ZnRHNTlTdjRVWUlWM0g2SHBockJ3dGVEN1hQb2dQX0VnaktabUhkUHNLNXlfR1BJek50aEFNRUw3X1BDTU1vOC1MRTMwOElrWkM4ekJwbW1XSTg5YVBVOFF1X0Y1SWkxNHVLLThIQV9IV2ktczdfRFZZSzExY1TSAa4BQVVfeXFMT1hPRmllNjFPWVV1VUhGdWJySUE1a2lhZ0NyWm1mdHVNc1NXdm41RzZiUXBadnZzQ1VITFVWeFlxa3VVa19aLWRXM3Z5VnlxOUdTZmtuNUdwaFE4WEZWSVFlYnBQWkVHckQyVXBNamNJQ2hDcmpvLUdIemU2SHdVQ0V4a0dtc2xaTGxhd2NnU1lCRlFaQUoyTl9hcmc2cTVaSHJncXJBYkF0SE1PWUFn?oc=5,Google News RSS (10-Daily)
28 July 2026,"Kementerian Pendidikan Tinggi, Sains, dan Teknologi",Media Massa / Pers,Tier 3 (Lokal/Independen),"Wamendiktisaintek, Fauzan, bersama Rektor Unesa, Cak Hasan, melepas 16 Ribu Mahasiswa Unesa Jalani Program Mobilitas Akademik yang Melibatkan 1.152 Mitra",Kemahasiswaan,Netral,https://news.google.com/rss/articles/CBMisAJBVV95cUxOaG9WZWF1aVBlMXpQRVZQajNWMnFnY0tjWUJYeDZnVXBfWTZiRHp1aXd0VUxmM1FvcVlyS2Y1ZTJtbmFxOTMtaTU5czMxeVg1NlBPTjVCQ3Nsd0c1QWlrSmRqbWxXQXJnNGdEUVNpRkNBbWtPVm1rbUUwTng0SG5td0lLZ2ZjS2NOWU11b2NvUnk3UmVYRWRQWU1IcFJPRmczZjBBOFRYSVQxaWJuR3p0dUIwZjhZcGczek5pWGIzb09mMHhCcldXZlFlVXByRnJTZVg2U0NpWDlXWUFHSExIZEY1RXVieTJzeDNSNmFqX2Nna1V1aEtfWnU5NGVnWUlja1lLbG04N0dpbzQ5aFZvT3ZMamZGYnFuRF9WTDA2OFItd1c3SWctRDFDUXVqTjFO?oc=5,Google News RSS (10-Daily)
29 July 2026,news.schoolmedia.id,Media Massa / Pers,Tier 3 (Lokal/Independen),Dosen Unesa Sulap Daun Nanas Jadi Tekstil Ramah Lingkungan yang Mendunia,Akademik & Umum,Netral,https://news.google.com/rss/articles/CBMirwFBVV95cUxPZmtPdW9yRnVCa0gzRmFNNF9KMUxvLWdVUHhiSGpSYVlKYTdZM1lNSGVTV3B3emdTcWIxWmp5c09RcUJXUFNWMjBEZzJhYTJLNnR2akJwMXBEZHBFblhodTdTUGtZenhRdldlZXU5bnVWaUQySC0wTXl4NXFuUjdDZThuNzk5UF9ObWVmV0IwMkF0bmNzdHAwUHY2OFlwMkdSTG1temJEaXBDbnh0R3lF?oc=5,Google News RSS (10-Daily)
29 July 2026,Universitas Gadjah Mada,Portal Kampus / Akademik,Tier Kampus Mitra,Unesa Studi Banding Terkait Pilrek dan Pengelolaan BPR ke UGM,Akademik & Umum,Netral,https://news.google.com/rss/articles/CBMilAFBVV95cUxPQ19UX3ZuZEt1Mjl2ZUVqclpxWjhvYk00Wk40SUZNaUVmbVg0NENCcWFpYmRJbUJoSDZyNHRUYVZ0RmZKOU5abHQ5N1kzT2thcnZYSG95WmFROXppcVNJM2JBWDdhVmhMQUhqUGtXZXJ3dGZlUG9ZYzBsYmJDTDlHZnpZdzY1bWJ3eXNZQkpXUE4zOWgx?oc=5,Google News RSS (10-Daily)
21 July 2026,kumparan.com,Media Massa / Pers,Tier 1 (Nasional),"Dugaan Pelecehan di Unesa Belum Dilaporkan ke Polisi, Masih Ditangani Kampus - kumparan.com",Isu Hukum & PPKS,Negatif,https://news.google.com/rss/articles/CBMivgFBVV95cUxOb1lxWVhFVDBFdERaM1M4VjRSSHNvbFBTZmVwUWhTT0o5aHNMTHpEUU10bExUSk5fZzl6elFITngyMzRtT1pzSVNMTmJlY0tWZUY0S2t1RU1UazFxRV9xNjJBa2p1R0lCY2hXQXAxYklfSGpIMHMwbWF6NFU2enlYZ2EwY2VETUEwYnZoOHpmX21WNkdwbmNPSGlCOFNqSFEyRWxOeERHa0JwRDlxZDdjbEItVEJhWmEybHhfQkRB0gHGAUFVX3lxTE5sU3AxdlFBSUVyOGdOa1NJZlR3Z1hvRU1xV3hpMDhycHJndnl3SThSTElIZm5WRTE2d1lNNHlSeXEyc1ZLRG5sY3pSdjhkeGwtck1NaG1zT2dqUWVTT0tpdG9wT3VYcEZObTlic3RlVml5a2huWXpUM09GNnZwNnBBbEFaMHNfMThDZFJzeTYzbW42aGVwVzd4bTYxaElVWlEydFNvOUZXd21wcGIyY0ZrLTNOd1NoY3JBZlptRHI5WVM4UHYtZw?oc=5,Google News RSS (10-Daily)
21 July 2026,"Kementerian Pendidikan Tinggi, Sains, dan Teknologi",Media Massa / Pers,Tier 3 (Lokal/Independen),"Cegah Kekerasan di Kampus Saat PKKMB, Panitia dan Organisasi Mahasiswa UNESA Tanda Tangan Pakta Integritas",Isu Hukum & PPKS,Negatif,https://news.google.com/rss/articles/CBMi7wFBVV95cUxPZHpyRFVUX2hmM1daV0J3eWN2TGZKWGM5TWxtOWpuMUFfQ1ZDWnJHa3dUelRSUm5tNkVuWjMwZjd6ejBIS3habTJBcWI3RnBSNEFBU3I4V2FqYU5UNWdQZ0NKM0xKdXhIX2pCR2FIc1BjajkxakFDclBwZ1dvcXc5TzBSTV9EcnBWWk43ektOT0ZkZm9mZ2I4Q01FT0ptcFJMV0RTdVFHckU5NjlYSDN6LU1kWE50bHQzc0V4NlVfUUpEVDRibThPOEdFcklRcU9od3BPLVpaSWpuVTJuT2xoZVVmeGpQVjMwSGxsQzZmYw?oc=5,Google News RSS (10-Daily)
29 July 2026,"Kementerian Pendidikan Tinggi, Sains, dan Teknologi",Media Massa / Pers,Tier 3 (Lokal/Independen),"Kenalkan Si Prio, Maskot Unesa Representasi Semangat Progresif dan Kolaboratif",Akademik & Umum,Netral,https://news.google.com/rss/articles/CBMiygFBVV95cUxNRkVHai1OMXdkd0xYSjdBTGM4blcyZVhKbFptOF84QzBJZkRnUzA4cW5ZckpqSkJrem13R3dNRnVaQmNoUWRfMk81dnRHeGFlV3gxcjc2LXJ5WFZrVXZjZlR1VXplVFpISUdYX0pHbUhVclJETmNTeDBuQzNjcUNqSDJwUGxWUHFMMW5nMXh5V0lKQlBBemNNSlR1Tlc4QVV0Z3g2OE9NdG9ERW9kRHRLSUx0ZktjWUtYR05hUjNkZnlnWnM5Wkh3bTVn?oc=5,Google News RSS (10-Daily)
29 July 2026,Grab,Media Massa / Pers,Tier 3 (Lokal/Independen),Kopi Kenangan - Citra Raya Unesa,Akademik & Umum,Netral,https://news.google.com/rss/articles/CBMilgFBVV95cUxQd18wbDJMY1VSMDRqcWhTTS1TTjBTdjNOZl9nUXpsN05STWRjQURvM1R3REpka2ozRl9YdnRSbTJHa2lBVWRQN0tscVUxU1NxMEtFVDBkdmhraVlNYXV1Y2tSYkdZYVUxalNvR2dfQmtqZUlHejBEQ0ZId0J0d0NvWUZrRmZNSWhBSEE2MTNCM1BvanNhQlE?oc=5,Google News RSS (10-Daily)
21 July 2026,detikcom,Media Massa / Pers,Tier 1 (Nasional),Unesa Siapkan Sanksi Terduga Pelaku Pelecehan 26 Mahasiswa-Dosen,Isu Hukum & PPKS,Negatif,https://news.google.com/rss/articles/CBMirgFBVV95cUxNS0ZqamhWbHFnUjZoay1mWmtVZktHVDY1bWlBb19NNjFZYmNoVmxIeTB2MGhWRlc0MjM0QWhnczlrSXdJTEpiSS0zQmF2bkdLTUplcmxPUk9jVER5V0RKLXNIRENPRHF2UGd3X2xmU1JweHJnb3ZXMXIzNkVEM0NLcXFpVGRxVTRodndHTkJtS3FSZ2NHa2tPM3pSS01aTmVkbUxsSGFNSE1rTWVtSVHSAbMBQVVfeXFMTXdGS3FfNlA3a0Vjdmh6TVNRVW5idHdtZWNENFVNUzNNZkN5ZlZIYmFic3l6MmdlYjhaLUROUVZHUFJ2TVdHM1pabk9ueEVwRUlYWEFxVC1kNURLQjhlTldWSl9Vc3hWQUFGOUVCbFJtcVczRE9WWTAxT1FyM2NhX3VyclFsbGxCR2owZVl1VUIzX1NjaFZOa2hiZ2ZTc1ZDczFHU0xHYjhiSDF0ZDUweXdJLVE?oc=5,Google News RSS (10-Daily)
27 July 2026,jatim.antaranews.com,Media Massa / Pers,Tier 1 (Nasional),Wamendiktisaintek: Kampus tak boleh hanya hasilkan tumpukan jurnal,Akademik & Umum,Netral,https://news.google.com/rss/articles/CBMirgFBVV95cUxQTzVkWXYzYXQtd3pMcWg4dlN5NXYzYlgzbHZ4aUh5RGVTOWtFRm5ybEM4bm1kYzAzdTZqNXRkdGppd2phTkR6Wk9EMDBNc3V0N3VQUHk0WVNuV201NmZEZ2pnWE1wSFRyQ0ZOT29HYU9FZHZ4YlRHTm5CcWtjcUxtSENjRWsyUjFSNkJDbmRGN0tTMXlGYVZ1SnlQc01rQ2tnUVlCSXozb0RWZF9LZ1HSAbMBQVVfeXFMTmpMWTF3OHNuRDlqdll1MHlCc19tY2gzRGlrbktyb0ZfakV4b0dsRzhpOHo2XzI5Nk00Z2xYdUFHeGJKS20zOUE4aTBXMnlCcUdzR25PMFlZNHpXZW44NE1pUjhfZkNMa0ZCYjZHbDVuRjJFRl9aTW5VY2REM2VQXzVxZUk4b2NkM0NCcGU3ZTk5SHl0U3dwNHV6cXh4OGlOV2huYUNtSW9ra2hyTC1uTmtrZ28?oc=5,Google News RSS (10-Daily)
22 July 2026,Pemerintah Kota Surabaya,Media Massa / Pers,Tier 2 (Regional),Pemkot Surabaya Lanjutkan Pelebaran Jalan Raya Menganti Sepanjang 950 Meter Tahun Ini,Akademik & Umum,Netral,https://news.google.com/rss/articles/CBMixwFBVV95cUxNa3NLY2hEVHRpb1dDNlZiWUNQT01Wa19lNW5uZ1RHTzlrTEZlOWRLVk1ZY3ZERkNUcm85VHNsbnN5dTFEWFZqbE1FaE5MQ2poamhlNlhwbVd5LVBMTjFsWHBicFc2Z3VEdW5ndEk0MFg1VTBQR1lzdmtYcEtIdC0xbUxJcnczNGRUZ2FLeEhzeEU4aEd4dTdRRWE5TGV6Nkp2OThidFZUcEJKUHBrdnBXaXJEdFBKZVJsREIzMHdzNVRrQVczNVY4?oc=5,Google News RSS (10-Daily)
28 July 2026,Kompas.com,Media Massa / Pers,Tier 1 (Nasional),Unesa Sebut Mahasiswa Pelaku Kekerasan Seksual via WA Kini Stres Usai Dibully di Medsos,Isu Hukum & PPKS,Negatif,https://news.google.com/rss/articles/CBMizAFBVV95cUxNaEZqQXh2Q2Rsd1BOUG9CUTRSeUNBVUVxVXRFY2c3VW9tcHFyZFpqMDFINkdrc0VfblUydE5nTXhQa0h0RDFnaWczblZSMUhocjRua1hvZUlHd2h4ZnBQWk1xM3lVZDNCS1c5LUM0Sld3MTdadzJtOWhsRldhOC12OEFtT2tYdU5mT2RjdTc1Z25yTFhuOWNQMkZWMGN3N296VHEzQnBDYUdjNlFfMTBfOTNaTDIxSUhGSkh2SVc1WnUwcUsxcS1WYm9CM3c?oc=5,Google News RSS (10-Daily)
23 July 2026,Trip.com Indonesia,Media Massa / Pers,Tier 3 (Lokal/Independen),"Panduan Trans Semanggi Suroboyo: Rute, Halte & Tarif",Akademik & Umum,Netral,https://news.google.com/rss/articles/CBMickFVX3lxTE1yZDhZaGpMVmZ1azEyN3NSU2dsM3JyY2h0T2xSbXdXemkwWTNKQU9neXVhYVEwei1GZ3I1YlZYZUk5UVo2RXByUVNacFgzT21JWDRpOTVET08tdG1yX1RweER4eGZDQVVFMk1FU1EtU2h3QQ?oc=5,Google News RSS (10-Daily)
27 July 2026,detikcom,Media Massa / Pers,Tier 1 (Nasional),Ironis! 2 Pelaku Pelecehan 26 Mahasiswa-Dosen di Unesa Penerima Beasiswa,Isu Hukum & PPKS,Negatif,https://news.google.com/rss/articles/CBMitwFBVV95cUxOVjk5VDdmVTRPYWQyZ290Wk8ycWZ1Y1Atd1dzQ20ydXpJRXBJMkUxc3JBUm9iLUE2bUUyeUd5UkwycVV6UWxScTlhX1VJcXA0dEhDenM2T0FGLWd5UEsyRDQ0eWFMMjFDOG9NZExuV0FBRjZTejlvcHZ0dmlZYlI2ZktyNk1pTDN2bVNyUlN4V0VZUnNQNlJjc3hnM2VtTDhscWZWUnNWR0JnVkdYMHBOZHJSRjRYd3PSAbwBQVVfeXFMTi1va29WMVZvaW03WEc2dS00OHVIVU9mTHloVW8tTU1aTjE5V2NBWGJfS2cwNUEwQ09KSnk1SGNGZmhyN2NiT0ZDbjZQajMwa0VKVUdueGRwMEJkRFJpLUFzLUpnaHNvZ0ROOUU5aEdXVlhOVWxhWDlMZ2ZaN0M5bGNaUTQxSk5SMUJ3aVFHSnpLVmRGd01Hb2g2Q0hwdTJiS0JfS2owOEE4ZzJ2c3MxQ3dwMzN6VnhaZDJnaWY?oc=5,Google News RSS (10-Daily)
04 February 2026,Wikipedia,Media Massa / Pers,Tier 3 (Lokal/Independen),Templat:Suroboyo Bus/R2,Akademik & Umum,Netral,https://news.google.com/rss/articles/CBMiY0FVX3lxTE0xeDVGZE9kN29HUXdBUWtjYzhDekxuX2lETzZUbmhHTWQyN01vRFVNbmlzdmtLVHFndndILV9NTnBfcmlVWjVYWmlJVVFzOHUzY3NUSHVBN0cxZVZRYmZzbGcxUQ?oc=5,Google News RSS (10-Daily)
27 July 2026,Kompas.com,Media Massa / Pers,Tier 1 (Nasional),Dosen Unesa Olah Limbah Daun Nanas Jadi Bahan Tekstil,Akademik & Umum,Netral,https://news.google.com/rss/articles/CBMiqgFBVV95cUxPd3ZGNmFlaTFlX3RkVUYxa3NsVGdkN3FGYnVhMVlMTUc5N2Z0c18tZGZMUzlYOG94cDRMMmNJblpMNC1JUU9wZ2NTbzBfZktmeFBuV01GSXVEVmY1RkJSc29TdHlGdkxaLVU1ZzkyWXcxODh3V1l0eU1vWjVMY2h5RzFJX3BZcGROZlhuM0gtS19JNm94N3o1UTV0cEprU2MxQTBZWEpXZUhxZw?oc=5,Google News RSS (10-Daily)
21 July 2026,Kompas.com,Media Massa / Pers,Tier 1 (Nasional),Unesa Nonaktifkan Mahasiswa Terduga Pelaku Kekerasan Seksual via Grup WhatsApp,Isu Hukum & PPKS,Negatif,https://news.google.com/rss/articles/CBMiwAFBVV95cUxQeEJkc0tVbW9TUkE3ODByeGRxS3RhNWo2UF96VlV5U1VyZEpYdkFxOFlLUGVWdHViQTRVN2N1SUYxS2pMaFB4VlBBOGxnYVRwYTh3eEpPcFJSZnc1RGdxTUlkVC1Dd3VnTU4td2FPRW1POXBRYzFLYUMxY3c3a0RNN0U4X1RKOWZsWEhVelNyTDRLYS1kUjVnbW1WVjc3Yk9jeENQZWRmSU9aWWhNSGIwaFg5bHZVRTM5TkktUWZkdkk?oc=5,Google News RSS (10-Daily)
28 July 2026,Polres Tulungagung,Media Massa / Pers,Tier 3 (Lokal/Independen),"Polres Tulungagung Kawal Formasta Unesa Sport Championship 8.0, Kompetisi Futsal Se-Karesidenan Kediri Berlangsung Aman dan Kondusif - Tribratanews",Akademik & Umum,Netral,https://news.google.com/rss/articles/CBMiowJBVV95cUxQb2F2RW9IM0JMU0VDb1V6SlRrM20xTkZUMXZzNmpkS0J4NURVNmYzeTdfRXVPZWhXSzZfaUFWTXpRVll2MUxQdF9UMng5ZWlBSEx6Y0Vqbl9LbjlGdUhTZHdqUTQ4R2IzdDBhSTdvZnVRMTVrYkwtU1hITjZrb2tlLTV2Tnh6VS1COUhaM0tpVm5ObnlXX3hwem5NSmROWTZlcF9KSHpYdGhZWDVLUkg2SGRqdnU0QWFDZFZvNXdObC1vRFh6VDNXbFY3Z2diOGNRNnRqSDFMY1VFQnhXazBpSDhwVkR5RE9hQm1nQVBWa1Fndm9QQWFWVll0UzZPcVNGWm5mQkhiODg1cmdteWhIRng1YmFWd251Y3BZTTBlOHBtanc?oc=5,Google News RSS (10-Daily)
30 July 2026,Polres Tulungagung,Media Massa / Pers,Tier 3 (Lokal/Independen),"Polsek Tulungagung Kota Amankan Formasta Unesa Sport Championship, Agar Kompetisi Futsal Berjalan Aman Dan Lancar - Tribratanews",Akademik & Umum,Netral,https://news.google.com/rss/articles/CBMiigJBVV95cUxOdFRfS29sMV9CbldkaG5jakZhU2h6NlFHNDlyQ19LcGVLT0F4bHRUcDRSNlhHQWZxWlMtcWREZE1pVWVadWdGeE55OUtQVjFIWHpqYWFPcDJVSnRYRmRZalNCNVE3Sm52SVhyTndhVm9JN2ZZWkpYMDl0NUVKczhCUzF0aTh4c25yWlJpRDhHWmoxdGtaemRNckM3YUJsUHVmYlEwV2RLU2RnTTctazFXc21BQnpBZm8zUzdYU0hsNnFvUUdDb1hxNHJNNVVuUFBnenhWWk5lSnZ4SE4zLWV4VTQ5em0zcTFVZ3NNOFd0dlRKNmVxYzduVFJDUHJzNXB6WXQyakJSNnh6Zw?oc=5,Google News RSS (10-Daily)
28 July 2026,Kompas.com,Media Massa / Pers,Tier 1 (Nasional),Rekrutmen Tenaga Pendamping Pembelajaran Sekolah Nasional Terintegrasi untuk Lulusan Unesa,Akademik & Umum,Netral,https://news.google.com/rss/articles/CBMiyAFBVV95cUxNUDY2cDZvTEVpUHJENVA3VVNCNkdzeTUtVW9KMmlPaGpMV0E5cF9IeW5EWmN5cG10QUFmbHRPSjdJSDNiMnRuZ0hhdmJOZW9RUkJFcTVtRHpBUjh1a3ZrejViT0NHcnRjSTZxTXlqSTdQUEVpcmN0cUdMdzNobEU5c3VJcGNLdFpnbF9JY2ZHOUlzTXpTbWYzdk52NTUwMVFTUXF5WVdzS2hlZEFOaTNhTXV1a2FFcktEVWVTaTVheFJuNFlUNGlFTQ?oc=5,Google News RSS (10-Daily)
27 July 2026,Kompas.com,Media Massa / Pers,Tier 1 (Nasional),Unesa Ungkap Motif Terduga Pelaku Kekerasan Seksual via Grup WhatsApp: Iseng dan Kepuasan Diri,Isu Hukum & PPKS,Negatif,https://news.google.com/rss/articles/CBMiyAFBVV95cUxNc0FHUWRGSkdGeVZpTUh6eFpIT1lYUmpvYWltRi1VQkdLLXBnUVhabDVuamtRdjdETkdXZWp3YXg0WjlMYU1nZ1N0aFB2NGVtOVpqMk5HTTNpM0dRVVBVOGI2VVVhcmozY1FlcjlmS3l6OV81WnAtNUstYS1GdVdKaEhrbWRYQnBCSkZkSTJ2bVZaRl93UTgxdFZ1QmpOR21XVzlSZ2ppejk2ck0yN2M4QVlGcVlkQTZrUEdjbGJ6S1pKeUkwclZiNw?oc=5,Google News RSS (10-Daily)
21 July 2026,Kompas.com,Media Massa / Pers,Tier 1 (Nasional),Unesa Segera Panggil Ortu 6 Mahasiswa Terduga Pelaku Kekerasan Seksual Via Grup WhatsApp,Isu Hukum & PPKS,Negatif,https://news.google.com/rss/articles/CBMixwFBVV95cUxOOXE0MWJEZUQyaV8yalZ6dVhfaE1UNVVPdUwwRWZjNEV6TTMzVHpMd2g2UWRiVHNCM2VJbjVUdlFFSmlKWmhIeHFzWUlOQnp3T0RhMmJSZWQ0MGtpa0Z0b2hvTGRhcG4zdWpHU2E0dzVmSGljU2dZYzNzUzdGRFcwR0txaGVKS2ZOY1JlWDM1eklzeXEzc1lQLVM1dWEzTDJXd19MQjdBOUMwLWR0cThUSWotQkU2TkVxdmQ3c2JtRGhDc3lzcHY0?oc=5,Google News RSS (10-Daily)
31 July 2026,Kompas.com,Media Massa / Pers,Tier 1 (Nasional),Mar'atus Suci Jadi Lulusan Terbaik FT Unesa Tanpa Skripsi Berkat Prestasi Kontes Robot Terbang,Prestasi & Penghargaan,Positif,https://news.google.com/rss/articles/CBMiwwFBVV95cUxNMExkX0JuMzJIazNzX2J5cDk3NUE1V0RwVV9HNjZ4cVVzUEdTdUFvdTRtNFA5czdHQklYVF9ob2VMa2NpWGU5dC02SWI4Uk5fVk5DMDZWc3RrSFotRktXWGlXbEpfRHgwYTE0SWtDWWRPRFdfZDVSTXNTTnFmYW1laUdxNlJ3UU0yLWpxSXRiTi15bU9oMkhwM2Y3b1FrRWhkNXE2cWlNdzFZcWpjRTZrVnp6U1l0ejNoQmNRcmoyT3ZWMDQ?oc=5,Google News RSS (10-Daily)
27 July 2026,Kompas.com,Media Massa / Pers,Tier 1 (Nasional),"2 Terduga Pelaku Kekerasan Seksual di Unesa Penerima KIP, Kampus Kaji Sanksi Skors atau DO",Isu Hukum & PPKS,Negatif,https://news.google.com/rss/articles/CBMi1AFBVV95cUxNMVJvV2ZTSjFoUGhhRzEtb3EyQ3BHV2xzYno1amg3YUVObXczdFNvMDl6Z3VsZ2xqVmtILV82X2RmODhOSXJfSHgzSWFKWGh4MTZEN2ZOd0lvb0ZmWkwtaXdPeFRKa1RmRndINUlrQXBvME03aVNJWHNJQjZjdTBiYWtab3FBVlo0eGZwRnlmblMzazNpWnMzeEUydVJBRDBhZE1OTXFtdEhEaG1GNUVuUzEzeXpHOC1aNi1fWHAxSXpOZFRsTjZTWHJQRVp1ZnBwVnpMNw?oc=5,Google News RSS (10-Daily)
21 July 2026,CNN Indonesia,Media Massa / Pers,Tier 3 (Lokal/Independen),Terduga Pelecehan Seksual Grup Chat Unesa Diminta Cium Kaki Orang Tua,Isu Hukum & PPKS,Negatif,https://news.google.com/rss/articles/CBMizgFBVV95cUxPa3B4amdScHo5cDR2NVhkaHRQYjQzWWV6RGFGV2lFdFpRMGRxTzI5V3Ezbkd2RmpwQjVwdHNQS0Zqc2lSMWpkRjM2dmF6c0xoX3dXYXd4WFRGUHhKZXhmbEc5bGg3ZXgxRmNYRElKWW9hVC05MTJUdmRMTG03dDJ4cW5kTEFDVWt6aFBTdXFRZHZDSXJwSWF1dFpYc29MM0tvNVpoSWF5MUZzTFdVRlJwcnJ4QUJDbFZXTGsxMzVDREE5YlNaQnhMVHNWRFRqZ9IB0wFBVV95cUxPZDRxUGVKYVJKNWt6cUJsd1hVaEUxOXVkUUNXemNuaTFTQW1RSW8xUVNYMHg5Q0plTE5UZktIRnhGWVRCdG9lZmN5TVNSRXJMYTgwRndidW9PeXJYRlRXVlZBcUU1VXJiYm1UTlRyamR4Wjd1SldQRDhUYmFIQXNPZ1VXZEhDNVpBRkFvTC02WDY2WUR6ZElJY1BUNFI0cW12Q01wWDMxSFJxeVFrdkdQcllOLVowYUJ1SjVfSmc3NmJPNUZTUEw4MFFQQjFsQmd6cFkw?oc=5,Google News RSS (10-Daily)
29 July 2026,detikcom,Media Massa / Pers,Tier 1 (Nasional),Sakitnya Tidak Seberapa tapi Viralnya Tak Terkira Wisudawati UINSA,Akademik & Umum,Netral,https://news.google.com/rss/articles/CBMisAFBVV95cUxQNlAycUN1TjNJQklqOS1TNElpYVR2Z25MODFfSWdfcUdsbUpFcEptdEtfRjJVNmIzN0EyRGRNZ2lwYm1vNzVIZFM0VHl1cGdMc3BBdFVTamRmRDdrZFRCdkRRcUVDb19ZNURGYWJ6dndISF91NVd1LTN2M25DUnlZZmFTdW9TaEprcU1qa0FNVzhXRjlGemp6V0RtOTBnQkpDVENETWFsRFlxOVdicWVYctIBtgFBVV95cUxPVm43U251QTNGLXZKX1pxWmttalZXNHZrT2ptTzV6ck1QTFJRT3Nob1pWMTBvaWJhQWJiUnJINl9wazg2VE9IdW5YT01oWjZtQ2VyUDRXUlNueTlUT05NWXg3QlV6aW9QdFZ0a0Jjam1CTFhHT0JKV2N3aF9yWnNLUEI0ZnlhaTNlYXZ6Nl9mdVI1ZTdNMWJfMzNCUkVfMTJYeVczWmVLenJtbExkUENjcVJBam5Qdw?oc=5,Google News RSS (10-Daily)
27 July 2026,Kompas.com,Media Massa / Pers,Tier 1 (Nasional),Unesa Ungkap 3 Kategori Sanksi 6 Pelaku Kekerasan Seksual via Grup WhatsApp,Isu Hukum & PPKS,Negatif,https://news.google.com/rss/articles/CBMi1AFBVV95cUxOM1IxZkZ6bjBWRVB6WlBHU2F1UnpRMGRRVHVYeXhjcnhMWi1SRHlYR0RZaW51M3kwQ2RzYnhMdHlEdUZHNmFoZjNtQ2FnNUR0cHJoRG5uUmRfN0J2OGYyM0xERTFYNFhycGJ2V1JHZjEzM1dPTFRjeTNIZVFibUlJT2dfdUt0aXJ6ZEYwbDE4RnJzNUZrUnRFakstYmdTZk4zY2NmSVdUeFdpVGlEM2dqQzNCX2xCa25VTDFrUWM1blpWdzNoYUhOWXJpRk9McTlHNjJfOQ?oc=5,Google News RSS (10-Daily)
27 July 2026,Suara Surabaya,Media Massa / Pers,Tier 2 (Regional),"Sanksi Kasus Objektifikasi Seksual Unesa Mengerucut ke 3 Kategori: Ringan, Sedang, dan Berat",Isu Hukum & PPKS,Negatif,https://news.google.com/rss/articles/CBMi0gFBVV95cUxNV1A1MWo4NFFzWWx0ZTFqVnZFY0tidVRnZ1pBWWRZTXM5eFk3QUZvME15U1RoWUFmSDl6Si1wNVQ3ZGFhalV0RHpET1BlRWxlYkp4ZThZR2p6V1FxN0xrLWo1bnFLVzdNSG40b2JnRGNHVDl2eGxoWmh3ck9IVVpGVUJraUkzdnl0Q3g3Z2lSX1hlZ3FFZnVFWkhhMVJ4RUFhbmdTcWtwWVFWNDhyMDNKM0taMUQyWXlwTHE5QVduNlNjbGRSMG1vUE5GUHhHYnczSkHSAdcBQVVfeXFMTmdrNzlfekxjUUZIVjlSUHJvWWVHZ290clZYUk54d0hoUjdsM2s3b21kRzNzbjRreDZCSmpEcDRCQ0h0a1V3dnFTeG5KdmVjWUJLUlI4RkZ3RVlKN19WTEQ4TGVtNml0d195M1otdTFRanJNeGRNQ2g1b19weHFpYkFrUl9ETmtSaWZ0TGNuNzlCNmMyU19Ib29Zb2xzUUxHcUtkZVdLemdnbUpWQ2NhV2RsSmZONjQ5N0xBb0EwaTV6eEhqcEtMd1dLNGZyeWxaaDFHTWh2bjg?oc=5,Google News RSS (10-Daily)
27 July 2026,detiknews.id,Media Massa / Pers,Tier 1 (Nasional),"Sarjana Terapan Tata Busana UNESA Berdayakan PKK Jambangan, Ciptakan Limbah Kertas Jadi Aksesoris Fashion",Riset & Inovasi,Positif,https://news.google.com/rss/articles/CBMi0wFBVV95cUxPREpJZ29VdXZjMXQ5VF90azRaV3lMTVBLcjJOVElCRnVOOERGSVhSQk80S21scjFGOU5DMmJUVWtWTTZUdEQ0a3pWLUVUYlpHSS10YTBsaGxZSHNsZVZKZlZhNkV5ZHp5SnBqUktYZVpzZDF4bWxYazVObFVmRmxSNGVkcENic1hpMW1MSTc5U3pxM0lieXN5TE1GZ3JoRnRqck0wTU5qOGZUNE5JbWUxd3lxYW53QlRSYmtlckFXTmpjVHpLT1ZGS042MXE5STJ3NUpF?oc=5,Google News RSS (10-Daily)
27 July 2026,KlikJatim,Media Massa / Pers,Tier 2 (Regional),UNESA Dampingi Guru IPS Jombang Terapkan Pembelajaran Mendalam Berbasis Kearifan Lokal,Akademik & Umum,Netral,https://news.google.com/rss/articles/CBMiuwFBVV95cUxObXlXZUJIOE9SNDgxX3h5ZUhpYjQ2el8wcGZMOXhidmpUMFBONkR5WW9PT1hqTzZqR2wyUTItM0hJd0xxYThXaVBzMzI4WlIxZ1RlM01qVHk5eUxsRVA5SU9ab0lmeF9uaGdlRW82ZmNlSmxtNDR6U2ozQjByR0RNaWtjeF9nd0xMb3BpQUdPN2I2eV9abnczRXFNTF80d2hnSzV5U0xYcmljOUlwZTcwd082WmM5RFk1S2dz0gHAAUFVX3lxTE1COHlqMGxhb0Nzd1dOdjlMOW1HRVNyYk1IbU4zelhQZFRDMUlmMUNGdnUwdm5kYlFpd2pRS3NDR1hkRlQ0YzBKOVpYbzVKUWNrQWN4MTJEWWtvVklMMUxwbFE1MlB0dFhVdFZQOXBDeFhJZ2R3VnVXd2tLMEpXcFZkanprVElOcGdtLUduNmhuYjZnOTFWUXd5dzZtV0VTcUo1US0tVmVHYnpKZ1JFcjhYM2JDZlFhS05Ca1VCV0JfTQ?oc=5,Google News RSS (10-Daily)
28 July 2026,Suara Surabaya,Media Massa / Pers,Tier 2 (Regional),Mentan Gandeng Unesa Kembangkan Benih Kedelai Unggul untuk Swasembada,Prestasi & Penghargaan,Positif,https://news.google.com/rss/articles/CBMiuwFBVV95cUxNejJYNUpxTnZzVEI2a0gtbnZCV3BSUFpNMFNKTjZ3U1NZbzFzUnNtM1pXS0xvUHZYU3FUN3gzeUpQbmdhN3ZLRmRJSXJ5Tm5XOGphc2RreTFIMmZqWGZvbkdwQkdQUGNRX3FLY0VGeEJUanl0bVhuUnlQYkFQWTgxcXpiQnhHOVhwZGF5QXppUHJya3c0OXV4OG0zM0o0X19HNEhJU1NGa1RHNXdJbTU5YlVzS1RhcE04VG530gHAAUFVX3lxTE1kQ1luM2dSUUNXSDBzTWZSWjU2QVp4eWw2cWtjUEcyZ3lSdzBBcGlJYnprclo0OWNzNWFmd3dBdEJ5dklBcExiMFVKcjVvQTBtUUhDSjg2X1ktd0tzd0VUUktoZWpLUEpwNFlHRUJFOFVYU1dTWFowOWx0Ulo1bTNsNnI3LTN3WXJVTjQtbzZXNmpoYTctajRpUG56cDJ1WGZtZTg5Ny1nb3YxMEEydTVjOUxobGMzX1FaakFnRURkUw?oc=5,Google News RSS (10-Daily)
23 July 2026,jatimnesia.com,Media Massa / Pers,Tier 2 (Regional),Sekolah Rakyat Magetan Bakal Dibangun Di Karangrejo.,Akademik & Umum,Netral,https://news.google.com/rss/articles/CBMigAFBVV95cUxQWkJmUm5ncFVyOW1tS3RVTTgwZEoyWVBGRDRCOTl5djlQbWlZcHRYcGphUkJxb0NDZ3g1OEdMQzhVTHA2YVh0a0JMaWpKU0l5ajV4WFV4ZHBPT3IzQUhwQllSMWZYdklJaXd6eTR2ak43N2xWX2owNWhSSHNWRWFZZg?oc=5,Google News RSS (10-Daily)
29 July 2026,AYO,Media Massa / Pers,Tier 3 (Lokal/Independen),Booking Lapangan Reserve | OCTO Arena by CIMB NIAGA,Akademik & Umum,Netral,https://news.google.com/rss/articles/CBMiYkFVX3lxTE9CellheERGYmNLQWV5NU9GSTlaRG9hVDVMTWJIRjJUam9rQTlSN3pZNlNPbHg4MVhvNFdoaTRmY0RXd0Zfd2lmcjBqQjdJMjdhd3FBTVd4WHo1S2NncVlCMjdB?oc=5,Google News RSS (10-Daily)
24 July 2026,pasijatim.com,Media Massa / Pers,Tier 2 (Regional),Kontak,Akademik & Umum,Netral,https://news.google.com/rss/articles/CBMiSEFVX3lxTE90bFdwRWJVa3lwR3ZDcG50VS1VYkhHYjlIYi0zN1IzOGc5TWtlcXFiRHlIYlBBc0hMYllIQ2Z5RlNpaURBRGhxUA?oc=5,Google News RSS (10-Daily)
29 July 2026,Emerald Education Centre,Media Massa / Pers,Tier 3 (Lokal/Independen),HASIL PENILAIAN GRAND FINAL NASIONAL OMNAS 14,Akademik & Umum,Netral,https://news.google.com/rss/articles/CBMiiAFBVV95cUxQbWFHZXZqTUFSZXlFanVqazdxeDlaaG9UdXRLUFNHV1N1NDNUanNPWWhJcE5QSnRzTGVDdFB4S3I2QTAydzhOdHA0b3FmV0lienVDbTF3dFVtbktZZGJRckZ3MjdCXzZyT1dMWHptZmFZd2NTRlVrRlpQaXd6Q3BRS0p5azBYV0JF?oc=5,Google News RSS (10-Daily)
23 July 2026,Tempo.co,Media Massa / Pers,Tier 1 (Nasional),Kekerasan Seksual di Unesa. Apa Pelaku Cukup Meminta Maaf?,Isu Hukum & PPKS,Negatif,https://news.google.com/rss/articles/CBMiekFVX3lxTE5lSVZRdXRORWt1WlJFa0hQclg5RjRwUGZaaFV0azBlbGxoN2ZDcHJ4TmZDWWNDN3V4Ny1tUlBxTTlNd3VuaEtJenF1Mm9TVXAtUkV2dklSTVg4UUNHNmdiNVhfQkV2MlVkdU9OMGhuSDJyM2ZoMEEyRXJR?oc=5,Google News RSS (10-Daily)
31 July 2026,ranbitv.com,Media Massa / Pers,Tier 3 (Lokal/Independen),"Kemensos dan Unesa Perkuat Kualitas Sekolah Rakyat, Fokus ke Kurikulum hingga Perlindungan Anak",Akademik & Umum,Netral,https://news.google.com/rss/articles/CBMixAFBVV95cUxNUFM2aS1lOFlVTnFKYzhhRFRqbVBOU1FKZzFBUzBYblI5cDF6Zjk3LXRPUmhBOUtlRUxvSDkzYTVxWmU3QndvUXRaY09QR0dMVkgwSmh6RDRrNUVqSkRDaWt3R1l1TVdxclhwdTktNXdiY0V5SEM0ODUzX3RSTzhUR2hPQTNtbURRTWd3Y3dmbFJLRGNWVkNIYXZiekk3bXV3Z3hXQUZ2Ym03eDhPa183T2c2c0hzS3lhOTRzd3Y2OG5BazRE?oc=5,Google News RSS (10-Daily)
31 July 2026,TIMES Indonesia,Media Massa / Pers,Tier 3 (Lokal/Independen),Tim Voli UNIPMA Sabet Juara 1 Usai Tundukkan UNESA 3-2,Prestasi & Penghargaan,Positif,https://news.google.com/rss/articles/CBMiqwFBVV95cUxNd21qSU9JYWhlTGdRY05EaTV5RG00ejJsUGhkbi1kNm4zSnhhTWNfZ3VJUHZYOGt5ekdjeWp4QURCblJPTFR3MmlmeTVRTDJIUlJBUUpWMlVHVmwzYUxocHVaWC1rNktya0NDWno3ZUVaU1Z3S3hGVTdRczJyRDdzRjYzU3RETllOXzBQSHdpMGVobUFaUzRNTkMweGJ2cG91QmRXN3Y3anNzQTg?oc=5,Google News RSS (10-Daily)
22 July 2026,TIMES Indonesia,Media Massa / Pers,Tier 3 (Lokal/Independen),"Garap Disertasi Kesiapan Kerja Siswa SMK Pacitan, Kepala SMKN Bandar Raih Gelar Doktor dari Unesa",Prestasi & Penghargaan,Positif,https://news.google.com/rss/articles/CBMi2wFBVV95cUxPQVZIQUI4R1E0OGpvWm55ZFMyRHhrdzh5UVlnZkdvemxfa2NxTDBpaVdMM3MwUVo1WUVYbWk3MFowTnQzMjBhU0RhTGs0ZFNaMy1zUm1CMXdwMllUV0dPTjJqdlhCRW1nSzJtNElhQlFlODR5ZWJXWXVSbTJYMHJlT1F2WkxNWVZvQTZfNkt0dU01TzVYdVEwVDRabDJFNDFhVHhncUVLcTZNREJLUGU5NmZaeXRxWUd3dkxiX2JIY1l3eU94LUYzRjN2V0RkMFBydXNBNjBZMFk5bm8?oc=5,Google News RSS (10-Daily)
23 July 2026,TIMES Indonesia,Media Massa / Pers,Tier 3 (Lokal/Independen),Disabilitas Asal Kediri Tembus Sastra Inggris Unesa Lewat Jalur KIP Kuliah,Akademik & Umum,Netral,https://news.google.com/rss/articles/CBMivgFBVV95cUxNVWd3ZW5PaVE0X2QwWF9IVVM3dk5VdWh3ZlJlOG1ySjgwcGxXb2ItZDJGSkktLXdMWXFQb2l6ejZka3V6dklrZzZVTm1BRVdNQjNqRGRIWEZxa0d1Q1hhSTNqZkhkdGZ5Q05iekdvSzdySnllWVpwa2wwbjdfX1dwcVNPZ3BmbGtVS0xUZW12ZTdTbFplRnhqNGZvc0lTb3JSUmRfODdBVlFHMzQ4SzdUN0JqY2tOTEpuUUpZLTdB?oc=5,Google News RSS (10-Daily)
23 July 2026,jatim.antaranews.com,Media Massa / Pers,Tier 1 (Nasional),Pemkab Sumenep kembangkan usaha pertanian hidroponik,Akademik & Umum,Netral,https://news.google.com/rss/articles/CBMinAFBVV95cUxQb3lSSndyQXIzZE9KUkh3a3BiNHZWcllkdTBYSWV4U2hIemtQZUw4MWtEblNpZ19EeU8tNmZfb2s2M2h3VUN5RDFTNG1pQjFwenpkN0pFSHVaM0tIdDZwTFZwbF9iWHZFbW11dURXTmt4MFF5Uzdla3JJdl96bnk0T1BXaTNqajdmWUM2Tzc0dzdDMWpfbUVlOTVTaUnSAaIBQVVfeXFMTUdlNDQ4UG1iUEo1MU42SXNuQ0pPaU5NbFFqQUl4TmYyWkpJRW9ucUFEenpwNFdFWE56dE4zTEpqN0NyY0xFdDhfNm02RmIwWDdScmliNmlId2xHcWQyYjRDbklTTHItTXlfcGFweDdfVHBlVF9RRnlmdXVyMVpkMGhsVHFjMlY4UFphRy1XbUJ1OHYtWG9hZE1PTVhCeVRuQ0VB?oc=5,Google News RSS (10-Daily)
27 July 2026,KlikJatim,Media Massa / Pers,Tier 2 (Regional),Dewa19 dan Padi Reborn Siapkan Konser Reuni Spektakuler di Surabaya,Akademik & Umum,Netral,https://news.google.com/rss/articles/CBMiowFBVV95cUxPeEhRVzVKMkc0aVdjanlaN2t2cGQ0cHpoSjhiZnhXc1BMOVFWSFRwSEFMX3RhYktvZXppckdveG91dmNUQlkzZkw5a1NxR213NmR2R05hSDZxd1o5TDlwVk1XQ3VrMXVUZl92dVJqZUlOTldqTklPVjZQa1VxSHRUMHlDTXhvQmZGM2M2bVdHa185a0lmYV9LVE9ZclA5Z1RRVVow0gGoAUFVX3lxTE5ha0ZrMXZtZHZWSlFpempQZjI4U2d1M1RqczlLcW5Gckt6UzJhZVNaWlVwRUpURUY3TkVuWHplRHlEZU9Md3VJTWhnY3VDN0hPaWFENUxlSDRlcDBnTmEwZHZvT1hLa2RDNkVhWF9xdkJ2ZkxUU1J5LVhsMmlMUHVEZzM2c0Y5Z0cwbjJ5Y1Jpb3lob1R1YUNRZ0dxbHdUSkVFQlV6ajU5Rw?oc=5,Google News RSS (10-Daily)
28 July 2026,CNBC Indonesia,Media Massa / Pers,Tier 3 (Lokal/Independen),"Chat AI di Claude Muncul di Google, Lupa Blokir Semua Bocor",Akademik & Umum,Netral,https://news.google.com/rss/articles/CBMiugFBVV95cUxNUjhhaHpiMHFGZndrRE4zWnVvR0JhcF91YmtCeWFub1JsdnE1WHU2VEZSU19zelp6RkFZN2ZqaklBVm1GSVhCVGR3SEl6WWpESndEWEt4NndoU1FRNFFZSjF6VEpSb292UWFvZUVhejBmRUhLY3k2dUljc2Q1Zlg2OWdBRjA5c0RLMjdreGdBZVIyT0Y0cWE5RjJxQnl0UUphZUZkVk13YzlCQ0xfWFpSNlhZVVFneE51blHSAb8BQVVfeXFMT3d6emRudW0zQTdSdHpsdXZKM056OGF5V0N0ZS0tWXVoN25jQXBqYXpnbGdHWHNvVWZQMERwS3RaTEU5QXR1OE5kWmR3RTZ0UnlqQ0ZGZ3hCMVlJc216YkJVcEFoVF96eFlTX0c4M1hfLUF5WXNEMXJ3by1tUmdoVm1wazN6RTBXc1M3X09oZ1E3RHdVN2ViZGFNOXVsQW9vcGNJOTdyaHVMZkloTnJKVzV5ZmRCUTVZR1FjekZrUkU?oc=5,Google News RSS (10-Daily)
27 July 2026,detikcom,Media Massa / Pers,Tier 1 (Nasional),"Kisah Zahira, Putri Penjual Kelontong-Difabel Daksa Kuliah di Unesa Lewat KIP Kuliah",Akademik & Umum,Netral,https://news.google.com/rss/articles/CBMiywFBVV95cUxNWjhTbVZQTVdralE0STJKRzg4NC1SQ1h6Uk9BWFdwbk9taHhncmp1ZU81MUtlWEZ5ZHh2ay1MamJLREZxYm1paElHZ2UwbGJHT2JpTFhWeko5V1JOOEF6LWtfb3BUS1UzUVhDNS1feEQ2cEtZRm02RTNybUlJR2dJUTFBQm85amVaSzJHYlh2WXFHUE80NWtZc2lYYUl6Um5yaGpZTy03ZngtV3Y0LVZkUS13Umg0N2FjZHJkQ3dmRGxvLTB2MHdLV1VITdIB0AFBVV95cUxOY0R0dnl2UlFrVzgxMl9XU3hqMGwtLW1McDhhUkNNZUxYeC11RWtvWlpfdlI2X0ZpWkJ5N0lzMGYwWTN0R1QtT3hsRW5SNFRrb2ZxS1gwLWFBVGFaeFNVeVpESlg5M1p2Q1BQX2ZKajZfRU8zSE5yTlB0U3FwUHAyczhTWHRTUHk1aUNUZkZkNi1ac3BxNEtNVnJfTGJ1YUt0a1Q5bXBhV3FWdmNCMlJNNkJEVFIzd3dLQ0pWNjhsNFFZOFhhMTA3ZV9XMlpFYktX?oc=5,Google News RSS (10-Daily)
23 July 2026,jatim.viva.co.id,Media Massa / Pers,Tier 1 (Nasional),"Kisah Zahira, Penyandang Disabilitas Daksa Diterima Sastra Inggris Unesa Lewat KIP Kuliah",Akademik & Umum,Netral,https://news.google.com/rss/articles/CBMiygFBVV95cUxOd0N4UGd6LXV0Z2p3MUVwMWV3SlZJNmZJbENCb01XRUpNSEQwT3hyOFFLNmZIXzVBeEEtd3doU3N0dmtTaFMtdTRDdnltOXdxaWpzT3VYQjBBTWV2VmdxTnFOR1UtY3lJaEZ4UXYxcHp4N2laeFUzbklHdms3cUxUTWh2NnNVaWpoQ0VzNTNVejhaczM4Tjl2WjBNNFdtcFh1Njd3MHE1Q0toODcyTmRiWTdPMnJpbTFtaHVzTHFINEZKMGhYMHVKWldn0gHPAUFVX3lxTE0yUjcxekxWejRXSGZQekU5QkFDUGJMd3U1N2lhd0M3X01hV0JzclAtcjRTbmNwZjUxTW55VDhIcW9LakhKVjVQSlJsV3E2ODlsQkNpOXdma0RpcklSZ091Ym1zaWx1VjRWbk1WQ2VzeEhVbDhuRG92ZjVvano3YnpWd1dQSWJMblMybFpaanZZRTBQaUppd21tY2FvN0M5emdtd0d1ZGF6MjZuX01OanJWUlhKcnpNamdCU1BpalJoUDhVTHNzZXBmVVNuQ3Bmaw?oc=5,Google News RSS (10-Daily)
22 July 2026,KilasJatim.com,Media Massa / Pers,Tier 2 (Regional),Riset Dosen Unesa Buka Peluang Obat Antikanker Berbasis Flora Indonesia,Riset & Inovasi,Positif,https://news.google.com/rss/articles/CBMiqgFBVV95cUxNUVR0N1Nzd1hfY21peW5DbC1DVXFRcm10dGpzbXBvRWc3ZFJPWjlRVEJBY0NEVEtSelVvRGlJU0s2QWRIYjNBa0RSc1hjYnQwLWotYkJwbUdwRzhTajM2VjdyU2hmUERNd2MwNXBFQjBWMjQ4MXowb2ZqVDdyaUxRczV5THZfSHJhVm8wcU9lMEhpdmpzZWZIWElwRm5teXczSUgzMjJZQ0o5UQ?oc=5,Google News RSS (10-Daily)
23 July 2026,ANTARA News,Media Massa / Pers,Tier 1 (Nasional),Kementan membeli benih jagung ITS Rp10 miliar,Akademik & Umum,Netral,https://news.google.com/rss/articles/CBMikwFBVV95cUxPOUZaRnVtbElsWlVSRHBVRTBac1dvWEhQb09JZDlmR3ExTlFyVWpHMXl1eUVTQURlSEhkcWlXUC1FSmt2QW1faFYyNXRpWk4yOHhkRzdqYW1Vc2pTMUNCNHJUZ0prTG10VmRwamdWQ1VueEVDWW5GS3oxdXlZLUdBSEd5WmsxS05rUVdBaTNwVlNlMHfSAZgBQVVfeXFMUF9TSEJ1S3NSdklxbGpiQzl4R05VbG9VX1AtNFU1a1ZjZTVEY0JQaHV5MVpQbkp6ay0xYzZrUmxWMTVOUDF0MFdpUnRnekxMXzU2TXpBTTM0d01hZ0hNTE03OEpxaGtuR0NxbDFNSWswZDNXOVFJNnRpY0NJd3h0S3hQLWN2LTkxVEYzR1I3UHdkS05ZbmNFRnA?oc=5,Google News RSS (10-Daily)
22 July 2026,detikcom,Media Massa / Pers,Tier 1 (Nasional),Siswi SMA di Pamekasan Dilecehkan Sopir MPU Saat Pergi ke Sekolah,Akademik & Umum,Netral,https://news.google.com/rss/articles/CBMivwFBVV95cUxNenZnYS1zeFhySnpkM0tLVDlFOEJ2VE00REFYWmJTT2xfZllCRGdCRDYya2xaMlRBejlrM1hmczBqWVVUYUJmTTdSOHZPNnZ6eWxGZkVTUEdpSnplblIwQzdnU1U3V3BTNGkyMVhWUUpZMXdzUVZ0ZzJYamh1cVh5bFc5VzBpdkN2aDNEQmRXRlREOHBCbjZsdHQ3VG42ZTJ1RllEeEVxUzYxeVpTUFE5OG1YUmxadEk4c09saUlLUdIBxAFBVV95cUxQb0wyUy1TN3cwRXBiQThsVGNFT1dSMmhtdnEyQXFJQ3ZqNlI5RmtyUVA2NWZpanZJT2YzNThLZzNQeF90Nl94Wi1WZTBNQ19EWm1JbVJlMmtaVlhCRG5YMTNKWDRfX2hKRzJrd2NmZVdVQTk5X3dWTGE5TmVUeWRweHhNWUNjcHBZbm12NjBzMEplOWhjMl9tS1J3elNnUHFQSTFMdWd0UjFoOUdwOE1jeG9nSmM5QVJDRGhTcXV2d0RKbzJo?oc=5,Google News RSS (10-Daily)
29 July 2026,Memorandum.co.id,Media Massa / Pers,Tier 2 (Regional),Kolaborasi Dewa 19 dan Padi Reborn Siap Guncang Surabaya di Graha Unesa - memorandum.disway.id,Akademik & Umum,Netral,https://news.google.com/rss/articles/CBMisAFBVV95cUxQNVBwOVQ0NzNCMkFIeExGNlBhTlQ4cWI3bDdieHhwMTNXcU5OV1dBeGRFRC1VaUZIM1pQdm5BVkxDQVkyZjNZZHZWWDBFWXBHZkR5TGxuS3RiUTJJUnlHSEpDM28tQTdxRjhHd2VCbnpaWXRsa0RSSG53YmFIenJmNV9tLTNwSWpULU9VdGRWaWxUOU4xMzBlclRKTy0xNVpYb3Z4QjFUTnF4N0RfUFZzadIBsAFBVV95cUxQNVBwOVQ0NzNCMkFIeExGNlBhTlQ4cWI3bDdieHhwMTNXcU5OV1dBeGRFRC1VaUZIM1pQdm5BVkxDQVkyZjNZZHZWWDBFWXBHZkR5TGxuS3RiUTJJUnlHSEpDM28tQTdxRjhHd2VCbnpaWXRsa0RSSG53YmFIenJmNV9tLTNwSWpULU9VdGRWaWxUOU4xMzBlclRKTy0xNVpYb3Z4QjFUTnF4N0RfUFZzaQ?oc=5,Google News RSS (10-Daily)
26 July 2026,jatimnow.com,Media Massa / Pers,Tier 2 (Regional),"Seleksi Direksi KBS, APECSI Beri Sejumlah Catatan ke Eri Cahyadi",Akademik & Umum,Netral,https://news.google.com/rss/articles/CBMimwFBVV95cUxOc3VlV0YzbjFvR1dhVll1TXRiaHh5b2phNHIwaDNfcXBrQW9tRE4tdk5nSTlYQ2NNUXRqbzVMQlVkZ2VGajBuMFEtODIwclNXWkZ5aXNUMm5kT0pxZkFlQnZFY3FmY1U5LVNzbXVuZzBLTExSMDNqeWVVNEJFbjA2MmN5OUswNEpfWUlEV085Zi01eHBoTDIzVjNLd9IBoAFBVV95cUxOZjJ1TGZScmg5ZnJtNW95RC1qRmJpQjJtTE9ZQ1pCZnRIWFM1UHNpanktSDVwLXFQVVBNUEliSE5HVHBrZERKanVoMGgwTFBEWmlweU0tcktld19tZjA0ZlFxakJFcnJvMGZhdUtGYUpxZGdaZ0NnMkNUQlNXelhKMDlDU1gzY0V6b1NZLXQ4dUhrc2ljVGh3M201Y1pkQ29w?oc=5,Google News RSS (10-Daily)
23 July 2026,KlikJatim,Media Massa / Pers,Tier 2 (Regional),Pemkot Surabaya Lanjutkan Proyek Pelebaran Jalan Raya Menganti,Akademik & Umum,Netral,https://news.google.com/rss/articles/CBMimwFBVV95cUxPczFlaTRTckhxUUZDZVJHNG9yVzdNQW5ac0hmcnJHWlctR0hSMmYtS1NvV0RRd2NXbC0wRU53N2xYTGozN1VTNE03eHo3ZFl4WlZoVlNOa1dFVm5DZ1lhbGtwNmp1dFlET04zbjN6anNzVTd5X1VBYXBXME11SXFOaUY2VVNETEU4bmtPTmMxWVZVS01uV012TXU1VdIBoAFBVV95cUxOTW9wRjVQS3huelV3SG9jMHM2WkYtNFduUE1ITWpvY1pkaDRsNElPal9pY3lJNDVDYWdkSmRfdEtUYldsNXI4emd5Mks1UVkydTdCNXFvTmt0Tk1TcjRlcmpKYVQ0OW9NcUFMeEs4ZjNQbDdrajkxdkg5bjBnRDI5NHBCZUtZOHdwOTVfeklLci1hNTQ0bXVlWHZFNU00dkR5?oc=5,Google News RSS (10-Daily)
27 July 2026,surabayapagi.com,Media Massa / Pers,Tier 2 (Regional),Malaysia Selenggarakan Sirkuit untuk GP Bahrain,Akademik & Umum,Netral,https://news.google.com/rss/articles/CBMijAFBVV95cUxNUkpUQ0RieWVJS0cybTBvZUtKbzlMV1VWUnd2ekJNUURJNS01WUI0SG1McW5JOExSVUZsalktVHJucnNleFlyRmRRSm9WaHdsRGoteWFUZXUzRVFRMTJicFhFNEF6ZUhYakpLSVFmQ180WTZ4Uk1PanlUYm1UelB5UGp5ckFwNHQ3U3dTddIBkgFBVV95cUxNcHYzNFVWb1N2WW4xT1ZKaUZwMUYxR1oxTDZaX2F2SnIxWXl5MG9JajlSQUtFaTNfNmEtR2gyYlBFNHk0UzQ5Ulk2OUtGeTkzbXptUHRxQ2FNYmhyVkxTZ1hhRmZMSDkzaFg3S0RhQW5tOFBtUFEzcC04N0F0ZG1zX1hBS3ptX2E0X19oMzZfcU9zdw?oc=5,Google News RSS (10-Daily)
23 July 2026,malang.ketik.com,Media Massa / Pers,Tier 3 (Lokal/Independen),"AFE-LPTK Gelar Kongres Nasional dan OLOS 2026 di Unesa, 12 PTN Bersatu Upgrade Publikasi Ilmiah Internasional",Kerjasama & Internasional,Positif,https://news.google.com/rss/articles/CBMi1wFBVV95cUxQbi1nNmF2NnZBUE84X2ZYbGVJWVFLVHh2bHpPQ1RFRkdfcFo2cFpHTE9FbXM4S0F4TUk1MGNuang2dWs3c25ZRGdueW1YM1h0TU5vd3FickE2TlJYbGZHT3FaOGR4UnhuZG1aUW85ZDlnM28zOTUtWWNvQWxQeGxRNVZGUUZabDlaYWRDZUE5NmRCTXNaWG1DeEdKZmx0VEhXQmJMOWNDTXI3bThxQmtGUVRVNGlPMmt6SEd3ZGQycEM5S3dpVWFPb0FTaEtxVWRVZ0FhSDJoWQ?oc=5,Google News RSS (10-Daily)
27 July 2026,TIMES Indonesia,Media Massa / Pers,Tier 3 (Lokal/Independen),"Libatkan 1.152 Mitra, 16 Ribu Mahasiswa Unesa Jalani Program Mobilitas Akademik",Kemahasiswaan,Netral,https://news.google.com/rss/articles/CBMiwgFBVV95cUxPWkRGTEpSb2FSMllIUVlZNndFVk9GcFBXOWhYcmx3ODJJV0c4dkhhN1gxcjFMa0dnRW1rQVpOd2NieGI2VXI2M0JjVXVuSGNYTEwyWUhVUy1KYnZnOXp2WUxUT2tfR1o0VHNFR1BNVU5uOG00VFZKdlZyQnR2N1NyUnhmeXc5SVQ3blVpYVpydWJPOHRYMWwtUmEzbzNPUHdDc2lNSlliYW1lOFJDZFZweXpMUzBLekY5QVVfRkhmQ3lmQQ?oc=5,Google News RSS (10-Daily)
22 July 2026,jatim.antaranews.com,Media Massa / Pers,Tier 1 (Nasional),Pemkot Surabaya lanjutkan pelebaran Jalan Raya Menganti,Akademik & Umum,Netral,https://news.google.com/rss/articles/CBMioAFBVV95cUxOeTVMSkx2cmV3Q202R01yNmM4NkQ5akdwS1o2a21YYzA3ZmZEMHEyMHpXZURuNUZfYkZkS1ZveTliWGlTNi1qeC1VSHc4T0drTWZNb1c3M2Fka2trVktVcHlEYVJHc21YUnQ1aThOcmxnLVhHdFZHMVMtRmF2OVM3SWZUQXpmeV80S0FTM2t4bm1TTkpSZ0dpZnFOX1o5YlZM0gGmAUFVX3lxTE5JZUlMTTFTQmNzaWpyaTg5c1ZKak9hWWs5X3ppcUVKS294aUxNWnN5eTJqNGYxdWhzMFBUUy1RZG1hWFNrbVZlOGtxZGV1aTFxd0l1b0VVYzdUN2l2V3RZRV9xeUlGQnA5eTZsaDcxSEY3U0RpcE83LXRUMHNSRmg1QVRoMFhBanlJZEdUUy0xU1VHNVhEVlFvWHl5NkF0WEdFZXlvbUE?oc=5,Google News RSS (10-Daily)
24 July 2026,unnes.ac.id,Portal Kampus / Akademik,Tier Kampus Mitra,635 Mahasiswa Terima Beasiswa Rumah Amal UNNES,Kemahasiswaan,Netral,https://news.google.com/rss/articles/CBMidkFVX3lxTE5RTnh5YXVuWUhzaEpCanltamxhbTVnV2RkX1hmMzQ0V3I5R1pvX19SUmJUdTZ4Skxyc1N3WEVLMDBvbGtkc2N6cWhBcU10SjRnV3ZVZGdwSzZyVXY2UWNlU0d6T2FhcGl5VzRkSWx6eVZEMVRPZkE?oc=5,Google News RSS (10-Daily)
29 July 2026,Suara Merdeka Surabaya,Media Massa / Pers,Tier 1 (Nasional),"DPRD Surabaya Mediasi Perselisihan Soal Arisan, Dana Peserta Macet Tembus Miliaran Rupiah - Suara Merdeka Surabaya",Akademik & Umum,Netral,https://news.google.com/rss/articles/CBMi5gFBVV95cUxQNDJoOVhSTXRCbUdKNVZ1NXRQTTlER01DU0FJRDZvYV85eHE1MThSQVlDLW80Tlhfd29SWXFpTzBOQ3NDWHhVV1RwUV9rMl9nSjRxRFZkY2k2dGhhVllFSmlrckFQZFNhbjN2VUp6UzdJZE9GWjA1VGZkRjU5dG1ucnFqYVJ2TEluM0tjNjlpNEtlLVJTVkljRTBiUFZUWVJWRzkweVJ6N21jd1lOVlJTcWFpcEthNHFIeWFHa3VCdGVLcXlnbEYySDdWelBFU0pjVmdUeGVHZV9CbklzOTRqRnFmTXJaUdIB6wFBVV95cUxQY2t6eTl3Nnl5Tm1ERks0b1JPQl9nQVFCVWk3RXJlempYRldEaGdXS1lRT3JmV2M5UVBPclpuWm1jVFZNR3VJc3QxN2J3c1cyTkxvVm9majROMWh4Y0dHWkFzMHdsMzdUU2xvcUJpVmp5NzgtbTFDNDRVbGlIWGttTVdzckRTRmQ1QjB0ZzIwVGhGb2cwRmZxMXJFZXVvWDdFR1AwRElWX2Fldzk1X1JIdzJJdlZ6UElFeUtYYUx2Y1haYzNiazh6R3Bwc0ZYQW5PWTk4WjNDXy1mazlGYVNqSEY0ZlJ5b2JoSGpF?oc=5,Google News RSS (10-Daily)
30 July 2026,IPM2KPE,Media Massa / Pers,Tier 3 (Lokal/Independen),Pengembangan Modul Interaktif Pembelajaran Biologi Berbasis Discovery Learning untuk Meningkatkan Keterampilan Berpikir Kreatif pada Materi Sistem Ekskresi di SMA | BIOEDUSAINS:Jurnal Pendidikan Biologi dan Sains,Akademik & Umum,Netral,https://news.google.com/rss/articles/CBMiekFVX3lxTFBYRUM0cWJEQW45eW1OSnowSEhITHZZUGhrTlRKaThheDVsWjlhaE90ZGNERmsxc3ZTM2VNRWZ0dDFuSlpOLWVVNk5XUk5PRTBrMjRXcDdQZXMtdXowSnQ2LV9QVFQ4LUV2dWlHRDB4Wmd4V0hfTVdXbV93?oc=5,Google News RSS (10-Daily)
27 July 2026,Suara Merdeka Surabaya,Media Massa / Pers,Tier 1 (Nasional),16 Ribu Mahasiswa Unesa Jalani Program Mobilitas Akademik dan Libatkan 1.152 Mitra - Suara Merdeka Surabaya,Kemahasiswaan,Netral,https://news.google.com/rss/articles/CBMi1gFBVV95cUxNWDlzdmNZcFNTMzVKdEZTV1U4YTZfaGcteHJELUdldEtaWWg4eElKVHphdW44WDdsNW1VbEF4UjQzek42Mm5ZUEpLQm5Gd3VtaUwwclMwN0ZBOU14RVByR1JKUWdGVUY2clNIbHBjbFV0ZlZwTUdFbmZ4azNMeXJJb1BULTRySFRXZjRzR2s0VzhsV1pRZFMwanZiT3JseWJrNDhySkRaemNvOXZ4MjdBRzV0cjNsdlg5Xzc1VmtsSVpUTnRyQUUtWmVjTFEtbDljR0stRnlR0gHbAUFVX3lxTE5BSFZpa2lFYXYzY1FTWWJubmwtQUZyRGZhN2Q2OFYza0hhT0ZaNVdnNFFZTDBaZjMzRkhSM0NmUHpUc3pFSWRSN0dqQXFKd2RDSjRnV25hRFJmM2xkLWRHdm56ejFpTnZqbkMtcnp1U0xvZFU3ZVZ6SlI4TFRGeWNlTkVuMWUyY3VvTXM4UEdWMXVGNkxaazZkRUNKdFJNOGs4Qndad0F6ZDgtYWpSMVVPN1JDbmsyeDZfb2t5Y2w0dWUxQUVVR0QwZ2pvdnN1cDhaMFMzRDdHLTRQMA?oc=5,Google News RSS (10-Daily)
28 July 2026,prin.or.id,Media Massa / Pers,Tier 3 (Lokal/Independen),Ilustrasi Digital Bergaya Semi-Realis sebagai Interpretasi Simbolis Lagu-Lagu Blink-182,Akademik & Umum,Netral,https://news.google.com/rss/articles/CBMiaEFVX3lxTE9tRDA5UEZJVThvZF9qWF9fQ25XY284OFZJY3d4akZjU3l4eTJyR1JYVFVQTjU4cTRDTm5veG9hT1lpeUhObnp3aHVpUExpMFpxZ3dBMmVraldlMVRVYmJCYVB1aFF4Xy1z?oc=5,Google News RSS (10-Daily)
24 July 2026,jatim.antaranews.com,Media Massa / Pers,Tier 1 (Nasional),Petani tebu apresiasi program bongkar ratoon Kementan untuk swasembada,Akademik & Umum,Positif,https://news.google.com/rss/articles/CBMitAFBVV95cUxPQ2Jxc3I5MU0wYzhBZUFRdDZOTEt2ZXRTMmx4N1dQVzlQWlZvd2tqdWY3bjhjZ24wWlVFRzQ5a0hXMldQTllMQ0hMX1kxbjlpZmQ2MERVeUU2MUtldkpXb1dfQUlEMkpLdlV5Z21OZGNjc0taVlVUN3BYUWJ1T1R0WGRIQ050Z2R1VFdJWW1OXzZ6eXNSZnFWSUw2VlhvMkk1VzRIUUlHR3ZnWGVialdUSVB0OU7SAboBQVVfeXFMTXpEUzVlOHBkWjRQa3ZMVjdUTWtxck05dDF4c0I5cEMwLTlaT2JDU1FVeWN0UDZHVm56M3VDaTJpcjF3OEE5T0xMN1llSmpvWGFQa3Q5bmlUUzFuT0F3VVRUYjBDMThsRTV4aVZYRFViMV8tS1d4d1NJbThRVXotc0dSYXl6MjF5M2VZck5IVzFtUVFUdUt0VkZxX0U1bkU5UmJCY2FDcjBONFhwdEU3WkpOSy05bVFWWXR3?oc=5,Google News RSS (10-Daily)
31 July 2026,Headline Jatim,Media Massa / Pers,Tier 2 (Regional),"Gandeng Kampus Malaysia, UNISLA Bikin Gerakan Biopori Atasi Banjir Lamongan",Kerjasama & Internasional,Positif,https://news.google.com/rss/articles/CBMisgFBVV95cUxPSFltNFRHbkViOG92UThxUHQ4T2FHRUh2dFJzR3JkR0J2YVdKdXlkcjRoWXk1WTFwbnd1SjQ0eHZtM1BpQ2s4MUlIM0pGd0N3QnNJZXhzR1pBT2twblRjSnRjbk5jSl9LMm8xeHU0c1Y0NEMzYlNzeW9XZGtOVm8xaEE3dExCMjBVZ2lBWk5MT3hTRllLRy1iYmg2aVI3ZmFuZFg3bFVCM1lKSFowLVJobUdR?oc=5,Google News RSS (10-Daily)
31 July 2026,detikcom,Media Massa / Pers,Tier 1 (Nasional),Ada Diskon 20 Persen buat Sekolah-Kuliah bagi Penyandang Disabilitas,Akademik & Umum,Netral,https://news.google.com/rss/articles/CBMitgFBVV95cUxPLWFaU0Y2TmhzRGdmbktlVFAzaGkycnZDZkNKTW15eFNKQldqbUNUZHlXT3ZtdkdkT3NBcTM5aG5UdkVzdWFCelJYblp3T2ZwbHFWRThCZ3VXR2ZvRHgtdEJ0YnVjR0xIME5qSG1YUDBsMk9kcHE2U0NYWk9sU2dETkUxb3p3bTlMVjlXQ3NWN2xlbmV1REx1cURhYllrSThKWTRKemhLV3RocHhlNXZiWm9GcmpIUdIBuwFBVV95cUxNaXFXNjZYQWdVOTVtV1RoU0dpYnNhMzVyNUVkQUpVaVN3Rjh6UFZMUHlKZkc5QjdIRkFRN29fWmVLbFdRWVBLTUJEaVZVbFdRV2hjcGZIX3o3TkJjMHlCemNVRHZtNVpicF80YVRXSDdzdmREZDBsSUlaSzFEVlZGVTNhUWlBSnYxcVZ1X3I0emRyU3NhSFRsaThQRWhPUS04ZmNqcHNHZ0oyT2ZydXNfRnctWkl1OWZyNlVN?oc=5,Google News RSS (10-Daily)
30 July 2026,jatimnet.com,Media Massa / Pers,Tier 2 (Regional),Konservasi Mangrove Antarkan UNESA Raih Penghargaan dari Pemprov Jatim,Prestasi & Penghargaan,Positif,https://news.google.com/rss/articles/CBMilgFBVV95cUxPaVQ2OVdSeVhSMlZvZ0VlaEgzZ1ZDcTlTeEdxZDZuVDZJdTVTaTJINGMxRERuSFBZOWVEemg1dXNrQ0lBTGNzbEFkczRZRlFHcy1iYXp4U29oeGFtcjFoYWlaVmtpbFl0Y05mN1IwSGtWYjNZQjRpN1RUQlRhOW5TN1hzTlZ0dUlOd3dlRHZicGdXUzRDclE?oc=5,Google News RSS (10-Daily)
31 July 2026,Budaya-Indonesia.org,Media Massa / Pers,Tier 3 (Lokal/Independen),Tari Orek-orek Khas Ngawi,Akademik & Umum,Netral,https://news.google.com/rss/articles/CBMickFVX3lxTE9LamdlcjVGQ2NSLW5uemdUbnZoclpFSTg5Rk80NHlualh1UXQ2WmJvdWtuVmhWYmNWSEJMTl9hOUp0UnpENW5OWlhFeHJsZVI4ZXFYbTgzZXgtVnBUV2ZfUHgzVHFFX25weFg2ZFZsZUpvZw?oc=5,Google News RSS (10-Daily)
21 July 2026,HARIAN DISWAY,Media Massa / Pers,Tier 3 (Lokal/Independen),Dosen Unesa Latih Guru SMKN 10 Surabaya Optimalkan AI untuk Pembelajaran dan Penilaian - harian.disway.id,Akademik & Umum,Netral,https://news.google.com/rss/articles/CBMiwAFBVV95cUxPN2lVZ0QwQkV5VXdlbVo3OXdqRlZIUFVDMVdGRmk0R2xWSVp0NkxRUVN3dkx3bFpuSjh1NGpBeExxMmRkUUpobGdWREg5Qm13SGlDZU1GV3VVNzAzaDhZUFdqUkswTG5NalQ5eERHLWs3VmZadERHY0lILVhkRmhKdU1ZSlRfZlJrUnR2a1dlcURnUzE4X3ZsT0RsOEYyODNXUWxPdFFhN3lESHgzUkZOc2ZpQVUwcTNLUFczY29JSzjSAb8BQVVfeXFMUHNydXdlSGlSVE9jSWxXNTRsTjNUZ1NFWlFSeU1kTDdiekVNRHYwRVI0TEk2Ni1aQ1ZwNm43d3J1ZUxqRG81YWF1cFlvSjBJb2E4aE13Rmp1TG5wSlJnQS1JVmR0b1dfVVgxczVQWGhDb1RkTDk0LUd3R19XSVg4NTNHNzRZR1RXdTh6XzRBeVZjVXY3VDFkbHJWM0t0dlJFeHU3R3FuSUxpeWFNOXl6R29WcXhZaG91a0c4UVh5UUU?oc=5,Google News RSS (10-Daily)
23 July 2026,Padang Ekspres,Media Massa / Pers,Tier 3 (Lokal/Independen),Objektifikasi Bukan Gurauan,Akademik & Umum,Netral,https://news.google.com/rss/articles/CBMihAFBVV95cUxNSHZfOWRwcDNiQ3FhcHkwVDRRZFZmZkR4OEVZM3pZX3RpQ3A5YW1oQ1lwTFdGdlVfTHFFd0I4Q293WlRCX1JFTEVMSjlyUzBrRE9naG91aTlGM0hjaDdGcEZZSWVGMVplbnBVQmFoQ1NVSkZhWXBzRW1xaUc3a2UwSFR1RkTSAYoBQVVfeXFMTkJrUk1QeWVScm1fR2JMWEgxTFlWV1JJUloxdERWWmYzMHdHczRjbzBaVzd1N2d3OEZMak5nQUJ4a2dad1JKdjQ2dk1UZG4wYV9WZm1UblJPVWJoRWtFN2RJVndZN3FYN1AzajVnanNrMWVTVUJWMlF3dDFjRDdOQTR5VHpHcXhSbmFn?oc=5,Google News RSS (10-Daily)
30 July 2026,Universitas Sebelas Maret,Portal Kampus / Akademik,Tier Kampus Mitra,Aspects of the Javanese Language and Its Preservation,Akademik & Umum,Netral,https://news.google.com/rss/articles/CBMibkFVX3lxTFBIMWg0NTFPc3lQVl9LU2wxLVBSd1dieW5ybWNxcnEyRXQzNXZyTFdJVzZHMTdNUUU4cFdNaWlXVnp3Wl85OWczaF9Hd1BuczFYM1pFRTNxa25kZXZiQnBjcF9mc3VJeVNjYU5RWThn?oc=5,Google News RSS (10-Daily)
31 July 2026,jpion.org,Media Massa / Pers,Tier 3 (Lokal/Independen),Hubungan Antara Minat Belajar dan Hasil Belajar Biologi Siswa Kelas X di SMAN 3 Siak Hulu,Akademik & Umum,Netral,https://news.google.com/rss/articles/CBMia0FVX3lxTE50N0EzdXN6bUlSOWgzM3FXLXZXQm1kNm9DcS1UUlpkVXJpN3ozdWVMS3hvT1VmYVJKZXZEM3JxUjk5ZzVlQ2dmR0F6eHZuQmxWRmVUZlc1a0gwQ044Y19Oa25Gc1NiWlV0bXJ3?oc=5,Google News RSS (10-Daily)
26 July 2026,HARIAN DISWAY,Media Massa / Pers,Tier 3 (Lokal/Independen),Kongres AFE-LPTK dan OLOS 2026 di Surabaya Perkuat Publikasi Ilmiah Bereputasi Internasional - harian.disway.id,Kerjasama & Internasional,Positif,https://news.google.com/rss/articles/CBMiyAFBVV95cUxNcDdnSVpLSFJpYzZMY3NLd1ZuemtObXBjVFUta0ZVTjJ0ZFV3Wjc5NEY4b1FrdXBBZ2dFSWRpWnJzRGxEVmNua05xRWdDSXMtUlZieV9URjRqbUFWVTI3NUt0WVFRYUk3M20yOFhhVTNPMEo0d2ZYazZFSVNXd2dkUTFUQUxNQUE1X2xXUVk4R2Y0YmxmLVhXcUxOajVVd21TdUp2cTdoSUtyZTVtSEpwQ1JRdlBqanlnMl9NMjE5SDhHRmo0ZFRtLdIBxwFBVV95cUxNSEc4T1VhLWdUX2YtQVVQS3REOTE3aVlSSzJyZjZLV0NPTllWdVZfaEtaY2U4NDFYbUIxaEpLcEFxakZEOGhoSzBKcDI2dl83V1prQk43Mm1YYUliRXBoSHB3TFZrWWI5MWtaVEU2T2lvOEtWMGx6VzRJVlFlbG1ub28yVnlvMlVxQm5qVjBySkUtOUxIY2prN3N4RzNBb3cwRTk3MEJ3MlQ5THlFdnVkWnJyYzY2eFpPcklpYVBsbGZpN1NpTU1V?oc=5,Google News RSS (10-Daily)
30 July 2026,jatim.antaranews.com,Media Massa / Pers,Tier 1 (Nasional),"Pemkab Gresik catat realisasi investasi semester I 2026 capai Rp11,4 triliun",Akademik & Umum,Netral,https://news.google.com/rss/articles/CBMiuwFBVV95cUxQQTlYc0EwTWJrSzRxZ2NHSmZkcDJtclNMVUJ4cXVLQmxXYkRlMklrWmk4dTU0RkJ5Ui1YWlV2SS1ycTdZMWgxcXR2eDdWMGdpYUFDVE5iT3ZmektXTDd4R3R4RU5SRXc1X09hWDZiQWZ4MDZMb3hBS0J3cnRsM1NkdFZ3QzVtbTdtNXdPMEEzdVBieUJ6dFc3UlBTQlFrNFVKdTJfbUFYTVk4NEJITUVWeXVBRG9BZWVSVjNv0gHAAUFVX3lxTE83VnFULVl1d3NDZS12bWJDZVhmZGl1a2FGS05IeElQSGQxRW9ScFQ1M29zcmp6NXRNbFU5SjhXVFEtNEhaSzd1OTRUMHY0TDc1NlB4NEVRNy10X21DQXEybTN3LS1SNTdqY3o3cklESlZ6RVNGOHpUV0lsN3haSEVCeTJLSlQ5WF9COUVzU1NBVDFnSjBINkRaSUNWb3JDM0xiSGxDWUlXTFprZGNhcGJVdWNaaUNFcENHZzhYVWhlYg?oc=5,Google News RSS (10-Daily)
28 July 2026,jatim.antaranews.com,Media Massa / Pers,Tier 1 (Nasional),Khofifah: Kepemimpinan perempuan harus hadirkan kebijakan inklusif,Akademik & Umum,Netral,https://news.google.com/rss/articles/CBMirgFBVV95cUxPd3R4aDNyWDNKakVrUzNZMlFVeV9ySXNneldmRVFyMXMyYWx6aEg0VzhUZVRKR3JqTWlmNGN0T296dzhDSFhwOTdWNnZVLUtxcEVtYmdKMXRmQ09BM3ktZDd4aVFwaUlsX1FrMUtBN2Y4MjNQVFVzUnVhN1VmdHNZRUlMVmpfU1pXR1NZMXo1ODVNOTVPbVdYVk15SUtWaEt6V3Z2UG1NRFBiUDdfWlHSAbMBQVVfeXFMUEFhUFBTQ3NLYlRkNC1Ra0k5Sy1RN3Rnbk9kd2I1QkI0TFlYaFVBUU14UGxSOElRSzZDM0o3dVJocEI3NFdxLWlyOXdEYzZWYXFic0FDdm42LUdLV0JZbURCTHR4YjBRTXVSZHNOU1ExTUJOZGR3WHMzMmpkb200aGk3SWNNZThZXzBqNVV1TThxSU16a3pSSjhCSXljdGc2SlNHQ243TkROX0pxU3hfSDZYazg?oc=5,Google News RSS (10-Daily)
26 July 2026,beritajatim.com,Media Massa / Pers,Tier 2 (Regional),Dosen Unesa Ubah Limbah Daun Nanas Jadi Tekstil Berkelanjutan,Akademik & Umum,Netral,https://news.google.com/rss/articles/CBMijgFBVV95cUxQaUFiOHpGTlpqdVlsUjdZWjdTcEZaNWg0TEdobDUtU1h1aXB2R3JiQVJ5eHZpc09TejBadlMtckFwLVVsbk8xeHdSaGp4S1VEQ3BMT3VzNXluVzZVb1FoRDJTMGtoalpFYzdEVVBId3ZGTDhMclNueDRvSGVBNGhIR2VCT3FaWElIYkFlckRR?oc=5,Google News RSS (10-Daily)
30 July 2026,Dandapala Digital,Media Massa / Pers,Tier 3 (Lokal/Independen),PHI PN Gresik Jadi Laboratorium Akademik Mahasiswa Hukum dari Tiga Kampus,Kemahasiswaan,Netral,https://news.google.com/rss/articles/CBMirwFBVV95cUxPUlYtbkNVX2ZzSktiaUVKRkNZT3FjSkFWblh0SE5rZ3FWMjlWUFdMZGxfQ2o3VDJRT0VTNWdrVnRxYXJvckJkSV9pY3hIZW5pXzQ3N0ZlVXA5T0NtMm1hUFdfdkJKaHVKUnJQTGk1Vjl4aVcxTXQwWkN3SWtHRHhEWFIwOWYwUmdtaEpLNXhpaEM5WnQ0WG5GSjZOZWx3M1AzMjE2SFBIVmtGR045QnQw?oc=5,Google News RSS (10-Daily)
17 September 2026,Radar Surabaya,Media Massa / Pers,Tier 2 (Regional),"Latih Guru RA, Bina Diri Tata Rias Dasar Dukung Kemandirian Anak Berkebutuhan Khusus",Pengabdian Masyarakat,Positif,https://news.google.com/rss/articles/CBMi2AFBVV95cUxNRnpIME51TEtBSEdDVTZ0bzY0RUZhU3hrSm92V1FJNXE5bHVIS0dhZkxkSEJnMUE4S2sxazNST1pkR2dvR1p6Y1FKMEdYdzhSTkY2V1BxY2ZSZmhKdktzMzE5ZTYtUFpJWVlQVmIwbFRCX25lUEswaERBazVmaldYaGc4Zm1DUTJqUnNFUi04NUh1MS1CS213OGwySTZjRXVoclp0NFlReWtXUXZCWm1Nc3BqdWhrXzNWR0VEYnhGejByYWo5MjB1Y3liSVozY0tmQ2JKMnlpRUjSAdgBQVVfeXFMTUZ6SDBOdUxLQUhHQ1U2dG82NEVGYVN4a0pvdldRSTVxOWx1SEtHYWZMZEhCZzFBOEtrMWszUk9aZEdnb0daemNRSjBHWHc4Uk5GNldQcWNmUmZoSnZLczMxOWU2LVBaSVlZUFZiMGxUQl9uZVBLMGhEQWs1ZmpXWGhnOGZtQ1EyalJzRVItODVIdTEtQkttdzhsMkk2Y0V1aHJadDRZUXlrV1F2QlptTXNwanVoa18zVkdFRGJ4RnowcmFqOTIwdWN5YklaM2NLZkNiSjJ5aUVI?oc=5,Google News RSS (10-Daily)
04 September 2026,campusleague.id,Media Massa / Pers,Tier 3 (Lokal/Independen),Profil REINJA CAESAR PALUIN - Universitas Negeri Surabaya,Akademik & Umum,Netral,https://news.google.com/rss/articles/CBMijgFBVV95cUxNRGp1OXgxT0pSeUUxaFFuQVZNWG5aaGVjWHZNTjU0WWc3TkVLaUFmNU82YUFzR2ZYVFBiQjl3ZXNMeW5UMW9TMmVheWJRSWJDVTZlRXJMTUZEYjh6X1NqcG9DQnpPcG1LSTk2VUNVWUVvdnQ1ZXQ2bWliUldHREQwcERaWHY5a0t0UkVlNXNn?oc=5,Google News RSS (10-Daily)
15 August 2026,detikcom,Media Massa / Pers,Tier 1 (Nasional),Akhirnya! Unesa Skors 6 Mahasiswa yang Lecehkan 26 Mahasiswa dan Dosen,Kemahasiswaan,Netral,https://news.google.com/rss/articles/CBMitAFBVV95cUxQbkN5eGRIX1B1Nl9nNmhmd3JacGluY1NNNWxhS3VIWkFGSU9xbUNWZF9pak1lckMyMEdWdnJPYUJSazAzLXA2Z0xITURoWEVyZjVoWWVFX0l6cXVpczZRUHNuT05EejJNVElxRy1MTE1RSnRoQW1RYTR6RnF4Zk45UnV1U2FIZXdjQ3BBb0w0UHVrRmlPVHloRzhwQkpPSXNJUHVzZUpZeXZIaENLR0ItdnhsVDbSAboBQVVfeXFMTlpRSU54V1M1VzAyNmlMaHVXSVFMTUdEMmpqcVFLelMySHhjamxOUWtoS08yazk5VFFvczBuMGVXdnNlZ2dZUWlrMzJ2Y25CUHJPMkNBcnBqNUZkNUc0eTE1MGpRUmduajlkRGdiRjVSVUtBUUJCTHltd0VSV2t4R1lrdFBGUzNTNUxUWWRJaHRTZ1NwNmhGWm1uZDdSMGVXWURBV1JaeUxxZFg3RjVqM0MwNUpmZlFkbVZR?oc=5,Google News RSS (10-Daily)
12 September 2026,precisionearthworks.ca,Media Massa / Pers,Tier 3 (Lokal/Independen),Login unesa🏆 Address: kampus unesa 1 ketintang surabaya home; layanan,Akademik & Umum,Netral,https://news.google.com/rss/articles/CBMiUEFVX3lxTE9SMmVueHo4d0VOSTBWOHZkcjVpSHlLaWNadXdHQl9oN1UxZnFXbk5FM0l3dmxOTmJ3QW5zZFpiQ2dNZkQ5NjhRdWk5RmZaTFly?oc=5,Google News RSS (10-Daily)
12 August 2026,antaranews.com,Media Massa / Pers,Tier 1 (Nasional),Mentan beri wisudawan alat pertanian untuk modal bangun usaha,Akademik & Umum,Netral,https://news.google.com/rss/articles/CBMipgFBVV95cUxOa3g1MGRqT3JTRE56YldBeEE0RDFpODhWYnA2MnZsTXMzTHQ1c2ZiVlJuUjQwUlowOXo4RldPVGxlc2tCTEV3ZmEyWFIzV3NHaTZKRUF0c0R5UzRqOWZmZkJ0c25HZ2FPTmdBbUhuZzhFVmJzRGE4NzZPWHhON0p5amVuS29TeUtleW40cXVrdWhpc2Y5QVVSUmUzVDVNeHhVM3pWZFBR0gGoAUFVX3lxTE5rSGdhcWc3YV8zVmFjWEJhNTVycnkwejRpYlNNc1JQenJ4SmZoVzBCaWd6RWxvcDNOVW5lcmRmS3NOUTRzMGpCNklkdm1ocWJtdlJldVlhellnS1FCWE1nZ3ktWHY5cGJiQzEtOTNjODdiSUVzMjF3eWwwNTljQ1A4RG9BbzY5Wmk4ZmJRQlRzSWU2Umd2WUFmbUpFSjRUZkR0ZmMzMEx5Rw?oc=5,Google News RSS (10-Daily)
24 August 2026,video.kompas.com,Media Massa / Pers,Tier 1 (Nasional),"Nyaris Putus Kuliah Gara-gara Desil 7, Mahasiswa Unesa Ternyata Desil 2",Kemahasiswaan,Netral,https://news.google.com/rss/articles/CBMirgFBVV95cUxNOE10UFk1MXlNQmVkcExYWUNIYW5TUkpwbThBV01nd2hhLVBtQWlzY3o1M1A3V1pKcEZXdmJkaFZ1Zm1PMEZJdWhkTjFxdi1mNXpOWFhZTXB3VnQ5N1FlSVBvV2lORUk1Z1psZHVNcUFRVGFyY2lxY2ZzZWg3N1VWZVhpT25MSlNPMmxUNnlLSzRVOV9xbVFJdDdKd0VhSHRlVUN3cHZJd09faUp0RGc?oc=5,Google News RSS (10-Daily)
10 September 2026,Perpustakaan FKIP Universitas Pakuan,Portal Kampus / Akademik,Tier Kampus Mitra,Universitas Negeri Surabaya.,Akademik & Umum,Netral,https://news.google.com/rss/articles/CBMickFVX3lxTE1aQ1p5ajlGOUNxbUNkakVka0VyWnBIVDkzd0VJT1NoZ3lhX0FtMDFEekpvZXVJRmc4YmR4bi14SUFBLThqQ1NMWTdURnJFQ3pJWE01dUJXTHJTT05qU1dZNUduYVJRN1hORGJxeEw5SnJydw?oc=5,Google News RSS (10-Daily)
30 August 2026,Suara Surabaya,Media Massa / Pers,Tier 2 (Regional),"Unesa Kirim Tim Peduli Bencana ke NTT, Siapkan Layanan Kesehatan hingga Sekolah Darurat",Akademik & Umum,Netral,https://news.google.com/rss/articles/CBMizgFBVV95cUxOZ1Q1cWxyX0E2Y1JKUDh4Rm13c1VQdzV4VV9jX29Bc2l4NWJIS1RtXzRPOXIyM0FvSWtOMURZSHh5TGZjTzJqeTlGLTdTckxyUlBuaWo4NFR2TExra09rQmFzYk12bWZqbm9aZ3JrMlVVN0R6cXFPQXZrMW5nREx5Q0ZzcTdsMVZpVWxVY21iVFh4elQ4ZTltXzktelFUV3Rsbnp4aF9Hak9tZlpYUlNNRkxRdGNDd191aVFMbmdxU09UMjZjX1ljYlpQZmpPZ9IB0wFBVV95cUxOUldDWUNuckpoT1BtbFBCVFlYdlVvQl9YenBMWXNmMWRYdk1tV2wxcTFKa3pUaWR4SEpLeGV6a1ZDeXMyUk9ZMi14MjZqY3dULUstTThHaldfNHRNbkU3NjNxdHVFMm9yTGRkald4di1kYnVsNTZCb0M2Q0FZaUZnQ0hYQjVXX3h5bWFoMEl6bkVzMG9jWnV6Mk5wMmctckRXNU9yR1pVLTI0VUxYSl8zUTJtSDhsdUpHTlZfUXg5RkJtQ3ItV09sdXpaMDY3Qm51RUVR?oc=5,Google News RSS (10-Daily)
01 May 2026,schedules.run,Media Massa / Pers,Tier 3 (Lokal/Independen),UNESA Medic Run 2026 - Kota Surabaya,Akademik & Umum,Netral,https://news.google.com/rss/articles/CBMiW0FVX3lxTE1EV1RFNFZ0MnU1R3ZqbjFPVFlkaElnRU1mNnI2MDlVaDlDdXRJZ3Q5SWZ6dERCang3QXdGTUZIM2VYN0E1UUFWRlQ4QlVUSjFvQXc4a0RCc240RlE?oc=5,Google News RSS (10-Daily)
10 September 2026,WPS Office,Media Massa / Pers,Tier 3 (Lokal/Independen),Implementasi Kebijakan Merdeka Belajar Kampus Merdeka (MBKM) Universitas Negeri Surabaya - Penelitian Studi Literatur,Riset & Inovasi,Positif,https://news.google.com/rss/articles/CBMi8wFBVV95cUxONlVla1I0SnlNRl9YR3pjV1ItZ0VfWHVwVVVMMk9ObUR5aEtKRmlEVGtQWkFfVGtBZ051c3JuTnh0UDZHODBLRE5kakZmbm1obWgyN25HSGVCaGdMR2hsT2poSE5OcVoxUzBYVHJUVHE5LUtPY2lQZE05S3MzRzJDcHpqSlpvbzR1Z0d6MTFOTlFVSEFITVpFeG01Nmk4Y2xtUXp5X3lPTlZCdEdJZlY2SEQta1VIaGtLeWJQQl8wYWpkMFRzaFhQeENnTG9zTXB1d29OWEN4TDNIQ3IzU09MRENRVkZwSmJOdUhTa1ZIcXdORHM?oc=5,Google News RSS (10-Daily)
03 August 2026,jatim.viva.co.id,Media Massa / Pers,Tier 1 (Nasional),"Mensos Tinjau Sekolah Rakyat Gresik, Fasilitas dan MPLS Jadi Fokus Pemerintah",Akademik & Admisi,Netral,https://news.google.com/rss/articles/CBMivAFBVV95cUxPblV5c3NVWkhJNXJEQ0ctQUlDd1VRT011alN4Q2MyZWMta0daZzdLSUR3a3N2WHlXNV9Rd2hHdDNNTEo1U1pzeTZOcjl5azRKeVB2OHdRNS1VQVpWUzZIcE1PbmZSMHE3V3EtLU5xSUs2TkZFYjZQXzZYZkpEUmw0blAtQWNValJkQjF6OHIzdEt2OEtSckFBMW9YZDE3aFpfdnB4WHI2dG45ZHJjanFYenBMRWNhek42UkhORNIBuAFBVV95cUxNSlZFdDhXeHY5bEVqRWVHRGRQRVF5MnladjhiemdJV1F3WnEtRVNpWVBpZ0JleVhpb0Joa19oRG9QTjMxVEE4SjFCZUFXeW00QVNCT2FsODdmQXVoUVFjeWVWTTZnTU1YMEE0ZGN3UWg3WGc1TlRycDVodVhiZ00tX1JzbUtKLXNZSlJCMUJ3SkV4VmRqRGsyaFc2R0liSUc3MTB2OHdBOVR6RzNrbkFxN0FUQVJuXzVI?oc=5,Google News RSS (10-Daily)
10 August 2026,"Kementerian Pendidikan Tinggi, Sains, dan Teknologi",Media Massa / Pers,Tier 3 (Lokal/Independen),Mahasiswa Disabilitas Unesa Raih Penghargaan Nasional lewat Gagasan Ekonomi Inklusif dan Parade Budaya,Prestasi & Penghargaan,Positif,https://news.google.com/rss/articles/CBMi3gFBVV95cUxPYjN0SXVFTXMzdTRVMEd4VE5WT2V3Znk5SnBodVBLbU9pbFVGR3VXZGxVS21iMDV2UV9kUTdMS1Z3aGJTWFU0dVNXamVQNTdJaENTWXEySFVTVGNhelRQWEw5bzE4U20wakY2Z252ekZXeFBUT21XMlhfMGFheUZyQzZZdV9QSTliaGluRjVqd0VzUkJIb2xLWXZzdVltVWZ0TWs2UkFQUXh4a1B0aXBVM01KNURmV2FPUmRDWEtaNGlzSlE4N2JSNHJUTjhTb05DdElZS2JOT2w3eHFvckE?oc=5,Google News RSS (10-Daily)
03 August 2026,Universitas Negeri Malang,Portal Kampus / Akademik,Tier Kampus Mitra,UNESA dan UM Bekali 78 Guru PAUD Kota Malang Cegah Bullying dengan Teknologi AR dan VR,Riset & Inovasi,Positif,https://news.google.com/rss/articles/CBMivwFBVV95cUxPRGhvc3NYanFETW9vX2hQNzBWenhMZnNlZWZSYTlDZDBkYjBsR0FqS0F5UGpCSk1NWFNMRDBLNDlrNTZ6YkZaSHRIQms4MjR2c0IwaDJPcFVGbFpsMFZ4MlRFaHlaVnVJMy1BRVpLMUlxN012dEtRR3NGZGZvUVo1aFhNWUVHamd6aFhKaGV5T3pyRzRXTTJrNWRGUDJxQkZlcWdFUXBtMmZtQ0JVNU9YMml6QTJKTG9JVzNFZDJ2cw?oc=5,Google News RSS (10-Daily)
09 August 2026,Grab Food,Media Massa / Pers,Tier 3 (Lokal/Independen),Cheezy Coin - Unesa Surabaya,Akademik & Umum,Netral,https://news.google.com/rss/articles/CBMilgFBVV95cUxPV1ZuVWc2ZHpFb2tYczNaUDdvekVPdDduYjBvMFVXU0t6R01fc01NTFEyeUJtdmp3eVU3TFNrQlJ1ZnIyVjJmZndHdF9KUTUtR3I4WlNmNzJ2TWF2c1RNeUJ0Y2ZIVWd5eVc4RFFCQUV5M0I3VUFSblFUaHlEZFpPSWFrbTRORWR2UW1Rd19jNFJQazZRaUE?oc=5,Google News RSS (10-Daily)
07 August 2026,Shopee,Media Massa / Pers,Tier 3 (Lokal/Independen),Jual Kertas HVS A5 Putih 80gr/PKKMB/Ospek/Unesa,Kemahasiswaan,Netral,https://news.google.com/rss/articles/CBMikAFBVV95cUxQN1FRci1PWTZDWWFLcW9yTnhDT295dHRhZjY4NV9uZnVPUVJMb1RlZWpSVV9qMFVuc2FkcmZoeGZzV1BpNVlFNEhHaVRrSVdPRC1TNDhZWDdjRDlCazRDQVNIcHZCOVJLNWJobFI4YVdIWXFpaElBWldVU1laZ1JKdTFGWWloaGEzYXlId09iYVg?oc=5,Google News RSS (10-Daily)
03 August 2026,news.schoolmedia.id,Media Massa / Pers,Tier 3 (Lokal/Independen),"Tanpa Skripsi, Mar’atus Suci Justru Jadi Lulusan Terbaik FT UNESA Berkat Prestasi Robotika",Prestasi & Penghargaan,Positif,https://news.google.com/rss/articles/CBMixAFBVV95cUxNUDQyb0JoY0FhQzJwaHlkdGFYTWhCQ1U5N0p2NktORnRJX2RnUGJUMHF1eEZvMDRETjQxNFJObHZaZFRjMm5EMi1HdkprSnA5RHZhYnRIdzNUMXMyTEN2RWhYTnZSeDdxbGZGSDhnTE51NV9Xa250NFBjOTlBU1FlWUhERDVWUncyZW9iSzJLc09sUU5oRUhCMmowT2JzVkg1d0FnU0VUQU1sVE9Xb3Z6N3lvRl9HbnB2Wi0tT2hWNDZwX1Rq?oc=5,Google News RSS (10-Daily)
02 July 2026,IndoMS,Media Massa / Pers,Tier 3 (Lokal/Independen),Mini-Symposium 2026,Akademik & Umum,Netral,https://news.google.com/rss/articles/CBMiT0FVX3lxTFA4Qjk1S01QbzVPZko0NUduc1JReDN6TlBBUmotZ1ZydjRoZmh4S0JGVVEyZmZ4djkwUWhXeEh1SFVqVVFFMjBlQjJ1czNCLTQ?oc=5,Google News RSS (10-Daily)
09 August 2026,RCTI+,Media Massa / Pers,Tier 3 (Lokal/Independen),Arek-Arek Suroboyo! Ramaikan Okezone National Championship Regional Surabaya di GOR UNESA 8-9 Agustus 2026!,Akademik & Umum,Netral,https://news.google.com/rss/articles/CBMi8gFBVV95cUxPUXhtRFp1NUtTNDdGR0F0Zy15X1htbS1MZE10SzZIc3B4d0czajBWZUQydXQwaGMySnVRT25oODlMbjEyRGtzUC1yOEJiVkM4ZEZTSnFLcTZ1ZzhKNUYzV0FvbTMxWWp5Y1pUN0c4VXRkZ09QVk5taHluc2dxTk9lbUJKeGJCbnlMa1AtRGN4dmNqWjZkOF8zV0dFWHdRRnBmcE9EcS1ETmtLcmUtclZsQW1VNEd2bWRzMi1MWkxBZHdmaTcwRWpMc3NYY0dHTFBuNmtNNGMtOWlNbU5OWE95NUFNTzNJU1d1WHMwaklmNWJXZw?oc=5,Google News RSS (10-Daily)
04 August 2026,Suara Surabaya,Media Massa / Pers,Tier 2 (Regional),"Pengangguran Lulusan Vokasi Masih Tinggi, Wamendiktisaintek Minta Kampus Berbenah",Akademik & Umum,Netral,https://news.google.com/rss/articles/CBMixgFBVV95cUxNR3hibmcwZEhmZ2ZKTGZleHZiRldhanUxS1JPbXRhd25fWW9sS1FMNEhhUHhiZmpISlFUbURuUk1PcW5qUHU3bW1ZVXFlTHdSYnM0V3NzY1hQdWd2ZTlLdzRTN0pVLThyV2p2T3o2VjBmOFF6RmtUUmhhY1ByR2JyQW5qUUQ2UUFfWGpZeXYtZHdrV0E2MzNWT2EtUlhFNjNuY1JMSk9xaWFvUGxFRXh5ZGR4WWZCd19Raldna1lSUlRiVHVob0HSAcsBQVVfeXFMTS1kMjJyQUlOanJRdGp1RS1EX3k3ZlZESUdwRWJ0V3RCZWtCa2hlQ3JycE9PbkFpd1U1YUZYX1kwOHE4NG9ramlxZzJWWnBxdzdoQ1JJbG1zX1l4OWZueUFJLTdVQzNjSzl2NXpCU3U4UjJlQ01Tc1VFQlB2QU5NLXVObEtSekVZRk9vU1J6aFVrZkNYWGFaeGZmQnFjMW45YkFnb29RMTBJRDhUZDg4Q0FHUVJnN2JvdVpoSk41Y183MUpucVF4MXM0NkE?oc=5,Google News RSS (10-Daily)
05 August 2026,malang-post.com,Media Massa / Pers,Tier 3 (Lokal/Independen),UM Borong Delapan Medali: Tegaskan Kualitas Pendidikan Vokasi di OLIVIA XI 2026,Prestasi & Penghargaan,Positif,https://news.google.com/rss/articles/CBMitAFBVV95cUxPOE56bERPSWlkT0U2bWM3TXRNbW5wMUpzclEtSHhUT2FWdnI4WDhKRDlxNVpYT3R2YlRUY2VLS3I1QmVKRUlBNzlKTmpmNmp5N19nLUVMTEQ5RHl6N0tPRnhOWHFvdXhJRUtRM0VQb190MXRaNEM1UTRsRHdsclBwUklSNG5sSVBycTJtbjZjZE9qdHpCQkYxZ1MtOUdRaXFHX2hmVmNNd1dBTU9Tem02NlFOSnc?oc=5,Google News RSS (10-Daily)
10 August 2026,Digital Okezone,Media Massa / Pers,Tier 1 (Nasional),SMAN 9 Surabaya Juara Okezone National Championship 2026 Regional Surabaya,Prestasi & Penghargaan,Positif,https://news.google.com/rss/articles/CBMixgFBVV95cUxNWG5ONmtKQWIxVUFvYzRva3pmM0tvVlZTVWxIelhub1Y5RHV0bUFpd1h5U3ZVN1NSdWdVd1k0NXkybFFScVlxSnVZamFKYUR0VDlUc2FJYkxYV0RmdXJjZktSa21QTG5TWFI4VE9uUFpfVXVfSXc0bEt1ZVpBS2lha05Nc3hQLUtCNEg5ak44R2FvT2dZUmZHRVlEZUw3aVZsX1NXMDZkUFVON2FLV1lKRTJVanZBZV91YmdrSm1yaGR2ZlN6dUE?oc=5,Google News RSS (10-Daily)
07 August 2026,unair.ac.id,Portal Kampus / Akademik,Tier Kampus Mitra,UNAIR students sweep awards at Olimpiade Vokasi Indonesia,Akademik & Umum,Netral,https://news.google.com/rss/articles/CBMiiAFBVV95cUxOUF9jQXhnSGFSZ1AwNWJwSWFCZmg1WlZIdnYtXzBzNjBKSktlQnYzOHhtcUtSVzRNLU1RU0t6NUdXQXBYNFdGdHFTbHNwRnd3RGtIMldLY3hpMGtkT3RQek1UWlAyMGNJTkFqQzAxMGt4THhHdkNJbm55ZE9aenVldXVWMG8wSUNz?oc=5,Google News RSS (10-Daily)
09 August 2026,Tagar.co,Media Massa / Pers,Tier 3 (Lokal/Independen),Mahasiswa Unesa Kembangkan Mindful Sweetness Therapy,Kemahasiswaan,Netral,https://news.google.com/rss/articles/CBMiekFVX3lxTE5mQThQeUtTMjNVTlc0S3hNUk0zalk0UVJEVjJmUTVVZi0zS3ZhT0ZaMHZlU1ZQd0puZTljX2FwV1d0WVRYNm1zdlRGOFVmdmRvTk1Wczl2cENFWlF1bmpSUjlfVXFqT2ZUUkxCdlhWUGNqR0tWejY2dV9B?oc=5,Google News RSS (10-Daily)
04 August 2026,Dinas Komunikasi dan Informatika Provinsi Jawa Timur,Media Massa / Pers,Tier 3 (Lokal/Independen),Gubernur Khofifah: Jatim Layak Jadi Referensi Pendidikan Vokasi Indonesia,Akademik & Umum,Netral,https://news.google.com/rss/articles/CBMisAFBVV95cUxQOEJzRTkySUdqaG5rbUhTOGxYTkNYRU1zZEdaM3RqaVpaRzhxdU5PZXZpbU9WZ1RUQWpMV25EVmQ4Q3BuWFcycUc2VnhxWFJjSUplOFM3blU1XzB6OURpelNuMlZrZFNNMEp0cXdZYTYwcXNqVUc3cExjbHpyY0Z3MEFsbEcxY0o5cUZfUVF0dEoxTFg2M2tTTTJfeEM2aUlWQ1RCNUdIX1VTeEFBaTdGWQ?oc=5,Google News RSS (10-Daily)
06 August 2026,Grab,Media Massa / Pers,Tier 3 (Lokal/Independen),Rawon Loka - Lidah Wetan,Akademik & Umum,Netral,https://news.google.com/rss/articles/CBMipgFBVV95cUxPdWVGLXRYZ3A2aGd4N0VRNXZFWEc5ZDFIOVFINnBwZ0t1c3lWaEx0OHpWdGJuV3FMOHZIckVoMEJhcEYwY1hwYzZyRTFsOVJCTksxVmR3UV95ZkxEeGcyeVFnSzJETWpFSlhPbEVodDNzOWRrck41aGlYUG91c0cySkhZamR3LVVRNzc1VU50SjBJYm51VldnS1NkVDZSVkQ1TVBVUERB?oc=5,Google News RSS (10-Daily)
10 August 2026,Kompas.com,Media Massa / Pers,Tier 1 (Nasional),"Dugaan Pemaksaan Aborsi Runner-up Raka Jatim, Pemprov Serahkan ke Pemkot Surabaya",Akademik & Umum,Netral,https://news.google.com/rss/articles/CBMiwwFBVV95cUxNcTNuWm5pNEZiTlIyNlhhaEYtS2doMlNiSS1LcG1wQUdwRXZVWWxwUzFFM283MGdPbjFuWF9FNHdGa240R0EyVHNJT3RSNUlNVXdjVlZEaXRvODZibTN4NFhLZVJycVYzbnNhTDMwN0txQjZ3MGYxckltRzdTeGN6Tl8yRDZKQVZUMUJ6aWF2MHVqSk84bENsOG1GU1lHODZRV1N2UXBEU0FEanhVMjY3ei1aT1kycTZFR2l0VXdkTHNoZnc?oc=5,Google News RSS (10-Daily)
04 August 2026,antaranews.com,Media Massa / Pers,Tier 1 (Nasional),"Jawab tantangan ketenagakerjaan, Wamendikti dorong transformasi vokasi",Akademik & Umum,Netral,https://news.google.com/rss/articles/CBMisAFBVV95cUxQRjhvQUQtSnFuU3R2YVVlSG0zblJjMTJTMlZSZnNGZzBMREpQZkd3WG9HMDk3OFFISTh0VVh0RmkyeUZfNkIyTnZIdFdSbS04VVFjZmRQakN6cXU4R0FOaDZGQ1JaY252M3Y1b3NINktCUENzekM1Y2RJSHZHdmplMU9FZUI3Y2RMbXhXRnpFNlBqYldYTDFXNHJoYmtvanVIQXZ5OFpPN01nX28xU2Zxa9IBswFBVV95cUxNdHd5bTdYQjBIaDRGdXk1RTB3NmpXRlFFa29WczgxLUlqZVRLYm91YUY3eHlEeWNWdUxydDZFc2lxTGd5NVRkSi1TeE9VX1YzUzFUUW5tUVAyYXVxNG02WHlUTTl4aUlqMDdVUXVIM0R4TUxrbjFhVGp2T0lPSW5wM1VGUFJQeXJhVjdkenZCTjBRSDNhaklYTjAzTTBCRzZlNmxWVURZbHFfWWotR2VpN1lLZw?oc=5,Google News RSS (10-Daily)
03 August 2026,TVRI News,Media Massa / Pers,Tier 3 (Lokal/Independen),Wamendiktisaintek: Relevansi Pendidikan Vokasi Jadi Kunci Tekan Pengangguran Lulusan,Akademik & Umum,Netral,https://news.google.com/rss/articles/CBMixwFBVV95cUxNOENrVTZXemo3SkhSTGg1SHNsWHZVeF9TRU5CUVBYcDJCNTlSTXMtbmRwalB0dnJ4VHNRUXJzS3AwbmxaS2xkdm5ZQ204a1lMcUE1b0xLNEtIeW1wWXBzLUVlazVYT2U4Y3pURHNvUW91eTVWa0o3RXcyU0NRZjhPQlBVOW9ERU9naDhzc1NxZWlQcWJ1Y1Jjc21NSkVVQXgxa3hkaUhVMU9vNzlNc0QxNW8xWFFvTWJoLXBZRlh4eWJiRGsxbVE0?oc=5,Google News RSS (10-Daily)
01 August 2026,ranbitv.com,Media Massa / Pers,Tier 3 (Lokal/Independen),SD Al Muslim Sinergi dengan Orang Tua Bangun Karakter Anak Hadapi Tantangan Abad 21,Akademik & Umum,Netral,https://news.google.com/rss/articles/CBMitgFBVV95cUxQQmp5M1Y3ZnQzSnVHNjdSZEVWNllrTWdNR29kX200S1Rjc3l0azdubFRLVllqc0pjR1dwZHI0bGw2OTRyVkl0WjFWeFJndExzc3pJY3VfS0pGNk1ySEtDYzJBR2VXU1RjMG5LMmZVc2hScmFFdTdTd1hFZ1JpQ3U5VjMzZ21VZU1EM19qSDY3UDJ5aTZJcWRWVnRrbDIxMHU3dDREZnZPRHBDWko0cko3LWhGQkxjZw?oc=5,Google News RSS (10-Daily)
20 August 2026,smkn1jabon.sch.id,Media Massa / Pers,Tier 3 (Lokal/Independen),SMKN 1 Jabon Perkuat Link and Match melalui Sinkronisasi Kurikulum Bersama Dunia Industri,Akademik & Umum,Netral,https://news.google.com/rss/articles/CBMitwFBVV95cUxQdDl2Y3hWaWV3c1NYMWk5Rm9scE54ZkpvLWJwT3V3Y1dYVU9ESTE1Y0tDYnhnbnlidmVHT2dzM1FxbHpGN19mTmw4M3IwYjgzWktKbUhKdDRmMnRienAwbTVEdm9kclNGejloQTlhb0JGalJDZlN1a1Y1LUkwa3NvbHhINWxuSkVuUXZrOVZFZkw4cjIyVEctX2JMckpXR0pWZl85TjQ2dlEyNVBnbWhIMDE4SWltQnc?oc=5,Google News RSS (10-Daily)
01 August 2026,jatimnow.com,Media Massa / Pers,Tier 2 (Regional),"Suzuki Rilis Fronx SGX Hybrid Kuro di GIIAS 2026, Tampil Garang Dilengkapi Kamera DVR Bawaan",Akademik & Admisi,Netral,https://news.google.com/rss/articles/CBMiwAFBVV95cUxPN3dlc01XeVF3T3JUMUxmMHpOREdBbXp6b1VzVmQ0SUJ3X2hDSWNIQldaRFBiNml5QUVaTmFCbmxUcHJGcE12ZnlnVFVqY1NLb3N1X19NWGl4dDBiWFY0UTAzY0Y2S2tjemdkLUdUUFpqZnRnMGJoMGowbVF1RW1rVzdrZzgwNzNEWWluMWlidEtYVGRsYTM2MEk5blphRVRnVTRqN2NzZklhbW1sSjJDQ0V4MXdvOWJ0dml5VlFBYk7SAcYBQVVfeXFMTUhhZWJtcmljYUdzVEE2RFZKQ0xfYmppMHlLcW1hcnV4UWNzcWRqT3dxUzVjQ2o4RVFRZjhmLWJjVEpaTGwwV2VXanJtaWVHejNrbC1MRGN5VndWNEE1ZG9wd2NfUmExZUxEcXZ5ZWhqQWdNTTlNQXhmUWJiVlVtYWVaSE5BeGp0Tzh3OGFIbXoxTjY5Vm1zZ00wOVJKRmZyS19yU3NtXzZLVEMwc3BnZFVRNUdLZ1NueXd3bzZZc1ozM1RBM3Vn?oc=5,Google News RSS (10-Daily)
10 August 2026,Tagar.co,Media Massa / Pers,Tier 3 (Lokal/Independen),PK IMM Ganesha Tebar Harapan di Panti Muhammadiyah Wiyung,Akademik & Umum,Netral,https://news.google.com/rss/articles/CBMigAFBVV95cUxPbkxaUDFoTmlTbGFCbTFWNmlsVGpjb3BzY0lQenVNUXZ2ZWxBRTlqQ3cwa2pkeTdla2NaQ29kbWlwc2xUMnhfb1lxcmVYZDRlSlg3SnU5R2ZSZFd5U3FWdHJEbl85Z2dORjRaLUhST0NPWEVxbXR6bWp3dC1ZN1drVQ?oc=5,Google News RSS (10-Daily)
07 August 2026,Rumah123,Media Massa / Pers,Tier 3 (Lokal/Independen),Ketintang Wiyata. Gayungan. Dekat Unesa.,Akademik & Umum,Netral,https://news.google.com/rss/articles/CBMipAFBVV95cUxNQlRORFkwVzlwTmpKRHNLbGh1ZmpqMGtycGZ6bVVXVGRFRmVTQld6ZV8yQzJZNlpNZ1pyVkRqeUp1dXAtN1pyQW9zQW4tQVNDc3RkY09IR1lhTVZleFhhcXFSdlJOYmJYbHVWLTV3SlQ2NGhaUFM0R0M2UnlxTFk4SVktZlRVcnh2dEtJc1BISUstZzRKQkFTMnVlR0pjOHRiT215bw?oc=5,Google News RSS (10-Daily)
02 August 2026,jatim.antaranews.com,Media Massa / Pers,Tier 1 (Nasional),"Ribuan pelari ikuti ""MILO ACTIV Indonesia Race 2026 Surabaya""",Akademik & Umum,Netral,https://news.google.com/rss/articles/CBMipgFBVV95cUxQZDUzRVVieW12NWNFU1lHaTZhVzFsbnN4ZFB3YU5ySmFUQnM4SlNweHh4ZUlyR080QXZxbnptc0VTYlBwVlFaaU00OGtkSkl1dUtKRkR0cUxsZVl4ZjNOb180WEtIVVNSUFREd0Q5YjhuemhUeEd1RWg2djItN1I2WEpYaVYxNzZDOUVuaVhfVFBhQlpXOTBSVkgzZzNNWUozY3hYSDdR0gGrAUFVX3lxTE5RREF4V1Y3dnJkSU11M1FzM25XZ0NaUTY2NF9MekRRUElfUkl4dlF5VlZobEtTQWZydTVBWEw2WXdONkc2Rm5ldFhTc1JwM0d3RFNEWTlFWUZHZWx5NTMxR3lVaDJicThOdWNCNVdLSmNpc3Q4c0I2S1hDQlpTbkYyYWFONnhjUDl3RllncVlOQ0dfak41MnNSUkwyMFBEVzdRVmNvbkUyWGRhRQ?oc=5,Google News RSS (10-Daily)
03 August 2026,Mnctrijaya.com,Media Massa / Pers,Tier 3 (Lokal/Independen),"Tantangan Dunia Kerja, Wamendiktisaintek Dorong Kesiapbekerjaan Lulusan Pendidikan Vokasi",Akademik & Umum,Netral,https://news.google.com/rss/articles/CBMizgFBVV95cUxOQlZ2YS1hbVAzQjh3V3NXNXQ2UE41ZVBoYnBLYjI0Qm9VZnpkcWdaSk9lY2xOWG1VQm95VW5uaDAzcy1QSDFUZDV3WktTclI3SmNvLVBXVmhYTE04OUwzaXRBd0xxbjZsYVU1bkRuZXFNXzJmeDVfN0ZpMEJMeWJSWWZqdnVfUHhjUTExdVhFQmMwbkdUVXV0RjBZaW1OeUpRdExlMldNQXZEdmZOOHVSMkV2X1dWeHF6djFiMHZUQnBLZ1IzRmZJLW9YSEpFUQ?oc=5,Google News RSS (10-Daily)
01 August 2026,Universitas Bengkulu,Portal Kampus / Akademik,Tier Kampus Mitra,Penerapan Model Pembelajaran Problem Based Learning (PBL) untuk Meningkatkan Keterampilan Berpikir Kritis Peserta Didik pada Materi Usaha dan Energi Kelas X MIPA 4 SMAN 1 Gondang | PENDIPA Journal of Science Education,Akademik & Umum,Netral,https://news.google.com/rss/articles/CBMiY0FVX3lxTFBSMS1yQVNxMmZPaDVLd1N6YWZJc2VYaDQzMEtJVlJaeTE0NE5fM3ROUzhRM0dUMkFoUXNmZ0xwa19MWW5PNEJVVjQwaHItb0Iwdkx3eVJEM05WaGwyVzdZZWVQMA?oc=5,Google News RSS (10-Daily)
10 August 2026,smk negeri 2 bondowoso,Media Massa / Pers,Tier 3 (Lokal/Independen),Penerimaan Tamu Ambalan SMK Negeri 2 Bondowoso Tahun 2026 Berlangsung Khidmat,Akademik & Umum,Netral,https://news.google.com/rss/articles/CBMirAFBVV95cUxOOXBFUFBKNHFSNktaeHlqaHVpSjNnT1JZTnJSUDBlNGk5T0tweEU4akdlaXRhODdOTl9nLURnX20yMkVvcHJMZ29IdnlJUUJrbkJhLW1aQWJzZmxmbUc5ZmFRMHlFSGRwSkk2SUZ5dnN3bE9OeGRVNlZydkJna004V2lqdkZYRDdJV25BbHVzU21hOHBzSGl0WXJ5N0x3Qk1HSmk3eFRwYktCMnhH?oc=5,Google News RSS (10-Daily)
12 August 2026,Rumah123,Media Massa / Pers,Tier 3 (Lokal/Independen),"Rumah Lidah Kulon, Dek Rumah Lidah Kulon, Dekat Kampus Unesa Lidah, Dekat Ptc LT 80 LB 80 Dimensi 8X10 KT 2 KM 2 SHM 1Lantai Kosongan Sudah Renov Listrik 1300W Posisi Hook Hadap Utara Barat Harga 700Jt (Nego)At Kampus Unesa Lidah, De",Akademik & Umum,Netral,https://news.google.com/rss/articles/CBMijgJBVV95cUxOQWo5UXBkWWp3QXJEUGxzRXU5V2ZQYmFLdFppZHV5N2hydmtobjlPeHZuS0ZQNWY4VGdhU0lxeE5meURmQWpQNHViY2pVbm5UQkNwWWpTeXM4cG9IdWJxQ3lqVnZ4c2hCaHZYb0lBMnBxaEMxeUhPcHhha0NqRm9mcGJEV3FjT2RzR1o5MjR0Ty10dy1IX3BLUFdxVXVNUW9Ibzk3U0pqYzRhcXk4ZWJ5M1VLaUVXWk5IY3Z1Q1NEdzdvcXlac2JENC1VT2RyTjExaW9aZzdOWUxoaTlqSjhka1Y3MnU1THhNYk1hNHp3bWFOZ0RaV2ZadVhhY1VPUThZLUZIRzdEVGNqQkRPdlE?oc=5,Google News RSS (10-Daily)
10 August 2026,Kompas.com,Media Massa / Pers,Tier 1 (Nasional),"Runner-up Raka Jatim Terseret Dugaan Kekerasan Seksual, Paguyuban Cak dan Ning Investigasi",Isu Hukum & PPKS,Negatif,https://news.google.com/rss/articles/CBMixAFBVV95cUxPRXhzaktKWEFCVnIzY2JTQU4wM3Jwd1kxaW9ZalJLX19lTjJyMzMyVHd6X1BOcGJjbUdFMi1hZ01BcXI1YjRCNXFIb0plYTdsd3VyYzZIWThJVlRkdy1OcUdGNkdRN1M4ak9xTDNnUGRUaXNKdDFjcFItcW9hTHlrVFZEcjFYc09rbUxJMzNLOW5ISEdSN2tqTkh0cXp4NWdYSXlsRE1sOFBORktneDN3UUtvRi1NTHN1TUF0d2RORFlkUXV2?oc=5,Google News RSS (10-Daily)
01 August 2026,HARIAN DISWAY,Media Massa / Pers,Tier 3 (Lokal/Independen),Unesa Raih Top 3 Media Relations Awards 2026 Berkat Strategi Komunikasi Publik Berbasis Dampak - harian.disway.id,Prestasi & Penghargaan,Positif,https://news.google.com/rss/articles/CBMiywFBVV95cUxPVmgzUG1GRlhnaEtmeFM2c2lNbkg1a19PbDJ0aXdWakE4eHJQbkUtMWJzbE9SZFc3WDFZNWZCOWo4WnZ2bTBjaDRNbEpWMkxLbUU3WndZWGhaSVlaSkRIbzBTZkJYZXA0MzFfWlMzUTJCNU1oMUp0cklaaGFTbC1yVmFtTTZhWlh3WnJqbHBIQ0w0dlVRUGF1aG5DdHJTSVFBVHRadktMaGlzVHZ2cHk3N194b3d3SC1lY2VjdTV0TW9feU92ZGxLY3Frc9IBygFBVV95cUxQZ2tyeGFNUE95bm5GS2FycWhrTlk2NXdkNzZuRG9GM0ZOOFpISks1UjZCeFVmVXJmbWhpYUdDUHNVeXF2TV9FUUJzODBwLUd0eS1QWHczX2NpUmVUQmg4YjRHcWhPNWxXd0ZyYlFKcGp2V2RwWDZnNV9IX3NBVHkzVEhrWW5ZYWxuN1FnelI5STB1d2RxQnpZa3BRUTQwRkM1ZmRwYUVNUDBpenMwdG1WU2VTbDhIcDJjaXBZZFFvb0c0V0ZQNEZZbnp3?oc=5,Google News RSS (10-Daily)
07 August 2026,TIMES Indonesia,Media Massa / Pers,Tier 3 (Lokal/Independen),Pakar Neurologi Unesa Ungkap Alasan Stroke Sering Terjadi di Kamar Mandi dan 5 Cara Mencegahnya,Pikiran Pakar,Netral,https://news.google.com/rss/articles/CBMi2AFBVV95cUxQMGtuQVJXbzM1WTJNamlTM3ZoVjM3eDJmaXFzazhtcFNjTGMyRmlTaU14TTNiNFF3WjVoV1BabVRzOW43aUtrSjZ5S3NzdmhzN3NOYm1PQzBMQXlucjFDOXowT1BMUEhtendFemJlVXBRVUN5YWZ2MHRUdEwwSkJVS0RVaGN1WW5Xb3dMdFRJQkZST0tiXzFJSUhsMHFJV1I4d3lnQ2JEWTkwdU9SdkZvQWhleWRRc2l4MVN6S1NLWmVVMFh0UWN6Zk4tQWhQX3JLbW5fbnVYVGo?oc=5,Google News RSS (10-Daily)
02 August 2026,RRI.co.id,Media Massa / Pers,Tier 2 (Regional),"Kampus Berdampak, UPI Sumenep dan UNESA Inisiasi Kampoeng Bal Budhi",Akademik & Umum,Netral,https://news.google.com/rss/articles/CBMirAFBVV95cUxQTmQ3X3JxaXlsQ3hrN3RJbUJFcGFGYnA2TzFRQUh0d2xoc2xrWENhaENOa1RycDdqdjYzVkJmSWFNcHFFRldCbEp2dW9ZVTVyMGVtYnZEUnFXWjUxR1Z3Nm5tMFRteVpIUU52cVJNV1cwZk00ZTB4SENuLURfQW02T3NMckFpeUUzWUVaOUR0SGxzaVpwU1NqMlAwa0dCejA2NjFCOEFnanFhcWtm?oc=5,Google News RSS (10-Daily)
03 August 2026,jatimnow.com,Media Massa / Pers,Tier 2 (Regional),"Tinjau Korban KMP Mutiara Sentosa 2, Menhub Beberkan Kendala di Lapangan",Akademik & Umum,Netral,https://news.google.com/rss/articles/CBMipgFBVV95cUxOdHptb0Y2Q2pBS0M3akpWX2NWQnJwcjd0bkFlNUw5TElyODIyQVIxQkpJRVoyenpHaEFYOWk5TGRCM3p4RUFDeHdteUNuOXk4aGJpcGFUM1h5SXpDOUNXeEFFdUJZTm1IMTR2QUpxZFE3VXB2VU52c0pqemN5OGE5VkJUc01BdTVDUVBJQVhaTHk4UXhEWXZhTi1qdDJ0YWVQQmhWdzNn0gGrAUFVX3lxTE44QW1acWhzbGZnUDVuT2dHc3dKYjNONXdUY2JGaThyeDJ6WGlkYVk3UnhZbm53bVZJWF9mT2ZGVGpPYVdNZlVGS1FCV3Z4QjhXWDVmWk03cW1USDdXLXVleURKWW96aUJULVR1LWEyaENFNjg5dHZzbUJlOGloWFFhc0kwRG1XUVVLNDJsM1Z6MkVrR2s4RWlPWXlYNjhuajVINzlHVXZNcm11OA?oc=5,Google News RSS (10-Daily)
03 August 2026,jatimnow.com,Media Massa / Pers,Tier 2 (Regional),Golkar Lamongan Perkuat Konsolidasi Akar Rumput demi Target Besar di Pemilu 2029,Akademik & Umum,Netral,https://news.google.com/rss/articles/CBMisgFBVV95cUxNVGJUYWhtRTBNcjF2ckM0NnB4SHVIa2hwS0lrS1N5OFp0c3ZsM2NMSGZtRXc3YU5Cb2ZpMWFzVC1ScXJKQkljelZoN3FCMUxyNjhNUWhfNlZ3Rlg4dW1sWWZucWFmZ25Vc0hneHhuNE5wdERfS0Y4R19ERzdXU2s5WTB6R3hmeFJ5ZzBKS1EySFFlOUJNSzY2aWV6LThRQlpDSkZIa1ZOSmdkNnVNMXVzaERn0gG3AUFVX3lxTFB6c0RDYWdtT1ZxaVhxS3lydVBDVmd6SHJpbW0tM2lTWjZUY05oODY4TUxNcTl2YlE4dzJ2ZGxBeS1ORFhUaUZrTTNtWDVOSlVob2RBVVJackVqR3VzY1dxWll1M0Y1cTJaN0p2SzZldlhNcXVFZmI0OFJDZ1BnakdqamhRcG1RNk5SNllQNlcwQ0tJcVl6MzNobUNBWHczdWVUeWNwVTFuVVpTQUFDWDRNRWRGYlRsWQ?oc=5,Google News RSS (10-Daily)
02 August 2026,beritajatim.com,Media Massa / Pers,Tier 2 (Regional),Kemensos Gandeng Unesa Perkuat Kurikulum dan Ekosistem Sekolah Rakyat,Kerjasama & Internasional,Positif,https://news.google.com/rss/articles/CBMimAFBVV95cUxORUt3OFoteU0tWE1WVG1wSGd1M0Joc1U4WC1GbzVDcFhCeEk3TUkzQUtiZ2VJNV82TFZxZm9Tc0kzUmZaaTBCaVBRc0FWWWRleFBBSUx2RVBYMzB1MTNKVVlWQWhoVmUzdHJKeEVoNDBPTWxXbGszLVpIcDlTVVhzUDhOeFhTaWd3UEJMTGJ6ajVXbU41NUhjTg?oc=5,Google News RSS (10-Daily)
04 August 2026,um.ac.id,Portal Kampus / Akademik,Tier Kampus Mitra,"Borong Delapan Medali, UM Tegaskan Kualitas Pendidikan Vokasi di OLIVIA XI 2026",Prestasi & Penghargaan,Positif,https://news.google.com/rss/articles/CBMinAFBVV95cUxOUHM1Z2d4S05JVnBYWEc2aWhQX3QwZGY0YzhObmF1dllwNElqcDhjU0lfV25xV3VkS1hGWjhBU0sxZ3ctOGE4R2V6ZlE4cWFlV0RDbU5UQVRnejN4YnNhMUdSV21vdUJjMVBSX3liNGFZWnBnQjlwenRHdjJDWmstMl9GTGxlS3JIUENMNURfYVJfWUx4bEs1MENOOEo?oc=5,Google News RSS (10-Daily)
03 August 2026,Universitas Negeri Malang,Portal Kampus / Akademik,Tier Kampus Mitra,"UM Kirim Delegasi ke OLIVIA XI dan PILMAPRES Nasional 2026, Targetkan Medali Emas",Prestasi & Penghargaan,Positif,https://news.google.com/rss/articles/CBMitwFBVV95cUxNWkRYR1RMU3RkWDlfTTg1dGMweDNzNG10anE3dmdzN2pDd3AtUzdxNlpCMWJHUzVSaE9tZnJEb3NQNzdLQzctMmE3TThQWUFvQ3diMWRQODhCQy1xNWlpVlhHYUFwc1VjWmFyYnRpYmhiNVpjRHc1N0JFWTJJQzhobHVRX0RFbjhPMnBTTWljQkZQVnp1OTY1RXgwMUx4ZmROd19WTmRfc1lBcnE0b2Rrek9CTDZBTzA?oc=5,Google News RSS (10-Daily)
04 August 2026,mepnews.id,Media Massa / Pers,Tier 3 (Lokal/Independen),Menjaga dan Menghidupkan Sidalupa,Akademik & Umum,Netral,https://news.google.com/rss/articles/CBMickFVX3lxTFB4RUF1SjlKLURDVmpicVdweHhvSlJTRkpvaFVGTlB5d21CdzlldVFhblRHUzR0RHRyRVZpa3R4dENoR2dRN0ZMVnkxQW9xWTNMWEdvaHZ2eHZSZlRHem5vdFVHczVPSmlpU0dNMGxScFcwdw?oc=5,Google News RSS (10-Daily)
03 August 2026,beritajatim.com,Media Massa / Pers,Tier 2 (Regional),"Buka OLIVIA XI di Unesa, Wamendiktisaintek Sentil Relevansi Lulusan Vokasi",Akademik & Umum,Netral,https://news.google.com/rss/articles/CBMingFBVV95cUxOaUpZUm5mM2p4bFo0czVsVVl5UDloTDY1VEdHUk1GNmxQdTRzU05tS2ZHdDdORmlVYTNJRkJmSW9Cc1RHc0s3NWpxWlhrRFFPOGZGT3FYak9kcVU3bV8tSlQzMlBFOEVMcEhGUWpFeXpmS1JJWUk5OEFVOHNjRTZqUEU4TTdvLUVfZ01vaFB6V0xBb3V6YnRpOEU1YUY5dw?oc=5,Google News RSS (10-Daily)
03 August 2026,Suara Merdeka Surabaya,Media Massa / Pers,Tier 1 (Nasional),"Wamendiktisaintek Buka OLIVIA XI Unesa, Relevansi Prodi Vokasi Jadi Tantangan Terbesar - Suara Merdeka Surabaya",Akademik & Umum,Netral,https://news.google.com/rss/articles/CBMi2wFBVV95cUxOUFc5MjYtZHVxdDZzWkhDOXNNbk5nZnlZanRFX3pyTjZ3eUF0SHdKdEVYWEsxV25JSWFSdHFZSks3UENXUmowRzQwS2xBVnFCUlBnLU9HTTRoV21HRTVoYWRzUVpoS0cwV2FkQy0tb1RTbHdVRHZ3UHhubzhlWTNLRVR2UnljbGdsdGQ1YjFINGJPZUhCelpZSVNqS3VadExDQWxpZGxqVlpRdU1MWWpock12b0NvTVFRSU5lcmdvM2NtS1VxemF0M1R4bUNoaFdZWUhwQkI2ZjNyd1HSAeABQVVfeXFMTXdkRTJzTzZfOUFibkM3VTczTXJWdTdtTG1PaUJHR3IxSkZVc2Ruc0pKajJUeGl1aFpWcHdhV2ZtQk9kTmRyRzdNSDVfOW05NUQwcVdSWDQzS2FyOFQwQm00MGdLOHV1OUNYQnAyMTZpWUFlbTFWelJmZDJ2VVVYcS1SS2o0ZkdPbXBQZ015TGpjTmpvWTVQQmk0WUJMSk1WQnNiNUFNWmNuMkI3YVREU29SYTBLMHRRNDRMWmpLUFpKZGJ2dmlKcjdIZWxiV3ZjU29LTjBjSGZGYzlNSXhTZTU?oc=5,Google News RSS (10-Daily)
05 August 2026,Pontianak Post,Media Massa / Pers,Tier 3 (Lokal/Independen),Dewa 19 dan Padi Reborn Siapkan Konser Bersejarah di Surabaya,Akademik & Umum,Netral,https://news.google.com/rss/articles/CBMivAFBVV95cUxORXFTU0RXa0dSOTdFT1BjVHlYMXgybXBPR0l1WkdkcDlKSElCbUVZcjhMRURzaTBOV1V0eGZHWTFpV09heEp4M3lmYnZpQ2NvckE4WmtzZ2dfUEJBYVVNYU54Vzdnc1QtbVh2b0pUZjU2RmZ1RzEzd0haUXFILUJOaU9rQUVDLWlCMGdGMlB1dTVmYmVGd0lkTFdTT0R0d19FT3ZSeGVDcnRXRkFzaHNlTWpyXzlVZ2VOZ0czStIBwgFBVV95cUxPanFQREJrNlZnZkttc0tXV1VfeUcyWnVrdkdfaXVTNnVrb1ViWDFTa0JiS29KTkY4bjNYRXRUYkZHYURZQmg5Z0ZlVUJTNGZUZ1pDR21odWpybDJoN2czNkdpTDZXb0loSXdXU2ZBWXVhMnRWRTd2WV93NkJ1NDZQM2xFZDdnT19qNTF5ci1zaE5fTlNQNTd4blZwUnhtX2FmRENxdklfdmhpRFdfU0Z0QmpvSnBCQmRiUlFqOU90OVQ2UQ?oc=5,Google News RSS (10-Daily)
01 August 2026,Universitas KH. A. Wahab Hasbullah,Portal Kampus / Akademik,Tier Kampus Mitra,Pengumuman Herregistrasi Semester Ganjil Tahun Akademik 2026/2027,Akademik & Umum,Netral,https://news.google.com/rss/articles/CBMikAFBVV95cUxNanpMbWd1STlFQU0xVnlseGN2aTBOTk92X1lTak4wVmxMYjh5dEFLNFNpQTI3dm14TERnWW51aUxRTml0ZHpUQ3dOVHUtUWhWczlMWWVyc2ZpUm5Ydno5YnhBdks1bnVGRzZPaXhvQVVrMWNOMlVBa0h4dVFOekFfY1liZ1BhYjhQTVdqaEdPV0E?oc=5,Google News RSS (10-Daily)
03 August 2026,IDPublishing,Media Massa / Pers,Tier 3 (Lokal/Independen),Blog,Akademik & Umum,Netral,https://news.google.com/rss/articles/CBMiTkFVX3lxTE1QcERuLVdOLWIxR1BPREh5Q2FYclZiRDNjR0YwczQ5T1RJanlldktEN0VaRzhQRXpoOXJyU01hMFR0QXcwNkd3NGRNZGo5dw?oc=5,Google News RSS (10-Daily)
07 August 2026,Apple,Media Massa / Pers,Tier 3 (Lokal/Independen),PIESA - 你可能还喜欢,Akademik & Umum,Netral,https://news.google.com/rss/articles/CBMisgFBVV95cUxQa01ZRWhxMC1XOVQ1RWdPelRWN0ZQNUJlOXV4SWd3T0M0ZWY5UlBWbFVGNXNjWnVMeG9DQW1kLXZKd1VfMzM5aHE0OGFjSWFzUERST2NGc1RncGcxekZEUVAxaFRLOHhjOVktNEg3SXlwMl9GMktnMTQ0dDhMclR3T1BQaXN2RWxGU2RwNHB1MlNwNFhfeGJGVmZKZnlKMEc1OVl0bmxvdGtTSEZRRjMya2R3?oc=5,Google News RSS (10-Daily)
03 August 2026,Rajagrafindo Persada,Media Massa / Pers,Tier 3 (Lokal/Independen),Psikologi Guru – Fikrotul Hanifah & Tim Penulis,Akademik & Umum,Netral,https://news.google.com/rss/articles/CBMihAFBVV95cUxPMDVUZWRKMFNJNm55VmdJZXY1WktRYWFuSnRCdGVfdHN5ZElxT3dGN2RBVVQ2R3F3UG4yRDRYZVhEWHlwdHU4dFluMExLTnJlSGlMOVBmMklXRzRfRjBzWnROcFBRRmFUXzgyRS1xd2lTSTN1SVd0RHZxc3NUTlhibVVfYWI?oc=5,Google News RSS (10-Daily)
03 August 2026,Suara Surabaya,Media Massa / Pers,Tier 2 (Regional),"Tak Hanya Fisik, KONI Jatim Ingatkan Tekanan Mental Bisa Ganggu Prestasi Atlet",Prestasi & Penghargaan,Positif,https://news.google.com/rss/articles/CBMivwFBVV95cUxOV1g1VER3d2hwV245XzFGejlBSFJTZnplcG1TU2xiSE15TVgxSGZlVnR6MDBYalFvb0gtZEt5T0JwNmtVemljaU5iUVRsUGRFbFowVkg3QzUyNFA3b1VuRjItWUNqQnh4dXczS1hFclFycHBaampudVBOdVAySG1JQXBxTDlHUS1ORXJyMUxIYTl4d3ladTNDR3BpSFBSOUZiVTB3eXZWUi1pU1JyWlJMZDUtdlRMdTNiZ29JbWR1c9IBxAFBVV95cUxQVTQ0dFV2X3Nsa0I1QzlERE50TklRbmRBUDNoemxvOUZpSzd2VkZyT0RtTm9WaThUdHA1TFMxTjFRN1RROVJMMXVJaUVxcmstb3Z6RndILUJFMHN4U29CZExwNlJueEdVWHdCX3pudFpQZVFjZDFIdjZWU0RRRFFtWDMwME1hakZqYlpVcFlxWTJRbURhM1RTcmRzRkIxb0V2NnZSRGZQS1I3ekpoM0dGU3gtTnJLbFN3N0xCMDdwQjkwTGk5?oc=5,Google News RSS (10-Daily)
03 August 2026,"Kementerian Pendidikan Tinggi, Sains, dan Teknologi",Media Massa / Pers,Tier 3 (Lokal/Independen),"Jawab Tantangan Dunia Kerja, Wamendiktisaintek Fauzan Dorong Kesiapbekerjaan Lulusan Pendidikan Vokasi",Akademik & Umum,Netral,https://news.google.com/rss/articles/CBMi3AFBVV95cUxQa2lmV2tKUzRlUGt6Y1hLUlE2MHJPNVlWSjBpYjB0dHBDNDVTbFRVekVMaUhGd05hRGQ4ZEFvSHFNWjlFWkhaMVFpQ1JKb05OTzBaN1ctNDRFeXJ0R2p0NmFXdnFldHZNYXdEekMxTGJWdms0al84UTVnNVJiVm9xcGpVZklmTE9FTk10T29ONkVuMG9tYWlOem9nMXNfQXg5Wm56YVVieV8tZTZZQjFhbTBZeWtVRmg3Q3JhWE9aTFgtZnF5YzU2ZzJ4YXAzdy1LVmIwNndTZlA1SkhW?oc=5,Google News RSS (10-Daily)
03 August 2026,abadinews.id,Media Massa / Pers,Tier 1 (Nasional),"Jawa Timur Tuan Rumah Perdana Kejurnas Bola Tangan Junior, Era Baru Prestasi Handball Indonesia",Prestasi & Penghargaan,Positif,https://news.google.com/rss/articles/CBMixAFBVV95cUxQVnFIS09IZlM3azc3RkdMbnl3NkF3ZlJFNnRiVGhrcXgwU3hGb2Q2TEJYa1VkSnhFNzVMRlVkTFJlQ2VCVEQyWXBtVmEyaEpLVjhDVW5mc1NsaGVmXzBSWU9fcFRsQnFKUXBxNEE4NjNQMzd2aVpYd3NDQjJ0emlZZ1l5Y09NTllVRkUyRExyN0tBZVo0MW1tNXRSM1dnMVRzQXdMOFNVUDRnS3dCSlZVU2l4RmluWWFBYW12WlI2bXBOQWlo0gHKAUFVX3lxTE1PNnlkX3V0UDFoMEdyVXo1OWNRYXRONVpGY3VzckdiTGtfek0xcm9vMkY4OXpZRXliSk4xVTNiU0lkSEVZWmNDZ3VxUG1jNzZoODhuM2hRNEVoaVA3Rm1Va2FTMUVpdC14RjFBdTVBUFZuU1RLWFJjZDJhWnYyVGF2ZzRwTm1CYzQxa1lLMFlBYk52b0d3bnJHMXQyTTAzWTFVYW52NFRTaWtSVEdQY0VSM3RNSHJHSE9FdWNENjdFaFFjdy1uT3VScVE?oc=5,Google News RSS (10-Daily)
08 August 2026,Lingkaran Teknologi Integrasi,Media Massa / Pers,Tier 3 (Lokal/Independen),Project Archives,Akademik & Umum,Netral,https://news.google.com/rss/articles/CBMiUEFVX3lxTE1VRld5WGFIalFHcUNXY0xiWVo5WkpGRTlMTTBhQnZjNUZjLUtoaUlRb21UNDJMTWFsSFFwVjdab0xGbGw1dWljcTh6MzJvTjBO?oc=5,Google News RSS (10-Daily)
08 August 2026,RCTI+,Media Massa / Pers,Tier 3 (Lokal/Independen),Daftar 8 Tim yang Lolos Perempatfinal Okezone National Championship 2026 Regional Surabaya,Akademik & Admisi,Positif,https://news.google.com/rss/articles/CBMi2wFBVV95cUxPVUQ0dHo2MC1IMW1CTDZTZDVWMjc4MnM4cTVWMmxWc19ySExqQkRoX2hXTF9MeEgtb2FXRVV2LXViMDlIRG5pWFh0bEcyRTNpc2p6MUdTa0RNdUoxczEzS2Zuc010ZXBjbk5vSXk5UTBnMWF2MXVYWUlkbldmeTRaYTBWdFZtOVZLSm1SSUlPUkw5OTEtQVU4LXdXSGNSLTlQU2o2ck1kQWNxUDZqeTM4aE83Z05CMHRQUEF4VzZEaWZVQ25XRm4xNFE2RkpmT0N6bHdBRG5OVFpYYjQ?oc=5,Google News RSS (10-Daily)
03 August 2026,Suara Merdeka Surabaya,Media Massa / Pers,Tier 1 (Nasional),"Tumbuhkan Nasionalisme, DPRD Surabaya Ajak Warga Serentak Kibarkan Merah Putih",Akademik & Umum,Netral,https://news.google.com/rss/articles/CBMizgFBVV95cUxOYU5PRlgwWEtvdGZlemtEMVczZHl6QWtsX05mN1hSOVdHTHpyMm02N3NpZUsxelhYQmdnQ2w4dHdhTEFSM241MDVGVjQxVFI4WGJiN004S2wyUjJ5aDdOUmZfZFU0UHl1aGZOSDBfajRrTnF3Z3NYcjJIbXBkbFEwSDVyNlpIZ19FUEdaNmVPM1VIS3VSOE5fSHJhVHdiYUROdEFXS1Nhb2tSUDRhcFhRMHdLekxhMnlXRWRLTDczalZKM0UwUElacFJPcjk3QQ?oc=5,Google News RSS (10-Daily)
08 August 2026,RCTI+,Media Massa / Pers,Tier 3 (Lokal/Independen),Hasil Lengkap Okezone National Championship 2026 Regional Surabaya Hari Pertama: 5 Tim Lolos Perempatfinal!,Akademik & Admisi,Positif,https://news.google.com/rss/articles/CBMi8gFBVV95cUxNWW5iLUdQOW5iYnQtTUN3b3FyclZRRHN4NC1RMkx5YTB4ZTVCd2EzdklacXdaMkVWOGR3dmVHaG1Da1VSeGZtMDd6OGY0d0RnV2p4UC1wNDZDVFpVeGN1U0JoQy1kVDl6WTlsdHk3RDR0c3RZd1lCOEFaNldTS05IN3V4VXZ1bWNZaHFRZzFqSFVjLThUYzgyQW83ZDNBRGpxNnRyNm1KaDNVZXNkSkZtRTZ3NEFvdG5Eb3I5NkNxOEM4TXlhQTR6b094eS1oQUJldkZLOWpJQ3pOR2c4dEtqZGE0QUVfR0JSYzNuN2tJNVBLZw?oc=5,Google News RSS (10-Daily)
03 August 2026,jipp.unram.ac.id,Portal Kampus / Akademik,Tier Kampus Mitra,Analisis Karakteristik Perilaku Belajar (Learning Behavior) Siswa Sekolah Dasar Pada Era Generasi Alpha,Akademik & Umum,Netral,https://news.google.com/rss/articles/CBMiaEFVX3lxTE94M0NXU3YtN19qYXBsMXZpU2RJRHNkY0J4NjBWZWQxZG1MdDRmZ3lDekJoYXNkR0otSVRPOEY5VWFhei01MURhdW9ObF8wUDFYU0pxTHpjUXhSajZ2NFZKZXNuSmhKYi14?oc=5,Google News RSS (10-Daily)
08 August 2026,RCTI+,Media Massa / Pers,Tier 3 (Lokal/Independen),"Persaingan Memanas, Hari Kedua Okezone National Championship 2026 Regional Surabaya Dimulai!",Akademik & Umum,Netral,https://news.google.com/rss/articles/CBMi3gFBVV95cUxOYXdGXzBhZTlsNkxvVWVZWU5DdHNCUFExVUJua01pYkFhWXcxMEYtQmVGRkp0a1dWRzBOcEpmbHQ1MUNVZGFpVWE2OWNGWDlacERZZGJCWDA3WF9fZnJmZ3MwN3ExTDI3THJPTng1bmNybmI5OWd4bUNlTjJMWXdydmdwTUlRTjFCTlh3N3Y3ZWlKR3pUY0MzVHRHaTdkZENaT1NjTUtQWFphWlhpTUkwR1JnRjN6MUMzYXRWVDhVdkpBbGVHR25IdV8xR2g5S1FyUzJKNUdwMjRDZkVieWc?oc=5,Google News RSS (10-Daily)
02 August 2026,jatim.antaranews.com,Media Massa / Pers,Tier 1 (Nasional),Gubernur Jatim minta pengelola Sekolah Rakyat Gresik cegah perundungan,Akademik & Umum,Netral,https://news.google.com/rss/articles/CBMitAFBVV95cUxQZ3VRdTE2cXFFandjMlpfcVc0ZXFSTElPRW1GaWtBaDdfWUtRQm1wOWlEVjRsXzFXNmRHSkdXVlNxSWhDRVkwQWhwcFNlQkhNREthUENuVVhuZUlfeno1QmZoOFI4TE90aWpzcElnemt4c1BQVVY0S0J3VE1sT1NkRjRVcHZNSmkwdlVMTTFaY0Q3cXZaMkoyQVhFM0RmSm83MmJYYno0NTZrNDRPSW5UTVpoQ0vSAboBQVVfeXFMUFk4dlgyY0l1eXNhcGVSRkhzbXNZRTRjaTdRMDhxR2o0OUdzWlJRSVRxVzBycV9fREgtY01GRWxvLUQxTHVwcDRXa0FkSWtsUEU1MzBrRXRRN0xYY1RkS2ttNndkc1VqREFLZVZtX1BQd3RLNXI1MXpxYXlMNWtLemJ1akFsUUJDUG5FcEdycmpqMTJZdmtHSUZUemxUNUIzWjRtYWlqTWs0SUxvRDByZGFfYlBKdkFjSWx3?oc=5,Google News RSS (10-Daily)
02 August 2026,Suara Merdeka Surabaya,Media Massa / Pers,Tier 1 (Nasional),Berita Seputar serikat perusahaan pers Terbaru dan Terkini Hari Ini,Akademik & Umum,Netral,https://news.google.com/rss/articles/CBMibkFVX3lxTE5NOXlFTWpEQ2Z6eHU2eTVoYkdPSHBzS29vN0V1WkRJNHZKNWR1Z0JHcGt0OGx2MmVzSFRHdTQ0RlBiaWJ4Vl8yZlBnejN1LWNiQjRFRzBib1BycUd1UzdLbDVNQmV1Tko3S2VYT1lB?oc=5,Google News RSS (10-Daily)
05 August 2026,id.scribd.com,Media Massa / Pers,Tier 3 (Lokal/Independen),Kalender Registrasi 2026-2027 Ganjil Versi 0 - SMG,Akademik & Umum,Netral,https://news.google.com/rss/articles/CBMilAFBVV95cUxNR0l5alQySGNDMVJsbTBpQ1ZBajJNTGg2WGdzc0tnckluSndpSDBDX2l0OW5PcGlKV3lHdGF5TUVDc2c5NHZpSzhhbC1lT2pZbUg1Z3NzV281VG1nc2h2dEtwOWk0NGtKei12ZUdaU0xfbzNfcTBuVmN4SjY2cE9sbGZGVlRYa0JZSHJmU2VJNGJMWWIw?oc=5,Google News RSS (10-Daily)
01 August 2026,UIN Kiai Ageng Muhammad Besari Ponorogo,Portal Kampus / Akademik,Tier Kampus Mitra,"Implementation of Islamic Business Ethics: The Case of MSMEs in Sukoharjo, Indonesia",Akademik & Umum,Netral,https://news.google.com/rss/articles/CBMihwFBVV95cUxPSjhFci12RktveWl4N3BtUHhIOHo1SWdhQ0FfaTZZdThnWG1XNkxiY0Q5TGVXVU1tclJ1ZUJzVVI3c0s5dGROdm9JTmdYVnRJdWlGWUxyel9IdkJlek90U3hFaE9uSEVzZWpJbnRYY2xtRWloLXd3REp1cVJVMElrazJlSDhEZnc?oc=5,Google News RSS (10-Daily)
02 August 2026,aksara.kemendikdasmen.go.id,Media Massa / Pers,Tier 3 (Lokal/Independen),FOLKLOR SEBAGAI IDENTITAS KOLEKTIF DAN KONTROL SOSIAL Rereading Ande-Ande Lumut,Akademik & Umum,Netral,https://news.google.com/rss/articles/CBMihAFBVV95cUxQRnoyMjY3YW5IT3ZkcF9lYXMtT0hrSW9xRDhaNnM3RmFkSUVoWXBvejdDTzhpWVB2OVVJVHZFblZFTkc1dEhtMXptWEotT0FHWG9xTUZySGMwcDI4T3R4YXlUelA0MWdDSGp6SEViNzZYc19tRE9nZUVkZWN4WmQ4a1N1ZEk?oc=5,Google News RSS (10-Daily)
04 August 2026,Bakorwil Bojonegoro,Media Massa / Pers,Tier 3 (Lokal/Independen),"Ramah Tamah Dengan Rektor dan Dekan Vokasi Pada Olimpiade Vokasi Indonesia (OLIVIA ) XI 2026 di Grahadi, Gubernur Khofifah Tegaskan Jawa Timur Siap Jadi Pusat Pengembangan Vokasi Nasional",Akademik & Umum,Netral,https://news.google.com/rss/articles/CBMiygJBVV95cUxPLVR4SkhOSVlTc3UzeTZPeUtwQU0tVHFoUFBSbGV3VzQyLXBDaWZtemhGTUx6NUJnN0s5Uk5ud3dINElPcWdiQi1oNjd0eFNleG1Gb09IaVNPak84azdtZXR0S0tnY1ZtYWZvNUc3V3NJb21KVWVING9fSHp3ZzhDSTA3b3pubVJpODBsVFFrZGYyMHJkMlRGbXNxQ200SGpyTTBTSWhYSGxyUWVVVy1Da2JYb0tuQ3BNYjNLRTNodnpfWGJJd1N0d0FfMXNvSThkSldTOWR6UnlzZGtSa0hOUXJ0OVdLN3hNTlJER1BRNVVFVlR3RXdONmZ5V0NhM1VodkI4REdLWHlEX0FHQ3Rrbll6anJiM3lUc2Z6YWh2MGNKUFZMNzRSZHl3NHhfb1NSTE42aTBzckhEZERTNVVfazFLWDY0cUwydFE?oc=5,Google News RSS (10-Daily)
01 August 2026,Surabaya Asik,Media Massa / Pers,Tier 2 (Regional),Catat Tanggalnya! Ini Deretan Event Surabaya Sepanjang Agustus,Akademik & Umum,Netral,https://news.google.com/rss/articles/CBMinwFBVV95cUxOVXdVVWZLS0ViN0dRa2VxbmVpdlNPV2ljLVZDTVVWYUVjZl90a0NsVUYxUmkyZmZ4N1NXQ21hNUw4LWROZlVmYnFLdmt4cVlRWnU5QmVtenJzNjBXdzViTDNmMVBhVGxpUlJ5Q2xzXzgtOEJvRkx4VDhMN1VuWnUtbnhTeTAyYkwwY0JmYW9uOG5tLUZIQkw5UmdEZi1uYU3SAZ8BQVVfeXFMTlV3VVVmS0tFYjdHUWtlcW5laXZTT1dpYy1WQ01VVmFFY2ZfdGtDbFVGMVJpMmZmeDdTV0NtYTVMOC1kTmZVZmJxS3ZreHFZUVp1OUJlbXpyczYwV3c1YkwzZjFQYVRsaVJSeUNsc184LThCb0ZMeFQ4TDdVblp1LW54U3kwMmJMMGNCZmFvbjhubS1GSEJMOVJnRGYtbmFN?oc=5,Google News RSS (10-Daily)
02 August 2026,PWMU.CO,Media Massa / Pers,Tier 3 (Lokal/Independen),Parenting Smamita Bantu Orang Tua Temukan Potensi Terbaik Anak,Akademik & Umum,Positif,https://news.google.com/rss/articles/CBMihgFBVV95cUxNcEdWeGVtQ0pxeUhVcjlGOVpacUF6ekxPUU1QNms2WG9XV0FmRXJfMFBnbVNMWEh0dWF4REswd2ZWS0dkaHk4dnJrWktxVWdRLWNRSGQwWnBKQ0FHYjUtdFpINUUxbW5mOGZKRkdua3Bkb0RSUThCdFByc3JTSVVaSGFGQ01UQQ?oc=5,Google News RSS (10-Daily)
03 August 2026,Suara Merdeka Surabaya,Media Massa / Pers,Tier 1 (Nasional),Berita Seputar perguruan tinggi vokasi Terbaru dan Terkini Hari Ini,Akademik & Umum,Netral,https://news.google.com/rss/articles/CBMibkFVX3lxTE5mRURQNkRidHVjSW82VE1pTWpQeHU2QVRpUWhjVm9wQ09ZOHVZdnpVZlJPRzBMa0lYVl9UQlRpeGdsdmJPQnZRUU80ZjVndXloMWJOd1BNUU1FS0pkc1RIakx2WFNpUVVFRTU1dkJB?oc=5,Google News RSS (10-Daily)
03 August 2026,Universitas Bengkulu,Portal Kampus / Akademik,Tier Kampus Mitra,Instrumen Tes Berbasis Web Menggunakan Framework Codeigniter untuk Menilai Kemampuan Berpikir Kritis Siswa SMA | PENDIPA Journal of Science Education,Akademik & Umum,Netral,https://news.google.com/rss/articles/CBMiY0FVX3lxTE9oOWRkbEtpbmI4bzNlajFSQ1hyc0NnMmI1bnZscnhES2RUWG1MQ1h0SGtZT2tDVFA0OWVBM1doZGxiY0p3X0NXZGtjV3p4djhrVFNvcURMNlBpRUxGQ2MtaDU0Yw?oc=5,Google News RSS (10-Daily)
03 August 2026,Universitas Islam Makassar,Portal Kampus / Akademik,Tier Kampus Mitra,FMIPA UIM Gelar Pengabdian Masyarakat di Pondok Modern Nurul Asafa Takalar,Pengabdian Masyarakat,Positif,https://news.google.com/rss/articles/CBMiswFBVV95cUxQM1JGbGtEOWkzbEpXOTRoQzQxcXFkUW9PUkEyN2pDMVZxaGQ1c2Q5NjVENjFxajkxbFhTVUlKM2x4c3l3NWx4SXVNdkFTdlAyWTRVQ2tqQmhPMzVtTUxHUzVEcDFGRHNjR3VTb19YRkZGTGJxNkY5MDlzSTRXZTFQRGVmNGlpcUdRTEh5NFFGZ1lDbjQ2SEpOTDFoUTVuNlF3b1B1b1ptaUVPRy1xOTMxUmxhTQ?oc=5,Google News RSS (10-Daily)
02 August 2026,Yayasan Maslahatul Ummah Ilal Jannah,Media Massa / Pers,Tier 3 (Lokal/Independen),FRAMING MEDIA TERHADAP SMART GOVERNANCE DAN TRANSFORMASI DIGITAL PELAYANAN TRANSPORTASI PUBLIK: ANALISIS ROBERT N. ENTMAN PADA PEMBERITAAN DISHUB PROVINSI SULAWESI TENGGARA | Jurnal Pendidikan Sosial d,Akademik & Umum,Netral,https://news.google.com/rss/articles/CBMia0FVX3lxTFBKc0xwNW1KcnVJS1lsaXJDTEttdjlDOU5NSnVqQk1VWVRZM3ZqdWFoaEY1TWVBWFo0SmRYT3JFRlE4elZaOVZ6a0Z0Rm1Jek9WbUp3b3BWSldXMEpVUEIxNkRzZDFuZVo2bmFJ?oc=5,Google News RSS (10-Daily)
05 August 2026,Homeschooling Bintang,Media Massa / Pers,Tier 3 (Lokal/Independen),Selamat kepada seluruh lulusan SMA yang telah resmi diterima di kampus negeri pilihan,Akademik & Umum,Netral,https://news.google.com/rss/articles/CBMivwFBVV95cUxPQmRwUU1tcVFaQ0pxVzdhdV9mNHRKRlh4aHJpa2FMLVRacC1TUFN3Y05JX1FCMG5PdXhxMVJTNG04RDQwWHRncTJsVnRQNmFZVHZhbjJXRG91X2o3WWZORkJuVGZPdmJWWVFUMzhKX0lZdXNyMkJXbzNzTmR4b3JveGc0NktPWFJSbzlUSXpGVXFtY3lpdDYtSFhza0JaeVU4aFpmNGJRSEd4c0tldm5KZ0VZbEtYcHFyLVNoMnFsWQ?oc=5,Google News RSS (10-Daily)
04 August 2026,plcdedu.com,Media Massa / Pers,Tier 3 (Lokal/Independen),Dokumentasi Pelatihan,Pengabdian Masyarakat,Positif,https://news.google.com/rss/articles/CBMiVEFVX3lxTE1HVEg5UmhqeGpTS2RQR3dncHVOcXA5VHUxWWFJM19GN2xlLWxOM2RIOE5TTG5veXUtMDZKYnhOR2FwTl9HQnFoNFhUaTl0cHF3M25sYg?oc=5,Google News RSS (10-Daily)
05 August 2026,Universitas Negeri Malang,Portal Kampus / Akademik,Tier Kampus Mitra,"UM Borong 8 Medali di OLIVIA XI 2026, Raih 3 Emas dan Perkuat Reputasi Vokasi Nasional",Prestasi & Penghargaan,Positif,https://news.google.com/rss/articles/CBMivgFBVV95cUxQQWVlMS1IVFgyZ0lfNlhVUnVOcEU2bGtNa0VqVU92MUNQc01iNkVLVWNaaGRlOERjZzN4NlExTkE0SGhnMUJaQVFJVjNkSXByb1BUOHFLRlpzWEtLQXNYY3NvSmFXOGJDaUZsRnl1MEpBeFdNbFRlWG1SNDVJYUd6bFkzSE1uSHhTX0VlcnVnZXJzMVZiN1ExcjZzTFBUNTFBQ2RidVlUdE1kTGNiNC1vMjhfOHNBNUx0Y1d1ZnF3?oc=5,Google News RSS (10-Daily)
03 August 2026,Suara Merdeka Surabaya,Media Massa / Pers,Tier 1 (Nasional),"KM Mutiara Sentosa 2 Terbakar di Perairan Sumenep, Empat Orang Tewas - Suara Merdeka Surabaya",Akademik & Umum,Netral,https://news.google.com/rss/articles/CBMiwwFBVV95cUxQWVI1OURfQzNCa0ZmV1MxM0FkWUxBbFhTU3pnTmE2eXB6cnZCa0RxeHVCbFVYYXVYOGVocTlucTdwbTlpaDdtcjdURUpvMDNCVW9sTGZkc1BrcEZVTHZtMEVsMk55SnE1a05uY05sUmROVWN6cFAxMXdNbWNYQlpHVHU1NG53MHhUazQxYjZMbGx2aGd3c081MEdVcFl2MmstV1pMVnJkSl9FVlp2LWhSYy1GdUxtbW5uVEdvWVk5OXhqYkXSAcgBQVVfeXFMTmI0WjhOa0JxN0NDU3gydnMtVFFVa1F1ZERfVERDNjhEOUR2aHl2czRCelQ2R0hHZ0M5c2Z1VWd3SHBrNWttbDc2QVgtcDZHZ05hc2xKb2tjdjNjQ2haNDBIa0lNeEdvQmlDbnpINzBhZXQ1aE4xR1NBN0FPYXowMm9TOEJ3UFppUGZCNkxER3ZnYy00YmxCMFFnZ1YwcmhQdUxrLXc5T1JHcjJVZlJQeHBvdTBqaEpnbnRrYzBzYWVCZC1sWXh6RkQ?oc=5,Google News RSS (10-Daily)
04 August 2026,KlikJatim,Media Massa / Pers,Tier 2 (Regional),Jatim,Akademik & Umum,Netral,https://news.google.com/rss/articles/CBMiTEFVX3lxTFBCTTVQaTVqeHl2ZlpEdXpFbDhWTkdZcTg3TElfdm94VWhqcUpyck1NOE9aM1VsSFdLZEhFZDdyQkpqOGtqM0JzRG5pMUU?oc=5,Google News RSS (10-Daily)
15 August 2026,detikNews,Media Massa / Pers,Tier 1 (Nasional),6 Pelaku Diduga Lecehkan 26 Mahasiswa dan Dosen di Unesa Kena Skors,Kemahasiswaan,Netral,https://news.google.com/rss/articles/CBMiqwFBVV95cUxPcUdLMlNhdHR5ODhBQ1YwVm0zV1RqQzJjb1RSRzYtTGdVZzhFSG9MQy1VWnplSXd2cnplWVl5M1dWMWs4TllHc05ZQ1JXUFFHNTVqTHFER09zd1dEWW5aN05zS1pMTFl1WS1NWloyNlk3ZEIydHpoYVVZNk44SWd3XzNjN3c4RVlzYXB1OHBWYm83MXNISTZOS2tndWFZMTVWVHJOaWhDcTNqVGfSAbABQVVfeXFMTnhJTTNuRTVCSEs4bFFzazBxNWhFbU0xOXMwdDA2a3FLaVVXeERqVHl4UHNzZHRUVVBWN0tLb3cxNFlnQmpibE9ZS1FaVEdTS0lqcnJCbG5qUUhfR1VFRWZZTGN1WDhBSFo2QVVvUFRFSkNNS2I1cGRHdk54SVViRDZJakM2WHJ6UXdWdm5LQndVcnZfenYzb0NRaWtObGlONWxEMG5xWnF3bjl0SUE2Yng?oc=5,Google News RSS (10-Daily)
09 September 2026,yycqueerinnovation.ca,Media Massa / Pers,Tier 3 (Lokal/Independen),"Unesa ketintang surabaya🏆 Wonocolo, kota sby, jawa timur 6023 fisipol@unesa.ac.id",Akademik & Umum,Netral,https://news.google.com/rss/articles/CBMiZkFVX3lxTE5xeTdvZXNIVURSellZV3JtVEtoc2NwcUdONVg2aFdKeWIyQ1lVWEhwUFg1NnN5U3prWFEwM2NhNFFBOFpaSGM2Rmh0ejI1b2tZR0lIdHVpSWdsc096TzJpVG5mdGY1UQ?oc=5,Google News RSS (10-Daily)
01 September 2026,Universitas Islam Makassar,Portal Kampus / Akademik,Tier Kampus Mitra,UIM dan Unesa Perkuat Tata Kelola Pendidikan Profesi Guru Arsip,Akademik & Umum,Netral,https://news.google.com/rss/articles/CBMikwFBVV95cUxOTkxtYjd0emdOX3R4aWk2UE1SMjJ1Ny1rUWw2MXhkNmp6UjIzRHNwWnNBbGJ3MjZIMlQ4V3dnTTNPOGJYVlJXeDNFeXVDV25Jd1VWNzFBZ2pvalQ0eDNZWVRXYmt2cktsbDA5MThsbWl0cUR1Si1FNGJMcjJfTzZtV1lHYnh1VW1DYmIwWlA0aERUYlU?oc=5,Google News RSS (10-Daily)
10 September 2026,yycqueerinnovation.ca,Media Massa / Pers,Tier 3 (Lokal/Independen),Daya tampung mandiri unesa🏆 Seleksi mandiri jalur kemitraan masyarakat umum skema,Pengabdian Masyarakat,Positif,https://news.google.com/rss/articles/CBMiaEFVX3lxTE9XX0swUmhheWV4Rm91elloRXRXTmJJNEJzQUJuTnlBenUxVDd0TkdabWR2WGZRWmc2bGx6RVh0OWx4ZnNQZkdIQ3ZBSnlWa2dBQTlwRFYyeTVkSkg1bUprR3RMbnFydWpR?oc=5,Google News RSS (10-Daily)
30 August 2026,Kompas.com,Media Massa / Pers,Tier 1 (Nasional),"Foto : Unesa Kirim Tim Kemanusiaan ke NTT, Sekolah Darurat Jadi Perhatian Halaman 2",Akademik & Umum,Netral,https://news.google.com/rss/articles/CBMixgFBVV95cUxOTWZCWU5mcWlGT2tkaHd0c3VnZ1FBdlpyWF9aajF0WXllNEEzMlAxV0dnb1U5QWJXNGZqa0lxX1d0WHNHUUJrLWlhSjdLS0NlQ3dEQnNwVGM1SFhSczVPbl9KV2JFTEpPbmdXTFg0ZTFqUTVrTkFHX3B2enBJX1hCZjg5VG5uMjBJdUc4T1Q0WEJEdjVQanFMQm1LMGppY0ppMTBMQ3BwQVJfNWpIZnYtc3QtbThkMWdqSGRKc08wdTZlVW5xcHc?oc=5,Google News RSS (10-Daily)
30 August 2026,Kompas.com,Media Massa / Pers,Tier 1 (Nasional),"Unesa Kirim Tim Kemanusiaan ke NTT, Sekolah Darurat Jadi Perhatian",Akademik & Umum,Netral,https://news.google.com/rss/articles/CBMixwFBVV95cUxNcHhrUlRUdFZQZERpZ3NZRUtmaWJLTVFFTGVtdGxkUFpJYjBrUlFBbEJsXzljek1qYlFwMVM5akE4TjBLeDZGS3JWOWFGTzVqbEczaURTRm85WXFkbG9KQ3ZZNGduWnhnSlNGbWtScTVxNUU3OUxHZzlDem03dVpHVS1SOEU3UXRkWjFkRzhmZzJiVHZucVhjZnNmUUhCYUdLbkJfbGtnejlnNnQ2SVNrdENFaXlzTXFINTNKNFJGSnZvWWtRdmNV?oc=5,Google News RSS (10-Daily)
09 September 2026,stokbinaguna.ac.id,Portal Kampus / Akademik,Tier Kampus Mitra,Search | Jumper: Jurnal Mahasiswa Pendidikan Olahraga,Kemahasiswaan,Netral,https://news.google.com/rss/articles/CBMiogFBVV95cUxNWGI4anJwNkk0T3FvTERCU3g4cndGcElOZnl3bER6aW1GanBUSDZub1dYMWxVSWdOc0cyRE5wUXNrVW9fcnJ1a29RZTh3a1ZCWTJFRVhwYnhDVEd4ZzFVU0lQQU9IQTZEMzg2bHlZOUFHTE1tTjRPMzNDek5XVDR2aFZDSWNDN25Yb2hDZVROZi1qdzRyek94cFp3ZlRhOXliU2c?oc=5,Google News RSS (10-Daily)
10 September 2026,WPS Office,Media Massa / Pers,Tier 3 (Lokal/Independen),Peraturan Pemerintah Republik Indonesia Nomor 37 Tahun 2022 - Tentang Perguruan Tinggi Negeri Badan Hukum Universitas Negeri Surabaya,Akademik & Umum,Netral,https://news.google.com/rss/articles/CBMisgJBVV95cUxOZG9HZ0pCS3VCeVplZnhxSV9MaXViN0VlekJibFItM2Z4UVd2cmdtZkpEMnp2MEs0djYyZDM1bmw0eXJpNkRFS1dZNkJWWnJqWmJYTTZhY19yWFN0NnktTUNkTEVYdzZiVmRNc2RJVWV6eC1jMngybWR0NkVjRGFxMFM5MnZZSE1FTkJla1oyRW9YYkEwMFBLSjM4dndaMnJGNm5fT09BX2J6N1oyVVR3cFhTZExOaWZVcEczRmd5OURpRTdrNkJCOXF6RDB5RW1KcWVxTVBudkE0emtFeWE0T2MzcVhyd2VvTmw4Rl9uSVREZm1UUEpIQWFsT2tOdnJkWXF6WDFoQ2NpMVo1RXdiZVh1eEZhdkl3bWR4TnI4dkNaSFFWMDJaWWpmeTlHVktBOWc?oc=5,Google News RSS (10-Daily)
10 September 2026,yycqueerinnovation.ca,Media Massa / Pers,Tier 3 (Lokal/Independen),Biaya unesa🏆 Mobile banking btn login ke m-banking btn seluruh indonesia,Akademik & Umum,Netral,https://news.google.com/rss/articles/CBMiVEFVX3lxTE9zbEtNWGV0YzQ1MWxkYkJSNlptSU5YeHozNC1VdVlHa1NBRi1Dajdab3dyVTVlU25sOUlFM0w3YnB1b1RJcVpPTTFXY2FPN2NsNkVLVA?oc=5,Google News RSS (10-Daily)
16 September 2026,jctmbs.pomostnadziei.pl,Media Massa / Pers,Tier 3 (Lokal/Independen),Universitas negeri banyuwangi🏆 Adi Sucipto No 26 Banyuwangi: Nomor Telepon: 0333-411248,Akademik & Umum,Netral,https://news.google.com/rss/articles/CBMiUkFVX3lxTE9ybDJ4RVdSaU85SkJHUlQ0bUh6dzJLQlV0bnVpYngtcm4zNEplYmVUdXJMczRZZG9UZmVPaGZaRjNLRVgtaDVkMW5jNmhMV1VJY2c?oc=5,Google News RSS (10-Daily)
14 September 2026,malang-post.com,Media Massa / Pers,Tier 3 (Lokal/Independen),"Kembangkan Riset Pendidikan & Kewirausahaan Digital, Saudari Kembar Dosen Unesa Raih Gelar Doktor di UM",Prestasi & Penghargaan,Positif,https://news.google.com/rss/articles/CBMi0gFBVV95cUxPSWRwV0h6SWZ2emtLdE9RZjBSZ1NRVVFuY2s1OUV6NmdOSURkSjRRZV9CZjUtcWgtT01sU0U3S0YwZ19XRVpHbVBUZUVsNGR2SXNFd3JYODB4SnFzMUY5TXpqbC1hd3ZTbjFRcWgxUDNQOWtVV19ablJXQllGNTgwcDVxY3BOb1A2MXlOY1M5aFAyXzRfbGpwUFJpRkRHTG5xYlBfY3lLTGZ0UUdIZFM5SG5xbW1scGI4aE5Fb2FhRHpuWjhrMHd6akpvMDM1WE5xVEE?oc=5,Google News RSS (10-Daily)
01 September 2026,Universitas Islam Makassar,Portal Kampus / Akademik,Tier Kampus Mitra,UIM dan Unesa Perkuat Tata Kelola Pendidikan Profesi Guru,Akademik & Umum,Netral,https://news.google.com/rss/articles/CBMinAFBVV95cUxOZGtwVVhsRjJUd3JNcDl1eUtFRW84MjJrMDNyX1NZUmJLbEs5QmZkSUZIMk5seE5EWXZodnhZeTZkN1FnZ3d0NU5Bakh5SmlpTmFub19YVmVSeG5ZRnB4bFNTOHFrZ2VWbldsQ0MyRlhwV1BuUVBGV0NlS2c4OW5UWkpiZkNvS3lZa3FjWEI2bzV0cFZBWk1GaU9oeXc?oc=5,Google News RSS (10-Daily)
09 September 2026,mktransport.es,Media Massa / Pers,Tier 3 (Lokal/Independen),"Lokasi unesa🏆 Dengan lokasi strategisnya, Kampus Unesa Magetan diharapkan",Akademik & Umum,Netral,https://news.google.com/rss/articles/CBMiV0FVX3lxTFBIbGRodnFkOVBnRF9Rd1pydzhIWXB6TkgxQlFLQ1JSbFhtTHVod29HUG54Skx4dmhYMFJPN2xVV2NIc2w4LUlFRFpEZGZDcmxXQkFTdXpzZw?oc=5,Google News RSS (10-Daily)
12 August 2026,antaranews.com,Media Massa / Pers,Tier 1 (Nasional),Mentan gandeng UNESA kembangkan kedelai demi tekan impor,Kerjasama & Internasional,Positif,https://news.google.com/rss/articles/CBMinwFBVV95cUxPa3VvWmJBQW9VOEktYXk3UURSaUFZVGxBU2dnazZibDdTM25aNUotVXl6T05JVzd2ZU1UcTB4ZUlZRnJZa3p0cTVETno3d2RfVTNLOXNycmpVdVhUZ3MyaDl4THJFRDczRHRKaUxzM21vU1YwNHUxV1FrWGN6NEI5SWIzN1pBMXZ5bmlkNmhBYmZRXzk5V0hxS1VuT2ROV1XSAaIBQVVfeXFMTklsSlAwandHQ0NXSC1ZY2VmYWNqU3ZuODZRUTN4NmJjT0dPb1BLQTNJN1hGUVhIX3Z2QW9uUGJlLU1ZSW8zbkoyMlZXTER2Vkc3QzM1UzZDRVNSVTdES2UybUdodWZPNVphSHB2NFNORzY4QXR0R3BzRTVFbkszeldjQ1A4S2xzQmwwaWNUZWRCU2xjTHZ6eUx6ejNJNEhSNkdB?oc=5,Google News RSS (10-Daily)
01 September 2026,Warta Pramuka,Media Massa / Pers,Tier 3 (Lokal/Independen),"Apel Hari Pramuka ke-65 Kwarda Jatim Digelar di Unesa, Dorong Kebangkitan Pramuka Perguruan Tinggi",Akademik & Umum,Netral,https://news.google.com/rss/articles/CBMiuAFBVV95cUxNbnBCUkg5SF96eU1VT2lqbmxlWUlQX1IwMUxnSy1ZQUJOOUhRWTJLTnBNd3RGRnI4VkhVSVNJV3ZTVmJSV05mUE1qUG5kVFRQM3FORThKMDRVQmh0ZE9KM3c4WXJBempVWU1YWnNPNUZPaGdxbi1CbjQyMHVZWlRYdXVOZXg3VmdoNmxuTDcxY1lCZUhVWGdGbHJQOFhlQldJUkxpdEZZNkxKTmZSaERvYjJlLWt3ZTN4?oc=5,Google News RSS (10-Daily)
19 September 2026,MalangTIMES,Media Massa / Pers,Tier 3 (Lokal/Independen),Berita Terkini Malang Raya | Informasi Terbaru dan Terpercaya,Akademik & Umum,Netral,https://news.google.com/rss/articles/CBMizwJBVV95cUxQNlJMN1dvNzd3MlZUYTRxM1ExeGFtN1l2d3V3Tnd5bnkwMWVnc0RTdGpmbDAxQ1lidDd4VHgwME1mdW1HcmtxbUoyVjltTkRub0NvYmQ3OHl5RkhCS0VzeWQ2NnNaOGZzV3F2bGhmeHZPZUE1M2p0blE5ei14LXNydWFoY2NoYmlLN0czdEpnbmJ3VHJZX2J2MlVqWDJIV1QwRFhSM0RORlFEZ2M0ZlZNaUFHXzJqVTBHZkE3SlFZRHJEWmRuNEszb0Q1bExkSEw2X2dudjYtVDA4S1hBXzF5ZlZtdkc3QXZBT3VDUU9pWmpFSkhOUDA2T01BV2E4ZGJwUnZRMkxOWVN2VVFDX3RkSGI0bTZPbW1EcnFqSDR3aDZIUjh3Uy00M3FERTBZSFNGRTlqNl80em05MHRyN1ZMSTRWVEhmS2NPeWJSRUxDVQ?oc=5,Google News RSS (10-Daily)
13 August 2026,CNN Indonesia,Media Massa / Pers,Tier 3 (Lokal/Independen),6 Mahasiswa Unesa Terduga Pelaku Pelecehan Seksual di Grup WA Diskors,Isu Hukum & PPKS,Negatif,https://news.google.com/rss/articles/CBMizgFBVV95cUxQX2VtQklKMnl3QUdWT3J5cFdGWVZrZzdJUllmVEtxOXVuaFJhNmp1c3I0VmhXUU5kN1Zka3BnRjQ5cWg4ODBZQXlKa05Rck03X3RNbk9vajMzcW80eGZyZloxbXA1NUh6UjBhb0RHZkpVc2ZKZmZEbU01RWZJUWU3WW9RWFBQRkt5VUFfX3JQTUJZVEI0OGNnTEFvNTZiYXJoRnBBR2pKcW9NOFNCZl9sOUh2UndkYnphNVl0SUpSLWFZeWFMX1FfRlpyRlBIUdIB0wFBVV95cUxNX2Y3Z05ETWV5QTh5SVU5S2hIN0Qtbko5bWFkRnFUazZIa1llS2JBZDJaY184YmFQVXV0YldJenlWOXJoRV9RNk1KUndSeUFlV21NWVU4RklpVHhiTWtvZzBDdVphZjdxd29HR21zcWMtVVViTnNSbjUyUkNWS3RLMmJsVklLZlhRVkhwLU9IUW1RakJwOUFGbzFURTVzM0RxcVNJRDBFYXhCaGoyYjRibGUwaVNDNlgwVGdZRW5wM0R4Qnd4X240WUJSbC0tTGc5aTB3?oc=5,Google News RSS (10-Daily)
13 August 2026,Shopee,Media Massa / Pers,Tier 3 (Lokal/Independen),Jual Kertas HVS A5 Warna Hijau Tua isi 30 FT/PKKMB/Ospek/Unesa,Kemahasiswaan,Netral,https://news.google.com/rss/articles/CBMipAFBVV95cUxQeW9ZMjR1TDkyYU50YTViQzNoVFpCb09pNXJ0dFhzOUpmVTJUalFaN2FPU0x3U2VHclctOFZiVWVjOG5kMmMwd0dQa2U5TFhGbHBrYlgxZ3ZOd1dJWnJWYmUtdjFxcEpJRTJRMjgwZElVdGtfUGxYcXBkb3dXWDMyNkM2X0VjOXZON1ZIbXhjQzczQi1rQ0xfLURjc2pPd0pRNWYzMA?oc=5,Google News RSS (10-Daily)
15 August 2026,Google,Media Massa / Pers,Tier 3 (Lokal/Independen),📋 Pengisian Alamat Pengiriman Sertifikat Pendidik,Akademik & Umum,Netral,https://news.google.com/rss/articles/CBMixgFBVV95cUxPRFRfemJ0a082TjRPakY0cXRIeHVHYWRYQUxxX0FxZnl1bFh6a2xHajJfZllVdlBldExERHpMQVJYOTUwRngxWnZTcmhEak12ZFQ3LVJHWjZzamdhZUh6SUpLdHk1cnUwd0lXSEJNTXpLWG1uMmFYelQ5Qk4yMTM0dTJaRnNycXY3TmhUZUpUZDlqTjhaeEI0U0VRU1NJM05LbE5LSmhTaDh3T2RFS1dmRmg0Sm9VSFljZGlTSDNzNzR2NFlJMHc?oc=5,Google News RSS (10-Daily)
12 August 2026,kumparan.com,Media Massa / Pers,Tier 1 (Nasional),Unesa Sanksi 6 Mahasiswanya Terkait Kasus Pelecehan Seksual di WA Grup - kumparan.com,Isu Hukum & PPKS,Negatif,https://news.google.com/rss/articles/CBMitwFBVV95cUxPSE5xeFY5a0x4bVV4YWNTM240TFBiZl9fbk1YNTVLZ1RxTnBFSlQzRlQ3d3NPVlpsUFlIZDNVOEM3VXJmZmhXNEotV0laRUtLLUU3SUtQQjk0aXJIVkZBVGk4NGUtVUJFQVc1cE8zSmc1SVRKTFFOS0QyX2xCUkx1ZkxfUHlfUWhQNDBHdktwaWowUFlhTm5ETmNRSDZxRFg1UTh3WklCSHU2NWowVXp6Uk45WEhxVEnSAb8BQVVfeXFMTUVUWTR2NzVaM2MwdnZMRDFDb3JVQmFBMWRzeno5Um1Rd3k2bmYwNlRWSTNtT0RXZmRrN1RKZkgyTE1RYmtQQS1rZzRBdk4tRk53ZU1MUEVXMVNvUlBrTUNUNEtGZlkxcHZxZXAtWGpIcHh6UTl3OWZNTURhMlZER1RtUlluX2ZNOTY4MkJGUXVHYTdtU3cwM0NTWmtWRjU2MUVqUlpxcHpVVlR4aEQzeGVSWFNsVXcyRlgwdU9TX28?oc=5,Google News RSS (10-Daily)
12 August 2026,Grab,Media Massa / Pers,Tier 3 (Lokal/Independen),Kopi Kenangan - Ketintang UNESA,Akademik & Umum,Netral,https://news.google.com/rss/articles/CBMirwFBVV95cUxNSVVJaFRoeFN1RTFIWHBQWUg1V25IYTllUzk5YkhNSGRwZkRfelowd0NDUXd0aHJ3aVA1WGJBZGdKSWlvUEpHQ2k3dHhQVXZhbUlVWTFXQTMxMkV5eVBIZXA3TzVWMi13TWpmUkhSLVdURmxSSWJVTkRwVzRYRGZtNFg2bVJXS29LaDBXZXFlTjVKT0pmWWZpWkEyWGhzd2FOZ0F5ckFUZGV1UVEzOUFZ?oc=5,Google News RSS (10-Daily)
13 August 2026,pertanian.go.id,Media Massa / Pers,Tier 3 (Lokal/Independen),"Mentan Amran Gandeng UNESA Kembangkan Kedelai, 56 Hektare Disiapkan Jadi Sentra Benih Berkualitas",Kerjasama & Internasional,Positif,https://news.google.com/rss/articles/CBMi2wFBVV95cUxNMjNadTFxaDdmY05URDRJRm9XYlhGNFF6SHJnMW8xeVdNdWZia1IxT09PRXZYUTZZTkZyYkdzd05ySmFVNG9TaHUxTm1xc29hTUtDVXNMYllRendtNmM0czdmdDFVbVh0bWxwUVZhNzBDUXZ6YXhSdnFRME9TdGg2RlhrMVhrVkdOZnJmY2ZiNmxrS0wxY0xNVFZIdWtxZExSeko1NEpDeThEbzF6eHdIc0RoQTlxQzhpMUhyMWFpcEhqSS1VNDVqMk1EbHMyUnQxRnFGckpSa2VvdUE?oc=5,Google News RSS (10-Daily)
12 August 2026,Kompas.com,Media Massa / Pers,Tier 1 (Nasional),Foto : Mentan Bagikan Alat Pertanian Rp 600 Juta kepada 3 Wisudawan Unesa Yatim Piatu,Akademik & Umum,Netral,https://news.google.com/rss/articles/CBMixgFBVV95cUxQOTRMTUVhTGcxNFQxbF95Nkp2SE5mMzVsZVl1ampRdVRuS2QwaXRPeVJNSWRHZFFJUjVCWDZxdmdPdnJBREhpdHNUTnFNSU1qN2luTXNKVTJNblM4dHJrMHYxOTBwdlJCbWNwZ0I2SGVDYnpSLVF2QkRKZlRSTktDUjFVaGkyeE5wbDJJLUI2aXJOMnpwN0pSa2hXbDdsMzhxRFQwV1dkSXFZVmJweGFuVC0tZGpWTWNQRXVvZTRzWjYtZ2tTTmc?oc=5,Google News RSS (10-Daily)
12 August 2026,Kompas.com,Media Massa / Pers,Tier 1 (Nasional),Unesa Cabut Pendanaan PKM Salah Satu Terduga Pelaku Kekerasan Seksual via WhatsApp,Isu Hukum & PPKS,Negatif,https://news.google.com/rss/articles/CBMixgFBVV95cUxNWjB0dFo5dUZhTWFNVlpVY0x5ZEVGalZLMU5vZDhpSmZnQS05elNfRXlzTHlnS25PeW9kOTE1bjllc2dfMnlJQUdXM3ZVekdQTWV4alNydGhwZWV2RkRKcVViLVFIc1I5SjdwYWdSdjlNS1JYQnBzci16cWlyUU5xT1poSU4tUlRmZnRRSmFKZ01ONG9uVTVjenhuNUNQTmUxdE1SNjh5ZmhPTGtoUHQ3Yzc3QnlqUnYwOVJFY2NEN0xINXNwTlE?oc=5,Google News RSS (10-Daily)
13 August 2026,detikcom,Media Massa / Pers,Tier 1 (Nasional),Berita dan Informasi S3 unesa Terkini dan Terbaru Hari ini,Akademik & Umum,Netral,https://news.google.com/rss/articles/CBMiSkFVX3lxTE9GVmZNb19jdW1KRlY5Tm5IQkswRmI4WUx3SFNNR0xZRE1lNU4xVUwwMlVkYm8tQ1dKQUtWZUdjT05sM1BEQ2pucXN3?oc=5,Google News RSS (10-Daily)
12 August 2026,Kompas.com,Media Massa / Pers,Tier 1 (Nasional),Unesa Skors 6 Mahasiswa Terkait Kasus Kekerasan Seksual di Grup WhatsApp,Isu Hukum & PPKS,Negatif,https://news.google.com/rss/articles/CBMi0AFBVV95cUxQNWVxZXkyTVh6VklqTXdkV2doTHlTVU9hSG9nS1dLci1KT1puWmpWaTVYQW1lVzJUZ1V6MjNzYUVwSHo5NVpQRm8tWGdpRW9FZkl2UDVUNmFsWDV1YlJzNzBJRDBIaUdoSWhVcG5yM2lWbWpIX1FWaEQ2R0ZsSS1zX3NxR1k1azJWM0owYjNhSENvanI1LTFFY1lXY051REJrNzRPUFBUZ09TSlVESzVZdmdPbHhURnIyMlRTWUp6UjUzcWRXU0NBTlZwZGJ3UE5x?oc=5,Google News RSS (10-Daily)
13 August 2026,antaranews.com,Media Massa / Pers,Tier 1 (Nasional),Kementan dan Unesa kerja sama pengembangan benih kedelai unggul,Prestasi & Penghargaan,Positif,https://news.google.com/rss/articles/CBMitAFBVV95cUxNMGZyZTVybTBENDJoY1Bsb0dnOW1sRGtZWTh2QWl2ajBpX05XRnk2WVlmLWFtWHZFZ0NranFsU3VrZzQxRWZDay0yR040bE5PUzlfRy12dHg1LWdfejgxSVBlalg4UlotaUxtN1pvRHhFMW52TnRJa19kWkxheG1Vd3lqNEhUUzJ2Tk5Fdm05bTUwR0pBOUJIdmV4a0RUbHl1a2Q2cXlaSlo3QWp5UUJZSU9QQno?oc=5,Google News RSS (10-Daily)
15 August 2026,detikcom,Media Massa / Pers,Tier 1 (Nasional),Unesa Gandeng Petani Ijen Perkuat Ketahanan Pangan Desa,Kerjasama & Internasional,Positif,https://news.google.com/rss/articles/CBMiogFBVV95cUxOeXc5YkdkVlBSYWphUWNZSkctdTZOZTZ0SExydGhxWnJaQW9DTC1DVFYtUnQxd2Vuc21oc0piOHBENThnOGk4M3VTX2thQllRdlRFWDRYazZYdHVrS29vc1hZc1ppelprdWJ0TjRvdjJNLV9idHA2SjhuaWxDYWxuUWVzQmJyNU9VZldJOFktYmxDY2x5NEJWWXIwcFFSVU53TVHSAacBQVVfeXFMUDk2ajA0MkxfTUJ0d21jeDdZQXhpd0VPQXo5SU14UUdxeE5TeWUtZU5rMnItb1RzRnRZRVVlVUp0R1NfcWJPM2l5Z0ZjX3N1QWNQampsNTNvZTFUX3hETm1VR1VVb0plOWVNd3JhSm1BbVNHZWhRZnVuUTJtMk1Va3BpVXFDald4MTZIWjVpdVd6UHVtcXRZMHA2T2lWbXFrYk1MQ3pKVTg?oc=5,Google News RSS (10-Daily)
12 August 2026,Kompas.com,Media Massa / Pers,Tier 1 (Nasional),Mentan Bagikan Alat Pertanian Rp 600 Juta kepada 3 Wisudawan Unesa Yatim Piatu,Akademik & Umum,Netral,https://news.google.com/rss/articles/CBMixAFBVV95cUxQU1g0bHBTbDA4S2cyT3Boc0RjOUdTWVk2cWpIQmctU3ZGb0VIYTNkd2VscUhQTlN4STY2X210V2N1TmdjMFBaTlFfNTNKRTFkdll0ZXdQcUlubWx6aF9CLURGOFNDWlp6V21iZmtIVGF0YkgxTVdGbmZMR0tiWFdlMnpVaXVrTlZTTU1uanZaeGI0ZjIyakQ4VS1oWFpUMkhMdXdfck1uc2dnbkhwRXBZcGI5VktiZ0xiUHNQT3BUWEFlNlVV?oc=5,Google News RSS (10-Daily)
23 August 2026,detikcom,Media Massa / Pers,Tier 1 (Nasional),Berita dan Informasi Sanksi skors Terkini dan Terbaru Hari ini,Akademik & Umum,Netral,https://news.google.com/rss/articles/CBMiT0FVX3lxTFBDQ1FiSHJlX1ljOVNoWUFjamVwZVJrVlhGUUNPTVloU2lZZ29SU05paEpMYTJVR3JnSkRKb25zaG5nMWcycHRZQ1c1cXphb0E?oc=5,Google News RSS (10-Daily)
14 August 2026,Kompas.com,Media Massa / Pers,Tier 1 (Nasional),"Perjalanan Cinta Pasutri Wisudawan Unesa: Kuliah S2, Bekerja dan Besarkan Anak Bersama",Akademik & Umum,Netral,https://news.google.com/rss/articles/CBMiwwFBVV95cUxPb1NwSkx2V05QLWM5NnhuQ24taVMwQldBRDdVRzN4Zlc4c3NBajZiQWFlS2lVTFhDRnYwczlhU0s2SmtJaGJkNXFMUjNwVWlrTG5wXy00cWQ1Mld0Qmd1QTVLcUJlTEwzdWNNemhwa190Tk4zVE1MYTl1MXJvcU8wenRYbnNsS0lhbmRVUnoxOEtDREtDNnFsVE1YR2ttV0VXS2tKSjFSSk9KQ3RBR2N5eTRiSDRtTGl5eDlPaFYzbWRxMDg?oc=5,Google News RSS (10-Daily)
12 August 2026,Memorandum.co.id,Media Massa / Pers,Tier 2 (Regional),"Mentan Amran Gandeng Unesa Kembangkan Bibit Kedelai Unggul, Target Produksi 5 Ton per Hektare - memorandum.disway.id",Prestasi & Penghargaan,Positif,https://news.google.com/rss/articles/CBMizAFBVV95cUxQakV6b09FU0htOTlLNXpXbVhWUGZUc1FEdXdhYl9hWW0yclZUN1dDc1pueHZST281dWtPY2dqaFZKTTZMV1BJLXR4QUl3MFV0S25yVWdwNlJrREhYWWt4RGcwcWZCREVuRC1tLXdSYUlSRVdCVURYamc5VExhSUhZdFRxM0NiSDR2SjlPaVlFMG9KZUNOcWQ5bzhHbWZJQVRfazFTcDE4TnpSUzFLMzU5b0hEX0drRFNxbmt0T21VSlIySWpiY2taTmpBcUfSAcwBQVVfeXFMUGpFem9PRVNIbTk5SzV6V21YVlBmVHNRRHV3YWJfYVltMnJWVDdXQ3Nabnh2Uk9vNXVrT2NnamhWSk02TFdQSS10eEFJdzBVdEtuclVncDZSa0RIWFlreERnMHFmQkRFbkQtbS13UmFJUkVXQlVEWGpnOVRMYUlIWXRUcTNDYkg0dko5T2lZRTBvSmVDTnFkOW84R21mSUFUX2sxU3AxOE56UlMxSzM1OW9IRF9Ha0RTcW5rdE9tVUpSMklqYmNrWk5qQXFH?oc=5,Google News RSS (10-Daily)
14 August 2026,Kompas.com,Media Massa / Pers,Tier 1 (Nasional),"Foto : Perjalanan Cinta Pasutri Wisudawan Unesa: Kuliah S2, Bekerja dan Besarkan Anak Bersama Halaman 1",Akademik & Umum,Netral,https://news.google.com/rss/articles/CBMizgFBVV95cUxNYmI2VnR2ZFpIQXVLRzhnY254TXpkU1N2RWQ5RXU1YXJGeTkwYUQyVjJ2Z1pHNmhQdnRRVHA3MUlTYlNsWkJjZnpuSjc2RWU2WnVmUUdxRmFkdFA4S0ZuQzhWWXlSeE9MQTNXRjBNSzI2VVIwcEVISmVHU1Z1M1JTNE5fWE5JcGJMVTNKUGlOd2RwOU1zSzgtNEs3S3ktOXctQlJNUWpTZmFueTJtTWphRnYzRlV0TXVvZE9sV2hld3FNaWp3VmtPRi1wVVdEUQ?oc=5,Google News RSS (10-Daily)
17 August 2026,TIMES Indonesia,Media Massa / Pers,Tier 3 (Lokal/Independen),"Padukan Cerita Visual dan Fitur Digital, Mahasiswa Unesa Edukasi Kelola Sampah lewat Buku Interaktif",Riset & Inovasi,Positif,https://news.google.com/rss/articles/CBMi3wFBVV95cUxNNk53MzJRNUdWRTB5N28tNl9nbjVhZEloSHpCOUNvV1h4WnFQN0NfbV9PZWhwaGo1T1dObG1jUWtCXzVIX0dHQmZSdmtwTDJkRllsbGlNYzA5R1hTZlJmcERSOWdEMHJxT0E4MmVYcmZRZ2drNy1YR1pzY01KUDZ2MmRNWHpYdGRfU2NXOTVfXzBDWXNmc1lPeUZhWGRrekRvdnZfcXdISkhpbDNFVVdkdE05SXBoVUtqZEtkTWVhcEJpbVVhaXhYSERsOFVsTXF1YmVpZ09OcU50TUtBQkU4?oc=5,Google News RSS (10-Daily)
16 August 2026,UNITOMO,Media Massa / Pers,Tier 3 (Lokal/Independen),Puspakopi Arsip,Akademik & Umum,Netral,https://news.google.com/rss/articles/CBMiTEFVX3lxTE1EX2NnWkJsb19ZZDZYeGRhUUMxcUZUTk0tZUNIcGo0QVhOMjNmWnlCMVp3Ymw1elN4amg1cTlQV0JqeFJtVG9UZzV1MUk?oc=5,Google News RSS (10-Daily)
15 September 2026,Olimnesia,Media Massa / Pers,Tier 3 (Lokal/Independen),Olimpiade Matematika UNESA 2026 Hadirkan Inovasi Kompetisi Matematika dan Rumah Perkalian Berskala Nasional,Riset & Inovasi,Positif,https://news.google.com/rss/articles/CBMi0AFBVV95cUxNZWVOLTIyd1FWS3J0blAyc0lDRkRsbFVuaVdUZnNOMnhSa0g2VHlTa1QzRlJrSkp4N01pRVBzeUgxcllNUkRWelZZQmVzQ2hUSWhWUzF6NUpkYURpXzl4Y21iZWdlTW02VXlrTGxvVDM2Qk5NWkNsQjBDX3VFN3hZTVd5WXZYMTlJRkk4ekpRVzl1NGJhSi15aENTckNuTUxXUlN5ZHdLZ3NZaEdXblZObnF6N3pOcTVBREMwZDhkdW4xVVYzX3Jyb1BSN2RnMnls?oc=5,Google News RSS (10-Daily)
17 August 2026,TIMES Indonesia,Media Massa / Pers,Tier 3 (Lokal/Independen),Unesa Bekali Garda Muda Tangguh Lewat PKKMB 2026 yang Edukatif dan Humanis,Kemahasiswaan,Netral,https://news.google.com/rss/articles/CBMivgFBVV95cUxNbWlCQVlQcnlidGVnUjh6VDB5UkY3QW5vN2s5VExCUmtQUjB2RUdaYTN0OW05R1dzMHFDS1RYc0Z3WUpHV1J3a3V5OFZPcmc3Y19KNTc5SXNCSXJPSG5ScnRDb0FScFRsOTZtTi1Celd0UGlFZU1mY252SHpJRktQS3c2Nl9VdHIxMGtrTUNJbXVqNk9qX2R2emwtZ0pxNTYtc2RsakZwVHdYUW8tVnVQWURZajdna0dRd1plSmF3?oc=5,Google News RSS (10-Daily)
14 August 2026,CNN Indonesia,Media Massa / Pers,Tier 3 (Lokal/Independen),Eks Duta Wisata Jatim Klarifikasi Tuduhan Paksa Pacar Aborsi,Kemahasiswaan,Netral,https://news.google.com/rss/articles/CBMiwgFBVV95cUxNNnVUdnRRU3ZZMmhIOGk4aUNTdG05Z0todC1waENrQXpETXFPV1VyRVBJNlBNNzdybHNVenVkQWhsU2ZrX0RqSnlkMWg4ZEdCRWozTEhMMjhVdmVYY2ZMSlZlT1NsYU81ZU1EUXlWcXVEU3hFNFM2RGRxOVJzUWYzSlZKN3g3aHJkZG5JaU91M2dxbWZqYVJmNmU5Z1RVZ3JWN2dFZXVRdEE2TFk4WmJTRWZDQ1dKY1JnbWRwV0preU53Z9IBxwFBVV95cUxNWXdGeG9IRU1zTkZDcjc1dnZ4Mm5Ba2daUjZvWnNQQnJXNi1lam9Ga0luY3k0ckVqanViblRuOE1yRS1JX2Q5dXIxbnBkR1BkQ0hRWHdjNkhobEpLT3ZyZm9QT0g4UFMtUk00WUdQN3ZMRTNtd0wtQlRfVmE5aGNkNDVkend0Ykhja0ZLV3ZhQ2xoOGJoOEF4NkY1R1E1RWg1cGd4VUZTVTFYNXJVQVJrbFNnYmY3bWVFMTBzcXRPVnZ6dHZhVjgw?oc=5,Google News RSS (10-Daily)
13 August 2026,detikcom,Media Massa / Pers,Tier 1 (Nasional),"Sempat Terkendala Banjir Aceh, Nursamsu Lulus S3 di Unesa dengan IPK 4,0",Akademik & Umum,Positif,https://news.google.com/rss/articles/CBMiuwFBVV95cUxPWU1CZ21oZkhWU0VKLXZSQ0hSTmNMd19IbFk3ZTBIWEtRMVJlNHJJbDZzTHZHUzJtODhiQk93bHNoMkJJeXlxbExOcjdBSGJYckF6WjJfSmwyM1RpOEM4Qjg1Qm1ieXdHYXEyV0ZBOUxuejV2a0FTenVnOExIcVpXNTdMeTJwY2pmM0IxemZJSTNhZl9PaC0tYk9KZGdsajNtdkpKZXQ3LVpyRGNhV0VVdGIwU1gxallBQ1lr0gHAAUFVX3lxTFB0aHFIOGNJZEZoOUtoNFF3RXNFbXJqa3VJbTU3OWRGX3JmelZzS2lLOUtVcWxlckw5ZGd5Y3FTM1ptQXlWY2FwUWNOUDhmeVJyTTE5TVdXTEFEeU9lZUhnMW9zRVFjNy1vUUhpSi01NFZIbThVMHZZZHJhdlp4TkRPY2VHa0tVdEFaOHJfWVpVa0N0WGVQN1lqM3hTLWY4clA4OHBuQThPcnY0SWZLcGtpNmF6YldESHItbWFBbG5jYg?oc=5,Google News RSS (10-Daily)
12 August 2026,TIMES Indonesia,Media Massa / Pers,Tier 3 (Lokal/Independen),"Raih Gelar S2 Unesa di Usia 72 Tahun, Tri Prasetiyowati Buktikan Belajar Tak Kenal Usia",Prestasi & Penghargaan,Positif,https://news.google.com/rss/articles/CBMizgFBVV95cUxNY2VjOVlGaFJPMmhaeE1yNFZaMzg0MkRTeHF5VVplVkx3SHdWNFJTUVlGVzFnY0ZuR21WVTRMYU5YZ0xMUE1ZY3Q2aHhmd1UwR3FnZWxIeU50Y2pIbDhNRTZxNkw4dHk3Y19KdjV6NTBMdEhTV2ZQeHZrOWh3dzhMVUdfaWtucEZtSnBwejU1OFdYZFFvS0Rfb2x1d1JCQjRpcmVqYUVudm9WUUd6UjQ2S2FuckJXWElHcGx3SDhrSnFBLXJVQzdXNl9fUGRDdw?oc=5,Google News RSS (10-Daily)
11 August 2026,TransIndoNews,Media Massa / Pers,Tier 1 (Nasional),Tim PKM UNESA Tingkatkan Literasi Keuangan Pengrajin Batik Desa Gebyok untuk Dukung Pertumbuhan Ekonomi Lokal,Akademik & Umum,Positif,https://news.google.com/rss/articles/CBMi1wFBVV95cUxOZkczMkc5Y2loN1IyREpTdE1VdFZYdHdWUzF6Q21aeHNPYVQ5djlzM1BXUzZDcUJzVjdYRjhnVDVwbU8wRW0wSU1nbFpsQVhzVzdfbUEwWkwzenhXSUhEZFZYZ0dOWmJfMXRka20zczJ5YUg2NWx4QmNnOVZyTVV3ZWNWMXNiLU14ZjVSd3BrTHFQdFl3TDZ2aDZxelF0UHRYdkhkVHRMV0RwcWZQMG5EbnBaS1o4NGs5R2p0NlROS1dNakYzdF85QlZDOGNnNEFTR3VpSVNxYw?oc=5,Google News RSS (10-Daily)
13 August 2026,smakorpri-bekasi.sch.id,Media Massa / Pers,Tier 3 (Lokal/Independen),Lulusan PTN Tahun Pelajaran 2023-2024,Akademik & Umum,Netral,https://news.google.com/rss/articles/CBMinAFBVV95cUxON20xejk1TDlnanM1Um1Wbm05SzhZaHdZbHpkYXRYRUl3eFVjWGt1TmZKVldTNmRqc3F3djlfZHlUcWlvVDZ3SUNUcUhLY3lIZnQ5RUhpMHhhRUJPMzBDT1ZpdmRTeGtMeFpROUNreDMzSlFYcFNSTXlmaENCUXIwbDdMQm9lV0g5cmlqS2hkWGNLOW5KaUNLVTdvdXg?oc=5,Google News RSS (10-Daily)
19 August 2026,detikNews,Media Massa / Pers,Tier 1 (Nasional),"Diduga Lecehkan 7 Anak Laki-laki, Pria di Kota Bogor Diamankan Polisi",Isu Hukum & PPKS,Negatif,https://news.google.com/rss/articles/CBMirAFBVV95cUxQSHU5TkR6X3VrYXBlRE1WcHN6dEdtN2M5WE5FZ0xvVlg0dWpUdWpzX1cyblFrQWpidjFpeUo2LUJmRWh4T2JuMXFPdzVkd3JPYmIxUzFIRVF4TDdVSmNWaEktQU1xdEE1WmV0ZFB1TzA5eXRaS1NPeXNqeV9OZFhoTlRLSklJY1hNemZoMmRyUFJQQnZ3NnhBZHNWWTVRYnpqX0NpbTFzNE9NbDRU0gGyAUFVX3lxTE1Nb25EdFhmUURLOWR5MTdjeklwcTE2bTJPOVpERXVkM01mZG9STnFrbjR3TXU0MEo2alQzek9vWUdkOWJlM1NrTlRra05ORzB5VW5ob2pOY0NtQnRQT2w5V0pvVlJiWWVkaGxTMTlVc0RxY0JsYnlMbEpHSHlJN1lvNUVMNkljRnp1dERoSzk4MmdManN0dEo4Y1QwZDQyR3pRNXdBczU2TE9zSDlYQmFzclE?oc=5,Google News RSS (10-Daily)
15 September 2026,Olimnesia,Media Massa / Pers,Tier 3 (Lokal/Independen),Olimpiade Matematika UNESA 2026 Resmi Dibuka: Ajang Bergengsi Asah Kemampuan Logika Pelajar,Akademik & Umum,Netral,https://news.google.com/rss/articles/CBMiugFBVV95cUxNODhaRThVei1ZZG5BU1FMekstTllidmdMaVVIZXdlSGJ1ODhsWmc4aENPWlEwNlFoanZXMkNTamNlcjRxelBFVC1vd3FyQVNmdEMwSmpNQjhQWi1Sb1p6WGdHYjVicno1Rm80RkRwbGRJOXNkb2xYeTIxQ0VDSlplYVF1azRGWG5jQnhfREVRSHlMTktINW9XTjFicnVudGdJYmkwTkFDNEd2YXFFLVBPV21VUzl2dTVBTFE?oc=5,Google News RSS (10-Daily)
20 August 2026,smkn1jabon.sch.id,Media Massa / Pers,Tier 3 (Lokal/Independen),"Dirgahayu RI ke-81, Upacara Bendera dalam semarak Kemerdekaan",Akademik & Umum,Netral,https://news.google.com/rss/articles/CBMikAFBVV95cUxPaDF0bXQ1WVFpT3FPZkdyT0N3eEtTd2RIVWlwTkszZlZMSnlXX0FHNU9IS0VQVWxMWnU5YXlvQjdXWUxLWklzanhZUmZWWkVESzVJRUlkWHJyRHF1NmsyUUZtTE9YcXg5OVNCMTliT1FfakpSVi1SSUQzcy1BcTM5UWs3U3FLdkdQbnRpOFZtcmY?oc=5,Google News RSS (10-Daily)
24 August 2026,sman1kedungdung.sch.id,Media Massa / Pers,Tier 3 (Lokal/Independen),Portal Berita & Artikel,Akademik & Umum,Netral,https://news.google.com/rss/articles/CBMiTkFVX3lxTE9LVzYzV25vQnh0NHIxN3hJTFNrSnl4SkxTNzhsbEtZV01SSXRKdVJJa0JZMmUwanM2QmRfS25wcGE4eU54cnBMc1NROS1vQQ?oc=5,Google News RSS (10-Daily)
15 September 2026,Olimnesia,Media Massa / Pers,Tier 3 (Lokal/Independen),Olimpiade Matematika UNESA 2026: Total Hadiah Puluhan Juta Rupiah Menanti Generasi Unggul,Prestasi & Penghargaan,Positif,https://news.google.com/rss/articles/CBMitwFBVV95cUxNZ2ttT3d1Z05nTjFka0ZWc2oybkpVdGZzN1JNRkUzYkp0RloyRVdKWVlScHZxRXNOTHRDcFNtNS1jMy1HYUY1eWoweXFFWTNleHJVTU92c2lJdERZYnFVdUw3STQ2eVdXRjlpVVNGaDR0T2RjS3dCWmhRd0JlbndtQXFSb3hmZHdyWFMzWmdKcnJmQXJJVTJISExJek44WTNMNGZ3TEEwVmlvV1hrclUyaFFDVnNaU1E?oc=5,Google News RSS (10-Daily)
14 August 2026,Radar Surabaya,Media Massa / Pers,Tier 2 (Regional),"Gawai Picu Kesepian Generasi Z, Budaya Lokal Jadi Penangkal",Akademik & Umum,Netral,https://news.google.com/rss/articles/CBMiugFBVV95cUxQUUdzNllucWFTTjhkUmlDZ0FLdkdBVWoyWkhSY2dQMTZBSjI2dGZyTE9jWlpXZnViV1lXWWVZUWZMZnBCQTlhSzM0VU1Gb1k4ZHVOb0RXZDRrdmlnRWllMHhsTGR6NFZiOHJyTXVWYUs4Uzg2a0ZoS1IwQnJJZXdzb0pDeUt5MzF5b1NrSFdGazh6N0N6Qi1wTUptdlBKRnV4X3BGUm92WUFDQXNydHFPaVljWnNyWHBkcUHSAb8BQVVfeXFMUExXUE1GN2JsRWpqVTRyR3lIcjNjTm03cnBmZndwNFdvSUE5N09BaHVybGJuNkVLZ2ZCX21LZ3hfdUZsaXZ2SmI3cEJpN3haSjRVSldoTUlLUTBDNEZEVHZTa2VFbWdVZENvVjk1OUFXbVBHa0pmLWtqMnFlREI0bTA4TF9HazFfalhxTHVHbmFmVW04N3JVM09hc3ptZEFScmNUOG5vZFFzelFfNFB4d2daUS1FSjJtdDNDV0t4ekE?oc=5,Google News RSS (10-Daily)
12 August 2026,mwa.ugm.ac.id,Portal Kampus / Akademik,Tier Kampus Mitra,MAJELIS WALI AMANAT – UNIVERSITAS GADJAH MADA,Akademik & Umum,Netral,https://news.google.com/rss/articles/CBMiOkFVX3lxTFBFOFNGZkttSEZFcDI3YTdTWmZfSzI2VnhmNUNKNFBrZjZxd1RuVFVfOUJTb05kR1VaY3c?oc=5,Google News RSS (10-Daily)
19 August 2026,kab-magetan.kpu.go.id,Media Massa / Pers,Tier 3 (Lokal/Independen),KPU KAB-MAGETAN,Akademik & Umum,Netral,https://news.google.com/rss/articles/CBMiW0FVX3lxTE1zQWpRcjFIbXpISnVRZmFxaVFOcHZaNmdSa2FVWC1mMjBNbTZ0elJxcE5wbWJ1TlZKRnRFb2ZzcV9Wb1ExR0hXZktNbVFyVUNEcnZXcUVxVHdQU00?oc=5,Google News RSS (10-Daily)
18 August 2026,diklat.co,Media Massa / Pers,Tier 3 (Lokal/Independen),Platform Diklat No 1 di Indonesia,Akademik & Umum,Netral,https://news.google.com/rss/articles/CBMiVEFVX3lxTFA5Mk1tcE9xM1JabUt2aVBwalViV1JmU2t2WUZmQWJfd1VpbjN0Nk5seXRPcHM1Unp5VlJNTHZIOXp0aUxUYzctNWpCaEVhYzVsUnQ5VA?oc=5,Google News RSS (10-Daily)
08 September 2026,RRI.co.id,Media Massa / Pers,Tier 2 (Regional),Berita dan Informasi pembentukan Terkini dan Terbaru Hari Ini,Akademik & Umum,Netral,https://news.google.com/rss/articles/CBMiU0FVX3lxTE85Sk90dzZmTWtLLTY5ZzZsNEZfOC0yRk1Ya1VpbkJWdzJPTmhleGI0WU01c1AyUmJWb0piUF9IcjNSbjhJdlV4eGJhQkRhdmxNcFRF?oc=5,Google News RSS (10-Daily)
12 August 2026,Suara Merdeka Surabaya,Media Massa / Pers,Tier 1 (Nasional),Kementan dan Unesa Kembangkan Bibit Kedelai Unggul untuk Lahan 56 Hektare - Suara Merdeka Surabaya,Prestasi & Penghargaan,Positif,https://news.google.com/rss/articles/CBMiywFBVV95cUxPN1F2Yzl1VXBNY29KZjFPamp5QTJpQ09uWktJeERjU0UzNFEzZnRCVDNnVHhjdGM5MU5YRUNmQXU2MW54LTltaklCSFRPZUNTcG1kVG13SF9NWkRydkZiMXA2c2p2SVFXVWwyaGdjcWI5NVdNaW5zSTZIZjVNZ05LeHlNSzZZYnJyRU5pQjY5TERES2tQUHhoYld0SXAyLXlrTjVCcTJCTXU2am9xWHJ0WURFdy1PT3J2Z3RKWXFqZDVqdDRzeUhkaWZxZ9IB0AFBVV95cUxQRnpKZlNFdS1NRDdqY0ZUeEtpVVdsclVvZnJlbzVERzNFNGo1cGlzdVVDWm1TWWJ3OGhneEhwRDNMZWlYaVhZNmwxZkVjcWh4Qm0xNnR0TUFFZlJzR21hMTdhanhCRlc2U2kyZWhacGQyTEhPWmpiWkVoUzdJQnFGZkQ1LVZnV0szU2tkRHZ0MzdyWkVsU0pYU0s4aktiaE41NTNscmpDMmZqZ0FLVEIzeGI2UlFFWDB6VWViQ21rSGQ4Tl9TaXlqcHhORTdubnR3?oc=5,Google News RSS (10-Daily)
27 June 2026,timeindonesia.co.id,Media Massa / Pers,Tier 3 (Lokal/Independen),Langkah Nyata COMMINFEST 2026: Wadah Mahasiswa Menjadi Jangkar Komunikasi Masa Kini,Kemahasiswaan,Netral,https://news.google.com/rss/articles/CBMivAFBVV95cUxPZEpfTm5hRGlFSi1yY0hkM2M4MVkyU1kyYUx5OWFCTHdIUjNoRmQwVzVyYjVhaWNyZnA3VUNzQkQ2NzRNOThGblZaZ2NKNnE3dnFfN1lyMnYyaDVJcUk3ZWo0Wi04MHplTlBUemtOVGwtb2pnLUprTmRZT3QwdmJRWXJNRDUzMU9meGh4YnN4azVKMm1FUE85YUpwaGVJRExsR01DcTA0bS05MlFBYjRKbVJKQjdLNHp3dGhQWA?oc=5,Google News RSS (10-Daily)
19 August 2026,DKI Jakarta,Media Massa / Pers,Tier 3 (Lokal/Independen),AQUA GALON,Akademik & Umum,Netral,https://news.google.com/rss/articles/CBMidEFVX3lxTE5FRVNFR21zbkM4Tk5XVGRMNFlmdndmTVNLeFk2d2l1Z1NqMVdxVlYzVTFQUEkwSnBIZ3Jpc0VnRFF0QmlxbkFCYW5OYUNtdUdQZDkxYVpMNzQtUGVoNEd4MkVQYUJnbjQ0cFNmaV9PYUdNdVNV?oc=5,Google News RSS (10-Daily)
13 August 2026,TIMES Indonesia,Media Massa / Pers,Tier 3 (Lokal/Independen),Navigasi Hyperkonektivitas Membaca Peran Responsif 11 Tahun Times Indonesia,Akademik & Umum,Netral,https://news.google.com/rss/articles/CBMivwFBVV95cUxQU1JWcXB5bnFDS040Vk5pMVVIOUZjcjA5c2plVmx5M184NmRKd1ZCSFFLZGdrMEx5QWR2Q3JiY2U4TG90RjBDWU5HVWpIVVhESGNaN0pDSkJpN19scEVwRzN6NHNaRDhHc0RwakkzREx2WkNhTF96c0FTRUpBbUtGYVpQa0xMb3M0ZHVFTW9fbHFYb3JXYmpuZ002TkdPMXFNbUgyMTJ1VjN2OXZrUTNSU3lGNlpQUEw0SFJGNkM2NA?oc=5,Google News RSS (10-Daily)
20 August 2026,CNN Indonesia,Media Massa / Pers,Tier 3 (Lokal/Independen),"Polisi di Bulukumba Ditangkap, Diduga Coba Perkosa Wanita",Isu Hukum & PPKS,Negatif,https://news.google.com/rss/articles/CBMivAFBVV95cUxOZl9pTVNrQ2YtV1lCeWFlLVJFRVcyR3pLX3NYSUp3NllMVUpLVnk5b25xaFpSWTZ3YlBLaF95QzBWSnV4d3RXcG1mUlRya2ZkLVZjdXA4M19QSld3UnZCaDl6YklXdEpJMkwwb2xndXFLX0lRM0lGbFVKMFh0Q1pqS3hITUc2TVF2RlNwQ0RVZGxVYkVQVDl6YTlTQVlLU0hmTHZPa2gxX3VRNmdPMndqV3ROejB2QktWb2hVTdIBwgFBVV95cUxNbmxGVEVWZlFlSjdMSk9tS0dlRVJvanIwWnFBVk5tNmtZVjJMbUVxdEw1dmJJdGllWVBQczQtWnlON2xPWkZmNkREc0FqT3YxcW8tLVNCRkpKQW4xQzRMLTd1NTM0MnpCWU5sUi1QZUpEQjJ4Z0c5YkY1WUdoYTVYYS13bjJSeUh1ZzFUVFBGTm55MkQybVkyd0toNnkyaWxWMXFHMGRxUWtPSGdLOWM4RmI0NEJONWpzXzBVSVhDMW9ldw?oc=5,Google News RSS (10-Daily)
17 August 2026,Universitas Islam Makassar,Portal Kampus / Akademik,Tier Kampus Mitra,"UIM Tembus 300 Besar Nasional, Naik 1.508 Peringkat di Webometrics",Akademik & Umum,Netral,https://news.google.com/rss/articles/CBMipwFBVV95cUxORXVqbzY0ZTgwSHU5bnZaTncxY2NIcHN3UVhsQnFvWDM1MGo1R1NjUThaazdFUU0xRnZVUTlGX1hnQkJMNy1YVmUtV2JHaGFVeWpJR2NmWFljS25PbUdxekg1NTlDeVdNaFpUbFlMTGRLVjhxTHhiQXlWbFYxS0d5M0ZwOTZYbEl1QmFnc3hEMGFtcnRDUmtzODV4LUJ5MVE5cnhkUGphcw?oc=5,Google News RSS (10-Daily)
19 August 2026,Suara Merdeka Surabaya,Media Massa / Pers,Tier 1 (Nasional),Pakar ITS Sebut Ada Ancaman Gempa NTT Susulan hingga Dua Minggu ke Depan - Suara Merdeka Surabaya,Pikiran Pakar,Netral,https://news.google.com/rss/articles/CBMiygFBVV95cUxQTkZjd1VfQUI3MmVUTVdjZFI4d2Z6dVA0WVZRb1BxRlhHclkzT2xDWVk3MEtzV2JyeGlhcTV4Y0NaSldPWmtTc2tjTFhkbjYyVDFMdjhURlZUc1JNYzFIUHY0a180eklfY2ZraWsySkxrN25TR1pmWmtUM2Y5UTRxSW9sb3hlbFdTWWdPN044S0p4SzlFcWR1cVVtcmtfdC1nblkwYVg3TkEyWnZ4cmFTNFQ2YjQzOFp6cFBrNnk0ZXVWRXMxSnNYeDh30gHPAUFVX3lxTE53MGtVcWNVY19MREgybWcwSVQwOUdCX1N2RkQ0UU5CcFBwbDJ3LU5vMndxWlc3ZTBwVWV4UlBJNEFXeVhmTjZHcGo5SXBsMzhiWjdydjFMZi05N2RCSHgxV0RuQ1otd3AzRDZRcnNOek1HcGxTODBidkhRb1FaalljLTlqZVNZQlNlM1JjZ1FzQTR2ampPeFlIMWZRLXlIbGJoSE43ZzZBNlE1UXRQUllYbGwxZk02dVB5V0tiRTFvVkZIY2Z4NWJwMFNpNW5vdw?oc=5,Google News RSS (10-Daily)
12 August 2026,HARIAN DISWAY,Media Massa / Pers,Tier 3 (Lokal/Independen),Cheng Yu Pilihan Kepala Seksi Community Center Unesa Afif Dwi Nugraha: Ri Jiu Yue Jiang - harian.disway.id,Akademik & Umum,Netral,https://news.google.com/rss/articles/CBMiwAFBVV95cUxNRDRoWHBIQU9hUlQ2MFBjZHBtVGxxNzUwVGd2OXllalhzSUpDWTliY3FuNGs3bG1IdlhpX1RiVFpCSWdPTUJCcUZHRjBRWTBvRGZZRzI0aDhIZFVrd3YzNkU3OURrQXVqaUh0cGJ2Q3JvSEQzMjVjS1BlZVZNeWhDanVzdW5GVmljcVNnTktTanNHeGdhYTd1S0drM183MjY1QWQzVW9ISVZ3aXhkTmd5eWtuV1NHRW5VbnExRmwyWUjSAb8BQVVfeXFMUG5DbFlPMWRybmF1RVhDS09ldHR2TkxkVEx1b0otc2F1MUswTVR5UXFHQTdOc2ZFaGtoMFlRbW54ckx2WkE1RVVPMzJ4YmJOU2c2MVMyWHJSTGJHOE1fbmRDRUZRV0t1UXEyNlNZd1JXS29HTC00dUpPNzNKQzZ1cHNzVFhDYzFJSlJlUU03OFZnTjB5RHg3ZllhVzhNWmx0Y0I5Zi14R1M5eFl1YThYZDZiUDJHbTRsdDRZMjlyVVU?oc=5,Google News RSS (10-Daily)
20 August 2026,Kompas.com,Media Massa / Pers,Tier 1 (Nasional),"Merasa Desil Tak Sesuai, Warga Karanganyar Bisa Lapor ke Dinsos Karanganyar atau Desa",Akademik & Umum,Netral,https://news.google.com/rss/articles/CBMixwFBVV95cUxPWlk3ei1GTnNiUy1kOUF0SmlMdnZkY00tMXAzb2daZEFzeXd5LTFWTE11amdZaG93OWUtYzJDMTc2bzF5dXdmS0NxZ09jZFFuX3RVYkpmS3FIRGFiVDJ5SmV5bC1aS3ZMNTh0OGVCeEZNTlFTUkVBZW93M19tbWtCOXYxNHRFRlRZZGFrdTc1UXI4a2FoUm9pNWViYll3bk40TW1JaTFzTmluUklaT3NfcGFnWDhpSDd5UTZXTUFKbEtNNEJIUTU4?oc=5,Google News RSS (10-Daily)
19 August 2026,jptam.org,Media Massa / Pers,Tier 3 (Lokal/Independen),Pengembangan Media Video Tutorial Menjahit Ritsleting Tersembunyi (Invisible Zipper) pada Fase E di SMK Negeri Rengel Tuban,Akademik & Umum,Netral,https://news.google.com/rss/articles/CBMid0FVX3lxTE9DUVJiM0N0RmdnVTZ2blZGSXlUUmpZR3F5ODY0REFyN1ZCeEZCTHA1d0FueXR3LU8zS2puRWZXbElFRTZEdjBfU0ZQWUlFOWdSV3JiN3BhbXVRTjBEU0taVDZyQ3V3YzFxZHdYNjBlbE1HM3p1a3hj?oc=5,Google News RSS (10-Daily)
19 August 2026,rizplakatjaya.com,Media Massa / Pers,Tier 3 (Lokal/Independen),Riz plakat - Plakat Asli Indonesia,Akademik & Umum,Netral,https://news.google.com/rss/articles/CBMiP0FVX3lxTFBaVmhBb2VxS3h0RjN1eWV1YTlLMF80aVlQaE5NdUVBRVUwU2lVRTBGalpRNVE1akdXRXp2eWhWQQ?oc=5,Google News RSS (10-Daily)
14 August 2026,Zypia,Media Massa / Pers,Tier 3 (Lokal/Independen),Daftar PTN & Profil Kampus 2027,Akademik & Umum,Netral,https://news.google.com/rss/articles/CBMiR0FVX3lxTE94bnZ3VHF5aTRSUERqMXdVVUpmZmtGQks4ODZ0RHZBRWtEQVFSUVVXMWNhRzdILWhHbHpHdkd0b2xNeDBZTkI4?oc=5,Google News RSS (10-Daily)
17 August 2026,kogartap3-tni.mil.id,Media Massa / Pers,Tier 3 (Lokal/Independen),KASKOGARTAP III/SURABAYA HADIRI UPACARA PERINGATAN HUT KE-81 PROKLAMASI KEMERDEKAAN REPUBLIK INDONESIA TAHUN 2026 DI GEDUNG NEGARA GRAHADI SURABAYA. – KOGARTAP III,Akademik & Umum,Netral,https://news.google.com/rss/articles/CBMilwJBVV95cUxQX1JnT19DckswLVRPdVpuQUp3VS14b2FFN1hWdkdOV0VBVE42SnN3U0Z3QVdxZk5IWVY2X1dWV1R4QmtIX2NRVVJnanZxZzh6YnJrMm1Ed1hMZlNtWWctbUpVWHY4WUNUV1V2MU5IcV9yZ0FXWjNXUnZXWm9ZcnBHUFhRcG1zbDlyU0l1RTBNZTBsOXE3ZXA1a3drdTRoSmczdFU5TkpkbEItZkhTdHBRSlhwMU9SZXR6MzVYNm5JTFk3OFFxdjVIM3JGd1JRYUs0UjVrM0VPNmdETHpfVWxDdUlGeGNTNmtleEprdnBSQ3JUZVVoVHpBUjRxQWVwamRIbElKbGJFRFFjMzVyVW1uVTVvd3ZyeFE?oc=5,Google News RSS (10-Daily)
17 August 2026,kogartap3-tni.mil.id,Media Massa / Pers,Tier 3 (Lokal/Independen),KASKOGARTAP III/SURABAYA HADIRI UPACARA PENURUNAN BENDERA SANG MERAH PUTIH PADA PERINGATAN HUT KE-81 PROKLAMASI KEMERDEKAAN REPUBLIK INDONESIA TAHUN 2026. – KOGARTAP III,Akademik & Umum,Netral,https://news.google.com/rss/articles/CBMinwJBVV95cUxOTTZCZGlvUy1YR1JSSWZkMEhRcjZYRjhKaThZXzBmbnBrS2FJRGNiVzJaSXhwREZSQVVNUnB0WmtNLU9XSXA3aEdaWEpBZWpxcWRVdTVyaUwxLUMtd1JYU1ZRb1UwZUFvQmExQ2oya1NSaWdLT0hRbmJUaGp0bENrbE9TMFc4ZGRGOHdZVm9BbExYVHhOZm5TN2xYZWVVY1UzLXFSbFJiak5hTldBWkxHdE8zYnprWUxZWUdNcHhHSUxSRGh4QzdGWl92aTZqaVIxb3VjSWdRN2ZFTE0xdm1Id3JyNTlOQ01QenFQU2l1SGR6TF9sWHdfQ0gwZElMRkhraFgtSVd2aU9CaTZQNHI1bXhSR3Y4VnBjTlhFMHE4WQ?oc=5,Google News RSS (10-Daily)
19 August 2026,Yayasan Pendidikan Dzurriyatul Quran,Media Massa / Pers,Tier 2 (Regional),Development Of Project-Based Sets-Oriented Student Activity Sheets To Improve Scientific Literacy On Green Chemistry,Akademik & Umum,Netral,https://news.google.com/rss/articles/CBMikgFBVV95cUxPU2ZKdENUalphbzBOYWFIOFFndy0zNEkyR0lwalljd241T1NpN0hsMDF6X1hBN0d5QnVjbkptOEc2U3hwQnBBRmFDRThudXdZQ3ZHUTJkSEdCMW91VVRYcE5kejhpbHdnbDhndEZHWVBCWm5XQTN0cDZqOWVnOWVRYXRhbzBFVWQxelVaS2VjTU9fdw?oc=5,Google News RSS (10-Daily)
12 August 2026,Superprof Indonesia,Media Massa / Pers,Tier 3 (Lokal/Independen),Nabiel - Guru matematika - 45000 Rp / jam,Akademik & Umum,Netral,https://news.google.com/rss/articles/CBMi0wFBVV95cUxNQVo4X2h5bnJCMjZzYTg2dFBHN2dwR0tQUWFDaUlkNG4zZDdvNzY2c1gzalJyTVFBa0VnNFM1c1paQkpwUHhIUGJCSVpZbENhdndiZXBTT3AyZjhTRHdxSldLV1hwaTVjVjVBSkJyQWxtOWVyc0x6dmlEZDhtR3FSejNJWlZFSWVKbDNTRVJ5V3JkaHFUX1pOeGpWNHBOVVRvSUdzdFNaUklCc0YzYnAxY0x1aWVQT0tXLXhyelBnY29lbUNWNmppc0xWRkdMbEpuM2o4?oc=5,Google News RSS (10-Daily)
13 August 2026,smakorpri-bekasi.sch.id,Media Massa / Pers,Tier 3 (Lokal/Independen),Lulusan PTN Tahun Pelajaran 2024-2025,Akademik & Umum,Netral,https://news.google.com/rss/articles/CBMinAFBVV95cUxNTkFBeDV5TVFlVUtiVlVPSWVIajFoMFlhSklpQmdNOEFGUUg1VW5DajBlVEI4b2dfV1pPdmdIeGRIM3B0NjhBUlYzVEY5Z01WU3ZRY2Z3WVBieTVfTnFEWXI4M3daNkZhSU5FOWxlb2I5clZ0bWJvUnhtY1kxemNFSGhaMDRHazg0SGVraHA3WFp0Nm1PS2t1WS1FWFA?oc=5,Google News RSS (10-Daily)
20 August 2026,Kompas.com,Media Massa / Pers,Tier 1 (Nasional),"Data untuk Penentuan Desil Ditambah, Pemda DIY Tak Bisa Berbuat Banyak",Akademik & Umum,Netral,https://news.google.com/rss/articles/CBMiwwFBVV95cUxPM1ppNkxQR1ZJVDRwczZyMWR0MDlnaFJfS2pXdzJXdXA4alVKdEo0VVZFQ0N4OG5nTTZKQlhXMzVpdTZ4b2h0NHlNejJJUDVXYTZ5ZEZCTDg5ajNXS2Z1ald6QlBaTjN0djFFVzMxZVF3Q3pzSThfUjhIekFheHhNcS02V1Jqb2NTei0tZHllak15dnJHaWVBMUhwOXNLUTd6Wm5mUjdDbXEyYWF1RzZIdWI4VFozTjRrUEFpQmRlTlhsVjg?oc=5,Google News RSS (10-Daily)
13 August 2026,smakorpri-bekasi.sch.id,Media Massa / Pers,Tier 3 (Lokal/Independen),Lulusan PTN Tahun Pelajaran 2021-2022,Akademik & Umum,Netral,https://news.google.com/rss/articles/CBMinAFBVV95cUxPeTl6Qnl5dDN1SXhySXI1SC11TFFCT251S2xfck1EUWE2WFZxbGJGZWRrTlc4bWR4QXFFaGoySkxneHZrTnZoTV94WEhsVFhLSzBycUlXdFFGMm1Va19XMnVieHg1bjdHR2dibHZWNDlCWjdfek9iSUxZaU5IWFdpaDVaelZSQTQtZXQtelYzUTV0NzYwUC10Yy10Qjk?oc=5,Google News RSS (10-Daily)
11 August 2026,detikcom,Media Massa / Pers,Tier 1 (Nasional),200 Seniman Muda Jatim Tampil di Istana Saat HUT ke-81 RI,Akademik & Umum,Netral,https://news.google.com/rss/articles/CBMirAFBVV95cUxOcGZZd1FLLUNnYTFaNnJqR2lWTmpkVmllUUxJNkxETFo3QXZWWGQ0RWZUN2pnQzlsckk2X0R5aC1CbkdSOTZjVzFWcUJxMkZqeVp2VUZPRWhwRFB6Ym1iYzRwTHNuRVIwdE1fRlcyRkhaNmU2RC0zeGE1cGR3aXNsTlVTVm1zczc5NEZPVDRHc3N1SWROX1FvU3FZcVN6S1liWFlYQ3JiQVFZeDhX0gGyAUFVX3lxTE5rcExxYXlZUV9IUWtieURSRG5aM2l4cmtQQUJtWGFsRWloMkNNdWhrTG5MN3FFSWNYWWpqUUQ5UG5WMmNObV9XQm1Vbm03am9LOHhjWHpEZGN1a1haM0d3WlZ0cFhQakkzT0JsUzgwd0kzX2ZnMGhNLW5HYzB5LVNpM0FVYlJIOXEyTEw0TnhjQW5QazhIS0tiTnhfNmQxaWg1bW5yMUExQzB2alFHRzY3ZUE?oc=5,Google News RSS (10-Daily)
14 August 2026,SMP NEGERI 7 SURABAYA,Media Massa / Pers,Tier 2 (Regional),Gebyar Kemerdekaan & Dies Natalis Warnai HUT RI ke-81 dan Ulang Tahun ke-74 SMP Negeri 7 Surabaya,Akademik & Umum,Netral,https://news.google.com/rss/articles/CBMizgFBVV95cUxNQW1QZEhsRjI0QzBuYmU3NkJleDY3ckg5bV9xN0h5M3E3bElCNHdRN3hid05PNDY0d09Xa3dQVEExZUNkdl9oazFlOTlhdEtSZ1FHZTdxbFpVVGZNNC1YVmxROVVCOVd2T1FINHBsU3NkNVI0UmJwTGd6WVF0bXpsSTRsVExTVndjWkVLMC1IeGJpTVlIaEpWTUZHM0tIcFlSMF93SWhpaHJUdG9jbWkxUlR2VzAxMnJMZXRKeEs3WjIwdlBXcWxfZXFpWXYxZw?oc=5,Google News RSS (10-Daily)
19 August 2026,kwartir daerah gerakan pramuka jawa timur,Media Massa / Pers,Tier 3 (Lokal/Independen),"Pacu Adrenalin dan Kreativitas Sains, Kak Arum Sabil Bersama Kadisdik dan Kakanwil Terjun Langsung Semangati Petualangan Air di Jamnas XII",Akademik & Umum,Netral,https://news.google.com/rss/articles/CBMi9gFBVV95cUxQZVBzX29XejhuSHEtNXpCQUFOLTZKQXJCRjAzYnNGUFp2Vy1Pc0IxclFhMzN3Tms1RVNHekF0Q2hQVDd2VVROTm1NMUducHdieXZZSlhjdU8ycVNfSVZmUUszLVNCZ0pHdHpQSTdnRlhFbHR6ajdNUG9mX3NPR2tzUnV3enNac2ZTUV9PQ2JMVFU5LXRTSUZQUjlLX1BoNGx4d2J1YzlaVTh5QVhuU0JPRVJwMkNQUG9WU2lYMzF2WENZdUtHWWd0cF9NUXBTZEhzYjV4ckpoUkwtcWhEVUFjLTRRWkZKRnVsWmxObDhiN3R5YW5GOVE?oc=5,Google News RSS (10-Daily)
13 August 2026,tabloidmatahati.com,Media Massa / Pers,Tier 3 (Lokal/Independen),"Wujudkan Real Edu-Wisata Sumberingin, Tim PPM Polinema Hadirkan Papan Informasi Multimedia PLTMH",Akademik & Umum,Netral,https://news.google.com/rss/articles/CBMiwgFBVV95cUxNVUtmWFdvcnpyakZHc1FlTnhvYW5sVDlsb0NHaVNMa3JlbkZkbFlOUzAxNEtOLU9sN19BaENqWjI0NWVKYzdpUnU4WWZRb3BENEtFaHRmVmdBWmUwWUZValUzOE5TR215d2h1bURxQXBtVWdUa0wySjBTYnhycEwzVDBIWVZqbGF6MW9IalY4Y1c4OEZqa0lSNDhiRVNSY2dmZENqZjhhVFVJQjJlRHBfUHI3WlZsakduU0M5TF9LeG9hQQ?oc=5,Google News RSS (10-Daily)
19 August 2026,sdplusdu.sch.id,Media Massa / Pers,Tier 3 (Lokal/Independen),"Berkarakter, berprestasi, dan berwawasan global",Akademik & Umum,Netral,https://news.google.com/rss/articles/CBMiSkFVX3lxTFA1T0thUm83bjE5VHJOS2ZoY1V3TnlhcEQ2OW5kLXBfR1lCNkNyTGhNcDdESTl3OGNSbHpxTkN4N2diT0prWWxIVFJR?oc=5,Google News RSS (10-Daily)
17 August 2026,konijawatimur.co,Media Massa / Pers,Tier 3 (Lokal/Independen),Kejurnas Tarung Derajat BHS Cup III Digelar 28-30 Agustus 2026,Akademik & Umum,Netral,https://news.google.com/rss/articles/CBMioAFBVV95cUxNVXJWSW14WG4yQWEtNTJ6QkQyNGZHbFRHaURZOFhrWE41NHJrU1Fvd1d5SEQ2MmtzeERiX1hvT28wV2xWbF83RENuNTR3emIzdGRDdDFtbkVCRTIzNlBSdmcycVZHbUlPYVFlNVIzYWRJOE1QRENmMWNvOE02cnk1WGwyRUE4UjhYT1hRMlp5ZHBoUFBHY2F5SFdDS0k5dVdr?oc=5,Google News RSS (10-Daily)
14 August 2026,tabloidmatahati.com,Media Massa / Pers,Tier 3 (Lokal/Independen),"Tim 31 KKN MAs Pujon Lor, Ubah Limbah Sapi Jadi Briket-Launching Bank Sampah",Kemahasiswaan,Netral,https://news.google.com/rss/articles/CBMipwFBVV95cUxNSm5QS1A2VXR5eDBONEs4RjlOamd5cDctd0l4Y0ZGeU03LTY3MkhIbUhFZng5UDNZVkh2ek02ajRBT0Jrb3BOdXlCNDlIb1F2OWZneEktTG9ITHhEdVp1cEp5TnpjZFV6clFmUUJFbk5KS0hlTklpa1ZxeTN4UXRFWEtoanlVeDRpYklPVnR2bXMyT1RtRGI5QVdYdzRWU1I5TFlucUZ4OA?oc=5,Google News RSS (10-Daily)
20 August 2026,jatim.antaranews.com,Media Massa / Pers,Tier 1 (Nasional),Pemkab Gresik salurkan BLT DBHCHT dan beras untuk 10.195 warga,Akademik & Umum,Netral,https://news.google.com/rss/articles/CBMiqAFBVV95cUxQQ3Q4b3Z5ZEN2eERyb0Z3Zk1yNXFwWGNacXpkV3lOUWJ4WFNjeVloeE8yRk5XLUVuNlhTa0xMSlNXdEJHMTZ0cmhBbWNFeDlOc0ZzSV84SXV1UmxDdndCcUNaS2wxc0RQYm5KUjNyNDZWQVZnU1FhRnBKTWZjOGxRWThfTDZYNjBvOUczUGJhQnFPVVBFZ0V4MjN3Z1U3TlJsenF4UDNoRlTSAa4BQVVfeXFMTzJPT1NtNlRzbG1mb0hQQjdNOVpLU1N2dnlnQk5rN0lpOTZNZ1FJa1ByS3BJX2EtYVNGeVZTZk1Vakc5Q3FfWFljRG5Mb2xRVXlhZEV3ckVkX3F2dmt2TUQwMXhkWTJBdFEzaWl4QXVkQnM5eDd2c1BlRlBxZWNiOVppcnJzdFFaSTdVQlo4Sy1QUFF1Sy15M3Zfbl96WXhZek1wMGlkemZzaWlyZVRn?oc=5,Google News RSS (10-Daily)
17 August 2026,pilarbaja.com,Media Massa / Pers,Tier 3 (Lokal/Independen),Compare,Akademik & Umum,Netral,https://news.google.com/rss/articles/CBMiREFVX3lxTE1hU1RtUkdLUVl1ajN6NktPUHlZbkRkaGM0YnEtOGJKMDd4YjdGWnpRZWhXeTVEbG9UUEdJNWRHTHc1bllN?oc=5,Google News RSS (10-Daily)
16 August 2026,koloni.or.id,Media Massa / Pers,Tier 3 (Lokal/Independen),Perancangan UI/UX Media Pembelajaran Interaktif Pengenalan Bentuk dan Warna Menggunakan Design Thinking pada TK,Akademik & Umum,Netral,https://news.google.com/rss/articles/CBMiZkFVX3lxTE9mOEw0ZlVIaTdsT2x3a0hNclFPYTFNZm9pS2hVMHVTZU9yb01xQlNYX2dscUNkT3MxVFRYVlhTU3F6bFF4MktLS09jRF9CekVoXzNldHJPcDloeG1zbWZaNEk4SFZRUQ?oc=5,Google News RSS (10-Daily)
17 August 2026,Institut Kesehatan dan Bisnis Surabaya,Portal Kampus / Akademik,Tier Kampus Mitra,hubungan pola makan dengan status gizi mahasiswa yang berkerja paruh waktu di universitas 17 a,Kemahasiswaan,Netral,https://news.google.com/rss/articles/CBMigAFBVV95cUxOLTFTWWdzOUxfZzJ1dkVCckJoNmZkdGQtd3hOY2UxYjRBZHhWYTdLeXktdXhoYkIxLWxIWHBXWW1UNGFnTFVhb2NmYi1WdllmRDJMTXlMME5kVkRkRWlwRHdRS3lHUl9ENG1OcFhOTDFZa2JRclg3bmVsNGw3MkJmOA?oc=5,Google News RSS (10-Daily)
17 August 2026,Yayasan Pendidikan Dzurriyatul Quran,Media Massa / Pers,Tier 2 (Regional),Partisipasi Politik Masyarakat Dan Kualitas Demokrasi Pemilu 2024 Di Kabupaten Takalar,Pengabdian Masyarakat,Positif,https://news.google.com/rss/articles/CBMikwFBVV95cUxNWlNPYU50S1QxQ05Kb3FwbkFVbHVGNTBVVmNaOUZlRFliNTRTdGptazVoQkRDTHIydGpmWDJib3FmZVZTM3c3ZXYxNjZTRjhReE1ha2p2c2lwVm9SZGxTOW9OcFROTmFEYnY3U215S0stMkd6emRKN1dfNjR6QnpwUUFKNjBjX1JId1ZkV3Vnck9Fd0k?oc=5,Google News RSS (10-Daily)
14 August 2026,Fakultas Ekonomi dan Bisnis Unram,Media Massa / Pers,Tier 3 (Lokal/Independen),FEB Unram Holds Workshop on Learning Management System and Teaching Assignments for the 2026/2027 Academic Year,Akademik & Umum,Netral,https://news.google.com/rss/articles/CBMi2wFBVV95cUxOVmEzZm95Qm8wMi0wTjNUU3VsNkhOZUFwaHl6QmI4MjlBZGhlRzRVRVJCT0lacGtZMkV1Vl9saDJaTnFYYU1weFVqaUN6T204cHNweDNpMkhWMzdnOG02eHJhckJjai1qSGpSUnlDSnN5WGpITHM1YXhyMFlPVUVteXI4V1BiMENrU1EzM1c4V0ZpZVdHWFUwTjNVQmQ4eUkxeWVoZTFQS2FFS283SU52bWxCQWJ2ckpiRnNpcmpuZ3dGbjVaa1A3dXRWUkRjakswVXZIZ0VFUlZCVW8?oc=5,Google News RSS (10-Daily)
18 September 2026,HARIAN DISWAY,Media Massa / Pers,Tier 3 (Lokal/Independen),"Unesa Training Ground Sports Festival 2026 Dibuka, 145 Peserta Pushbike dan 180 Peserta Aerobic Bersaing - harian.disway.id",Akademik & Umum,Netral,https://news.google.com/rss/articles/CBMi1gFBVV95cUxQOFl2RzBWc0ZLb0FrVVROX01wU3gxbHZNM0lNRlhYQ3BMVi05UWhReWMwN3NIRDQ3M1BoU0dhNkhmNXFrRXBJTGRTbjhOYzdTNlhZbWk3cUU5bUtJMVRtVnN2WmRIanBaTElYSHV3OWFSM3BVMXZEOWttVlZRbTNhSmJmaGVXYkdMdUZNTmZySkI2bTYzUDV3amNQc1BRLVVyTlk0R2R3S3hHLUNxVWxXcjN2MGNiOUh0Z0FreUlKcU5UZGtYOTJ4aERaZ1d3VmtvcFFoODh30gHWAUFVX3lxTFA4WXZHMFZzRktvQWtVVE5fTXBTeDFsdk0zSU1GWFhDcExWLTlRaFF5YzA3c0hENDczUGhTR2E2SGY1cWtFcElMZFNuOE5jN1M2WFltaTdxRTltS0kxVG1Wc3ZaZEhqcFpMSVhIdXc5YVIzcFUxdkQ5a21WVlFtM2FKYmZoZVdiR0x1Rk1OZnJKQjZtNjNQNXdqY1BzUFEtVXJOWTRHZHdLeEctQ3FVbFdyM3YwY2I5SHRnQWt5SUpxTlRka1g5MnhoRFpnV3dWa29wUWg4OHc?oc=5,Google News RSS (10-Daily)
14 September 2026,Kompasiana.com,Media Massa / Pers,Tier 1 (Nasional),Profil MUHAMMAD IDVAN,Akademik & Umum,Netral,https://news.google.com/rss/articles/CBMiZkFVX3lxTFBhS1pBeXdoUmZyRXlHRzVIZmJlWUFqbWFhaXBRTUVRZ3BtNzBYajByUTJYNDB0UUhrbHZRcXNCV0QzZXpNLVVNTWl1YWhkY09xS0I4dGViSkZ1Z1k0enRNQ05RV2FCUQ?oc=5,Google News RSS (10-Daily)
08 September 2026,Surya.co.id,Media Massa / Pers,Tier 3 (Lokal/Independen),Unesa Kembangkan GASPOL Membaca untuk Penguatan Literasi Indonesia,Akademik & Umum,Netral,https://news.google.com/rss/articles/CBMiywFBVV95cUxQWF9BN2RXVmJrcDYzRjlYNE9fUmliejhId0QzeUdXLXlqVUxvbzJsZmljQWhXTG44aFpfWnhxNXdFYmZDNElDcndaaUp5Xy15N2YweDduakZqTURFb08xLVR1N0hrVUFTN2M5WlhjdkR5TnBDS2w0bkZ1cWhxMDNkd29tc25Dc0ZpX1ZwLWNUSnZsaDY3R2hfSUVkd0hiMzd0bEVzOERORnhKVU1JcHRfY3dzNmJyMXdHai03MF9CRE9ZbzlRb0FGWFItQQ?oc=5,Google News RSS (10-Daily)
17 September 2026,republika.co.id,Media Massa / Pers,Tier 1 (Nasional),Acer Edu Tech 2026 Dorong Transformasi Sekolah melalui Implementasi Coding dan AI,Akademik & Umum,Netral,https://news.google.com/rss/articles/CBMixgFBVV95cUxQMko4NHhxZmpYdnhHaXRwT3hQTmVsRUlnb05YYVFQSW9qMGhXQnVyQVhOSjJzeGFMU21uVzNfRXVIQ1htbFFEaDdZTUlGM2pKWTdQRVd0ZzVJNnk5UjNFaE5JcUl4di1PeFgzS0lrLXBKb3F3RnplSDQ1dDVFdnZCRkF4Mm9RXzA2eVd4OWxZU3BPR3J3UVVTaWl3Q2s3aEdhMjUya0JOdW5JLTQxT01yVEk0X1lKVHlyM1Z3cEp5Y0lpeFQyaXc?oc=5,Google News RSS (10-Daily)
15 September 2026,medcom.id,Media Massa / Pers,Tier 3 (Lokal/Independen),"Daftar PTN Paling Diminati SNBP 2026, Referensi Tepat untuk SNBP 2027!",Akademik & Admisi,Netral,https://news.google.com/rss/articles/CBMixAFBVV95cUxObG5PbkNZclF0Z0xlT1VqazdGdEpTX0RxcG9NNVNKSUxqRkNuUkhBMU0wRnkzdl9QLUFVNWI5NFpzeGtmempBTjloTlVxN3duRE5oMXppSE81Q0tBR3k3bWpkaXJxTklweXh3VVlkT1k4LWlmWnNidXRtRzJJTWNSU1RrZHZKSnRvS295aWF6elFtdHc2OUpIZ2lBZUJhYmZYOTBmN19hNFdRMXM1eFJETnpjbGo0YzNOMm9hcVR0RV9LUHUx?oc=5,Google News RSS (10-Daily)
16 September 2026,CIMB Niaga,Media Massa / Pers,Tier 3 (Lokal/Independen),HASIL SELEKSI KANDIDAT LOLOS TAHAP APTITUDE TEST CIMB NIAGA 2026,Akademik & Admisi,Positif,https://news.google.com/rss/articles/CBMizwFBVV95cUxPTGxTRVUwX1pqejdfYVJuMTVnTmRDeFpxai16QVZrYlhNbFhBOTl3VWlQN2xnYUVFUzI0SW5TRVZDUlNsenN1VUVCMWRLaVpUOGNDRi02bFh3MThiWm1yNEVfMGhrblU4dlZ4ZldDd0dQSkZhZFZlWkc0b05QcWFsWGROVW1XQThIMmhfMWJOUlZsRTBVY1Z3YUh2bjVfaXFfbnJ1RzhXOFhjN2lDNUozcEpQbkRVcTBmMWZDN0hNSTZGVkZEUUZXb2RnaDFRRUk?oc=5,Google News RSS (10-Daily)
28 August 2026,tp.ac.id,Portal Kampus / Akademik,Tier Kampus Mitra,Day 1 Perkuliahan TP Unesa: Suasana Kelas Hybrid dan Kesan Perdana Mahasiswa Baru,Kemahasiswaan,Netral,https://news.google.com/rss/articles/CBMiUkFVX3lxTFByWjRrdUR1dUs2cHdtUnh1OFRDTXNISkRnOFJSUDI5WmRPUFhiazVHYzFnOVFQQUVmbjZoUHBFc21ZeTVaOHNwNzhaUE1KaXU4aFE?oc=5,Google News RSS (10-Daily)
31 August 2026,kumparan.com,Media Massa / Pers,Tier 1 (Nasional),"Komisi III Bahas RUU Perampasan Aset, Pakar Unesa Soroti Aset Tanpa Harga Pasar - kumparan.com",Pikiran Pakar,Netral,https://news.google.com/rss/articles/CBMiwgFBVV95cUxQYlh4ZG5FTFFOSVRZdkFJTU5qNjBfU1ZNMHJ6cHlyU05jNUhhenFZOTVzcGd1UE1MVVBvZnZxRHZ1N0hTWHk1RHYtNTM1UWFUa3BQdUROY3NrbjFBZ3h0VUtZbWdTV2c0RGVMNjFLbnJqcE9WTDFUWG5UMWc1OWJRNG4xVXBsLUdlcThvRVFIcFdMNDA5dVBWSVBHa3AyZWp6ZXAxd2h1MTNQUzZ4Y2l6WFBGVEVRemtCMEx5OGtDcnRzQdIBygFBVV95cUxPemxQaGlRSFVFZFViNDNPRTNINVgxVjhYTFFPSGF2c2p5c0ZoazlvUDdmTWJkMlJEc1N5c2Q3Z0RMVWlEcUhSQ29hSTZmVnVZalprT0RLb3lMMlBGdUlXdC1ULUhvczAxVjctaGNBUFJzUjJULVJsUEp1bmhFd1BvbS1Ub1RCLVA3bnAwaGZXdnFvbzl0RUV2Q0M2SlR0NElBZGI3X0ViSGliTWU3endjTDVRR2dzeDlMNkJNRFM4aGkzWkhWNzRCSkR3?oc=5,Google News RSS (10-Daily)
23 August 2026,Grab,Media Massa / Pers,Tier 3 (Lokal/Independen),BINGXUE - Ketintang Unesa,Akademik & Umum,Netral,https://news.google.com/rss/articles/CBMijAFBVV95cUxNVWk5RXBJbUlES2VNWWh3TDVjUzBrU01ZbHRqbml6WGxNRHh4RnBLamFsMWNTVVVWbHFYdkZubWJtM0xCdU9CbmU4a0JkWlI1dk1GOEIzaE1nWHNtMjFzaF9DMkl1UnF0bnR4eUw1QW9ydy0tZjFJU3hkNXpnRGprQ0NtMG9wcHRMa0g0RQ?oc=5,Google News RSS (10-Daily)
26 August 2026,"Kementerian Pendidikan Tinggi, Sains, dan Teknologi",Media Massa / Pers,Tier 3 (Lokal/Independen),"Dari Jagung Murah Jadi Camilan Bernilai, Polije dan Unesa Dampingi Petani Jombang",Akademik & Umum,Netral,https://news.google.com/rss/articles/CBMiwAFBVV95cUxNY2FDOEpKY0l6SjdGRU54dUc4U1FLX1kyMFM4VDNscDllRDBsOHlraC1GMzVNbEZHSFpsZS1YRDYzMVBCRjFRVDA1ZmVMN2NCdFZFYXQ2SjVKQmstblFBaFpUNVFtaFNvTGY2RU5qNlJwNkVWQ0lHNW1BQ1RmMDBMcVBLVHNndEZOeU9fMTg5eHlRVDJfRDk2bzVuUXNmblVJdXFCZktXbF9mb2s2cnpfQlBiUm45cTlDWDBzQjJrN3g?oc=5,Google News RSS (10-Daily)
30 August 2026,detikcom,Media Massa / Pers,Tier 1 (Nasional),Berita dan Informasi Unesa surabaya Terkini dan Terbaru Hari ini,Akademik & Umum,Netral,https://news.google.com/rss/articles/CBMiUkFVX3lxTE1obGx6S29fZnp3alZkb1pfVXkyY2hzVmNNZU1SOGE1RXFVQ1ZMTWY0dS1tU2JONjVJQVpsdEZjZ0dWRkFNWlVtWTdOeWxjOGEyMkE?oc=5,Google News RSS (10-Daily)
12 June 2026,MAN 1 Mojokerto,Media Massa / Pers,Tier 3 (Lokal/Independen),Mahasiswa PLP Biologi UNESA 2026 Ciptakan Poster Interaktif Digital untuk Memudahkan Pembelajaran Siklus Biogeokimia di MAN 1 Mojokerto - MAN 1 MOJOKERTO,Riset & Inovasi,Positif,https://news.google.com/rss/articles/CBMi-wFBVV95cUxNNFJua3ZjeHg5RmhCZndZR3VteUdxWXNnZVZSNE04U1B0VDV2eWR1WUZMSGo4bEpudTRGa004LUl3UUJtYjZuMGN5V0lGTDhic1NLMUJ5cHhXRms5YUljMGZWaUFyaEJwNmx0SVFtMlMwbTE5TmpESEFaWFQyaFlDZDFEeFp4QUVvQ0lJbGEzQmRWRi1SSTlJaW10dWpIQmdJUjNZUUZlN3g1ckxSQWI5WVpQa1hpTDFsY0dWZmV3VGIybnk2Um40WDlPMkdRbU5yeXlzV2lKa0VfTER3b01IRXU2UEExbkpCYjNfM2NUWmpyQVRHc2kwNzNVUQ?oc=5,Google News RSS (10-Daily)
22 August 2026,PWMU.CO,Media Massa / Pers,Tier 3 (Lokal/Independen),"Kolaborasi PKM Unesa-Mamda, Dorong Siswa Jadi Pelopor Literasi Digital dan Pancasila",Akademik & Umum,Netral,https://news.google.com/rss/articles/CBMiogFBVV95cUxOZEI5a2FnNjF6YnBxZFIxNThTQkpyMGVwSkxOR3I1VG1lSHVYWWJrYkxvY0x4RlQ5MV9zVzhxUklfdU5tWlp2bEU1SzFKTlY5ZndETWF5THNQQzJ4c1I1V0wtMkItSVFYUFFwY2h1WmVpQ3BlRk9oSDZwc2U5TFZ3WnlnZmVSX2k5NkZWd0w5VjVjZ2xfUmtoMjVMaTBsY3M2QkE?oc=5,Google News RSS (10-Daily)
22 August 2026,jatimnesia.com,Media Massa / Pers,Tier 2 (Regional),Penutupan PKKMB UNESA 5 Magetan Tampilkan Beragam Bakat Maba.,Kemahasiswaan,Netral,https://news.google.com/rss/articles/CBMijAFBVV95cUxNVGI4amdRODg4WFpJaVVqczJBanphTXF1ekhWQ1JNY3VVajZwejNyMXBtMUpULUZfdWJpclV4WDRHSjhwd0QwNUlwd0ZQbFNFb3drUXAtYVdweE5NamtJZlRhckd6Mmx3cjFpMlMtRE5pM0VLQkNzdkdPT2tNdmFzUEl6bWJ4dTU1VzhZMA?oc=5,Google News RSS (10-Daily)
22 August 2026,jatimnesia.com,Media Massa / Pers,Tier 2 (Regional),Maba Disabilitas UNESA Kampus 5 Magetan Mendapatkan Pendampingan Selama PKKMB.,Kemahasiswaan,Netral,https://news.google.com/rss/articles/CBMiowFBVV95cUxNRFdDR2JNdkdXWU9VbWNwUG1TSXBjR3NvMGhGeVJFWXhzSlhVUFZmZ1hLcnBkdGQwNHlnU0dMOVI2cWVtOXhCTHd1Q1ZVOUM4ckxrcnZNRFYzYVJfWDhRS0VkTlE4NnVwNGpuckR2YjNlbnpPTDdCWGtwamxZLWpkUm0yTEluR2ZoYkx2TlBkSlBiNlpWRTZoUFJwYmhPdTBwVE5v?oc=5,Google News RSS (10-Daily)
27 August 2026,TIMES Indonesia,Media Massa / Pers,Tier 3 (Lokal/Independen),"Perkuat Pendidikan Bermutu di Daerah 3T, Unesa Terjunkan Tenaga Pendamping SNT",Akademik & Umum,Netral,https://news.google.com/rss/articles/CBMiwgFBVV95cUxPb3FQeDlITXFCdXJhdFRsbmtieXZsRkRJdGlHWVdpakhrTWdnZlRrd1k3OVlBdnJGSExRTmROV1BpLUtpcjZKbkd1bGN5aTlTa1NXX0pPc25EdXhDZGphMEcxTWVYSVZ0aWFlS1lXd3VmQzRfU2VEN1oxaFdPbmwyOXp3NUh6ZFl4S1ZSeE5taUNYczVJdkNaVHlCY20zbWYtNkxiT3ZpdTB3S2E2b0NET1NSZGhaVHlzVTZiemd5RTFQQQ?oc=5,Google News RSS (10-Daily)
21 August 2026,Protix.id,Media Massa / Pers,Tier 3 (Lokal/Independen),INTERNATIONAL CULTURAL FESTIVAL 2026,Akademik & Umum,Netral,https://news.google.com/rss/articles/CBMiP0FVX3lxTE5icEc4cFBZOFl1Rm1ZNHl6a21rdG9CMWhXSTVOMGctQTFsX1hrNU5YVC1mTVM0N2NzLUFFMUJrdw?oc=5,Google News RSS (10-Daily)
30 August 2026,iNews.ID,Media Massa / Pers,Tier 1 (Nasional),"Unesa FC Tembus 16 Besar Piala Soeratin U-17, Persebo Bondowoso Dipaksa Menyerah 1-0",Akademik & Umum,Netral,https://news.google.com/rss/articles/CBMivgFBVV95cUxPUjBHZjlVNkVua0xqWl9UUmRfSzlOWlJYbm94eFYweEhUeTlMSTNfUDNaVVdQT25BUkxxdThDdEJyVU5SVFhRWjQ2SG0zZmNsQzlNVUEycHU2MXFGcmZOdVNsWHU0c0M0X09mTU1YaVN6MTVhUHlCSmFoVzBaTUhDYlE0Tll1Tk52WlM5dnVGczlXYmp4Z0piNk9teUlvTy14a3V4YUo5cTBWcGlrcDY2NlBpZDlNd3YtbVZQbkVR0gG8AUFVX3lxTE53QnEwdV9aZkdxT2NIbHZrbGJTSzdlV3RvbVJGV2NENF9aNk5FRHdBNmVXVklfencxYkhtT3pUM0h5eld4RERsSDZGbGo0enNqZWdtSDNJWGNVbzZQczJPbkJ5QmphODJoVzRxaVlKUG1OcV8yaEF3R2dIY3A3VFVhdEdUamxPUC1RZWV2NkcyOTZBbzdHT3N1SkFBS3kwWFpVaGRPYWxHdE9FdHZYRHd2UUdpUVBMdzgyN2hD?oc=5,Google News RSS (10-Daily)
30 August 2026,newstimes.id,Media Massa / Pers,Tier 3 (Lokal/Independen),Unesa Medic Run 2026 Dorong Gaya Hidup Sehat melalui Semangat Olahraga Bersama,Akademik & Umum,Netral,https://news.google.com/rss/articles/CBMipwFBVV95cUxQc0Y0S1ZUclhkbU1KNUlMSU9hc054a2ZaZUY0NFBJbmJ5ZE5kSFlJSU0wWXcxbjlvQjRWREwtbTVDUHVCbFhoaE04Z0x6SW9BV0NVTDRwSUxZUmZHTnVJdW5qM19abE1WSF9weEYyV1ZNbnFBVmFpZzkxVDhzTzk3bjJnRi1PQW5rMXQ1TWwwLTM4RTQ2TGhoSzA2QVRIWm1nakdjanU2NA?oc=5,Google News RSS (10-Daily)
29 August 2026,RCTI+,Media Massa / Pers,Tier 3 (Lokal/Independen),PN Jaksel Jadwalkan Praperadilan Eks Waka BGN Lodewyk Pusung pada 4 September,Akademik & Umum,Netral,https://news.google.com/rss/articles/CBMizAFBVV95cUxNU09mT05TTmMtdENiTS0teWg4WWFpbVBzU3ZfVDFkNUxfZWwtX3I2NXFKdmQ1dllLdzc4djZFVkZPM0F4RTJoTE9HVmdGRXMzdmtRTE1BM09QSkNaSmt6RmN2aFl3cmlpdEp4SEZvVThxekRfdGVHQWZHWFlPTmJEQW5IYTdTenMwUl80SlA2WDJRcTQ0V19ZaHFZYUMxeUI3aU55ZUdHZUl6RmdDdlVKeFRZb1E4emItd0ZXNXludHF5UmRNTGN2V1J4NHA?oc=5,Google News RSS (10-Daily)
29 August 2026,Kompasiana.com,Media Massa / Pers,Tier 1 (Nasional),"Unesa Gandeng Dispendik Batu, Edukasi Pelatih Olahraga lewat Fitness Ball",Kemahasiswaan,Netral,https://news.google.com/rss/articles/CBMi2gFBVV95cUxOc280QmhUOWNXTHgzYWo4MFFFLWZNcXUyaVBEUEhkZjZuTTQ0RHRUQzdOTUlfTVFpamFVbDdaU3IzeXpmOWxvY1NYdUZ3eUZMMU9oZzN2aW5HTDhSam1IM2U0M1RDMkZnOWMtbXphR0RISmF6MHNSSlFJeGFCRTMtd2NkN3F4cmwwWWFSQWw3bDB4RXBsZHBCb3p0Y1lXd0N3WGVpX0NpWDZaZnBoQ1NLdnBSbTUyUjBwajdyMmp1YnNTdVNad2ZVOHF0WVJpRnBpZnpvdHgtRmRCQQ?oc=5,Google News RSS (10-Daily)
24 August 2026,GoodStats,Media Massa / Pers,Tier 3 (Lokal/Independen),5 PTN-BH dengan UKT Kedokteran Mandiri Reguler Tertinggi di Indonesia,Akademik & Umum,Netral,https://news.google.com/rss/articles/CBMisAFBVV95cUxNcmswalFmRGFUajZhSlJJcFRJMTZ4T05JUTMyQ2EwY0hOakdKaDdnRk84YWR3REJUVFpEQ25CYTk4WGVma1VlYnYtTERiNU9jUHNUWm00Q0hQajdOTDAyN1h3N2ROT0NFZzlibHItRnp0R2lJWHhLMDNacnk3NDV2Wi1CV0N6eFVqd3gyUHpaekU1OWI4RGpIWUs5MUJNS3p0ZVc4RFVNLUg1aG9VM3Nvag?oc=5,Google News RSS (10-Daily)
27 August 2026,"Kementerian Pendidikan Tinggi, Sains, dan Teknologi",Media Massa / Pers,Tier 3 (Lokal/Independen),Mahasiswa Informatika Universitas Mulawarman Raih Apresiasi NASA Berkat Temuan Kerentanan Siber,Prestasi & Penghargaan,Positif,https://news.google.com/rss/articles/CBMi4gFBVV95cUxNZFR0eDdxRC1oVmxsWTlqaGpoWTFkNUVkOEtfWXBfSWFtZG9xMjItdE10RWNmaDI4TF9CeVB0MnZ3c0JrRDA5Q0RNTlcydU1Md29YSV9kQkg1clAwS1dHQ05oV2IyYk41VVN5djRxNXpPM0VTZkdiR0hMckNzd2dQUndxMjdLMW1LZHNWTkZMeXF3NEliYUFrVjIwcUstaGRCT1VnWkE4VkJ4YkNXTzE2TFhLQUV4Vi05N0hQZVZiU0ctTUlJOGwxWFVIUFFiRm9td19KbU9teGppd2VmdUNBS0Rn?oc=5,Google News RSS (10-Daily)
28 August 2026,SuaraGarut.ID,Media Massa / Pers,Tier 3 (Lokal/Independen),Unesa dan FIBA Indonesia Sosialisasi Fungsi Sosial Olahraga,Akademik & Umum,Netral,https://news.google.com/rss/articles/CBMicEFVX3lxTE1IMU1VZEg4eXg0S2gtc283MnBXdXR6bnpyVnZSNk5XMEVta3A0SE5sUWplLWtyb2F0bTh4cmh4ci1nR0NKajlpbGFxVGR1UEVIMExCQXFEdmRLeEhyRTZhUmhHMHZOekFWRFZneFAweEw?oc=5,Google News RSS (10-Daily)
30 August 2026,Suara Surabaya,Media Massa / Pers,Tier 2 (Regional),FK Unesa Perkuat Budaya Hidup Sehat Melalui Olahraga Lari,Akademik & Umum,Netral,https://news.google.com/rss/articles/CBMipAFBVV95cUxOWURKQVRqaE9uY1JkQUpnVkhrYTF1ai11MWFaOGxDUGFodVBGVlAwaWI4NG42ZU04alQ3Vk9PTVY1OGtmOGtDYjlnQnpWajBTVlg5ZXNoMmRmdk1ON29rS1JrRFVLalZIXzYxZHRBd0UwczJEQzlKbXJQUzZNMktpS1JLN2pSUXB5aXEtNldFQVl3anNCUzRwNnJRMjFTc1FuMVVqdtIBqgFBVV95cUxQMVNtNkIwT0E5YUtLY3NxM3pveklJT2RhTGR1R3VxOGdrNlFHaGZFLUpPdkZXSk9aUjgtb2UwT21ZRDF0cVZYUFR6ZnZBTFlFUjB2QndGU09PQXdIZk1rOW9HTmp3N2MxcVNFMFVoRFpmSXdGWVNZSVBpRHdtODY4Qmd2MEJsY0x5cktjM3dlS2ZMQTVhWUxUNm1vQVZVZmx1ZTRRUDhMNTd0QQ?oc=5,Google News RSS (10-Daily)
22 August 2026,detikcom,Media Massa / Pers,Tier 1 (Nasional),"Menurut Dosen Unesa, Ini Olahraga yang Paling Ampuh Kurangi Stres",Akademik & Umum,Netral,https://news.google.com/rss/articles/CBMisAFBVV95cUxQWmQ0dTkyQlpvWUVJUDA1OTN4MGFidjBiQVRueHlfVDlUM3ZUYUlSTXVpTklIUHZSQldTN25ONHlaVWdfTkNOVzR0N083M0JEM0R3UHlad3Z6cWtZZUZ0OE5NX3plamFZZnpnd3E3Y05uMmlwaDVUaHNLQ0ZhWXh6NXRXcWdMSW13MExRWkNaSGZjXzBPOWZiUElhbS1lbkR1V25zci0ya25HNmFuR01iedIBtgFBVV95cUxObTFPTlVCSVB0OFoxSDlOTlYyRU05em56M2pWUzBvQ0dJRUk0dnNZeXRtYUZDTGpYVFhGU09nVDhIeUxCUURMNjc3V3E1RHpwSGM2LUl2OUlIN19sR19UQklmMm1PU0kwN3RHWjh0S2J4RllxYUZkbkZLeEU4VkNzUHVPYV8xUWtHa291M1k1dDZMY3hpeHVyaGJWbXZQcTFUblA0WXgtOE9QRDM5cDdTX0JGbU43Zw?oc=5,Google News RSS (10-Daily)
27 August 2026,Kompasiana.com,Media Massa / Pers,Tier 1 (Nasional),DMF IS UM Sukses Gelar Visitasi 2026 ke DPM Fakultas Psikologi UNESA,Akademik & Umum,Positif,https://news.google.com/rss/articles/CBMizAFBVV95cUxQa0VHV3ljWWtWMVlOWWFxUDZHTi01YXhQeW5XeVFBLXRmS0JSc2ozTFFYeE1xNlNlYnlKWk50QkZsa0ItaDFxOW5KdEl6dlBqbE1FbkxlYV9ZM05fMFpMSDFobW1hSVhoNzMyRlFEbHI5cFptSkVsc3FEbEJRRUNySzRxSVNzM21VRzFsbjFEQnQ4cHFFVFY1Um1EeGZaTVhpM3lSajNZaW1sTE1HYVRXY0pIREEzVTloT3hxLUg3a1RybVdHeURzM1A4eUU?oc=5,Google News RSS (10-Daily)
30 August 2026,Universitas Bengkulu,Portal Kampus / Akademik,Tier Kampus Mitra,Implementasi Model Inkuiri Terbimbing Berbasis Blended Learning Untuk Meningkatkan Hasil Belajar Peserta Didik Pada Materi Laju Reaksi | PENDIPA Journal of Science Education,Akademik & Umum,Netral,https://news.google.com/rss/articles/CBMiY0FVX3lxTFA5eWxOeDd1N2s2LS1HQlhZUk43NU5EUzBidG5Wc0g4WU5tclp4dEVDQldpQWZzZXEzcE54UFVDaDRKdHg1VUJacUJDS2VKSjZNNmpqWWNaU3JKVTY2OEVocE5zYw?oc=5,Google News RSS (10-Daily)
28 August 2026,SuaraGarut.ID,Media Massa / Pers,Tier 3 (Lokal/Independen),Unesa dan FIBA Indonesia Mendorong Olahraga untuk Perubahan Sosial,Akademik & Umum,Netral,https://news.google.com/rss/articles/CBMic0FVX3lxTE84MDE0Njhzc3dVWnEzRVdqZEZJekR6QU00XzRKVkNpcW4wLU1mM3FRNjVMMFFaWGdNeGdjdUZJUFRTSWVYY2lsVmwzSXFrbjg2bXJlSXE1TVlFb1J5VGhHbGZlLVJObTdxb2FGSENvMWcwNEk?oc=5,Google News RSS (10-Daily)
31 August 2026,Google Play,Media Massa / Pers,Tier 3 (Lokal/Independen),Assessment Link,Akademik & Umum,Netral,https://news.google.com/rss/articles/CBMiekFVX3lxTE03MnpuUEJNN0JTZ002RGZ4cU1HbXNOakNVQnJHUXA4NTU1VUY3R2NIZ2tKM0RUeEVZMk1zNDdab3FuTlZsMVRJbGJtWkNZSXVGSkpLRE80Um9yU2tzM2VHYXE3eTlEMnhnNzFRYzRLZ1FjMm5XTUNyeEdn?oc=5,Google News RSS (10-Daily)
27 August 2026,Kementerian Agama,Media Massa / Pers,Tier 3 (Lokal/Independen),Menag Minta IAEI Terjemahkan Ajaran Agama ke Produk Syariah yang Aplikatif | Nasional | Kementerian Agama RI,Akademik & Umum,Netral,https://news.google.com/rss/articles/CBMitAFBVV95cUxPTk9RUWJDYmM4N2JLNlE5c0RHOFhPcDJ6YmNHQ1gwdzlOS0pkakFoM3hYYVdVS3EwcVdwZDA4U05ZeXc1UW5PcTAzZTFTeWJnd1lCZ1pEbGUzQzFncjl5d1V1UV84NXhVQ01mNkowbTNTcG5IZFJNZHdCSU5uQ0VkX0FhTlZKVXIzdWJFZjFqZHNCaU4zUm9IdDE3Rk95Y2N5SkpKU3ZTdXU0N0NyZXFabWpBWGQ?oc=5,Google News RSS (10-Daily)
28 August 2026,detikcom,Media Massa / Pers,Tier 1 (Nasional),Apa Penyebab Banjir Bandang Nepal? 1.400 Orang Hilang,Akademik & Umum,Netral,https://news.google.com/rss/articles/CBMioAFBVV95cUxQVUhaeUV5SlcxWWczZmpnZHlVSlVLdE12M1NWRHQxZGk3aEg5a0hYT0hMRkVLdm8tRXJvZnRMSldmVmhYWFBWS1RKT0d3bzJSUUlYU3hkMzF1MXJvdS1rV2lKWmxJd2ZTRW56ZW1kekxaZ0U2WXo2d05EaWV1Vlh0V2ZXazF6cVFKSnRfdmIyQnVscV9zUXc1eVpCeDQ0RTdj0gGmAUFVX3lxTE5uTno5WFlJS0xHMjg2UGZMVTByYzJ1LXdOY1ZKYllJNjloR0dBc2NkZ3p2WllkMFdnZzVWQmE3NUE0VGs1X1cxWTVNbDJKVnZNWFBvYi1rSmFSNUwyRVMyTktuVmZ6b3NBMjRFam9UTlF3OGJ5cWNrTzI5Q3RwV1VvUDVvazRqT2I2TXQtakY0ZlowLXlFZmdPTzI5ektnVU1nbldkRnc?oc=5,Google News RSS (10-Daily)
27 August 2026,Lenza Nasional,Media Massa / Pers,Tier 3 (Lokal/Independen),Unesa Perkuat Pembelajaran di Daerah 3T melalui Program Sekolah Nasional Terintegrasi,Akademik & Umum,Netral,https://news.google.com/rss/articles/CBMisgFBVV95cUxPYkNGdGxFZnQ3UHc2WmhNR1ZvSERYd0s5Q2JPZTllYVVsYk9IczJTYXZJU191VXY4ek1EVERWTFJoUl9yYzV5TEdDLUFuYXJTaWNEMjY0NTdHWWZTMHZDRGE4OG9LY1RFT05LNTBXZHBxN3ZJSjVyZUF3QXlkNXM5S3hFTUkyRGZXNF9hZ1l2MC16dTJGU1hzNmg2bl9yRThydjQ2UGZpSmtHNDVaS0VoVk13?oc=5,Google News RSS (10-Daily)
28 August 2026,jatim.viva.co.id,Media Massa / Pers,Tier 1 (Nasional),"Unesa Dukung Program SNT, Perkuat Mutu Pembelajaran di Wilayah 3T",Akademik & Umum,Positif,https://news.google.com/rss/articles/CBMiowFBVV95cUxNT0hwMVpYajA4dkx5d2dQRWpkWWRSTTZXQUdfdTh6RDY1a2tKdS1hZnVpb3NVN2t4cVlwWm5uMnk3U3BwVVZTdnJ5QW5ObndHVWtLT1ptdk1wcTBYUHdMLVdvQk5XbDZBSUpFNkNTdEZBek1rUjhXR0R6QWg2VlR4RW84Q3JMS21LRUJBVDRiNFJrZjN2Q3M2dWxObGtYbXdxUUdj0gGoAUFVX3lxTE1wd1BJLVJsTlZ2VnE5dEdLS2MzNzFkX3FkTDRST3BrVk1UdHRtSk9NOWhRcHFja3FTblMtVzRZSmlxVWgwQTdobWJqcGUzSTZaMEdqV0xwdnRSYzlCQVVGazhfRlFGRERCcXBySTlLUUJvUTd4UERaTUJDS3BtenY5aUZ4X1d5OVE5RlUxdG1HU0o0WUFUMzlMaTRia1lQQnVmMlMzMV9iTQ?oc=5,Google News RSS (10-Daily)
30 August 2026,beritajatim.com,Media Massa / Pers,Tier 2 (Regional),"Saat Lari Bukan Lagi Sekadar Tren, Tapi Gaya Hidup Sehat Masyarakat Jawa Timur",Pengabdian Masyarakat,Positif,https://news.google.com/rss/articles/CBMiowFBVV95cUxPRGtZRjNvdm9FcHlJUUN6dUtrckJRTThfSmxVSzFTSlNQelpqQ2RfX0g2cVpIdkZFZ3ZjeEpyZjh1Nl95WGFHc2c0ZUNBVHlNVjlJNEVPN0dLVE1KNHUxaW5aNHlLOEF3V1dqN3h6UUM3SVlTUnY4UU1OMHpNODFSS2pITkM2Q08tX1hjOVhzR1FXT0dQb1RWQ2ZsUEJNazBEOWFN?oc=5,Google News RSS (10-Daily)
06 June 2026,STIT Muhammadiyah Tanjung Redeb,Media Massa / Pers,Tier 3 (Lokal/Independen),STIT Muhammadiyah Tanjung Redeb,Akademik & Umum,Netral,https://news.google.com/rss/articles/CBMiU0FVX3lxTFBZUmhyWUlIR05NMkpMQS1odGEweGpyb0NzUFFvNnpldzN0S2JZYlA2XzZucEFla0c3MTIyYmIxSGRRV2xaSkE4M1dzYUU3aWwxSnR3?oc=5,Google News RSS (10-Daily)
19 June 2026,Upplan,Media Massa / Pers,Tier 3 (Lokal/Independen),Unesa Buka Jalur Mandiri Prestasi OSIS dan Pramuka 2026,Prestasi & Penghargaan,Positif,https://news.google.com/rss/articles/CBMiU0FVX3lxTFBtZGtJMUlzMHF3MkZSUVJ3LWpIVVRodVdiR3hIWmNMaVJzaDVHUG91alpkeHJ6YWpZejhwSHA4eS15MGxrczk1WXBzY0FEa1R1cXRR?oc=5,Google News RSS (10-Daily)
28 August 2026,SuaraGarut.ID,Media Massa / Pers,Tier 3 (Lokal/Independen),Unesa - SuaraGarut.ID,Akademik & Umum,Netral,https://news.google.com/rss/articles/CBMiRkFVX3lxTE1ramV1dTVhWjhrRGZ6M2VXM1BVa0RBSnV0Z015Q3I1SWxkNl9KYkhKMGZGYnlKOTd2QXlyQnRiZlZLajBBdmc?oc=5,Google News RSS (10-Daily)
31 August 2026,jet.or.id,Media Massa / Pers,Tier 3 (Lokal/Independen),"Integrating Problem-Based Learning, Tri-N, and Deep Learning to Develop Critical Thinking in 3T Elementary Science Education | Journal of Education and Teaching (JET)",Akademik & Umum,Netral,https://news.google.com/rss/articles/CBMiXEFVX3lxTE14ZnNyUURpX3k1UXRXakZucnhrTkpZRXNqTlhldkhFbHBBT2FqRjZYS3lDSUQ1TllqQ1F2MWIxQk55SVJvbWhhc2dzYUFsSVc0WnRNV1luQkFOSmRT?oc=5,Google News RSS (10-Daily)
28 August 2026,SuaraGarut.ID,Media Massa / Pers,Tier 3 (Lokal/Independen),Dispora Sumut Siapkan 146 Aset Jadi Mesin Ekonomi dan Prestasi,Prestasi & Penghargaan,Positif,https://news.google.com/rss/articles/CBMiYkFVX3lxTE5nR2Y4N1NELXkwRVM0c3ZIRVdJT1NXZ2c5ZXJndzhWT0pyN056LUlQWE1xQnJUVkJIdXJva08wdy1SYmZSYXZ5YlZvZ0dJdW54UEQwcmdKR2ZEbF9USlNnZ2V3?oc=5,Google News RSS (10-Daily)
31 August 2026,Suara Merdeka Surabaya,Media Massa / Pers,Tier 1 (Nasional),"Rayakan Dies Natalis ke-68, Untag Surabaya Gelar Wayang Kulit hingga Bagi-Bagi Motor - Suara Merdeka Surabaya",Akademik & Umum,Netral,https://news.google.com/rss/articles/CBMi2AFBVV95cUxQUWgtOTFQd0lBbTEtN0pvem1nQkJsWXF5dUFyNGNRLU1zSHR5MjRPRUFzc2xsNlBxbE1wWk0zLTZtdGt1d3UyamZpR0FZUnJlU1BNbklNVHRKdnlQNHIwaXozcnFyX0RfWklFZ1Z1R0I2a3ZHOHQtSGdycFVxdzh1T3pTS1BVM0U1M3Z3dmVROEZua1RyekNwUzNON2d0RW4zM2hISjlDNU01cnk3a2FCUHdQSFVqbVUzYm56VWIxRmxuR215UURTVDhfcVFVMDQ2QzZ1MmJPczfSAd4BQVVfeXFMT2FCRHpZUUF5ZGRMMWZXbmVnQTNmNDhmZ2NXc3BLVG5tU1FKQWxtV0xHaGNmOVhSN2p5VF9sY2pCR1FDQ2Q3OVBwUXR6RFRSWV9uR1JFSHJGRnVycWtlbTNrUjNUb1Vka0tjUDlCcjlqUXJtbzZrV3JXMHlyeU5ZenJGdGhkYUl1bTkzaHlkRW4wdFY2dmRTbkhfbk9yQ0hkMjVPZTBFQWxxczB1RVdqNlRQOW5TYURWV21Ib0tOOXJLOW9heXNZOExoSGx0VmZmNnBxd3NIMnp4VlQ2Tnhn?oc=5,Google News RSS (10-Daily)
24 August 2026,UT Surabaya,Media Massa / Pers,Tier 2 (Regional),Pendidikan Jarak Jauh Berkualitas,Akademik & Umum,Netral,https://news.google.com/rss/articles/CBMirAFBVV95cUxNc3ZpVk8ySzlrVmF0c2ZsVkN1dkstNnZPdHpaWGtFa1NYUkhweUhXc0ZzaVZwX0RqRFlza0JDc0JJOTZkSGdGMkZ0NThFaEJXZlRibDU2LW56U0REeUZfNkVBaHpiMWJJZ2lON2VKaGNvLW10d2tMZHMtaTZHd0xhZnh3eFlnY3NVT3RFVGhXamU5RDVkUTFkVlNpbDl0VlFnOEg4RHZNdl85MjlZ?oc=5,Google News RSS (10-Daily)
31 August 2026,Suara.com,Media Massa / Pers,Tier 3 (Lokal/Independen),"Soroti Celah Hukum, Akademisi Unesa Dorong Mekanisme Sita Aset Tanpa Tunggu Vonis Pidana",Isu Hukum & PPKS,Negatif,https://news.google.com/rss/articles/CBMi2AFBVV95cUxQTGtFUjBkMk4xS2tBdzVGX05nZGJTOHd5WjctdVBpanR3bTk1UkVpRF9kckxIYzgweEpHWFNBN291SC1PbWxxY3ZUcWctZE1SbFBZTE1zV04zRjNvdWJ1cGwwcTNoVkhrVFhpLVFVTEkxWE9hSzVwUHN2YUt1QzJHN1NIdmFNblAzeXo5QzBxRHlTcUFqRUZTSHFsMFdUVnphT0RjYW5wSGlXQWhPd080bWdROC04U0xMRTV0M1ZqQW9PUUljal9aQ2JHRnpVWWlqZTlnMVhUZlbSAcwBQVVfeXFMTnNTZ2JTVk00STJ5MkRnUzlJWW9PM2JHT1VPTmU4eUVPdDFvbU81UC1mc2Y0SDJQS05hcW5tU2RYLXVNcmxVbHBmVmVsMzFCOFNpTkplSkxQVUhMbURoXzNSTHgxdUlCZHRnWHBJZVFqbWw2cmRycWFvT3lBWWw1UXZ3elJoSExpeFFjOHNQOElwVUZXeFZLVVFzNjZsYV9HZG50eGMybUstRHlCMmZCWFBFU1ZJWHB6WHdoeGtaaEJoUkFRYTRObXlRa0Fo?oc=5,Google News RSS (10-Daily)
29 August 2026,HARIAN DISWAY,Media Massa / Pers,Tier 3 (Lokal/Independen),Anji Ajak Mahasiswa UNESA Berani Ambil Keputusan dan Latih Public Speaking - harian.disway.id,Kemahasiswaan,Netral,https://news.google.com/rss/articles/CBMisAFBVV95cUxPbXYyWUhlYUEwa3dBaWlFcjlnRlgwUDlzb0hnTnppNTdENUtPeS03aGxERmhMclY3MzNZaGZNYlF6UlhYNXVPLW02WjR0NXZMRmNHSkJheU1pYU84c2dqQldGSEwtQnZSU1JuTmtSenBCRkRkT2ZOcFZscEY1d1pDV0hobUZoVW1QSVR6VXJmeV9RSlhMMU53dkt0Nnp3aDktMFFPRGpuaVpLYm9OTWU5ZNIBrwFBVV95cUxPTE5GZEtvNW1aMFBfSTBSTjM5bTY5MWdfTHJhWTltX0NfRlJmR2Frd3B1MExYSUs2SEp1NmpOU3lJdnZsdFBYd1BMS3Z2dnQ4ZGp3NmtiVUw1X21ncHpseHNTTTBITUtNOE1iTGRhM3FvRE1XSjgyQklyM0JGRlYzUFdmUHRaVS16UzZuWUlXS3h4V3JsR0xqelNOeDhQRDI0cVlZcVRDcjdQTnZCN3VZ?oc=5,Google News RSS (10-Daily)
27 August 2026,"Kementerian Pendidikan Tinggi, Sains, dan Teknologi",Media Massa / Pers,Tier 3 (Lokal/Independen),"Tingkatkan Kemampuan dan Kompetensi, Mahasiswa D3 Teknik Listrik Polinef Ikuti Sertifikasi Dari Kementerian ESDM",Kemahasiswaan,Netral,https://news.google.com/rss/articles/CBMi9wFBVV95cUxNdFVfWmlTTlM2SzV5dnBXRWdxRUdjdU91bVpDSDBLejdGOXliLTY2RTNzMTF6UC1EUVlPRlVCWVcwNktTZXBPZTg5Smk4azNid0xlMWNDNFdhYVB3TlUyQmFHeF9wd1ZMT3JmVnRGSzFqTFdSOUJfUGpGTlRtYWNKRmhELTFIci1vb0tacnFzWHgway14aTY1dTM3Q3VIYzZiY2o4WGQ3bUpkU3BYdmJyWGJJaVJwOWFacndZX3g0a0NlMGVEcXpCOHMzbUt5UWdvMkVDLWp0VjFNcXJBdDJaZkhabG0yS200cmdnRDRFT1p0MWx5VEJJ?oc=5,Google News RSS (10-Daily)
30 August 2026,Media Indonesia,Media Massa / Pers,Tier 3 (Lokal/Independen),BPJS Ketenagakerjaan dan Unesa Jalin Kerja Sama Perlindungan Mahasiswa dan Pekerja,Kemahasiswaan,Netral,https://news.google.com/rss/articles/CBMiwgFBVV95cUxQdjh5ejNKSG0yNE5NZGYtUXAwWWZhMkRsN1ppZU5pM09uOFNCRTVSblhBVWIxOWozZjlfVUlLMmpyUjV3VDNMZjk5UGsxell0X1NXLXhWSlB4U282UkllNmRtYVllajEyUHQ1ZFVxbGdaLS1zU3NTcVl5alVYWGpMenFqQnBtUzBWMVRFQmpVbTE5OWNCQjAxQTR1MDFTRXQ5cm12TGFKN0VVY2tfSVp1QW01U1piMkFJRnNHR3E3TlpIQQ?oc=5,Google News RSS (10-Daily)
31 August 2026,beritajatim.com,Media Massa / Pers,Tier 2 (Regional),"SMAN 12 Surabaya Taklukkan Persaingan 42 Sekolah, Juara AXIS Nation Cup 2026 Surabaya",Prestasi & Penghargaan,Positif,https://news.google.com/rss/articles/CBMirAFBVV95cUxQcnpLRi1OanRFVk1sYTJpZDd0WHhybUI4TUFaaHF5N0FHbXdfV01nMWtsVWdhTjQ2Q1RzUEdDYkFMdFNGaHktRTVXVURjNFdqT1FfOXBHM3pTRkpqVWNSSWR3N1dkSWxpV3pfekdwWFBWei1Iam5YS3J6SjBfTEpFdnI4eUZ2OHVwMnFrZUtERWhGWVd4M3NYY0tJTTYtT1NzSlNmWXh5LVVPbU83?oc=5,Google News RSS (10-Daily)
22 August 2026,"Kementerian Pendidikan Tinggi, Sains, dan Teknologi",Media Massa / Pers,Tier 3 (Lokal/Independen),"Garda Terdepan Perguruan Tinggi, Humas Wajib Kawal Komunikasi Publik Kampus Berdampak",Akademik & Umum,Netral,https://news.google.com/rss/articles/CBMi0wFBVV95cUxNMjlTckU0WkRlZzFWeEx5aC1fcFFuZzltc1pIUmdEX3JielloTV91eWhyMHplcDExQXN0RnV6ekEyRXl2cTBLdlQ1TkN1ZHYtVGRXdHhLbzFaU2ZLcmdfaG92ZFR5NlBHU2JPQnFFekg1eUVJNElicERjR2N5blB5M1ZCZGljd0txSEtHWUVIU3hXVEpqWDBBM1VhbE1nZGVCN2dWQVlrNzdGVzZ6b1FJSUJxamp4bUltSEVMWUZ4TVhLMGVVUXF3X0Nzb1VkM1pTQngw?oc=5,Google News RSS (10-Daily)
27 August 2026,"Kementerian Pendidikan Tinggi, Sains, dan Teknologi",Media Massa / Pers,Tier 3 (Lokal/Independen),LLDIKTI Wilayah VI Semarakkan HUT RI ke-81: Semangat Kolaborasi dan Berbagi Apresiasi,Akademik & Umum,Positif,https://news.google.com/rss/articles/CBMi0wFBVV95cUxOMlAzQmJJckJReHdUeVFmQ01NNERYTjF5T1ZzRDhrS1BLNi1KZjZwQm5SOE53MHpiS1FDbkFQTXFsdGJ6T05RbHEwcHRYXzNZTWtZbGRoYm4zZDNnLVFUdUgtMXMtajNWZE5YaUYyLWtlZWFJdUFzLTBUV2xQZWRsSDZZMjAyWG1oUk5mel9uMEUxblFHSmRaWENXZklFMFNvNHQzYzc5dmdrNHJ5dGhyNjRoOU5FX2E3bEZ4eWFvcEo3dTZLRnQ5WGpVS0ZodmlTMko4?oc=5,Google News RSS (10-Daily)
28 August 2026,jatim.antaranews.com,Media Massa / Pers,Tier 1 (Nasional),Kemdiktisaintek minta kampus perkuat kurasi pengetahuan pada era AI,Akademik & Umum,Netral,https://news.google.com/rss/articles/CBMisAFBVV95cUxPQ3JEckZhbEEzMVdPdG1iZjhBSE9hRXhLbXZkeVdhVkNIV0F2LWw1bE1uOGZQRmRsallJazBIY2lwRmltenVtYUJoR1h4bzlMbENNMjlNd29OeDVfeGpxRDZaQTI4Sl9QQVRNal95dTFRbDI2N255SGN4OThfMGVmVjJqdjEyQVh3a3lZYmNfc0VXU1lIMXNBeV9XTDZZZmY4dkN0c3VHQ093bUhGVnF6LdIBtgFBVV95cUxONjNMVTc0NmkzVEpVa2VLOGxjRUtBN0tiaDllZE85aHJyY3hTang5RWpwWEY0Y3ByWk4tdUhrMXFTZnU2MndOQjBLT05PNjNaSjR6TjktTnB0d0N2ZlF6UG9KdWQzb0p2NDBhNFJwSTB4RHNuZ2RZdUFqVU5Canp2NXVFcEY1YUJuNDlGbUt6VVRFVUg2QnZkbWJaWHNfeXFNckZieFQwa3k2Q2RXRVBXdFpWR3hzdw?oc=5,Google News RSS (10-Daily)
27 August 2026,Suara Merdeka Surabaya,Media Massa / Pers,Tier 1 (Nasional),"Dari Kode Etik hingga Survival Guide, 3.160 Maba Untag Surabaya Mulai Kenali Dunia Fakultas - Suara Merdeka Surabaya",Kemahasiswaan,Netral,https://news.google.com/rss/articles/CBMi4AFBVV95cUxQSTYyRlRtdjVPcXhZbGozUkt1SldnTFB0UHBMTzZXSW5UUWhya1Z4LW5iQ2ZVWWt5WXBTb3JrOGtkMklSaDNHamduZEw1eEtza2ZpSVJOd2EyLUoxTTE3OV81U2ZISXBtY0VXa3d0azUzSGhJZ2k4dTg0ZnFtdWlnZDFQazU1S3pRZ3E3NElWY0tzS3FwMVBvNXpWcG1CbTliUjV0QnFqWmpacVVLS19aOHJvdkhjU3R1NGo2VEZ6TEVQa1pKa1lZdUdRc1pBb3VPS0NVSGlsMERseFFwWGR3cNIB5gFBVV95cUxOS1hoYjVDUzI1OVdVX1ZDS1U3SlVIeWozT2VNYVZsc0t6SnBmZVFVa2E0ZVdPanlBZUZjQ1piT3VCVXN6bUhRMWYySnpMeUJPQS1NYTdXWl9fdl9NX0FqUlE1cjUtME4xVDBaZ1E4cEZMVnJ6X0RoZnlwUElQQnc1eTdHczlXLWRGemRtall4VTNhMmhhWXdRaEZKOURTbnBTbTRkWVlrckZkeExZb2otdmt6NkRmaXF0NDNIdHIzZlFFY0o5bE1lU0F1SHJiVlZZUXdKZmp2SlY0M0o1ZVR4d0s0ME1VUQ?oc=5,Google News RSS (10-Daily)
21 August 2026,DKI Jakarta,Media Massa / Pers,Tier 3 (Lokal/Independen),kopi 3 in 1 (luwak coffee),Akademik & Umum,Netral,https://news.google.com/rss/articles/CBMilgFBVV95cUxOV1RHeGNyM1ZzZW1OR0J2Mm1lSkdrWVNjV0JGQUxVcVFUdGVtdXBwUUNrUVl3UHJscGdyTWdNQ1hId3RSSTNfUXZnRWJ0THMydGJhbE4tWUJqOWtXMEt0UkxOa0F5WWlqbVBOUGJHcTNyR1ozSGJaWWQ2eGktdEMzeld2SFQ3QzFNb2xEZk5ZRVBGSlpDTkE?oc=5,Google News RSS (10-Daily)
27 August 2026,LintasJatimNews.com,Media Massa / Pers,Tier 2 (Regional),PGSD UNESA Latih Guru SD di Blitar Lakukan Deteksi Dini Risiko Kesulitan Membaca,Akademik & Umum,Netral,https://news.google.com/rss/articles/CBMivAFBVV95cUxNTkh0UzdvSXRXLS1OZzUzZFlzQjJReUthREdWcDJnOVhXZ0NWeG9kXzVtOE83dldRRTdlVUZFRTExT1h6R0xMNWhiSlFRTlpxeDEyWkNTZHo1SzQtTmN4TW9WMXBNaW5nc3JMMWtXa212RVFMNU9VeHhwRDlHZk1zdU1LOXg4RkpnYmNkOEtkMkJkSmtBcktHRWxTRlBHNHFaMlZ6MkZOQUJYRFBxaGVNMXZodGtFRGVMUmtpTg?oc=5,Google News RSS (10-Daily)
28 August 2026,beritajatim.com,Media Massa / Pers,Tier 2 (Regional),"Kejar Prestasi Non-Akademik, Unesa Wajibkan 20 Ribu Mahasiswa Baru Pilih UKM",Prestasi & Penghargaan,Positif,https://news.google.com/rss/articles/CBMioAFBVV95cUxOMkdYUzhTcmxpbGdLMWZlc2lBal9aWEJjcXlVWU5XV2lzRUlyU3lqUkVEMkQ5bkJmZV9wS3dkdzZSbnlzTjN1Sk9SNE8zX2pheDM5Nm9oY3piWkQ1RFZyOGdqNXI3RkVKOHk5VE8zWEZwUHNYSW9CV2dKTDI3ZkVrTFU2bnVvckE0bFAxM0VtbFlDWkdJMVNvREhkWUdGazJV?oc=5,Google News RSS (10-Daily)
30 August 2026,Suara Merdeka Surabaya,Media Massa / Pers,Tier 1 (Nasional),Parade Chef Berbagi Cooking Class di Swiss-Belinn Airport Surabaya - Suara Merdeka Surabaya,Akademik & Umum,Netral,https://news.google.com/rss/articles/CBMiwgFBVV95cUxNcEhmVVZzM1dHT1lVeHNyaUhyZGdGcDJjem9ybW9BbU1ZVXo4UmRkR2l2TWs0Rm5tN3lzRTF3eFdVY0JDdmRpeTY1NEJDUWxTcXU0SG96SjhRWnZlbFZybkNmNm5lNnh4N1ZSWTlBejhrVXN5Tnl3UzE5YXJQYXh6OUZrV2Q3d3Jpc2p2aUhIWnRLVWxVOGFRRHZpSEJOQkpnREJyZnhLZG9JSjdZbVpOaVBzOHFEZ1FnZnlLRlQ4Ri02UdIBxwFBVV95cUxQTXAtT0oxUkx3Mm8zSE1hMm5sZFhPQ255WmtnaTRIeE14VUpOcmliZmlxcGp3T0wyVmZjdGl4cHdMd1AwMkFEUmx3SFpjUzYwMG1sVE12TEJ0OWV2THR4bHJPR191OTduS1ZGTWVhVTlualdtQ2pWV2N6UU95Vm8xblR2b3BaSWd5bDUtbGVTNEplNWxRU0p6bURVcDNEbzRqWHFQTE9WczQ4b0lNMThmaFVTeTZLdjkwWkdZdm9FcFBfb2pDNEJV?oc=5,Google News RSS (10-Daily)
28 August 2026,Institut Teknologi Sepuluh Nopember (ITS),Portal Kampus / Akademik,Tier Kampus Mitra,Daftar Undangan • Institut Teknologi Adhi Tama Surabaya (ITATS) • Institut Teknologi Telkom Surabaya (ITTS) • Politeknik E,Riset & Inovasi,Positif,https://news.google.com/rss/articles/CBMixgFBVV95cUxPOExld282UVh2aGpLa2RiODRKdXZaeVc2Ykx0bFR6MmZhRnEyX0pMZXE0YmllaWozZl9DWTI1Q19ob0ktbEtaelVGV3pmSURaN1EzYXBkb2VzV1ZCSDlxZEczLS0tR25nN2xxNWxrU1Zla2tNVzVKQ3pXZG5MQV9TaE9jNmNnVXFqZ3pVUldxZ3MtT3VhbDhHTnRRcmVfNHBFODRHZjNzQ1F6VFNWc2swblVVeGpDZUQtWDdCOFJGY2VuMFVZSVE?oc=5,Google News RSS (10-Daily)
21 August 2026,joecy.org,Media Massa / Pers,Tier 3 (Lokal/Independen),Pemanfaatan Media Digital Instagram @Red1Hot1 Dalam Membentuk Citra Merek PT Sparindo Food,Akademik & Umum,Netral,https://news.google.com/rss/articles/CBMiYkFVX3lxTE85STNsVUpQRS0wRDJ3Y1F2YkNRTkNXQXZtRHlmX1pJYUFzd0txSGtaaVU4U2VXdHA5YUtqdU8wVmsyUW1fLU1YSUN0Y2hHWXczT0hiNkh2VmNNZ3NQeENxdlFB?oc=5,Google News RSS (10-Daily)
31 August 2026,Kompas.id,Media Massa / Pers,Tier 1 (Nasional),The Vulnerable Asset Confiscation Law is a Tool of Extortion. What is the Strategy of Commission III of the House of Representatives?,Akademik & Umum,Netral,https://news.google.com/rss/articles/CBMi7gFBVV95cUxQZm56LU9LVDBpZE9TVWk4dGdPbjVEVDRRTlE5ZzRiNlpNcGFzdTBBTWNDRUNzVmU5aU1SWnlSUUR5MUVkc3lMLVh1RWFqcnlnQTdBVVM5VzEyMVo1R0xJMjlqZW9waVZjZDVZOVBOaVhxV0d4SFFvdUIwYnRLVmV1M2RnVk1PSndNeW82dE1QYUh0OElPQW03NjdycVBkVXVscVkxcjlxc1RZeDQyU2dHYTh2cXJ1cUc1QVh6WWdLanpsN1hmQk03NmtJWVlNdW1WTWxSbWFSVXhOcWFjZ3hQdUJ1ZXdlaXRjSzhybnBn?oc=5,Google News RSS (10-Daily)
31 August 2026,beritajatim.com,Media Massa / Pers,Tier 2 (Regional),"Pemkab Magetan Usulkan Kampus Unesa Dibangun di Plaosan, Bukan Pusat Kota",Akademik & Umum,Netral,https://news.google.com/rss/articles/CBMinAFBVV95cUxOb2ppOGJPQUZEd3pNakloZkViYTFKNmlzUlI4bjNoMTVnalBRbHYyVlotRFJCN1Qxak9OV2o5Q1ZTQmZSRXBtYlNjbTEzcTZhZERmM1phUVRfbEIzN1djWVh5NEZ3UjFfcHlrSGY2QjU5NmRKR05Ub01IUGpKOG9aMi1hTVlqbFd1VHlHTXB5THZJMGlyT0xZZExlcFg?oc=5,Google News RSS (10-Daily)
24 August 2026,RRI.co.id,Media Massa / Pers,Tier 2 (Regional),Penemu Robot Manusia Pertama di Dunia,Riset & Inovasi,Positif,https://news.google.com/rss/articles/CBMijgFBVV95cUxQelZ5WEc5cVhjb1dhXzdwaFc2ZnZPb2J6NWUxTEJmbkxQTXdPWmUwSWYtSFZ0U2JFZmpOaWlQa0MzYXg4d0dyQU9LakdFMDVkLW5PcGxPVGpYeFVOaGhNVUJNdDB1cnk3S1VmQUxqQXg0a2JVYkdqQkVrRnJGeGdSUmxvMENETGxFVGd1R2JB?oc=5,Google News RSS (10-Daily)
30 August 2026,kabar9.id,Media Massa / Pers,Tier 3 (Lokal/Independen),"Unesa Medic Run 2026 Sukses Digelar, Usung Misi Kemanusiaan",Akademik & Umum,Positif,https://news.google.com/rss/articles/CBMif0FVX3lxTFBSQ2o4ZWdBbkZaZGRkRVQ4Z2pLaWJyVWxINk93c3JtQmhwZjJEeldOTFBpdVdJaWRCeGx1TmJCd2I1ei1tSzJveE8weDRwcUY4RmJFOFViNkJBRXJWU090ZWRURTZkRnI4Ymhkakg3cUl6Y0ZLaERJZVQ4c09Cb0k?oc=5,Google News RSS (10-Daily)
22 August 2026,Sapanusa,Media Massa / Pers,Tier 3 (Lokal/Independen),"Viral Mahasiswi Unesa Kesulitan Daftar Beasiswa karena Masuk Desil 6, Terungkap Sempat Terdata Sebagai Karyawati padahal Masih Sekolah - Sapa Nusa",Akademik & Umum,Netral,https://news.google.com/rss/articles/CBMikAJBVV95cUxPalN6VDdfVXNTTkRrdlpOZlU5WjJrdmF5S3RtV0hacFNVTGhPVnBCdnRpV2pPZjg1YzlQRG5Vc1dnZjhHOGFKT1daaDA1SEZ5WUo1dGR3TkdPem1XTE92UnN1QXhtNGlGLV96M3ZnZFlQbWZCXzNoRFR6N29PV2xlZXhsQVd2cEhZazA2bXZMYll5M0gtR0d0VWdDeGhlRXNHSlhRQk5xSUJGcG5GVkJEejlBNDZ5QnZrYjVhSll5Nm9fRFhuQ0JpZ21PNl9NdHRmNm5KY0FqcnR2el9vcWlILVFkNUR0WlF5OWdTS21YMmQ2Ymk1ZUJib2M5VlNKTGJyMkNOVnpWc0xoSWxfaS0yetIBjAJBVV95cUxPUEZsSEE2ZWxFNWVBZUh6SXpZdGR5NXI4TlozS184bGR5MVc3T1BwZEVCZllZYTJ2Zk4wcFhodnd4Y2ZyclBUbTE0N1NuN2x2ck91V1lnc0RDa1c1LWIwaGRUTXZiNXd5UVpVOTFOQW5ZbUNsVEJVSTFsQk9ncFkxSVBKdVRFUk8yaWZtZUxlQ2dLNnd2UVRoYndjdVloZHNaazJJSTV6WlNCQ0xYOFIwOTU0U0hZSTFxQUFPTWgxUFBvM0RTMG5teDM2YS1zUTJHS1MzRnNuWDBtZmRMTzZ1WERCbjl5TE1BMUtSRVQ1ZUJjcC10T1UyYTRsUlRoWFhNblM3Qmd2cHk0RkpM?oc=5,Google News RSS (10-Daily)
28 August 2026,Lensa Semarang,Media Massa / Pers,Tier 3 (Lokal/Independen),"Musim Perdana Campus League Badminton Regional Semarang, 17 Kampus Bersaing Sengit",Akademik & Umum,Netral,https://news.google.com/rss/articles/CBMiuwFBVV95cUxPOGNtU01hTEVSMTFFYlNTUHkyUEYyZE1uZWt0MWF4V3BvRlVTZ2NMbEV2Nk1CVUtzNGlhVjNweEE2cXNkOHdoUzdlOHJwVDhsQkRCUkRmM1JTYkxpeXRyYndkWThpU3k5SjJJWGVfVjNMVnN0ck5rQ1cydGMxN1BPN0VmcDllQl82SHNkUUJXYXFJTWNhT1BIZWV2UmVQTDlmbE9neEZKbzB4bF9wSTVhbEhuYlNCaTg2UDhV?oc=5,Google News RSS (10-Daily)
30 August 2026,Rasi Magetan,Media Massa / Pers,Tier 3 (Lokal/Independen),"Lebih dari 600 Peserta Ikuti UNESA 5K Run 2026 di Magetan, Direktur: Bukan Sekadar Mengejar Garis Akhir",Akademik & Umum,Netral,https://news.google.com/rss/articles/CBMiwAFBVV95cUxNX01IeWwxdUp2cFV4d0RYNHhZeElkbU9GTml6WXUzWG10Mlh5LUJuQUwwVUtMYmE5bEdwTnNnZ2EwSGRaUm5HU3BsTktwS0FyQm9xOFFNRV9uSUxfYWJDbUR1THR1bDdabzE0TTd6ZVB6LWRDVTJHMFBxMk1oQ0wtbkx0YWlPcGk0WmJyNWVtSFZ3YzNWRGVhS3BNOVkwUVktS3lQOEtUSzVZZUtWVHhwbnAzdm9ibFlfVXdtS19ybjXSAcYBQVVfeXFMT2NqSEU3clZxMnk2Nmp1LUJ5VC1tc1I4RkNTOUdCY1ZNdVhObGJucFJNalJVMmstWDh3eGM5QTB2MWF5a1lGRHRtNGFmdVB2Y1lZdFRHa0E5TXNUU3ZPcVZwdXpIdWVPWjR5aUVUc1N4M3NtUnl1Mmh5cU45dG5Ya194QVQ2TnRBRzFyUDJEOHpoazZVaWxTMzdnWlhlX01LTHJUb2JfVVd1NDJXM01kTm51YS1yV2JlTTFkVm9STVd3bGctd3Jn?oc=5,Google News RSS (10-Daily)
30 August 2026,kabar9.id,Media Massa / Pers,Tier 3 (Lokal/Independen),"Wadahi Mahasiswa, Pengprov PASI Jatim Buka Kategori Baru di Kejuaraan Atletik East Java Youth and Kids Athletics",Kemahasiswaan,Netral,https://news.google.com/rss/articles/CBMie0FVX3lxTE5qNnlTUHpia2h2MnpjeU1yeGF5ODR0MHpLOWx4dkNuZDJLbXRMNkVLS2owNGxZRm1LMmlNNTBEZFlEcUtLN3NXNFIwOU4zbEUyNFdwT1Z2UHpid2VqYVR2QzBVQ0lTb1FHZzZTaEM3VXJlckdXb2R0SFBzRQ?oc=5,Google News RSS (10-Daily)
25 August 2026,HARIAN DISWAY,Media Massa / Pers,Tier 3 (Lokal/Independen),Pembunuh Pedagang Bawang di Enrekang Ketagihan Judi Online - harian.disway.id,Akademik & Umum,Netral,https://news.google.com/rss/articles/CBMimwFBVV95cUxPUDdrX2xrNEd1anpwZ2x6VFRtX0JqZzF2SklJcmI3MjRpOExQVFE3ZEttUUhROGhELVB5c1VDZUZ1bDJ5Y296a1pWWUdvWDJOX3JjbUN4akhxRkx5YlVJM1BXeXJrbjYtbmJFcE11bjEwdlFjU2EzMlpHcWo0OTh6NkpyTXFRLTVxZnptemFZd25aOEs1MTU0X2FmONIBmgFBVV95cUxNUld5bEZiei11RjRnLThIUGU4UHV5UTJrQi1hcVpLbzN2TXIwNUdtem01VGJXaGxHYmtBS2FKVFAwdXJIbUpfZWJnQjRFMWZtMC1wZjg3VTg0VHh2VTd3RXpQR0NEQTIwWFBicE5tWEFyaFliOXgzRXZMUDlXU1JOMHVyandndmlUY3FWV0l6eEJ6UV9fUmpjcWxR?oc=5,Google News RSS (10-Daily)
30 August 2026,Memorandum.co.id,Media Massa / Pers,Tier 2 (Regional),"Dorong Gaya Hidup Sehat melalui Olahraga Bersama, Ribuan Peserta Ikuti Unesa Medic Run 2026 - memorandum.disway.id",Akademik & Umum,Netral,https://news.google.com/rss/articles/CBMi1wFBVV95cUxNcVIyQUU5M3YwNXItaUxfMDVneUxDV0JCWGkxM3hwQ044UDRXT2NEUlZ2WTZkVlNHd1AtaWoxZkktRnZxNTVuNXVOTUhURnNvck9ZcTBGRlA4QVNtZ1N3enlNazYwM01HYnFYZk9zVFE3S1h4QVRTNjU0R1kwNWNfYmxudnhuOWw1b1pOVFZ5dDZWbWhQMlFkNXZyYmdobDBjQXVOdUtlNnJZdlVza1M2ZElkQXg5NG1YZldQbC15WUVIUWtqMmkyX1ZCWU5EbFh0bU5rcjZTRdIBygFBVV95cUxQMk5TSjMtMW1nOGtUbXVIYWhSUkRUcHZWYVRXUUJKcHJDM21aR2R1cUdMZU5MQzZOZzBwbkpiSWJMWS1lel9Hb09zVmdhTjk3TFhfY0Z1WEk1b3NaeE81TkowUHR2SXRTalF5N3dKUUduaGowSm9Za3FSUktoMmc2aEJJNUdHZjB6NUtDbXFJZWJMMFd1bFVzaldEVTItcGJMUnR5UUVLSG1XaDd6bUkxWTdKV2dWcDBKLXg0Ukg2TVNiQk05ZlVHdlN3?oc=5,Google News RSS (10-Daily)
22 August 2026,HARIAN DISWAY,Media Massa / Pers,Tier 3 (Lokal/Independen),"Kisah Guru Fransiska Irmaya Nirma, Nyalakan Asa di Tengah Gempa NTT - harian.disway.id",Akademik & Umum,Netral,https://news.google.com/rss/articles/CBMiqgFBVV95cUxQanMyNmFJajFaVnhJbFAxUzREbDVZVDhRb1h5SzluNktXZ1M2bVh6Uk5LZHpvVUxGRTZwZ1VRTDNGbjR2T2dTZHBoaFdIcmZ0emZIamFkRE50ZFAyZWdpZzRydlRKeGpZdWF0bXpMb3JoOFFRSWdFRE1OYXk5R3NGMDFkVThMVTQ4ZjUxeUl1X1F4YV9ZcmdjQ2pjbWxhOFpkX0hzeThzWmotZ9IBpAFBVV95cUxOWGRuWTd4dVZBSzVkWXpzRF9IV1hPUHk5Tlg4ZXlma2lxY1NVQ256SER3ZURxa1lpUkU3NDFSbkEzMy1MTnF6dUw1Z1hNOG45U2UtU0swY01Pd09pQzVMUWNKX2Z0aUV2WDNjYlBLWHlIYVc3ZUx1NGtfaGRVOTZ3RFNfbnNDcXdOZW54bC1MREh3YUV0a3VTeG9xdGtyMTJva0hHeA?oc=5,Google News RSS (10-Daily)
25 August 2026,magetankita.com,Media Massa / Pers,Tier 3 (Lokal/Independen),"Spot 'Lake Como' Sarangan Viral, Pemkab Magetan Terjunkan Tim Pengamanan dan Tata Lanskap Kawasan Berkelanjutan",Akademik & Umum,Netral,https://news.google.com/rss/articles/CBMizgFBVV95cUxPVDVEd2JqeUhuRFliMTQ3V1o5ZU15Y2lId3Z5RXpEcUtIYjBSS3FJVmd1Z2FVb1dtaGYxMHVpRDR4c01COFVIbk1TWkJfdmZnWWdkSXNrb2hZeVFBS1ZEcUlVWEQ3Um9DZURyV3dKUExZaW1wT0RMRWoxbWFjZXNwOVlDWHFCWVFaQlI1YXk2TGIxVThGc0xhRXZVbGtaQWFlQnFjZmJhMXhjWDVIVERCZTRJQ1R4amV1dklpSkdKV3BTbWtCYjAtRUlZbjhsdw?oc=5,Google News RSS (10-Daily)
27 August 2026,ChatNews.id,Media Massa / Pers,Tier 3 (Lokal/Independen),Unesa dan FIBA Indonesia Dorong Olahraga untuk Pembangunan Sosial,Akademik & Umum,Netral,https://news.google.com/rss/articles/CBMid0FVX3lxTE9JVmJnXzVkeTVIeV9PdnJKUktQWG5xNWoyQjhGY1NROEVOOFA4UHpiY0Q4S0FzY1JsamthNmd3OUhiYzVrU05LUWtYcVBhMEl0ZTJwY25jNXlsR0NSQlVCNFVwRjBFSW1wdGVEWDBka1pPRGw3OVJj?oc=5,Google News RSS (10-Daily)
28 August 2026,HARIAN DISWAY,Media Massa / Pers,Tier 3 (Lokal/Independen),"Tanggapi Isu Intervensi, Gus Yahya Yakin PWNU dan PCNU Berintegritas, Tak Mudah Diiming-Imingi Uang - harian.disway.id",Akademik & Umum,Netral,https://news.google.com/rss/articles/CBMizwFBVV95cUxPMVAxVXVKTXVhM3NLZ0FPb1dwV2J5U3pQMlBab2xUVWw3T2ZIaGtsUzJQMGZGQkViOHZZalhUeWY5ZkplM0lCUWhrRFlfVVRRTC1ZekRRRG1wOS12RnRWbWdFMU1GS3RlZ0VGVGdJR2dpSmtCM1dmWHNZMEJpZVhGZ01iM1RiS01xM0R3aXlrX2lWZFNhNnJYYlBDV05TMWV1bjVTSFh4eTRVWHc1N0NBMlotdnFITTlPWjZqZzFqaG9CdThyRjlqelBvVlhrQTDSAc4BQVVfeXFMT2lBamRyNGdkdmxNci1Hc1lKQVlvUUNzYThmMEJ6UXVrN0doZXVuamhfMDRrdlZ3NzBQT3JfYlhBVGlDdTZkb1Q0VS1WWl8tcUwwbVVXWFpPM3Z2ZldvSXM2OWVueXZtRkRTcmw2bkp4WVlXNHNEdGlfVGt5X2t0MDR6TjRHRk00RFBZdllTSzIyMEx3eXJlRW92NTJhV3M0WE9fVURMU2JIZWk2QUhOMlR4VzRoNVpqSEVjdG9aZ0gyZ1BHRUozdjNxTl9UNlE?oc=5,Google News RSS (10-Daily)
27 August 2026,Radar Jatim,Media Massa / Pers,Tier 2 (Regional),"Resmi Dibuka, Unesa Gelar Pengukuhan dan Orientasi Maba S2 dan S3 Tahun Akademik 2026/2027",Kemahasiswaan,Netral,https://news.google.com/rss/articles/CBMisgFBVV95cUxONFFBd1hUTE1jTTFpRXZoVVpFdzUwWGtIaUVDNTNYZmt5OG53eGxlUndfRFo5MVZYRVU1dU1VcXlsUl9fOHpXQnJyNHRnWlpnaHRPdm9qY1M5SzVRXzkxOTk3QmpyY0hERGR2bUxQc1gtZVk3MnN5V0FtWlhCYUt4Tkw1cGNyUmg3a1NYVWxlc2NvWlVLMmUwWUVITS03elIzY3VHRlZJSHpKQlUtb1dkOWFB?oc=5,Google News RSS (10-Daily)
28 August 2026,kabarbaik.co,Media Massa / Pers,Tier 3 (Lokal/Independen),Unesa dan FIBA Indonesia Dorong Olahraga Jadi Sarana Bangun Karakter dan Perdamaian,Akademik & Umum,Netral,https://news.google.com/rss/articles/CBMiqAFBVV95cUxOTXdrMUszbTBCQkM2Uk5pSVBrVkh6bTNHbzh3dGxTYWkwYkxVZmM5SS1FVWN2ZzhjVGI2dmZKYk9uU0g3WVlSRlFjZDJhQzFCWkIwX3YwMlVVV0xheWlRaUMyVlZqYkVPTjVzNk91b3N1WG9PNjBSaXBZXzJaX00wdkNHcGg3YjVnZENVWW1uNFB6Q1djb0lHMnVTUjlvX2xIR3U1U2xfZ2Y?oc=5,Google News RSS (10-Daily)
30 August 2026,Memorandum.co.id,Media Massa / Pers,Tier 2 (Regional),"Ribuan Mahasiswa Unesa Banjiri Magetan, Potensi Dongkrak Kunjungan Pariwisata - memorandum.disway.id",Kemahasiswaan,Netral,https://news.google.com/rss/articles/CBMiwwFBVV95cUxNTS1ndjU0bU1BNUh4TmJ1WVRjb0VabUNlWkJET0piV3R3RFBGNkstQXJ3bFJzMVc4LVQ5X0xTbjJ0YkFia3Y4RlRTeDN2aWJmMm11WFBVYXF6U2lhSWVQNkN5VFM4YkFNU2F5MHNfcTI0dUFBWHlwbFpaeExubUs5WU15QWdqMm9NU2xGUUJ4QTgzbE9aOWNHeGFYY21yN1VKa2RISHVqenh4elNCYlhMVzJub0RJMnFFUk9Qa2RFTGlPQTDSAbcBQVVfeXFMTzNZTkVTYWNKWDdSLWRreDlPeTVWWm9xR3d4cXAtbDFnTzVJZncxSWV2cC1HWmlEd1Y1NFlKMm1UTGlHQVhUYndTVkNsZXJjYlUxTTFFQmxDTzFSa2dia005T2ptOTdkX1gzS1dhbm95Rmx6S04xVGY4TTVtYjlUZnh2YThzeUpKRmxyRk4taEdrbXJfQ2ZzelZKWUk2SE5IU3FvZnJyM3poVlJoa3d4X0xGTVdGZmpZ?oc=5,Google News RSS (10-Daily)
27 August 2026,Memorandum.co.id,Media Massa / Pers,Tier 2 (Regional),"Tagih Janji Keringanan Pajak, DPRD Jember Desak Kejelasan Data Petani LP2B ke Dinas TPHP - memorandum.disway.id",Akademik & Umum,Netral,https://news.google.com/rss/articles/CBMi0AFBVV95cUxNSGpNd0F1cmYtcXZVSDVRajYwZVhGNkNTMlpVU3NnbE4yZzVfSC1hclQwbmNRcGZDbzNkOXN2Uzl2T2JERGRZOWpIVFhfd3ZKOTR2czYxVElHU0p4NjZGcEFiT2VvemJERFV0enJLaUFFTFBxejhpQzFpelJiNmlFSE0zY3dpb2VXODdRUUd4SFJoVWFpTFN4NHJuR3RlQWxMNTZQcXVZSGdXemdERDM5N0MyWWkyWE1tbS1RNFhaMDdGX1VQOWZVbDRMUWZuNGc20gHGAUFVX3lxTE1NSHZGZi1EMjlYWGFjbmlLOU1aQTVjSGJrOEZiSjVQV2VicFNFZnp0VnBycF9jWG5oaEVJYVBIYk1JQzVSbVNtT2FvaDJFaUxQR0RqWU0yLXl1b2MyVElRSEdyaDNwNGVqeHl2UGMxSXg3OGRwTGJhTlhRWGI4d0FYbE11dHY2WV9iUVhMeEdkaWR1VWdvVWxoYUxtQzhtQWNYa1hqdzZBcmhHUTR4NDFDalgwcWpxNTZabFhTQTBhVzBuMTF5QQ?oc=5,Google News RSS (10-Daily)
23 August 2026,LAWU TV,Media Massa / Pers,Tier 3 (Lokal/Independen),"Polemik Rencana UNESA di Magetan, Pemkab Diminta Segera Berikan Kepastian kepada Publik",Akademik & Umum,Netral,https://news.google.com/rss/articles/CBMiqgFBVV95cUxOV3JMNXIyQ1RfdUJkS2F2bi1GSHI5b3RCVkRaUXZxUGdSRURTdlQtSlcyeG9JTVFRYnpSQWcxX0I5ZXVfODMxdGRtbVpKanUyRmp4OVk3MkVTWFpIZ2I5OVN4Mml6SWpfOUZMRC1OdWtUdDRKLS00SFNDZFoyY2ttOWpwSUZmSmQ5Z2JLTnVGeWpwY3dGNmIybWYyb012TDhnSlBCQUtYbU1PUQ?oc=5,Google News RSS (10-Daily)
23 August 2026,Jatim Hits,Media Massa / Pers,Tier 2 (Regional),Tancap Gas! Emil Dardak Siap Bertarung All Out di Musda VII Demokrat Jatim,Akademik & Umum,Netral,https://news.google.com/rss/articles/CBMioAFBVV95cUxNeWJjR0pFSW9XYTctZC1TSHJOT0RsYVZYakR3Qktaa1ltYnFMQ3RiQ1k5c0sxY25XQ1pVNHNqbkw3YVlqVy1sNGdVNGtid2EyRUFqVDFoOVhrTE1QbThNbmtzdDA2U1pOYUdScm5RemlzcGVqMHB0Ykl5MTJmVXNwQVRzTFM0Y24tTzRlSEFXeE5JaF9NRFlBcmlFaHJFMnM1?oc=5,Google News RSS (10-Daily)
26 August 2026,ChatNews.id,Media Massa / Pers,Tier 3 (Lokal/Independen),Newcastle Resmi Datangkan Nico González dari Manchester City,Akademik & Umum,Netral,https://news.google.com/rss/articles/CBMiY0FVX3lxTE5oZnY4azhsQU0yamhBRlZCdk02RU5DcHdQNHVvZktDVnpETmFXNjZ1M0lUSlM2bG1oQzRSYnczTVMtZ1cxMzNxNVl5SUFmRlN3QUNwdXpkSFhTUzBUR1lLXzQwTQ?oc=5,Google News RSS (10-Daily)
31 August 2026,SuaraGarut.ID,Media Massa / Pers,Tier 3 (Lokal/Independen),Akademisi Unesa Soroti Penilaian Aset Satwa Liar RUU Perampasan Aset,Akademik & Umum,Netral,https://news.google.com/rss/articles/CBMijgFBVV95cUxNNk03TDFzdzU1cDh0ZzM0anRrWnk5UlBVNW13T0pEb3E3clZiUmU3QlJ2RVo3Rkh4bDhNOG44eXFxbDdQdkUyclBWVnl0MkRXblJWX0ZrNmJYOFNYXzQwaG1QcFJnSmMyS0psb1E3OFZoNTZ5bmhVS29IRnpEdG5iUGlDakYzR09sV3ZqWlNR?oc=5,Google News RSS (10-Daily)
24 August 2026,Moovit,Media Massa / Pers,Tier 3 (Lokal/Independen),Jadwal Unesa - FD8 (Feeder Wira Wiri Suroboyo),Akademik & Umum,Netral,https://news.google.com/rss/articles/CBMinwFBVV95cUxNZ3V5aWdMOGQ4d0s0TFVjX2Y0VFRGMnk2a0JFdmNPRHoyQmlDdk1lRUo4Y2pRMTFkWWttY2dTZTZUenN2NXhWSENrRFR1ZTBuLXJXTGZlMTRXeklGaEFMODNoaGxWODBEZkszMjNuRjZoN1lJLTZzRUZfX3RvcVd2S1RGOGd6dS1kTnd3dWFLXzE5Ny1WOXgzaEpjNXhmcG8?oc=5,Google News RSS (10-Daily)
29 August 2026,Moovit,Media Massa / Pers,Tier 3 (Lokal/Independen),Lamongan ke Lidah Wetan dengan transportasi umum,Akademik & Umum,Netral,https://news.google.com/rss/articles/CBMif0FVX3lxTFB1Q0ZzRml2Y3d2QWxUd0NjVFJ0bV9sclRRQjd2YXVFVThMbFJrNkk5RnphdEZ3R1J6dThwdWdlazMtMFdldlhJMHJ4dEkzSjRoc3ItRzU4REJ3a0tMbFhLR0daamRwaWZzTWthTUdGSlg4NUFKN1R6NGNGMDVfelU?oc=5,Google News RSS (10-Daily)
22 August 2026,Narasinfo,Media Massa / Pers,Tier 3 (Lokal/Independen),UNESA Campus 5 Holds ORMAWA and UKM Expo to Welcome New Students,Kemahasiswaan,Netral,https://news.google.com/rss/articles/CBMic0FVX3lxTE8tVGR0Y2lULWsyeFV0ZENlWFg3Ym9zU04tcXNLb3MxaGJWTXlaM1h2bmhnSVFjZk12U01TUEgweDB6aFdILVZ0emIxU2N2MHFxVF9mb3JxMUw2dm80VTF6UTVtVkJFb1RuQ1BBbVhKRFg3cXc?oc=5,Google News RSS (10-Daily)
29 August 2026,Moovit,Media Massa / Pers,Tier 3 (Lokal/Independen),Halte Klampis ke Universitas Negeri Surabaya dengan transportasi umum,Akademik & Umum,Netral,https://news.google.com/rss/articles/CBMimwFBVV95cUxQaW9BaXVBRHZGT3BHN2xGYndldnVZblBrcFRxYVVldS1tVnlHc2ItcnFIMndPQng4ekR2cWRsSzNKT01hNGdGRmgzczNGUU5hYTZJUDJHWXhwcGtXZnRZaDBlM09KYmt5dHlJSndzck5nVl8ta1cyMXgyUnJrU0ZQZDI5MDJlRWFWV0s0SnR6dTJ1NmxmRG1Wc3FiRQ?oc=5,Google News RSS (10-Daily)
14 September 2026,detikcom,Media Massa / Pers,Tier 1 (Nasional),Pesan Gubernur Khofifah Saat Lepas Wisudawan Perdana AMN Surabaya,Akademik & Umum,Netral,https://news.google.com/rss/articles/CBMirwFBVV95cUxPN2c4QUt5MkYzWWdPNVE3N3pWYXJ3aTVRMlZXWXI2S3dCNjB0RHlGZjE5dmFrODI0NFFmNE05RlJ2WDUxVkZQWkM1ZEdjMVlmOTExVjNrWjN1WFlTWV9wT21VTWtiM3BJUkltSllQZlJINzNobHZhRDJYYTRlaFNPZHIzUVNxMUdzUjBtRlM0cVZUTDdCRHpQZ0lrUzZLVUR5NTFSWHdsX2Y1WF85Z2VF0gG0AUFVX3lxTE1GVEJON0E4cGRiejQxWjh1V2J5bkJYVUtkSklBdjdPdkJzWVE4aGdsUVZjc3RJNEltYXlDU2UxNGE4c21SV1RTejlSelZvM0dUcXR0WlJ3VXRBT2hPU3dubWRsSFpKc1FNYU84WVhkdS1hS1NUOHBCN1MxQjBMWGZEZ0JjRHBXMFRpeUNmOW5YemlPUHV6RWZlVDlCdHd6Mnd6X21DSzVSenM5UTV6LXdfdEEtNA?oc=5,Google News RSS (10-Daily)
15 September 2026,RRI.co.id,Media Massa / Pers,Tier 2 (Regional),Tim Voli UPI Sumenep Siap Berlaga di LVM Surabaya,Akademik & Umum,Netral,https://news.google.com/rss/articles/CBMilgFBVV95cUxPbVdQV2xaS1hIMGpwZE5WeW93M2RwQVQwV0dtVHV5QkppSDBGZy1sU3J0aEU5NWtVbTJXS0VTTnZrUWM5RktkU1MwQ2daSTB4azM1SlVnRHVpR3h0cFotdnBhZUNiME5VOTN1M2dwcXZSQndRZmJzd1ktN2ZEa01pRkw5amNZRjh1bTJtUlpMaEpqbzRrWmc?oc=5,Google News RSS (10-Daily)
04 September 2026,"Kementerian Pendidikan Tinggi, Sains, dan Teknologi",Media Massa / Pers,Tier 3 (Lokal/Independen),UNESA Dampingi Penguatan Psikososial Siswa Terdampak Gempa di Manggarai,Akademik & Umum,Netral,https://news.google.com/rss/articles/CBMiwgFBVV95cUxQOFpNbzJ2SlJ1bE11WkVOb2RjYnJQRzlpaWtfRFlVZEZOaEhURUVTQW9Kc3pjN21DMkphQWNrWlY0VjNJeW9xRjFaN19wc09EMURfYXR1YVRNaG1ydlpWdlh3amlfdmtaNUR1Vmt3enRwOUtrOWw0YWZCMzVnNzdvWGhZUW9EeFU5bjFEYVVjQ005M2IyQXZNblhBMFFMaHhGUldCMUJsdkw2NWI5Y01jVWM1bWlQWWZEdFFTaGxSRE5OQQ?oc=5,Google News RSS (10-Daily)
10 September 2026,Superprof Indonesia,Media Massa / Pers,Tier 3 (Lokal/Independen),Dr Hardika Prayudi - Guru bahasa inggris di Surabaya - 150000 Rp / jam,Akademik & Umum,Netral,https://news.google.com/rss/articles/CBMixgFBVV95cUxPOHRhUy1BMlhPbUtXbUFRdV9pdmRlMnpSbFpuOXdBS1NVY2x5VXNhVEFtN2RkZ2lRZUItYmNCMUZEVEw0U1VCN3h2dG13V2R4X3BJQTVoR0RsVVUtb0xuNm5NMmVlRklDb2JtVzFxempxMjhqeWVBekVFc085aU5IVFRLMjd4cVhyOGxZSzVhM0JYUVR1U19sM3A2dzBzTnFoaHlNVDRIUkhOZVA0andaZ0Q0REpZVnlqc1dXdzc5VXpWMzI1ckE?oc=5,Google News RSS (10-Daily)
12 July 2026,SINTA,Media Massa / Pers,Tier 3 (Lokal/Independen),Universitas Negeri Surabaya D4 - Teknik Listrik SINTA ID : 6058164,Akademik & Umum,Netral,https://news.google.com/rss/articles/CBMifEFVX3lxTE96TkFjaTF6MDlVTWZ4Tm14b2UzZUJmZ1I1NkNNLU84M01HVHYtMzRxSWJROUExcEx1V3hVTjhCRjJsa3FuTXU1a3FTelhJS25hbzZMQ0RtZ0NCQ1VKRmJyamlUOU1jT1BweEhGeXJqT09SS180QmhsNXlKM3I?oc=5,Google News RSS (10-Daily)
09 September 2026,"Kementerian Pendidikan Tinggi, Sains, dan Teknologi",Media Massa / Pers,Tier 3 (Lokal/Independen),Unesa Beri Layanan Kesehatan bagi Warga dan Ibu hamil Korban bencana Flores,Akademik & Umum,Netral,https://news.google.com/rss/articles/CBMixwFBVV95cUxPb3BHV3phMl9fYWl0OV9tTmlfbVpUVlhhLS0wNHk0anRtRzlJcG4ybmpiUENyMTJfMUtNdHIzU2JmclVKV1NqcFp5NUhGQXA5dzg0bVZoMEEwX1ItcjJNeGhleWhnMHh2bjZybklsWGlQeVhPVXo1Z3dhR1BMRkNWd1FXb1BNREREQ1NCTkxFVnFTTFhzWFdNLUx0VENOLWdkYVBPTkF6M3MwTTI1OGllc3FnZjExTm9tRzNFNWc0elRsaDNFNjJJ?oc=5,Google News RSS (10-Daily)
09 September 2026,yycqueerinnovation.ca,Media Massa / Pers,Tier 3 (Lokal/Independen),Kolam renang unesa🏆 Kolam renang di bumdesa sekar gading kedaton memiliki,Akademik & Umum,Netral,https://news.google.com/rss/articles/CBMiXkFVX3lxTE1TdV9CZXh1Y2JZdTUyb0c4S3NubUhyQ2dTbUJKLUhqN2wxaGQzWHRQalBOaG54dUp0MWZxTlFuYnk0Q2xKSUY3Yy13bkxYUUhhUk9ROG54VDhfVVdOc3c?oc=5,Google News RSS (10-Daily)
01 September 2026,Kompasiana.com,Media Massa / Pers,Tier 1 (Nasional),Malam Ketika Pahitnya Mangrove Luruh di Labuhan Halaman all,Akademik & Umum,Netral,https://news.google.com/rss/articles/CBMiuwFBVV95cUxOaGFrbjlYV08zUC05YXplZ2pPNFdXWDRyTHRaQlZHTEZ5ekdVbHVHNExHU3dWVHplTzFIckdRTEVINjBmdEdQOGpRZEtGYTR5Zk0ycUVKdUN0blE0TmxJYWUxa0pILUNDWk5HQi1GN3BzUmV6cGRDbFhTdVBhYm9WbU5iak9oZkpXZWFCRmFvZXgzZzBGWkRDem9mYjZybzZXUTJmdm9qeXhIR19wSkxhSUc0bUlRZ2lNV0p3?oc=5,Google News RSS (10-Daily)
08 September 2026,Rumah Zakat,Media Massa / Pers,Tier 3 (Lokal/Independen),Peduli Gempa NTT Bersama Geografi Study Club Unesa,Akademik & Umum,Netral,https://news.google.com/rss/articles/CBMihAJBVV95cUxOamFUMHg2eDdkMlctT2FJM2xxenRfT2VlSDVVejZGSDdaeVNlQ25DWWU0alJwTUExRG1aRG5wbW9OV0w0OWxtMWJHYU5OMWtaV0xyWEpPejNDcUhTNVpmazBUMWVoblhWQ1hLdldvU0d0X1dodm1tMW5EcWttWEtvd25xRWxHZHh0Q0NZZlA2ZWFVbVdsVzN0NEVaS1ZiZzNaNlpwUXZmb2pCQmlKSkZjdXRkZ2w5Q20wRDZIVmw4eU1Qa1IxN2FEMjJfYkhvZkdHaF9aQ2pEWXlXdFJHRFZRNmVMN1pTUHFQY3ZVQVpuaG5wMkVpMGZmS1Z6a0hOWF9qeXVrWQ?oc=5,Google News RSS (10-Daily)
03 September 2026,undana.ac.id,Portal Kampus / Akademik,Tier Kampus Mitra,Unesa Gandeng Undana Hadirkan Misi Kemanusiaan Terpadu dan Layanan Kesehatan Bagi Penyintas Gempa di Manggarai,Kerjasama & Internasional,Positif,https://news.google.com/rss/articles/CBMi0wFBVV95cUxOVElmWk84VE5WZjV1Z3Rmd3E2d3o2bVpXSkJjWHBuamdSSVo5bVYxTTFpWlRfQjAxbjZ0bUNTTzRZM3ZHcDhCMGhnbm5oVWJGN25DTTBpdngxdlZJZWxaZWpwUzYxcmdvSktXbEt4cTdEVDJaOTZVcFV2aGs0R081WGdONVQwY3d6cTFMSzFEeFY2aEFCdnNnc1ZFc3RNVlljQWtTYS1LRG5rbi1yMllQU0RBS3dVSzBpRm5URE5sMmtfalV2Mm1ZMzZfVncxNW1CenN3?oc=5,Google News RSS (10-Daily)
06 September 2026,Glints,Media Massa / Pers,Tier 3 (Lokal/Independen),Loker Parttime Mahasiswa Unesa Lidah Wetan Part Time di Indonesia Terbaru September 2026,Kemahasiswaan,Netral,https://news.google.com/rss/articles/CBMiiAFBVV95cUxOYjVmYjVFbUxDR0ZkVmE5ZzZXQWhpSm1DVmxtUm5tYmVaUXVTU3k0bFhwZG1zenR5cXdWYm40WFpMMHdVXzJkUjQ2all1LU9vcWNPVkRHRG94UHRoTHpLSW5RUE1wU1I3SWNFXzdlVzIwVVo2Z1I4YnlyZDNVRUhjZ1dCdFMyZWpm?oc=5,Google News RSS (10-Daily)
06 September 2026,jatim.antaranews.com,Media Massa / Pers,Tier 1 (Nasional),PKM dosen Unesa ajarkan teknologi ekstraksi nutrisi cegah anemia,Riset & Inovasi,Positif,https://news.google.com/rss/articles/CBMirAFBVV95cUxOZHRLTXZWVkEtMDhxczFHOF9heEdaV0JNVGNSbkJiTnk4MlNMak5LNHFOdHFIcXhGWTRMMW5KWHVSUnhPUmw2ZmphdXNRNFJzS0FmYTZWRDJIbGdiOEdfRFFvRDAwRTdqc0p0WVZPczBBYUFYQU50VGRXZU5yTVFFS3QtNEpjRGFWX3hkb0xiN1ViZndNQk8wQ2dDQzQ0Z294S01aQWhnZEN1ZDJ60gGyAUFVX3lxTE83Z1RkWU1QMjBDcU1QTDd4NHVtTFJpaGtvWHFHS2VoR3R0QmxkbkhxWVVsTXdNTHRKblRjQjVzV1E2RVdtRFFVMVN3eE10bDBmcEl1bHNNbC1uVkNCX0pOeTlOUGE1SDdoZ04tQzRSWTJOal9Xek51U05YOUdJOHNxSkZ4R0ZycU14d3RnRU5ZZl8ySy03LVhCQ0djY2xHaDRPS3dVczlnZjUyaVZtcTZnQXc?oc=5,Google News RSS (10-Daily)
06 September 2026,SMK Negeri 13 Surabaya,Media Massa / Pers,Tier 2 (Regional),80 Murid SMKN 13 Surabaya Ikuti Apel Hari Pramuka ke-65 Kwarda Jatim di UNESA,Akademik & Umum,Netral,https://news.google.com/rss/articles/CBMipgFBVV95cUxOd3lycDQ1Z0t6VklmeTc1dFJjdzFPZWZRbktxMTkzN2VlQm5ScDdXN290ZVhEUk9uZlN3R0RFWGI4RUFyX2VBSjdveHRVNUZ3a3BoQlFMTkFUS3NESHRMbTd2VEwxOEE5cnJLRk8tQjVlNzRub1kyYTJCOF93VWZvWlBIXzB6eGdyZTdBRERNVE5FdzZjcUJjN1RpTlozVWFwdDFVeFZ3?oc=5,Google News RSS (10-Daily)
04 September 2026,Universitas Teknokrat Indonesia,Portal Kampus / Akademik,Tier Kampus Mitra,MAHASISWA UNIVERSITAS TEKNOKRAT INDONESIA RAIH JUARA 1 INTERNATIONAL AJANG UNESA 5 INTERNATIONAL YOUTH ESSAY COMPETITION 2026 – Direktorat Kemahasiswaan,Prestasi & Penghargaan,Positif,https://news.google.com/rss/articles/CBMi9wFBVV95cUxOODV6Y2hzLVVQYXl0UXAyYXlDT2Mtb3g4d2tUZWlMNXdWSlc3Y19rdHYtcE5RNWFoSDlYZ1VJcGRsSW5nM0R5ekFYSWpoRDhKR2hBQTExdUR2VGlPVVQzeXZ1Vm9mMF9jUHE1ejFqLUF3SGJPV2kzV0k1emlkSExPSk9GRGI3S0lnWWpKd2Z0cEQzLXBUd0RSbjMtY0JkYUEzeUIzTUwzdWFMLUcxVTBnbnlMMm5uc0tuakdqQm9Sdm4zb0FoZWtIeG9SQjZqQUI1bkVVWmhJMTkyQWFhNWk2TDRyYUJFaWNvZ3RRUTBQU2JNZnVKSlZR?oc=5,Google News RSS (10-Daily)
05 September 2026,FlipHTML5,Media Massa / Pers,Tier 3 (Lokal/Independen),SK Tim Reviewer Laporan Kinerja UNESA 2026 (1),Akademik & Umum,Netral,https://news.google.com/rss/articles/CBMiUkFVX3lxTE0tcVQ2X013S3diV2Z3MzVFNDNBUUI5c3g5eFYxRVZVOUUtWmJBWEY0Y3JiemYwNGVjZVROV2lCS0dZN2dFLUZkWHhJLWRTYU95SXc?oc=5,Google News RSS (10-Daily)
09 September 2026,Universitas Krisnadwipayana,Portal Kampus / Akademik,Tier Kampus Mitra,View of Implementasi Program Corporate Social Responsibility (CSR) Perumda Air Minum Surya Sembada Kota Surabaya dalam Mendukung Sustainable Development Goals (SDGs),Akademik & Umum,Netral,https://news.google.com/rss/articles/CBMifEFVX3lxTFBpWVcxR1cxSEVWNjIta2ozV0pNc0dNWkgzU1lPbXpkT05RM055YWVMNWFDSkc1bF83S2s3anEwUEpQZE44S1JJeDZER1BUcXZQZnBQZS0xemduX21aT3p2RGlBeU4zaTIwQmxxMjhUWlo0OW1pdjMtaC1JbWk?oc=5,Google News RSS (10-Daily)
03 September 2026,edukasi.kompas.com,Media Massa / Pers,Tier 1 (Nasional),Unesa Siapkan Beasiswa S1-S3 bagi Anggota dan Pembina Pramuka yang Berkontribusi ke Masyarakat,Pengabdian Masyarakat,Positif,https://news.google.com/rss/articles/CBMiuwFBVV95cUxNc2tnZDBCaUJMbmp6VzdFVlRuTnQwdjViUGJ4d0tRV2d5aGZGQ24wTHF1djN2MzVfb2ppcFg1WXBRVjFETTVmbklaZkZQQ0JRM3NlRllTNGNpVlhINjYyRm5sVktObHdiYjd2Zk1lcklyN3Eydk5vd2lHcVVqdFNFRFhYN2ZnalFYc3Ruckc4MWMtWTBrZ0l4VXZUQ0lheUNseUV4dkFRS2Z2YnpTRXZsckExVHkxMVdsNjFv?oc=5,Google News RSS (10-Daily)
03 September 2026,Biro Organisasi Jatim,Media Massa / Pers,Tier 2 (Regional),"Gubernur Khofifah Hadiri Apel Peringatan Hari Pramuka ke-65 Kwarda Jatim di Unesa, Optimis Pramuka Jadi Penggerak Ketahanan Pangan",Akademik & Umum,Netral,https://news.google.com/rss/articles/CBMilwJBVV95cUxOcVF6TG5DU0lMcUR1ajdKcGZGZmV3REJnSGtqc1BpU2w1MjQzRnBIVU44ZWl1bUpGMHF2a05aNmdMYlBrNVJaY1VBNkdLbHRka0hHb2I0am5Hb2s1MXRWZXpNMGhQbjFxMjhfRjdBQWhuNm91eDhVcEJLbEVMc3YzWllKRW51ZURLWVRpNUFKck5VdVo5cEN1NFB5U1NHQkpKckljYjF0M0pqQTcySUZpZGVvWmlzRjZpYW9hSkxhd3I1QkxBdy1kdk5odmRYTzMtemZiNUUxM3pIQXRRa0NCbEtHNDVwUTZwQWx1d3dIa2VOUzlMekNJOHAyYUpfMDR2eFhCOHdybndlcDl4TFphS20waWd6Nk0?oc=5,Google News RSS (10-Daily)
15 September 2026,Yayasan Maslahatul Ummah Ilal Jannah,Media Massa / Pers,Tier 3 (Lokal/Independen),View of PENGEMBANGAN GAME EDUKATIF ONLINE ILMU PENGETAHUAN SOSIAL (GEOLIPS) PADA MATERI INTEGRASI SOSIAL UNTUK MENINGKATKAN HASIL BELAJAR DI SMP NEGERI 2 SIDOARJO,Akademik & Umum,Netral,https://news.google.com/rss/articles/CBMid0FVX3lxTE9kbm5RNWdzRkszUVV1VU1XaS1udFFSMzNfazFEdEg4NENfc0VuZVk3NUxoamhmcktTOFZLWjhORDdKNktPT0RBR0dadzRBRmp4QmM4a0hacXMwQUtFcnBXQVVpeHJXRTZ3endFd2xkdWtpY25XU2Vn?oc=5,Google News RSS (10-Daily)
02 September 2026,codea25.my.id,Media Massa / Pers,Tier 3 (Lokal/Independen),Kotak Aspirasi Kelas,Akademik & Umum,Netral,https://news.google.com/rss/articles/CBMiSkFVX3lxTE5DUy1CY2NsUldVQktzZWlPcHZ2YndpUU5MY3VzN2xPSldtRGl5N3FCWVpSVnZMRHkyM0s0Z0FWZWxVazVjclBaUVFR?oc=5,Google News RSS (10-Daily)
02 September 2026,Kompasiana.com,Media Massa / Pers,Tier 1 (Nasional),Komunitas Rumah Made Hadir : Dorong Pengembangan Wisata Sendang Made,Akademik & Umum,Netral,https://news.google.com/rss/articles/CBMiywFBVV95cUxOY3pHc2JSaUh2ZV81VmNWMEpOXzBrNF95NWNEX2NkNy1OaGoyVVUybm1ydE5CZV83R3g5T3Vmd1JZdlY5cDhydmdrSDNFT2pjS09sUml6YVRXbnR2SDhlQkI4elF6MWtsdDVnLU11dWhvaWFnRS04aFhKZWhRVS02WENHc3Z6UFp4S2FlQ05YS1c4SlpjQ2VWeVRyc1FNeWcyVjY3d1RHcEdIUmduSWo0d0VaTUVoNW0tcW1fYmVLdGZ4VmNabkdiV2JJZw?oc=5,Google News RSS (10-Daily)
09 September 2026,Universitas Teknokrat Indonesia,Portal Kampus / Akademik,Tier Kampus Mitra,_,Akademik & Umum,Netral,https://news.google.com/rss/articles/CBMi-wFBVV95cUxNOTJKM1FhZ1ZrU0J6Zjd5a0VDNFBOdnY4aTQ0TW0xT29FakRVVEMyTGY4TTRKQ0wzMnBXb1NCTGRESjJuX2FqZE5SZ0JKVEFOOXpuOFU4R2txUDdZcURtSXVWQjZCdkdlQlhBVlQ1Rmg0QzR0RGZCdHJ5d1J6SGVFT0hpV3BOVVFYU2NIWkxpUTJuNUZNU2FtUnJySVV6VnI1UkhvaDI4WEVoRlZrdEU4VV92dDVKdkMtVS1CODNjQlV4TE12SHVleGVrV2k2eDQ0Wmlyby1DNU90MVFKbC1PcWhRelhKQ3B0SGM1Y1BXQ0ZldDh3R25TcDNwVQ?oc=5,Google News RSS (10-Daily)
02 September 2026,Ini Jatim,Media Massa / Pers,Tier 2 (Regional),"Dorong Penciptaan Wirausahawan Muda, Direktorat Kemahasiswaan dan Alumni Unesa Gelar Seminar Kewirausahaan",Akademik & Umum,Netral,https://news.google.com/rss/articles/CBMixgFBVV95cUxONUZqTUJzeFZzQ0hwYXpEUm1wWDNiQkF3NVdWbWdOR2QyQXQ5TUROcmQwYmlRNDB4MVpadjltLUEyZWJ4YXBYb203TkFFaHl6SV9HbFBGaTdEaHVISFM2ekxNYXoxR2NndGpCdnFIbUhxUk9uLXlCRzNOYkpEd3Vmc0J6TlpuZEZSQmE5akJwRThvYVVpMk5IdmhsakRtX3pWT0w1ckRSM0V6cW5qSDRhaVNVYXBPTjI5VVViLUhtaldCSjBUUVE?oc=5,Google News RSS (10-Daily)
02 September 2026,Ini Jatim,Media Massa / Pers,Tier 2 (Regional),"Dukung Inovasi Mahasiswa Tingkat Nasional, Unesa Sukses Gelar Expo Kewirausahaan dan UBC 2026",Riset & Inovasi,Positif,https://news.google.com/rss/articles/CBMitAFBVV95cUxQbGNBeUNLX2dzTGRSSFliV3doRU15NFctSl9xN1pzZTQ0dU5TeG4yZUF6NnVtb0RZUkllNGpNYXBHQk92aGdEZjBvZmtCQlJab2dvM09laTZnS1k2bjh6MklzNXZmRlNSMFdZUjhLQThGZGRXcWJrcFk0MnpoSF9EZUQySVpTT21scDFMUnEzUVdpNnpVYThzV2I0WnRDWDJfVnNkWFVrRndhSUZpYlh3UGdSdDg?oc=5,Google News RSS (10-Daily)
02 September 2026,antaranews.com,Media Massa / Pers,Tier 1 (Nasional),Unesa siapkan beasiswa S1-S3 untuk anggota Pramuka berprestasi,Akademik & Umum,Netral,https://news.google.com/rss/articles/CBMipwFBVV95cUxPQV85WDdiN2M1OXp1VEsxT3lnV3RYQzlpVFo0ck9UMjdPaWpBZmhxSUtzLWlqNExwZVF6V1EweEctdEtCanZ0TDVUSTFGUnpFRkJIVU5Sd200M1c4YVpkb0hZQ05OWGJVZU03bVJwbDk0andVTXpGMGNRbTJITWRwb3ZZOE9vUFU1N0ZWY2xxdkdzS2dVM2lHWjdfcE5TcUxMcHpFcEhlSdIBqgFBVV95cUxPaW1reDRTaFk2Z2hfcll2TnNlbFZNTUpQZEE0ZTBpZjlsVmNRb1p2QWFoeU12WUFwOFRGeUJGOHVHUTFvbnZBNFNva2thV29RQ3FiamlSRHFkaFFGYUFmSUljQlFuNE1kYkRjNTllTllGVmNNV0lyOWNoaHJTRnoySWZfVjJyMTZsdDNDLTlPdWlhZUtyOXlvS004S0FKMTlFaWVySllmWUlwdw?oc=5,Google News RSS (10-Daily)
09 September 2026,jatimnow.com,Media Massa / Pers,Tier 2 (Regional),"Unesa Gelar SDGs FAIR 2026, Inovasi Pembangunan Berbasis Pengabdian",Riset & Inovasi,Positif,https://news.google.com/rss/articles/CBMinwFBVV95cUxPbWM3OXNMX19mUVZ5QzhSSWtoY0FKUWM1M05aWGlncW9WdTZtbUlicTZBY1g2OWdySWdTbjRpQ2JSMVpJaGtYNk5pcnpWSXh6RC0wQVhrMUlWR3NBbkEwQjJhQW9JQVZ4ZGhpb0RaZF9JT3I5Y3BHRnNmMVlsV3pRT29Fdnh5VU85WnRWT3FFSURqUVlZdHJuRkZVQmtkM0HSAaQBQVVfeXFMT3o4dU90S3RoRV9XWFhrbUlncFVfQk9OOThMRktVNTNTMTFXRUc3WlpGR2QtR3E1WkFueUdQbFByS0JvdEt6dno5NmNKcElxb2I1ODBSQnM5dG5seUNfRzYxcDVjV3FPY2NFZjZPSnE0Tm9oX2tvdWxnQ3R5UDNXM3hzcFN6Z0VOMlRrUjdfMUNzYTJGSnhHZGIyV2VPcnFuTXUxZGY?oc=5,Google News RSS (10-Daily)
10 September 2026,yycqueerinnovation.ca,Media Massa / Pers,Tier 3 (Lokal/Independen),Asrama unesa🏆 Untuk tempat tinggal selama masa pendidikan profesi guru,Akademik & Umum,Netral,https://news.google.com/rss/articles/CBMiVkFVX3lxTE1iU3ItX2p5MnhxZ2kwVXZVMElXNnNPaGZoLVJUNFY3a3lKUmo3eVRZeEJIejJfY2toTTF0Z21XRS04Sk9ZUEdkRUNONUdnVW03QmpzcDlR?oc=5,Google News RSS (10-Daily)
10 September 2026,yycqueerinnovation.ca,Media Massa / Pers,Tier 3 (Lokal/Independen),"E administrasi unesa🏆 Highest in unesa history, alumni uptake in the world of",Akademik & Umum,Netral,https://news.google.com/rss/articles/CBMiU0FVX3lxTE5jT0ttUmhtY0JUSTliVXFnNFdKVHpCdjJOQTZiQkJlNlB2bXp3MVQ0RFd2X3J2SEFuZkhrdVNFNjgzWFZ6aW1CMk10eGxrRmRlSlBz?oc=5,Google News RSS (10-Daily)
10 September 2026,yycqueerinnovation.ca,Media Massa / Pers,Tier 3 (Lokal/Independen),"Batik animasi🏆 Seni rupa, fakultas bahasa dan seni, unesa dan alamat",Akademik & Umum,Netral,https://news.google.com/rss/articles/CBMiU0FVX3lxTE1rbS1xRkVXOVlGYm5Pa1k0Unh6MzllX205dFRyeHUydXlVOFVvWi1wT2Z5UTFZVDdseDhVWmV4aW80Q3FLTFVYUFpBdmFwUkM5aV9v?oc=5,Google News RSS (10-Daily)
10 September 2026,yycqueerinnovation.ca,Media Massa / Pers,Tier 3 (Lokal/Independen),Tata busana unesa🏆 Pengkajian dan pemahaman tentang konsep dasar busana pria,Akademik & Umum,Netral,https://news.google.com/rss/articles/CBMiXEFVX3lxTE4zOXgzR21KUFRjdWctRTV6WVJ1THRaX1BiWjFqNnlXLUd5Y3FlZnZONGM4SzJQQXA1ajBNTmZVU042Vzk4ZGI1T2xUd1NDNVVzcTBEa1htQS1TTm0w?oc=5,Google News RSS (10-Daily)
02 September 2026,Ini Jatim,Media Massa / Pers,Tier 2 (Regional),"Dukung SDGs 4 dan 17, PG-PAUD UNESA Dorong Pembelajaran Mendalam Berbasis Kearifan Lokal di PAUD",Akademik & Umum,Positif,https://news.google.com/rss/articles/CBMiuAFBVV95cUxOczdvYXBwUGszVS12Wkx5TUJpWXRlVTFGNERDT3cwOEc2NjNHamJLVTdZN2dxeEdtSERwdTlmallKSTI2eDYyR0ZaeGh6T09mUjVpaHUzZ1pVd1JLYzZRbVAtNDJsX0EwSUdXLUVJTUdBRFFKTC1jdGtSX1hJaFJGeUZIa0p5dGRvQjFla3pXN2J0MHNoWl80QURWaVRiajNhaVo0UnB0UGlQSzNvdmtVbXBzOVJyVzZV?oc=5,Google News RSS (10-Daily)
08 September 2026,Lentera Today,Media Massa / Pers,Tier 3 (Lokal/Independen),Tim Unesa Peduli di Manggarai Tangani Kesehatan Secara Menyeluruh,Akademik & Umum,Netral,https://news.google.com/rss/articles/CBMiqwFBVV95cUxOS2NEbWZOVTdnX2R3SGQyTGI5WW9MTUo0ME1PZ3paYm9wM1ZLZWF6N1QtRXM4N19IUUVfZXZaVVV0dGcwN2I2X2U0aVJ0R2FmOVhXaE55cXJLaWJDTEhFR2gwN3FZczQ0VjJ6VVJPUTJFTThHTWxtd0pkRkJfQUR6Ry12MnY3bEcyeHJsMHFZZk44dFhqMnl1SWVYb3ZEcDUyWG45Nmk4cnJGQ2s?oc=5,Google News RSS (10-Daily)
10 September 2026,yycqueerinnovation.ca,Media Massa / Pers,Tier 3 (Lokal/Independen),Contoh soal tes jalur mandiri🏆 SRIPOKU.COM berikut adalah soal ujian mandiri unesa,Akademik & Umum,Netral,https://news.google.com/rss/articles/CBMiWEFVX3lxTFA2bGMzWWxtV0JfeFdIeVQ2WjNnYjU2YlpDNmxoemZkcmtpTV9aZWFXdnhHMFJFTXBTeG9mcG45anhYbXNmSTRaNVV2Q1VCa1ZWRWhLZVR0Nmc?oc=5,Google News RSS (10-Daily)
02 September 2026,astari-sub.id,Media Massa / Pers,Tier 3 (Lokal/Independen),Ketua Komisi E DPRD Jatim Dorong Penguatan Pramuka di Kampus | KABARI - Portal Kabar Bunda Untari,Akademik & Umum,Netral,https://news.google.com/rss/articles/CBMiXkFVX3lxTFBoTl9OTE1TUXVrWDVLNTFhOG5rRUIxMFZlWmJMaGVWTkdKZGVCVzBlMW5DcF9aZFdFZGNkT0JVTnN6S08wWGJPcXZUWndvd2g0Z1JaQzdmSm1fOUNsUnc?oc=5,Google News RSS (10-Daily)
02 September 2026,detikcom,Media Massa / Pers,Tier 1 (Nasional),"Peringati Hari Pramuka, Pemprov Jatim Pamer Ketahanan Pangan-Beasiswa",Akademik & Umum,Netral,https://news.google.com/rss/articles/CBMiswFBVV95cUxPUWczVndwb1NfWWNYQ0t0Zi1PSDRSYUFOa1cteU1raDhCeTFDSGNNTlowNHpScktrc0dCeDIwYnNILUlMRzZ0MUNESmMwNGoyNC01UHlrajlLanM4MndncF9QOHctc1d5MEZxc2dfOU5tUTFTR1NRa2c1ZWt1TW11U3dRclR4LVV2Q1ZON0NCZmJvU2VGaktVTUVFN29wYUZOZzVQWnJfN0ZzYnpwZGtIV3VZUdIBuAFBVV95cUxNZXEzUzFfVWg1SEQ0NnVabmVwQktjXzBLSUlSc0VWdE5HOUZRWVJIN0tpai1IdHNoR0dWemdZekxmdFBTNEVfTjViVzgzVTRFWno1RnZ1a3lOWUpsalZhYmw0b2pxT1UxYUFVR2M0UTZqbXRlVHh0bENlYmJFTjlVenpVb3B4WEdhZVNaanU0ekVKOGNOQWw3eTJTMEtjVVd5Y1hkenh0TzUxV3A1ak5KX2pVUURGN0xX?oc=5,Google News RSS (10-Daily)
05 September 2026,lerucherdubecassier.fr,Media Massa / Pers,Tier 3 (Lokal/Independen),Ruang laktasi artinya🏆 Artinya UNESA Ruang laktasi Menyusui Melahirkan Bayi,Akademik & Umum,Netral,https://news.google.com/rss/articles/CBMiY0FVX3lxTE85VXZtTHZHQTcwQVNmSENkUXNxWk8xNlBybHlGUUZfWkJHN2k3ZGpQWWx2Wk1kdE1GSjNxQnhIR3Fkck0zNDVyRTBrMnRXVGRxTVgydXMxRTJPbGlJTFJRbnRJaw?oc=5,Google News RSS (10-Daily)
27 June 2026,Info Lomba,Media Massa / Pers,Tier 3 (Lokal/Independen),Cari Lomba,Akademik & Umum,Netral,https://news.google.com/rss/articles/CBMiXkFVX3lxTFAxMk9ybXowTjJPYTNoal9zNFJ4c2hwX0JuLWtheTFNZklSUmdqYUVsQlhEcXZoc0ppVE9YaFMtVWRJcERCczI4Tll4NDQybXdzcHN0V1lMa09MOFZFSFE?oc=5,Google News RSS (10-Daily)
10 September 2026,WPS Office,Media Massa / Pers,Tier 3 (Lokal/Independen),Daftar Siswa MAN Kota Surabaya Diterima di PTN Melalui Jalur Seleksi Nasional Berbasis Prestasi - Tahun 2023,Prestasi & Penghargaan,Positif,https://news.google.com/rss/articles/CBMivgFBVV95cUxNOXg3OTBGWkpkajF5T21iWkZydFVycmdlMzI1WHZqZEh1RmxFUXR5d0Q2SHZYWUw1RDRHNGhFVlA0ZTlzdVU3dk12VzRROVJDeUpRNTY5LUNKdW9LZDhoVDhTeWctMVB0UkNFcGRQeWVEcnNBeWpQMzBhaWViU2dwTjFabFVTM214aHNXLXhROWlBRTFpckxkOGpINmVGbVpKZlM3NzlOOHo1Q2tNUERKcHhQakVhMFM2X0REbXdn?oc=5,Google News RSS (10-Daily)
10 September 2026,WPS Office,Media Massa / Pers,Tier 3 (Lokal/Independen),Rencana Strategis FIP UNESA 2023-2027 - Pedoman Tata Kelola dan Tridharma,Akademik & Umum,Netral,https://news.google.com/rss/articles/CBMiswFBVV95cUxPVEVGcGk4WEFKYXc4ZEpqSFFsMHY0SlNra3hkWXJnSmtmRmpDVFZVOXRrcXhSUFdFUndVR0g2NEh6OFB2d3VxeXFiMFFxVnJ6c3FJbHJRXy1JVXc0U2J3dHl0TVFzUDZ6elVDcWUycmdFRW5ZVVMtbjZCZ1pSSzhrS3lUbGFhQjMyTDFxOENReW1vRjhXLTEyM2xucGlCUWYzRl9fZFZKaDR3YUtkeDZFaUYxOA?oc=5,Google News RSS (10-Daily)
10 September 2026,WPS Office,Media Massa / Pers,Tier 3 (Lokal/Independen),Pengembangan Aplikasi Sertifikasi Online untuk Menguji Kompetensi Mahasiswa Unesa,Kemahasiswaan,Netral,https://news.google.com/rss/articles/CBMi1AFBVV95cUxQcVBjQ2V1WTV2LVQ3cVhqQTBSUklkXzV3ZXFhcWJKTE1JN2pZT0FKWTctcXEwMS1DZ1o2a1hhTlczSVduMXRTYURfZm02OFdjOXFReVhNa2ZaeWJPb0xLYllBQXZHM28wZWM1ek8wZXkzQndES3RHNTI0WFNwOGM4YjNMSEhXWmJGejZpR3NyTnkwVlF0aU90UUpVbU9uTG5NYUlpVk5raXN4WHgzTmhib2EtY2dJUWFIelZvV1FyME9YQS1BMkNoVFdSUVdlb09MVkJ6Sg?oc=5,Google News RSS (10-Daily)
07 September 2026,transmediakemenhub.id,Media Massa / Pers,Tier 3 (Lokal/Independen),"Belajar Huruf dan Angka di Sawah, Kasiati Lolos SNBP Unesa 2026 pada Usia 15 Tahun",Akademik & Admisi,Positif,https://news.google.com/rss/articles/CBMisAFBVV95cUxQM0N0RWxtTXMzVmlXbVFNWHFJbFdaRjlVZkhsb3dWa2RFckdzdTZxZ2I0c3Rzc2VXRE1CNlZUR3FQWmpxNWp3MGdiN01NRG9vSnVpVVpLNFJ5VURQa0VzM1V2NDNwNU5lbEI1bTdXbmtNWHo2WldJX1lmQlRiVlBrb1ltdnlxRWZhSm9OUHZHOUxiMTY5RjBzb1RZUU5YblpRYWMyNmgyZXhVZHdhdVVlaA?oc=5,Google News RSS (10-Daily)
10 September 2026,jatimnow.com,Media Massa / Pers,Tier 2 (Regional),FGD Unesa di Bali: Diseminasi Inovasi Pengabdian untuk Pencapaian SDGs,Riset & Inovasi,Positif,https://news.google.com/rss/articles/CBMiowFBVV95cUxPNERZV2xsRVpXbGRKdkJZQTZiRVFFMkdiZU5xRUFoUmNlcDNpUTMtcTM0QUJBT2JFNm16eVU4THFTQnNWQXlGR2pTOHJwakt0N0I3QUttSHFUb0J3b2w3RTczY3FLai1Td1pfUmgyLVJ2ampQMzhDREZmdl9ZeEtNWXo5X2FXYjNlX0ZST0pXY0RrcThfM2VRRTkzY1o0NkVRMVNV0gGoAUFVX3lxTE1NX0w5TU9YcWxYRkJYYWVZcHZPenZYazRXdHZobUhVOTRBcW8zMUhpT1c3aHFuT1FaMHFlRGliUFZ6MENxbGE3akh1Qnh3LUJlTFVmM1ZkSkVMT2FmY1FXcF9mdmhYQXhkcFBGN25HVzEyYnF4b3Z2djkwOUlUUk84ZUhMWnlIV3MwLWpHVUtnQzVNaFU0YzUtMFdWcnFHZ0pjUkRCaHl4bw?oc=5,Google News RSS (10-Daily)
07 September 2026,Malangkab,Media Massa / Pers,Tier 3 (Lokal/Independen),Portal Website Kabupaten Malang,Akademik & Umum,Netral,https://news.google.com/rss/articles/CBMi0wFBVV95cUxOQU54Um56SzFTeDRYY1d4bFIwYkZIU3VnbS1ROW42NTNhWk1peUp6Zl9nZHVGQVE3ejhON0xlT3hYdmc3RGZ4S01tc0trTFBEUmZlcTdWb1FOcVlmWldZZ1NvNGl3dHFrTnR1RmtjbkF4OERzcThyTU1iWUVIY0tydjcyMzVqdy1MSlhEQm01em5WaE1lMk02NXZjMGhwd19aelpNaVcybzhWZkd3ekZudnZQZmMtbUZlUDJZd1RlYjdxTDE2U3FoZDlDbE9mNTdRcTZF?oc=5,Google News RSS (10-Daily)
08 September 2026,TIMES Indonesia,Media Massa / Pers,Tier 3 (Lokal/Independen),Unesa Bantu Layanan Medis Warga Terdampak Bencana NTT,Akademik & Umum,Netral,https://news.google.com/rss/articles/CBMiqgFBVV95cUxOd2JEazN6dk9IZEhhdUJuclY4ZjVJeGNRaTcya0ZSTUVmLVFYY2pZN3p1M3B2dlg0X2oxQ29yT25wNkxpSFFadVQzZ05KWVpmWG0xd09tY2g2THphVTFiYXNSTFpzWFhkX0tCODJTME5DeEc1eTZVdVZiX0dsVnlvZGdDU3VIY2lUdFVERzd1U3lCVnpCYzVmczd2bFRMVDJwQm9NX19hN0tqZw?oc=5,Google News RSS (10-Daily)
10 September 2026,WPS Office,Media Massa / Pers,Tier 3 (Lokal/Independen),Analisis Pemberdayaan Sumber Daya Desa sebagai Desa Pariwisata di Kecamatan Paciran Kabupaten Lamongan,Akademik & Umum,Netral,https://news.google.com/rss/articles/CBMi2wFBVV95cUxPY2NKYkluTHBBUW1HVVQ0X2UxZXV6RzNWa0FGMlpYZUFtcWxlYU11RER5cGVzX0NsZGR2RDYyNXItS3k1YUVwMkdXWC1SZlpJVXJXYy14eWNvOHNCaG9ZUlpwZnQ2dVkxWURpTzJrV2pRdXhONHhyWmk1Q2N6YXZ2aG1XdXgwd2phODVlY0QxRENDb1BaRVJuZlVKNXNoZG5Uci1MZVdzc1J1VDM1ZzJkeXF4NmkwXzQzV1lEMHo1ZXdvcG1Lc25HZTRBWTNZWWdRdjVoWmFtc01wT2c?oc=5,Google News RSS (10-Daily)
02 September 2026,Kompasiana.com,Media Massa / Pers,Tier 1 (Nasional),Mesin 2-in-1 Mengubah Cara Labuhan Melihat Potensi Baharinya,Akademik & Umum,Netral,https://news.google.com/rss/articles/CBMiwAFBVV95cUxQdmo3TXRtWmwzeXZvTjA1OG1SWnhqWlR5NmRoMkkxOG1ZZnJ5YmliRWxJTHZob1pidElHRjRWWGhxSVdmX2hfQlZYZXEtbDI1Y2x0QUR5ZVFxVzI0Rk16SExsd2QyNzVDdUgwZnlEVFU5bFB5OXlZSW5kVmptQmg3VGxKX2txRG43WU1Fc25oM25aTjdEUUlMNDdlaWZIRDlkaU9xamtBZXNnWlpwa1BienN6S1ZwdmdRcGUyLXdhNmE?oc=5,Google News RSS (10-Daily)
02 September 2026,Pintarnya,Media Massa / Pers,Tier 3 (Lokal/Independen),Yamaha Profile & Lowongan Kerja Terbaru 2026,Akademik & Umum,Netral,https://news.google.com/rss/articles/CBMiVkFVX3lxTE4yYTl0Z3lRc1haR2tUam9nWTMxOF9nY0dzbjJ2YmI2d3V0eTJ3OWlTWDF3c2M1MC1wZ1U0VzA5VnBQWm14Z1NiaDZlWTVnY2xXa1ktZWN3?oc=5,Google News RSS (10-Daily)
08 September 2026,Pemerintah Kota Surabaya,Media Massa / Pers,Tier 2 (Regional),"Pelebaran Jalan Wiyung-Menganti Surabaya Dikebut, 950 Meter Ditargetkan Rampung 2026",Akademik & Umum,Netral,https://news.google.com/rss/articles/CBMixAFBVV95cUxOWGxxb0lobkJCMkh0RzVZbkFSdHlueW03MUJXTE9IYkVTSG1sYWZRNFdWSEVHUjdDLUJSRm82ek5OTDYxX0JmVktPclVXcndQdkJTWFJkcTROYlZpdUtUVk9vRVpYMVlMTVlXWjVrMDU1dWlXVDFSQUFlbHhsdnZhd2hxVDJqbEhucTVVMk9kNnZVSC1iYzhPdWxTaUFIZjF6X2k1U3FQRXJobkpmVmR5ZlYzZEt1ZTNRazFLYnVEekxBSjhm?oc=5,Google News RSS (10-Daily)
02 September 2026,joecy.org,Media Massa / Pers,Tier 3 (Lokal/Independen),View of Strategi Guru dalam Penguatan Sikap Toleransi dan Empati Pada Siswa di SMP Muhammadiyah 4 Giri Kabupate Gresik,Akademik & Umum,Netral,https://news.google.com/rss/articles/CBMib0FVX3lxTE5KdmY1S2xlc0ROTFpfd0hONWpJcHE3ZlNoOEd6WmdnTEMzY1pMREhjRHJ2WlhpQ0FaY0FzQm15bnlfTmY0Z0J0eTRpVXhQU3NlUHJfQmxfaE1NMU9kYkRPUUJESV9DMGVTY1BKM2NKTQ?oc=5,Google News RSS (10-Daily)
03 September 2026,Suara Pemerintah,Media Massa / Pers,Tier 3 (Lokal/Independen),Swasembada Pangan Jadi Fokus Hari Pramuka ke-65 di Jawa Timur,Akademik & Umum,Netral,https://news.google.com/rss/articles/CBMingFBVV95cUxNeTUyTngtakN5cWR0NVhWTHBFRDRqZWc2N0U5em5XQnFJY1dnNDYwQ2FjRmt0VnBoZlZSb0NpYVdvN0xMNFhXd0VhWlMyUHprR0kzLUstX2RjaTBsVllXakUxdFRHaVdVdFEtS2xHR2hkaXVvclIzY1h3aFNwbTdTODhySTM3c3hnN3B2bEVjbl96S2NiakVEaFpMSVkzZw?oc=5,Google News RSS (10-Daily)
08 September 2026,Threads,Media Massa / Pers,Tier 3 (Lokal/Independen),JawaPos.com (@jawapos) on Threads,Akademik & Umum,Netral,https://news.google.com/rss/articles/CBMiuwFBVV95cUxNZGVWallaZ0R0Vk4wVkxRekV5WWhhZ3FfMk03WERRZThqb3Q0QjdWME1YUXI5X1U0OEs0WklPYVF4NDVTVUNtWFIwdWItSHJ1dmtTRVkyMks2aVJ6aV9uVXdiN3RfVzJTTnphVjhLWVBFTExHTGh4c1BJQkhQeVltY2k2dDRHMWFBUE50cU55U0g4M0QxVWVDamdyTXdXeWJlc3RTSFEzZEZhbHN4ZGF4MVFmSDFFdllyX1Zv?oc=5,Google News RSS (10-Daily)
08 September 2026,TIMES Indonesia,Media Massa / Pers,Tier 3 (Lokal/Independen),"Hadir di Tengah Keterbatasan, Unesa Bantu Layanan Medis Warga Terdampak Bencana NTT",Akademik & Umum,Netral,https://news.google.com/rss/articles/CBMi0AFBVV95cUxNZDZNSHIyR2VySkdtQVhMUEVIRzV2S3ZJRGQ0V3ZNWjg0MXF4RXFQM3lwalJFQVBGdUNrckpUdFQxZm9udUQ4UDhxVzZhTWV4aUhKOTRMYjF1dXkxVS0tcWJqUUhQdDh6OFB4Nk1BM25WRENOS2d6TGM4VkdkQ0tNOE4xMzNNQWNobWU3UXcyalZxV1M3REVWdnZabWRldldCNnJQNXlOV0M3ZUxmOGFxRGxJV2MxWGhIaHVsMW85UkU4bVl6M2E5SVh0a2NFLWFW?oc=5,Google News RSS (10-Daily)
05 September 2026,HARIAN DISWAY,Media Massa / Pers,Tier 3 (Lokal/Independen),Tim Unesa Peduli Perluas Dukungan Psikososial bagi Siswa dan Guru Terdampak Gempa di Manggarai - harian.disway.id,Akademik & Umum,Netral,https://news.google.com/rss/articles/CBMiywFBVV95cUxPQUcwcE9YS1ZnVW8tcVdrN1pLcmhlR1pfaDNQbWs2cnFDRkEzSnF6VXptamE4TUEyWFgwRGVxOHVBZWV1WU16N1lyQzk1YnM0YjhTTW5kc2NKSDRGS25jRjNxbng1blZUOVA5a09zS1lmcnB1bmtCX0htLUNkLVRfcFg3LTczenFkMVdyRnVtcm1URDhOMlZzQVJhZmhOY0FXLXdHdnc5Yk9DSDN3Vy1yYng5WGhmYnBzaS11bG5PQm9BSS1xZkN4b1kta9IBygFBVV95cUxPRUpEcEZGN01EZHJWODZjYVg2SGRDTVg5T19pdkRQZVdRNDJVQ09MTjI0aU9uTU5ISjl0dm9OX0lvZHVsdW44d1hBVjJ0a0l1UTRtSV91QkFiUWxrSUpHc2FmdFpHUGttWWVkWExwTnZrZ2phZTh2V2FxZUFBcG40anZJWUtfWXJqNnR6MmpiNy1tNEVuaDV3d2R2ck5xaW5zV3BiMGgxZHdpdTM3a3NnRHMtSDByOGlUTnJZdklzcEVlYzBpUlhvS3Vn?oc=5,Google News RSS (10-Daily)
08 September 2026,Threads,Media Massa / Pers,Tier 3 (Lokal/Independen),Meta AI (@meta.ai),Akademik & Umum,Netral,https://news.google.com/rss/articles/CBMixgFBVV95cUxQTEJyQllnUW9uZThYZWFXWklkY2Z1UHpwLVBpREE1QzhENmt0bUdqUXFaM0FEemhSb0MzZ3JDUHh1bW54UE9ZRHA0eVNrTGJLV0U0a1N5bGtRM1FDbnhPTUpNQTJLQ3I2ZWdXZThlQUVidXA4WTRVNnNGT1RQSURVNlo5NU9Zd1J0c2lZaHFSOGx4TnQ5bms4QVdOeTVkOWRQdjJmX0p5VmxONXNfQ2MwcEVOWWEwTFpMZHdzcXJ2bTJwZEdqX2c?oc=5,Google News RSS (10-Daily)
03 September 2026,kogartap3-tni.mil.id,Media Massa / Pers,Tier 3 (Lokal/Independen),KASKOGARTAP III/SURABAYA HADIRI UPACARA PERINGATAN HARI PRAMUKA KE-65 KWARTIR DAERAH PRAMUKA JAWA TIMUR TAHUN 2026. – KOGARTAP III,Akademik & Umum,Netral,https://news.google.com/rss/articles/CBMi6wFBVV95cUxQcmpCYUdCeXpDZXhhcWxXQkViR3JYc0dXWUxmdmJNaVI1czdpU2p1c195TmtqY0p5aDFrUkhneWZZUWxLSVJzX3R3OU5wenNvdFFoQmtDSVFTZEFVaUh4VjZrOWI1bDltUDQwZGY2RXdwdWF4d1VaSnozUjk3bXRtWEwyQWdaWmhzSEpCR2pCekZ3eWdGUUhEY0xOcEZ1M1FYZGRudTNkSTZJTGlGU1JuMlkyaXo1U0VYbWxKRlFMd2ZlbDZ0NFFaNlRuRzhieldJQkNZY3lQTC1iRW9DUHB3bG5HVjNrMTlCVW9n?oc=5,Google News RSS (10-Daily)
06 September 2026,Kompasiana.com,Media Massa / Pers,Tier 1 (Nasional),Profil Eka Khilma Umatul Karim,Akademik & Umum,Netral,https://news.google.com/rss/articles/CBMiUkFVX3lxTE51WV9PcDZVakJMZUw0ZVhCV1NmYjljM3BEQmVVQkVCMldrYWVRVFFMUEFsbmVxU3VzTTE4cDU4cHRmcERQRkE1VHdwSzNpSDlFN3c?oc=5,Google News RSS (10-Daily)
08 September 2026,jatim.antaranews.com,Media Massa / Pers,Tier 1 (Nasional),Pemkot Surabaya kebut pembangunan jalan Wiyung-Menganti,Akademik & Umum,Netral,https://news.google.com/rss/articles/CBMioAFBVV95cUxNd0VzbzZPcHFmcmVPc0FhMHNIb0h6SkV4QmFDdEVwTnlEVE9DNGZaOGRydXhvV0JoT0ZhYVBfZnF6blhOTjFnNWwzbld5bk1mRzF2U2duRWdobl9vNmtXRnFleVFacEJaYlFoS0UxYlFjRl9WcFNZX2pHbFMzVmNtbVBHd3JZUmdLZmI0RjVIbU5ibUo2bmNONFNnbU84d1Ns0gGmAUFVX3lxTFBjUlNFeE5uSlk1cWQzODB6TUxIMXA3V3M5TGtmQ2RzUmJVNmRiNEFlVU5HOTRBRnR4TFdjNkYxenYwemctcnl6MGVDY1d5Zzk2V3pBZnBBaTRlOFBHOTN4Z1ctX09ISldIUlB4RGVvWU1VR3N1Z2dvbkdOMjhzMVRyQ194dGJNc3hPNUs5bTlwY3c2UkZyRDdybEpjVTRMT3F3cnFLWHc?oc=5,Google News RSS (10-Daily)
09 September 2026,WPS Office,Media Massa / Pers,Tier 3 (Lokal/Independen),Pengembangan Modul Ajar Instalasi Motor Listrik Berbasis Software Zelio logic - untuk Meningkatkan Hasil Belajar,Akademik & Umum,Netral,https://news.google.com/rss/articles/CBMi-AFBVV95cUxOOHE1Nk4tdGVrU2hPUkNjQzNUbC1NbUR6Q1NEZC1FV2hDMVlTWHBRSWRZUEF0ektwX25tblhMWlRDbVRjUGtnUEZjWEFXdElSTnhIOUkxcUVLdmpRZEZRNTNNX1FZSWo3MDBpYXZhUFMtNzlKOUEwY0U2RlUzckUyVlhNd0dwMUhwRjkxSmtfbC1vZmVOQ1I1VGltUGFEOVdrUHJVRXM2NjN1c0NyelFXdTJ5OU1fV3lPN1hvazdHNjBUdk9EVTl2dzhINnJSV2RKS0Z2dXg1SUVBVXZUcEZKMV9qSUpkVXJxTWhDb09wbGdLSEJsZDZ6TQ?oc=5,Google News RSS (10-Daily)
06 September 2026,Studocu ID,Media Massa / Pers,Tier 3 (Lokal/Independen),Fonologi (2014212019),Akademik & Umum,Netral,https://news.google.com/rss/articles/CBMigwFBVV95cUxNSGotWUg4WUNHcHJqWV9iY2liaG1vaXlHVjhXWUxfemEtSGRHY25oQ3hNeWlpcENnV0YzaG1HWDhoRENPczJtaWxTSEZjczE1QmtJTVZoWHpQWW1hZTJJV2lHMXFPOGd5NUUyQTd3Z3BoTHlnSVptV1FiVlpya24xU0RCYw?oc=5,Google News RSS (10-Daily)
10 September 2026,WPS Office,Media Massa / Pers,Tier 3 (Lokal/Independen),Implementasi Prinsip-prinsip Good Cooperative Governance Dalam Penyelesaian Konflik Koperasi Merah Putih - Abstrak Penelitian,Riset & Inovasi,Positif,https://news.google.com/rss/articles/CBMi_gFBVV95cUxPZnZaUjBYVk8zeEp5SEJIbDZVaTgtQlRCMW9KeE8zcGgtbWJ1ckhxR0ZmUTdUVUlsZmdKb1dLYk5BT2FBV2RQVkRRQUVabjV3N1ZEbmYzTnBNNTZ4UVI4V2JydnMzUHMwb1VOcmM4Rm1LYm8tZ29ocmFmenRPMDdNOHJqRzlHYkZfWmVZeE5UbXJVc0xDLUNUemlUOHotWUZsemJEWlg1NHBQUEY5TUpJakxzRUdXaFd3aWt4WlFuTDZnZW01YXJDYV9RLVBDN2hhdFk1LW1YbjAwWjR3S0hnSDdNVWhvU0NxeXc3eFc2NE16VE5XaUtKMFcyZlJIZw?oc=5,Google News RSS (10-Daily)
08 September 2026,surabayapagi.com,Media Massa / Pers,Tier 2 (Regional),"Perkuat Konektivitas Antarkawasan, Pemkot Surabaya Kebut Pembangunan Jalan Wiyung-Menganti",Akademik & Umum,Netral,https://news.google.com/rss/articles/CBMixAFBVV95cUxQZWxaWmZnbURkeFF2UGRtU1Q0M3BhQnBWNnFKUVN1eWlLUThac3BQRGZSTjZZNExmcEo4cTN1eHJjcl9xNEFXaExJTmZGQU5Ed1c2djVtQ0N3SGc5c1FmdWFZbi1IRi1US1lOYzlRU0h6V3BwN2d4QUZJQk5NYXR2Qk43eC1LWnMyb1I3b0tHNm9hYnpHWUdUbUhtenROUFpGdktuZDZHRWltSFR0SDlvdTU5dldXRUJBUEdaRFFMRUU2cVJu0gHKAUFVX3lxTFBUalhJTGlhR1dmZ3RNblBUbDcxUThvZTUzOTRWMlRHTDZBTzRCOEpHMVR4R0FDOEFEV1ZzTVdYOXRpWV9Rdk9yOTB0OHZuLTJobEZzc2o3T08yN0h3c1pjNXBNQ0NwWHBFbU1Pc2NJU2M0WVlaTGtXc3otbkFmd1M2Q29HdUNuSWh0dU9DdkY2N05lTHA2U0gwd3lzQ1BjV2F6c3JhUWx3OTdKNWFvcnVjSmtQMC1UYlVRY1I0Qmc2MzZkRlh0TjhLd3c?oc=5,Google News RSS (10-Daily)
03 September 2026,Dinas Komunikasi dan Informatika Provinsi Jawa Timur,Media Massa / Pers,Tier 3 (Lokal/Independen),"Hari Pramuka ke-65, Khofifah Tekankan Peran Pramuka Dukung Swasembada Pangan",Akademik & Umum,Positif,https://news.google.com/rss/articles/CBMitAFBVV95cUxPcTY3a3hTNkdFMTdYQWkycXotY0J3dTBsQl9XTjJLYXN0X1ZSQnVNdFprSWp2Q3hIQWVnM05TVHg5aWdLRzQxZHNkR3JEV0NUVUllakdvZS0zNFdQcUVBNnQtOHpIOFVvd2VuVVVhNHVYd0IwX0d6VDZqRkJFZkh1RVNjZVhIVEszYnNHWUJPQU82T2JqcFJ1dHJIeV9MdXVGNWU3b2FEZmdTS2NtQzQtSFY1RV8?oc=5,Google News RSS (10-Daily)
10 September 2026,Suara Surabaya,Media Massa / Pers,Tier 2 (Regional),Pemkot Surabaya Lanjutkan 950 Meter Pelebaran Jalan Wiyung-Menganti di 2026,Akademik & Umum,Netral,https://news.google.com/rss/articles/CBMivwFBVV95cUxPTXc4N3dMT2p1cG0zdFJRZnVncnZFNEJjMlY2R2w1ZE5VU3dTQVhnVy01RWZ5eHRsWWdtODR3UG9QTE9XdGFKZGpJbDFlREpTY0V4RklVSld1YkxvT3lvMWlFNVdjTDNMVXBBaVpkN3pZaHpKZHdlUzJZY1NnS1RPb1pIYmhpbGpqaFFrZGVrbmpxUC0xSFVmQUh2bkI3VkE0aVk4cmhSS3N6b2E2Tjh3VEV3c04tTVY4SERBekd2Z9IBxAFBVV95cUxPN2lmNm5vaGdBOEI4SVBtZUZ1QmJFamJtZG9TdlFyTU83SEVZQWxDZEt3bmY5bEFnV1BiTmhyTTBfQ0RjT1hhdEFjd0RqT1dVVkREMjA4UklNNFZhSDd2a29qZnpYSnRkZFZmWjFxOTNDQ2h6dUdzQy1DZXhBeVJCYllPOXd5Y1lwQ1BscTdteVJ4a2JuVWg5S0FJYzhUd290SDY2YlZ1SUZxcjZZS2g4MS1PSmRLaElNSmNiUFFwdm1OSXlr?oc=5,Google News RSS (10-Daily)
05 September 2026,Kompas.com,Media Massa / Pers,Tier 1 (Nasional),"Foto : Laki-laki 25 Tahun Cabuli Balita di Nganjuk, Pelaku Terancam 15 Tahun Penjara Halaman 1",Akademik & Umum,Netral,https://news.google.com/rss/articles/CBMiygFBVV95cUxNZFFZOTgzRlcxZk0tRkROaTZtTmNtbUlYQVBQQUotSGNVZktkWEZyR1VycEsxT0xTNUxENUtuUVp0Z1BVYmx5QWo0Qk9aOTgzNkZTd2MzWEttYmU1Q2J5MGFJQmFvY09MRFcwWDVOckRkNHk0YTZ2NW9KOEY1Y3lsN0xsTnI0WjJjWk1qZ212aEJFYnY4STNxOEFEaUowY2ExMjZZMGFNT2t3WElGa0N3WDhNUXV1a2RCaVZQYVdPSW83a1FPNGEwUnpB?oc=5,Google News RSS (10-Daily)
09 September 2026,beritajatim.com,Media Massa / Pers,Tier 2 (Regional),Unesa Gelar Pameran Inovasi Pengabdian SDGs FAIR 2026 di Bali,Riset & Inovasi,Positif,https://news.google.com/rss/articles/CBMijgFBVV95cUxOc1BGODU0UFRaS2xQZFgxLXN1MjBQUG5iMkNUa3FMM01kZXVjdGFnODQ1WVZxMHFLblA1Qkp4YW1jV3htZFU3UGhXWkd0eFVfUUppc19SdHpWTENjbzROTTUyMVFBUGx5d1BFemhJWm53MzU1V2JGa09xaUZrSGxVT1hzcXdTNHBhX1BLWXZB?oc=5,Google News RSS (10-Daily)
09 September 2026,Universitas Negeri Malang,Portal Kampus / Akademik,Tier Kampus Mitra,Home V2 - Fakultas Sastra,Akademik & Umum,Netral,https://news.google.com/rss/articles/CBMiR0FVX3lxTE9VUVFOaVpDTU1pVDhMS0tsclZwNXNEM3R5VEE5ME5UR1FDS3g3bGhsYnh1QUg2Y3I1NGFEaXR1Rm1hS2tyLUFB?oc=5,Google News RSS (10-Daily)
10 September 2026,WPS Office,Media Massa / Pers,Tier 3 (Lokal/Independen),"Creative Accounting sebagai Informasi yang Baik atau Menyesatkan - (AKRUAL: Jurnal Akuntansi Vol 8, No 2, April 2017)",Akademik & Umum,Netral,https://news.google.com/rss/articles/CBMi4wFBVV95cUxOTFc4eDEtR2d2bFlSSTl4RDZSNFZ5NEZZdE15Rjc4VHVQdFQyWVF5MGY0ck00bDVoYzBvRG1Uak1NVjVoS0ljUjY5N3k4N2haSHA5c1Zsb1NjbUIxRnJNTldwcU1zYU4xNlU2OXByTGdLb3VGd2VkeVdweFB6UDZrUVotRnpTallsdHd6bHo2MVJxODBaRHNXYUNhME1zcmw5ZFZHRmc5bDNTekM2MFQtMEM3WEJreEFmUjBMdldGMnRQTktidUxuZHNZa2VubWJreDJFWHNkNDRvN2Fwamx4VDJjdw?oc=5,Google News RSS (10-Daily)
10 September 2026,WPS Office,Media Massa / Pers,Tier 3 (Lokal/Independen),Pengembangan Lembar Kerja Peserta Didik (LKPD) Kurikulum Merdeka pada Mata Pelajaran Teknologi Perkantoran Kelas 11 di SMKN 1 Bojonegoro,Riset & Inovasi,Positif,https://news.google.com/rss/articles/CBMi_gFBVV95cUxOd3oxN3BfY0tQYTFscFFOUmNQdjRNQkpxbDc4TFNnOVZDTlp6UUI3RUE3enZKbTRHeG1acW5SNV95VjBRdURua1h4Y3hZLVNjbjVQRDRpQnAyR0xlR3RDR3JadTdCV0lTS0hIeW1udkhtel9XOU9za25EaV9oTloyYmxkcWhUQzRRM2JMZ04ydWs2TldQcHR6UFJaQ3J5Q3VoaGpxU29yTW1YSXNMVFNHNGJYNHUxcUVyamZqdkQzX3ZocUlnQndGZmc0TWNRZ3hpWkZtTlZJcE5pb2stRWVqMnlnX0kxNFp6V2R6WXRkVXRWX2pDUWF2b2M3UG9Wdw?oc=5,Google News RSS (10-Daily)
08 September 2026,Harian Merah Putih,Media Massa / Pers,Tier 3 (Lokal/Independen),"Pemkot Surabaya Kebut Pelebaran Jalan Wiyung-Menganti, Target 950 Meter Rampung Tahun Ini",Akademik & Umum,Netral,https://news.google.com/rss/articles/CBMixAFBVV95cUxQUUZZX05IM2g2c29lWXdnRWltTFZFNFB3bVNTNU1Tc3A2TkhUVkk0VDRLV3BtTjhjTUZpcWRyOVI2YTJjMS1QZm0zdi05Ukp0N09KdENpRTFOV2tQdllBNENtVWdJV1lNQVFuMDNXcnVXYUJqcmhwWURpS3FjRjk4WW5ONGdIVm5aZE5kSEhpUEEyWUpWSUZ1b3ZTZkp1VWNNcjNxUlFwSWZ1ZmlWUWpoTE9EZmZfRUt3Z21ILXdlWmhnQnRu0gHKAUFVX3lxTE9aX3d4VWFlaUdYSVhuZ2x0dW9FZW5jdzFFX0FMMDNyV3FOUWktakZybGpxcXdvUUlHU3Q5Y3F3aFdhMHktTGhOX2Z2dDh4Y01zSFl5YmhtTVhJeERGUDlWd1lKRHNfa3NTeTFWMXdkRjFFOWdDOF9GLW9YWkVkVlFvdkhRS2dabTVtVmFMR2lybXkwZW53bHltcjNEWlJUOEJHTzVQUFFyaF80MVVUdTV4bi10eWR3a0Z3TTB2cUh5WUZ6dGtwLVdfMHc?oc=5,Google News RSS (10-Daily)
03 September 2026,Lentera Today,Media Massa / Pers,Tier 3 (Lokal/Independen),Gubernur Khofifah Dorong Gerakan Pramuka Perkuat Ketahanan Pangan,Akademik & Umum,Netral,https://news.google.com/rss/articles/CBMiqwFBVV95cUxOeTFOMm1wMC0tV1Q4a0ZJcDFpa3k2Q2xPOHJDeWhtUktfNW1JNVN5UEVtWXRLaDFYZmdPV1R1RWVOeE81cDUzSlVWakROdkU1ZmxPQmhIdE96RFRxQmZWVGJ2QU9JWmEtWnYyM2ktUTJHdmJXaEZBZkM4SkJtM1QzSUVINFBMaTBZeHRDX3lEa1Z3MEVULWJzVDRZWU1qX2l6UjFNR2tGcUxyc2s?oc=5,Google News RSS (10-Daily)
07 September 2026,sequoiaenergia.es,Media Massa / Pers,Tier 3 (Lokal/Independen),Brosur unesa🏆 BROSUR; BROSUR ENGLISHSCORE; BROSUR TOEFL ITP; BROSUR,Akademik & Umum,Netral,https://news.google.com/rss/articles/CBMibEFVX3lxTE1ibnBLQkhXVi1JNFdnaTlnVlRQSTE1dXhNWV9MX3g3ZzV5VEVKbTNSRzJ1a3hHVF9QeDdZVURKaW1faU05OGZtdUt4eXJyYUVjRVA1RGQxckROVXBJOFNodENoMXlSOEphNDgzSw?oc=5,Google News RSS (10-Daily)
03 September 2026,Studocu ID,Media Massa / Pers,Tier 3 (Lokal/Independen),BrightNest (Sby),Akademik & Umum,Netral,https://news.google.com/rss/articles/CBMihgFBVV95cUxOMzZOWWljbmVYU0FFZ1IwRTkyMm9acTA2VnJISFU1bWxVbGc3SkdXdGYzRVB2SHUxWFRlNEVWUDB4Y3pSaWc0TEwxWEJBY1lWUXRRSUh1SUJ3cWFZby1qSkpGTHU5QVAyOHpMcS1IN09LY2xCNUJxOVJhQmR4bVdNNVFGTDNWUQ?oc=5,Google News RSS (10-Daily)
06 June 2026,coretegrity.com,Media Massa / Pers,Tier 3 (Lokal/Independen),Keuangan,Akademik & Umum,Netral,https://news.google.com/rss/articles/CBMiVEFVX3lxTE5OeFVnY2o0MV82WFFkbGJPM0tYVklEQ3RLQ3ZweHdWTUpQSUNsU1gtYTBBZHFsaDRVa3VFZHMyVG81dWdrcmszcUJCd3l0WjM0S2I0cw?oc=5,Google News RSS (10-Daily)
09 September 2026,detikcom,Media Massa / Pers,Tier 1 (Nasional),"6 Terdakwa Joki UTBK-SNBT di Surabaya Diadili, Ada Dokter Gigi",Akademik & Admisi,Netral,https://news.google.com/rss/articles/CBMiugFBVV95cUxNN1VLZnJBSW83Smh6R2MxX0pOeDgzTjh6NzJfN2wzejhZSUhyMzJOa3psT0pQT3pZemlfZEpuM2lFMGx5aHpYSEo2ZXVuZHpfa3hBZGlkOUd0VDZleDZ6ZGZOeFl1dC0welZHYURJWGg2ZWJvRzY4NWZnanAyUnJhZG1JRzRMOG5mQ2JnMlYxTzVpdDVJdVltTDZ4Mzd2di1qRFpKVU5zUEVlbGg5bDdMQW9zSWdITE1rR3fSAb8BQVVfeXFMTW5mdU5fOWlFYjN0ZU5qOEdYMkxsX1NwWGQ5Z1ZoRHN3VXdoMUctSmgtSVJiblphWXQwREpOSDFROV9QQzZCR1d4a2JBbmtMR1pfdldvc3BmRVplZS02eldwcjNfZW1hNVQ3WnY4N2ZjeDk1VjlhMUw3VVdHRG5PYVhpSFVUNGtSQmJuT3BYQTM2YzFjeUxZY3hCYllldFV0WGEySWxodnMtVlVsb0M2NmZObFNwV2ZaOXVEakFTR1U?oc=5,Google News RSS (10-Daily)
05 September 2026,PropNex Plus,Media Massa / Pers,Tier 3 (Lokal/Independen),Dijual Rumah - Jual Rumah di Alam Galaxy Surabaya Barat,Akademik & Umum,Netral,https://news.google.com/rss/articles/CBMiggFBVV95cUxQbzdIWEp0UVMxdnBUMnVyVEZrdlJEbkVDSTZxaXFKY1otOU1nWWs5d1ppdW5naW1kQTdmZkk1TUJJdlBlQXNXZ25iTTdzMDRIempwdGRkemlTV3hoZFlWUE5wUWRIVnQ5UHhvUHBrV2M3d1lUZEp5QzJ2X2RkMHFBUXlB?oc=5,Google News RSS (10-Daily)
10 September 2026,WPS Office,Media Massa / Pers,Tier 3 (Lokal/Independen),Pengaruh PTN-BH Terhadap Motivasi Kerja Tenaga Kependidikan,Akademik & Umum,Netral,https://news.google.com/rss/articles/CBMipgFBVV95cUxNYy1YNkJJS05PbXZKYzEzUWJsdXRiVXRzVHhOODNKeHFTZGRuSWV6SFBKN2sxRFluWlRSVHVIWVc2RTdSb2txRW5DUUhVVTZxSDZaU2RxWlBKT1A0S0NRSlBydWc1ekQ0eHpVNXVTalpDRVJHZk1ibTFMZW9fSWw2aWdNNU9LZ1I5QmIzVWlzLUJUOUpZVnhaaEtGaWcybFBadGJyZVdR?oc=5,Google News RSS (10-Daily)
02 September 2026,antaranews.com,Media Massa / Pers,Tier 1 (Nasional),Pramuka Jatim kembangkan benih unggul untuk ketahanan pangan,Prestasi & Penghargaan,Positif,https://news.google.com/rss/articles/CBMipAFBVV95cUxPTmI3eTZnZFN2Q2dpR0JkQ3JMMDluSGJxQTNLY29PTDBGblpGOHZCdGtQYlUyZHpndjRIbWVWR2pKZU5HalcwWHlLOXdBM25aSEt2N3lSTWJvSklwYnlaa3Bxc3dCOGNPY3dHYUgweWhqNHF0cWhyLTFFc29SYXp0WDNTMm5GYXBkeXZNVkVwZnM3cUFNN1QzVWVuc1FOYWhfZFprQdIBpwFBVV95cUxOWHNPMVkyWWFDYWZ4cW5aSjdDR21HeEtaazFZQXhKcTFMMEhmODUza1hYSjRLTkQwZnNoU0JkYXhqTko4Q1I2NWFKRWlWWXJUUmh6THVfZUhCRTlPYVloaE9IX1gyd0c3c3EyUDkta3lOSTFYdnNrOXpUOXlab000RUhWaThodFJWU3RZbXVkX0tDN2Z3ekZ3RFpqVU9QNW9MS1E5TDdFRQ?oc=5,Google News RSS (10-Daily)
09 September 2026,Lenza Nasional,Media Massa / Pers,Tier 3 (Lokal/Independen),Haornas 2026: Kebiasaan Duduk Terlalu Lama Bisa Jadi Ancaman Kesehatan,Akademik & Umum,Netral,https://news.google.com/rss/articles/CBMinAFBVV95cUxPOEt6MG5wMDRhdmhVQjlPNko4cW82SjQ5bzItbl9rUHRYRDJjZ3NlZjl4N2dNVkJxZDdzUkFEUWVHcGtQSnlicExkYTBoRGZuWlJCakp2bVhDZnd6cDBnckZGemZ6UVljS044MDRHMlBxWTdmbW8yM2g2NElqOTdBMl9fbkc0em9GU0tGazZKaVM4WTY3ZzJFWE5JU28?oc=5,Google News RSS (10-Daily)
07 September 2026,Kompasiana.com,Media Massa / Pers,Tier 1 (Nasional),Dinas Ketahanan Pangan dan Pertanian Kota Surabaya Apresiasi Gagasan MOSAI,Akademik & Umum,Positif,https://news.google.com/rss/articles/CBMi0gFBVV95cUxOYl9aZ3hLT2JIZ1Z1QW5jMjRDOERVLWtPQ3MzR0lSRjlrYnU4WEkwSWotQ0FhNnpraEMwdVpfLUlzU2ZNaktMZDRSOENXNzFZMTVieGxRcU1WYlU4RDZpN1had2c0TnV1ZFR3SklJLXpIUlpDc2hQRlpmUG1VVkR3elZyTVJSMjJwWlBIVlk5Y1VyUFcwNGJlaGlzTGkzeGg5MEJVYWxFaW5KVlNIWHk1LUdWdVB0YWdoeldDYnh4TnJTLWZSNTBWblFqeVExcjE1WGc?oc=5,Google News RSS (10-Daily)
10 September 2026,WPS Office,Media Massa / Pers,Tier 3 (Lokal/Independen),Keabsahan Surat Pernyataan Kerja sebagai Dasar Hubungan Kerja - Studi Kasus PT X,Akademik & Umum,Netral,https://news.google.com/rss/articles/CBMi0AFBVV95cUxOWHBDSWdIV3RqQmdqQ1hXRy12V1hLVlEyY0F6RlBRSy04d1lqTll1ZUJoTldqM001TTJBNElxQTZWclU4NFRDcTNGY1JSN2ZpckI2Y1BGQ3llajBqR0JfblV2TjFMbGVHVzktZm9iWjRSWVkzMTVrUUY4Mk9OTm1iNlEyT0FxdG1mVWpNNDlwdzliUXFSZzc4cFZfTTRXTFZ4X0xHVDlNUEsySUY0S3FJWWR6anhKZUVOMEhFbnlUd1VHY3B6MWN5QjcxZGVWbkhG?oc=5,Google News RSS (10-Daily)
16 August 2026,Tagar.co,Media Massa / Pers,Tier 3 (Lokal/Independen),PKM-RSH Unesa Archives,Akademik & Umum,Netral,https://news.google.com/rss/articles/CBMiS0FVX3lxTE5RdzRBczQ4dlNvNnFJUGpnSFlSNXhZWGZJNUlWTTRqUU9NRlIwc3YwX19GYVcxWkoxbkFIb21NRWgxR2llRVduaVYxWQ?oc=5,Google News RSS (10-Daily)
10 September 2026,WPS Office,Media Massa / Pers,Tier 3 (Lokal/Independen),ANALISIS PEKERJA HARIAN LEPAS YANG DIPUTUS HUBUNGAN KERJA - PHK,Akademik & Umum,Netral,https://news.google.com/rss/articles/CBMiqgFBVV95cUxPNFA0aWhlN0lLOU1Nd21JUWpQekYxOXpqNWZkMUIxcXBad1FZZmJBVjFjdGFuVFY3WjhQU25SQkJSakx3X3lfaV9ZZ19BTDIycF9PTXNZUENWbHZ1WDlxOTQ2V09rTU1IY2FMTEYxaUI0bnBJLWRVbzRXbVFac0xMTUU5UjdyN0VRbjhjd21zeG1JVWNRSTlfRzlKd0dQV1RDemFIdThjRk5GZw?oc=5,Google News RSS (10-Daily)
10 September 2026,WPS Office,Media Massa / Pers,Tier 3 (Lokal/Independen),"Pengembangan Modul Dasar-Dasar Manajemen Perkantoran Berbasis Kurikulum Merdeka di SMKN 4 Surabaya - Putri Balqis Ainun Rizki, Novi Trisnawati",Akademik & Umum,Netral,https://news.google.com/rss/articles/CBMikgJBVV95cUxORVdlY1ZlLVVTVkZzTW5UMFNuay1SM0ptb0FpVV9yYUxHMkticFJfR0RGMGpiZHhaVGxYNWcxOFUzbEMzS29WaDZPemRTVDdTOEFYZ3IyZ1FPb2lyVkVZbW1OUXQ1VmJ6c0pkQUdaNlJXV0NBaVY5OUFJNnNTaFpNSWlIU1o4UktMZVFBMUxIWHlXWlpuT1FVOFdzZ3VTenVUZEE2Z0VCM3JwOUEtRnBfUTk0WnBQeHhiVUlpSHViX0FCRTRYUXBxVEtfb040MmN5dGE0WWdoX2ZFallkRDZFWHBRRmdRVU1tUU9LdFlpbHRObWM5WTFWb293eElzM3ZCNW90X3FJMGNpRHBjeFp2OWN3?oc=5,Google News RSS (10-Daily)
03 September 2026,jatimkini.com,Media Massa / Pers,Tier 2 (Regional),"Filadelvia Galeri Kembali Dibuka, Voyage Perjumpakan Karya Maestro Dengan Generasi Muda",Riset & Inovasi,Positif,https://news.google.com/rss/articles/CBMiugFBVV95cUxPMkNRTWlrMEpFNmhNZ1B3Y0M1eC1CMjRRNThPcklEcHB6d0lwakRHMmVsZTdST0FpamgtWklFakNWTkRqQ1o2UWZuam9Bb1hJMG9oSWtJcTY2dlY2Q2QtbXpSVWlsRTZjZFp6Y20zTjktUUxkWHc0TlNfQXF2Wk5NNng0WFMzbC1tLTZZSEZIMThDaUpObDltWmhKYUc3bENjYmZnTUVYT3ZWSGhFZjZuXzd5RHBVZDJHR2fSAb8BQVVfeXFMUEFpankxN3BvaG1uQUlNaW40cmMyZ0tPQm1tS3M3MXFCMUFoTVc4NVVXWTFRU19lSzQ3MUZITk5JQ0dRal9OeElhN2lVWmpNV1loV1pSN1hlR0E4SlBvNUx5eHprZG9xY1hSWDJXV0xxTDBVZURZdzV3Q0VYaGFCSmJFVW82X2s3Z3Fva2dTV0ZESVF0b2JGanRHMHlfaHZqTW9iQzFobTg4OENxSS1MUFpwTExBOVNHanU0QVVWX2M?oc=5,Google News RSS (10-Daily)
04 September 2026,RRI.co.id,Media Massa / Pers,Tier 2 (Regional),Berita Foto - Wabup Madiun Hadiri Apel Hari Pramuka ke-65 Jatim di UNESA,Akademik & Umum,Netral,https://news.google.com/rss/articles/CBMiowFBVV95cUxNYkRGdVphWWhsRFdWaFZIQlpnMTgtSkdaOUY0T2x5NXBKMkktUk1sVmJUT0JBRWdZeVdONUUzaml3U0FJMWw2X1Mwd2xZX1NuT1YyYmMweFQ5c0hteExRNzU5VkRhMUk5eVk3cl9lQlFHdDR1a0tKRzZnYTdJVHpLcWd3YzJiQkNZX2N0V19TUzFMRlp6ZnlYWTV4VmZwT2w5OXNV?oc=5,Google News RSS (10-Daily)
09 September 2026,cakrawarta,Media Massa / Pers,Tier 3 (Lokal/Independen),"Pemulihan Pasca Gempa Flores, UNESA Perkuat Peran Keluarga Lindungi Kelompok Rentan",Akademik & Umum,Netral,https://news.google.com/rss/articles/CBMitAFBVV95cUxPcldSVzlSNDMydzhuYm9OeXpZRHBmcE1nRkNmVmFxUG1NUlRXbXVtUDJNbUgwSlRaWDhhMkZfWEdkM3BKYXl0ZG4wcjF6VDhmVV9uMVJMMHhFOEpNLU5QZzlFTDdYSkVKd2I0aUM1R0s0LUE2S1JUNjJFQXExaXIxMkUtem9XdVBUMlQ5b0hsY3l5VjFOQUcxM2FjYXV6ZlVXNkV5TU03M1dGY1dLRnlCLW02NGQ?oc=5,Google News RSS (10-Daily)
08 September 2026,RRI.co.id,Media Massa / Pers,Tier 2 (Regional),UNESA Gandeng Akademisi Jepang Bahas Tantangan AI dalam Pendidikan,Kerjasama & Internasional,Positif,https://news.google.com/rss/articles/CBMiqwFBVV95cUxNNzBxdlJja3FzWTNueDNkMVlRR09sVzZ2TlNzWVdjajdKdEZ0M2NJRWVHQ2FLMGlYQWtkWi1KTnNHWmJoTHNMbHlYWUVPX09fY0dvaW8tcTdIWlYtdjhtQnpVM3dhWmp3dDFsNHUyRURtNno0YWFsclB3Z3hMRTIxQmg5NGkzWXBmNHJzTUFIWnY0Z2ZoN3Mzb3hodE9fUzkzTWxXYUMxUWJSQTg?oc=5,Google News RSS (10-Daily)
09 September 2026,swaranews.com,Media Massa / Pers,Tier 3 (Lokal/Independen),Pelebaran Jalan Wiyung Menganti Surabaya Dikebut,Akademik & Umum,Netral,https://news.google.com/rss/articles/CBMiiAFBVV95cUxORWRxSjkxVWt1Q1ZfMURRWnFlWTd2Rmk5UzJVV3NKTjlRLXFWd1NXdDhZOWpMb3cwdEVaSUd0ZXZuZ2dPcjlCUzIyODV2TG10bjN5akQySkFneTZNMzNYalZkNnNXeDZxYS1ha0tmcDNmeHJPN0tSTWNXakJTOGdHQUpYOWdKeXdH0gGOAUFVX3lxTE5KRTJJUS1lc0dkNU9kOXZUQWpLSzJDVHVsTlN4MjlJTFZfek81VDRqazRDRTRxemlGbEl1MFVSOXhLT0ZLUFFlUmQzVWVrNVBvTk5SUnhlY01IaFFNVzdDWUhOT0ZMSlZpRlhfU2ctSnhIc1pNNGhSNFVVZmJnQ2xvWl9jWnFwcHdhM1FHYXc?oc=5,Google News RSS (10-Daily)
07 September 2026,Rumah123,Media Massa / Pers,Tier 3 (Lokal/Independen),"Siap Huni 45jt/th Disewakan Rumah Palm Spring Jambangan Surabaya 9x14 One Gate Bebas Banjir Dkt Polda, Telkom, Unesa",Isu Hukum & PPKS,Negatif,https://news.google.com/rss/articles/CBMiiwJBVV95cUxOM19jWTZrUktwa0pfUmh2N0lhYVMzajZMWjJKZTZ5aDJISEhVWnEyWnpmVjZyN3R0Q0hjY0dhcFFlcDUzQWhiUE5DMzU0cGt6cEkzVnJrN0hZLWJLMG5FRWhpY1NnSzFhT2tfdXNMa1dFZjZ2RVBaNU5TandnSGFqVHlYVkppMHJPT3JLSmcydUR1Q0p6TzFlemdBNkhEeWo5RHl3cnhFcTFzN3VKSTJZUnU2SzVIZjJhVUNIdkwydjl3UmJXM2I3a1M1bC1aZU13UjhtSnRiNXMzN2F3aDctUXhucmVTWmRvS01MT1FpbVNuUjR5NHN5dWxFamJGVE1RQ3V1X3FldE5XWWM?oc=5,Google News RSS (10-Daily)
19 September 2026,Kompasiana.com,Media Massa / Pers,Tier 1 (Nasional),Dosen UNESA Dampingi Literasi Keuangan dan Kewirausahaan di TGBC Thailand Halaman 1,Akademik & Umum,Netral,https://news.google.com/rss/articles/CBMi5AFBVV95cUxNOXVzZkJ1TVRNRWt5TC1aQ0hnRHhqczFuaWhPODVJaXRiZFZCWXVFWmV6Q3FXLS1IbDRFanJsQzhxcXgwaW5md3M1eE1wN2Mwb2taZ0d4U0VmOV9IMlkxaThrSngwaWNUeVQxNzlKM2VjWUZxNW9QeWNIa1ZDTUFhWURhdmh3TUZ4dUF6Y0JZNUduZU1CNThOeHRHR2NPeFEzUmk1SU9CdGNlMTEyOGZPMUNJYzZhUjljaUpXU1NhY2JaVnJrLXY0TVlwOUc1eklhMGE3MlAwTlMtMjFpOEVOZWI1b2E?oc=5,Google News RSS (10-Daily)
18 September 2026,HARIAN DISWAY,Media Massa / Pers,Tier 3 (Lokal/Independen),"Baca Buku Bareng, Cara Komunitas Rabo Sore Ajak Mahasiswa Baru Cintai Sastra Indonesia - harian.disway.id",Riset & Inovasi,Positif,https://news.google.com/rss/articles/CBMivgFBVV95cUxQTVA4akRacjUzTmVwRTZacWdHT3NGYUN2d0VmYnYxYWtPSGJEMk82d0hpTzliTFdheGJkRkFRLVIwc1c5amRWUnJIZFB1MXlNQW9GZDJvQXlXbk5tcDV1cm1EdzBnS2NHTC1qYjN4OGdJSm5pTGJ3aTN5Vmp3cGIzRUh3Wi1GeTU4TlJrd085amFueVBDVEhkNG0zMGUzV0lfMjRRaEs1TXZSN0NsX3dQcE1fTzB3eWJWelY5VEZ30gG-AUFVX3lxTFBNUDhqRFpyNTNOZXBFNlpxZ0dPc0ZhQ3Z3RWZidjFha09IYkQyTzZ3SGlPOWJMV2F4YmRGQVEtUjBzVzlqZFZSckhkUHUxeU1Bb0ZkMm9BeVduTm1wNXVybUR3MGdLY0dMLWpiM3g4Z0lKbmlMYndpM3lWandwYjNFSHdaLUZ5NThOUmt3TzlqYW55UENUSGQ0bTMwZTNXSV8yNFFoSzVNdlI3Q2xfd1BwTV9PMHd5YlZ6VjlURnc?oc=5,Google News RSS (10-Daily)
18 September 2026,Kompasiana.com,Media Massa / Pers,Tier 1 (Nasional),Profil Fernanda LailyRahmawati,Akademik & Umum,Netral,https://news.google.com/rss/articles/CBMiW0FVX3lxTFA5TWdOaGEydll6RjUyWnZBeTlOS2c1ekUzdU5iLUdvd2t5eU9RSXBjb1RQYjFLX0xtNElIeURpNC1pbU1nTlJYUnVRTHNxN3VvNU9NWjhSU2c2MGc?oc=5,Google News RSS (10-Daily)
15 September 2026,RRI.co.id,Media Massa / Pers,Tier 2 (Regional),Tim Voli UPI Sumenep Siap Berlaga di Liga Voli Mahasiswa di Surabaya,Kemahasiswaan,Netral,https://news.google.com/rss/articles/CBMirwFBVV95cUxNc3BIODBoaC0tcmtFTXVFdnVEa05HTkVHN0V6ZGViNHBBNmtmT3czeW1qaG5OeXU2UGtNQUh5MVJrUkF5Vk5yYU40OS15eUV1LVRGTFR4R1Y3aWUyaG13SGF4QkJVM1NoZVRob1FqQTdzbURBcEx2ZlZCSFVER243RTUxc2FPT1NVWXkwT2xLcG5zRXYzb0M4Z1BPeHZGNXYyNVk4Qk1fbGlXOUVVRm1R?oc=5,Google News RSS (10-Daily)
17 September 2026,Kompasiana.com,Media Massa / Pers,Tier 1 (Nasional),Profil Atta Divanita,Akademik & Umum,Netral,https://news.google.com/rss/articles/CBMiW0FVX3lxTE9YODAyOVQwSnpRY2NTSTE3eG9PamtGQjE1RGs1N0NuYW9oSXZUYU1lRHBjbERLUlRmd1FCYVFXeWxrQ0EyNmhYRDhGeGF1cXc0RUJSWmN1WnlLVFU?oc=5,Google News RSS (10-Daily)
16 September 2026,HARIAN DISWAY,Media Massa / Pers,Tier 3 (Lokal/Independen),Apa yang Bikin Publik Figur Indonesia Tone Deaf? Ini Kata Pakar Sosiologi dan Komunikasi - harian.disway.id,Pikiran Pakar,Netral,https://news.google.com/rss/articles/CBMixgFBVV95cUxNX3J6NjQ3LUtjdnVGSHoxOU1RdzJmcFhURXZMNkpUOExPZDZ1a1BySmd4R2t2RXJNMXBKYlh4bmlKZ0E1bDhIZldfVXV6bGtvTjRnWmVvYVQyZXh2VFVldzBKMUdXdHNuUGdVWXZ4ajd3WXo3Nkp2UHRUaXVXTm1IU1I3SnZQeFFFRTJNOWp3ODhuS1lEdElqY3BleGd5WlBfMk1YaDJyOEN0a1Q1UDY0VGl3MHNWUDdORDFLT1FvUWYxTEtXQVHSAcABQVVfeXFMTmtJakxJaHUwSHZUR1gtamRuaUM2SEtfY0JnNG80Ykx0YnpDTlpDdHVuYW1hRlpocnJHYmdRTVVib0VQTGlwNDJrcWV6MFpydlE5TnEzSXM5UnNYaGFGakE1RVF4R1FNSk9neWdmUkZxRllHZWVRX2x5aE93bFQycEJhNHM4Ui1NaDFRMTJFdGEtQlY1emIyN3BYNTVxUm5zNzNCeFFoVUxGS0JzY0NOVTlGenEzY3J1enBpVFZ1Tzky?oc=5,Google News RSS (10-Daily)
17 September 2026,Kompasiana.com,Media Massa / Pers,Tier 1 (Nasional),Profil Rahmadian Kahfi Zulfa Kamila,Akademik & Umum,Netral,https://news.google.com/rss/articles/CBMiYkFVX3lxTFBmMzVlRGtWdzh4WkRPZmxua1VGdGpUemc5M21qajJ1NWUyNHM3QnFfSjFyTDdad19NeXhzOXU2ZFZsZXhRZ0FlVUZpWXZsSUN3WFQ0N3Jock53R2kxMWtIek13?oc=5,Google News RSS (10-Daily)
17 September 2026,Kompasiana.com,Media Massa / Pers,Tier 1 (Nasional),ADDIE IS NOT A MODEL? Memahami Asal Usul dan Perkembangan ADDIE Halaman 1,Akademik & Umum,Netral,https://news.google.com/rss/articles/CBMi0wFBVV95cUxNOWdoTGxiOFRDWjNKT0h4SlY3N0hZQ3l6UWV5WlpkWnE3MHNTMzBjUllPbHc0NkdGYkVRRVNocUM3OGsxU2h3Mzc4MmRIaS1qTUJvcDlDZUlVT2NHZUo5cm5TZDdjNjdoRzRwd0o4dFMwUmdIblN4aDd2TDdza3BBRXZ3emY2RS1sdjM3TGRPUVRaR2R2dnlSdTh3OEtTZkREeGg2cDBCV0RuN2RGXzJxaWFlUXhsN2ljWS1sd0VDRHlldnNtYkViWWNVdVdyUWl2SHVr?oc=5,Google News RSS (10-Daily)
18 September 2026,RRI.co.id,Media Massa / Pers,Tier 2 (Regional),"10 PTN dengan Jumlah Mahasiswa Terbanyak Indonesia, Universitas Terbuka Teratas",Kemahasiswaan,Netral,https://news.google.com/rss/articles/CBMiwwFBVV95cUxPYzhKNDRZaFZsNGx1U2ZRcV83ZzlXOEVBdnVvcnU0cWZpQ1J5ZGxPc01hN2hIdVhPUWFvdVRrZEtLQk5Sc3BYc2k2RkZka18wNFNHTlVvS0xfVHZPd2QyejlicFFnUUhCSjhWRWJzbmtZNzRrRlREdTNaQ3Q0UGY4dHBOQWFsUWoyTnV0ZHlQNDl1S08xaWJkcFZQYzNMU0xKQmhjSl9UbTNuVkd2S0EtcE5wMDdXLTIwcUdBeHNTNmNFSTA?oc=5,Google News RSS (10-Daily)
17 September 2026,beritajatim.com,Media Massa / Pers,Tier 2 (Regional),"Pelatihan TEACCH, Guru SLB di Tulungagung Didorong Perkuat Perilaku Adaptif ABK",Pengabdian Masyarakat,Positif,https://news.google.com/rss/articles/CBMipAFBVV95cUxQaVppcVpoSXZ1UEVLTHljcjRyaVdYekh5bElxVjBnWFFWaUl4RjY0dkNlVUdyMDBwQmlPQ3A2aTB3OE1iVVpxZnluWlVmaGFDdlhHemp2aF9VbTJTLTI5NEZ5WUMyaU1Oci1taks5WGh6MXd4dEJtdzhwb05XRVNldjdseXZ4M25nalBRZ0tJM3NxQXczS3g0MjhYU1lhenYyUExzQg?oc=5,Google News RSS (10-Daily)
15 September 2026,Kompasiana.com,Media Massa / Pers,Tier 1 (Nasional),Profil Risna Dwi Haryanty,Akademik & Umum,Netral,https://news.google.com/rss/articles/CBMiXEFVX3lxTE9XVnRLS0ZsZVJoOVE0OWw2Z2kwT3RKOHh6WDgydTdwdkJhVHJXRFo0N2tTMlVqVVVwdkdUQXpJNndqT2NsYU1fa1EtQl81TnE1b0tVNmpULXpsOW4z?oc=5,Google News RSS (10-Daily)
18 September 2026,lunarmy.co.za,Media Massa / Pers,Tier 3 (Lokal/Independen),Asrama unesa ketintang🏆 Asrama Mahasiswa Kampus 1 Ketintang (4 Blok & 1 Parkir),Kemahasiswaan,Netral,https://news.google.com/rss/articles/CBMiXEFVX3lxTE81eGVNd0RCTVNsR1ZsbkU1M1BqdTRRYThOWk5lNEpKNWlLSy02RnhVWVVkZlNadmRrUnFPbmllWmVOak1Pc1F2UkVJbmJNWWlFMzAzb29ZaUtwMTd3?oc=5,Google News RSS (10-Daily)
11 September 2026,sczgnala.sokolskareit.pl,Media Massa / Pers,Tier 3 (Lokal/Independen),7 Rekomendasi Universitas Dengan Jurusan Manajemen Terbaik Di Jawa Timur,Akademik & Umum,Positif,https://news.google.com/rss/articles/CBMiUkFVX3lxTE5mbzd4UUdIS1F5QTRkZmxmX2NGN3l3N3FkNjYxR0ExNkNERktTQ3J2NUo5OHUycjZuOVlYc2hiMGM4N1NKSXJoNWxaVmoxclpuZ3c?oc=5,Google News RSS (10-Daily)
19 September 2026,Memorandum.co.id,Media Massa / Pers,Tier 2 (Regional),Berita Terbaru Hari Ini - gor unesa surabaya,Akademik & Umum,Netral,https://news.google.com/rss/articles/CBMib0FVX3lxTFB4OXJMQzRmbjdObXdKOWw0Sk9GdE94TFZQTDlkLUJDRVpKdHNtTTVESExEbTdWMEthZzNGQ0Z6bmpiVUFmdTJ3MFE2TURhV3hqX1kyS2RKVE5xdFhCWktCQ1lwSmhwVV9mbzdQVURCWQ?oc=5,Google News RSS (10-Daily)
19 September 2026,Rumah123,Media Massa / Pers,Tier 3 (Lokal/Independen),"Rumah Grand Harvest Dekat Unesa, Dekat Pakuwon Mall, Dekat Mcd",Akademik & Umum,Netral,https://news.google.com/rss/articles/CBMiwgFBVV95cUxNSXdoeEVXU2U5bF9LX2ZTeFNnYzBtNWNTQnh5UnBFTFQzUmZlTm1GWS1lM1lqZEkzQzJGajQ5OTdlRnZTQlFiSTRHREVlM08tZzNYQ1pzaGRQZHRLWGQ1UU91bGhLRVo3OXFIQjNKNmZQZXFSVXZKOExubGpUNTJQVFpQU2oyaVZwSzNkaXBTYkx2bVBaRXpMSXpkODlxVHpzR3BwdVdibWdoOXN2Znc5TW81MXZNSVNGSi1xNHItOGpqdw?oc=5,Google News RSS (10-Daily)
11 September 2026,sites.google.com,Media Massa / Pers,Tier 3 (Lokal/Independen),Beranda,Akademik & Umum,Netral,https://news.google.com/rss/articles/CBMiXkFVX3lxTE5RY2U1a3N2cVZvZ1E0T1ZhdHhDTWI4ZTNQT0dFQ3NjOXhSbUpUaXQtWTVaTU9iS0E2Y3hXd0hFaFV2N1NmT2dja3hja2JvN0JPTE1XYWZWLXdwT20wQ0E?oc=5,Google News RSS (10-Daily)
19 September 2026,redaksi.duta.co,Media Massa / Pers,Tier 2 (Regional),"Dampingi Gadisku, Unesa Bangun Branding Digital untuk Perluas Jejaring Pemberdayaan Disabilitas",Akademik & Umum,Netral,https://news.google.com/rss/articles/CBMisAFBVV95cUxPQm1TZ0poR1NJdGwtQk9Dc1ludEdCWkFBSllMY1dWM2hnVC1taE14Y0ZfUmVGLUtHdXd6UWhuekJxb3ZTSmhON1dkQmFWTEktQUlzMVlQR1VxSmFHYWxzR2dDNFFsT3BCZUN5SlhlM1R4ekdJUG16aDg4UG9ScFhjLUx2cFdtb3M5b3FlSzI4aGxsN1dwd29jemRWSk5iOEk1X0g1T1VCRUpsWXlFNU5ldQ?oc=5,Google News RSS (10-Daily)
18 September 2026,IDN Times Jatim,Media Massa / Pers,Tier 2 (Regional),"PKh UNESA Bekali Guru Konseling Disabilitas, Sekolah Makin Inklusif!",Akademik & Umum,Netral,https://news.google.com/rss/articles/CBMiwwFBVV95cUxQTk54N1RmelFJanNwb3RGOUxuSWo1S0pRdER0MjdZSVl5cGw2WDJYNWpIYkV1czFrZjN5Vml1WjdRbWxuVjVDUnVUcjhOTDZxazhXLTk1Z0M1MUdNbjRRWW4yMzBvV3gzUzNKcUNrRl9kYnhpR0N3V0lJS25oX1otSUNOSnV4ckx0RllCNzdQeDhsWmRQV21SdVdZcGlMTUVOMVdoOTEyNExvM1hqWWlJU0NjY0lvdF91UlMxYkVVelRmTHPSAcgBQVVfeXFMTWpFTEJlSTd1ZUphZTFiT29rSEpzOTZ2eHRDSXp5bDRMM2tkdUY4b0NJZHRSYUZQc290YUN2dmxiX21jQkNyTmpHQ1FqYklCSDFTek11Nl9lZXhHTTEzOXhzNjNFdXU0V2xKY3p4WkZKOGFCX2xZNURIZDRWT0tKNUowZFpwMlZFLWRSYkN5ZVBwTlQxTF85eTBkenRUSVNnZ1l1alRYSzBveDdyR3pZSmJIQU4teG4yXzBkNmVkVW9KaUUyY0w1Yk0?oc=5,Google News RSS (10-Daily)
17 September 2026,RRI.co.id,Media Massa / Pers,Tier 2 (Regional),Berita dan Informasi unesa fc academy Terkini dan Terbaru Hari Ini,Akademik & Umum,Netral,https://news.google.com/rss/articles/CBMiXEFVX3lxTFBET05ZR2c4WjV1WFVxQ2p6RldIQklOcDdKQUZ3SGEwNEJ5YmZFODNWM2hhemNfZHZwTXg5dEpZTGlISnpBNXcyWmJxTFlpVkxSSXJYOFNBWFdUb3VX?oc=5,Google News RSS (10-Daily)
14 September 2026,Memorandum.co.id,Media Massa / Pers,Tier 2 (Regional),Berita Terbaru Hari Ini - ekonom unesa,Akademik & Umum,Netral,https://news.google.com/rss/articles/CBMiZ0FVX3lxTE5aUHBsdjhzTF9xUFRhNjJLdjNZNUJlOFZQSm03YllZeEh3OHhDLWtOa3QyZENlNFhpSThDbVdZTHowX0R3X19IQzdlRjFLVUg4anY4TDBESDVBNzU0Qm12V1dyRF9venc?oc=5,Google News RSS (10-Daily)
16 September 2026,beritajatim.com,Media Massa / Pers,Tier 2 (Regional),UNESA Perkuat Kapasitas Guru SMP Tulungagung Tangani Siswa Berkebutuhan Khusus,Akademik & Umum,Netral,https://news.google.com/rss/articles/CBMipAFBVV95cUxOSU41WnFXc0xYVmc4S05BbkVQSkJjYmlvaGtkd2lQWWU1c1VNNERIMlBCZ0NnQWVFN0owLXpyNTIzb2MyYjFiVEQ5WnNqdDlpNzVRYncxeXV0QVJaQ2hYUjc2bjVOWDRsTlVuNkt0NFRTTTVpY1k0dEVGOXJCalZTZjZQX1ZERE5VZGxqcThBWVM4MTNmUkxYbHJrSEpGMGNMUGV1MQ?oc=5,Google News RSS (10-Daily)
16 September 2026,Kompasiana.com,Media Massa / Pers,Tier 1 (Nasional),Kumpulan Artikel Terbaru hmppk unesa,Akademik & Umum,Netral,https://news.google.com/rss/articles/CBMiVEFVX3lxTE9yX2ZjX2xjbmFhQjFGak1SSlVoVjgteWpoU2ZuOE9Cc2EzZ1BZUWY1ZWJ6bzFPZUd0bHdDX0tOS2xNdkJaQmZkMFRsYmJiTWlTWllrVA?oc=5,Google News RSS (10-Daily)
18 September 2026,HARIAN DISWAY,Media Massa / Pers,Tier 3 (Lokal/Independen),Disway E-Paper,Akademik & Umum,Netral,https://news.google.com/rss/articles/CBMib0FVX3lxTE5vNzlnNjdrb0JTaGc5WmhNRHFleFBTWDJLaDZlOU1KRnd4QjBFWFNFanYybFpJRWRzWDRzbS1MUFRTZmxZZTEtV2d3RXlFbjV6UENjekRIUGJEcUtKYzljS2hEc2oyQm9xWVVEa053OA?oc=5,Google News RSS (10-Daily)
13 September 2026,Suara Surabaya,Media Massa / Pers,Tier 2 (Regional),Tag: Unesa FC Academy,Akademik & Umum,Netral,https://news.google.com/rss/articles/CBMiYEFVX3lxTFBJTWxyZnZxdlN0LW5QR19mMmlJUjdtejhURE1jeWwyMUJHcHN5T1czSTdFUWxYSkwzdWcwalR3WjFCU3NkSm5YR0t5ZnQ0alBvemEyZG1nQ1NyeFhfaDRaWA?oc=5,Google News RSS (10-Daily)
16 September 2026,RRI.co.id,Media Massa / Pers,Tier 2 (Regional),"Belajar dari Jepang, AI di Sekolah Tidak Jadi Jalan Pintas",Akademik & Umum,Netral,https://news.google.com/rss/articles/CBMiowFBVV95cUxQLUMtSkdIRkRYX1J5bnROQ255dUJha1pTLS1aaDMtYjV4VDhGdTZMWndxVGh0M0M4Yllnc3BTeVk0M0RBeVUwcENBdEFkWEZnREpYVWdrNENGQXk4c0dTQTRDRy13VEZfcjJvYVQ5V2l2aHhYSmN1MVM1OUpsdEpzMFFaVTBQTTJEaU5TQkgwT0Q4MWdjbVR1MGROdkNYMi1YTVhF?oc=5,Google News RSS (10-Daily)
18 September 2026,HARIAN DISWAY,Media Massa / Pers,Tier 3 (Lokal/Independen),"Baca Buku Bareng, Cara Komunitas Rabo Sore Ajak Mahasiswa Baru Cintai Sastra Indonesia",Riset & Inovasi,Positif,https://news.google.com/rss/articles/CBMiwwFBVV95cUxOcFMxWWhRLWNUZmc4U2l6SDM4OEZZM0REdmZHbVlGTXcxVDdfY05IZGVRckxNZmhTRFhqUVZIWEtIQUlzRTVqZFdLcklwSHgyTWwxZ2lRc1RGSzZEMHFCakNHMkJMSzM3cVRVTkxwa05tMlJqRkUtVGh6My1UbXh4eDZOeXMyVHFna0hEa05SZ01tUFRLZUFNOFZwbHBjd1MyZjRjRGhTTTA4MGNpbVFaRkRYUVA1SHdGaWkySDh3TmVDdVU?oc=5,Google News RSS (10-Daily)
14 September 2026,Suara Merdeka Surabaya,Media Massa / Pers,Tier 1 (Nasional),11 Siswa Labschool Unesa Jalani Sister School and Pre-University Class di Thailand - Suara Merdeka Surabaya,Akademik & Umum,Netral,https://news.google.com/rss/articles/CBMi1wFBVV95cUxPWHFoVDZZWUE2NWdmSDZHZmd4a2NhZm9pSjNWdlhnMVV0Yk9iTkFaN1lMVDdGUF9OVzY5bnltaEZvMEtSd21qck5aUUhFSnk3ZU1KMkpNOUtUaE92TFN0S01jRGVhNHZXNWszRldERzRwX2p1bGtuZlZHaF9PU295WlduaEJHd2o4NHlMQXBNZFZocVhqWkhYdW80aElHMFRSOEZyTEhsWE1mMjI0ZHVFaE5TZGVQU014RHNnUnoxamwySjB1WHhfRndncE1QMXNqTW54Wk00d9IB3AFBVV95cUxQREVud2VoWnVBeVRlSFg3TFJ3cmRhSmNCNmFmSVptamEtRDJNNUtlTW52UDBNNTJHMmVkcTgwelN5SXBUTldTc0h3djBQejdpNDhPSnZWVUJCaVo5V3huU2dEa0QtVUVlWWZoZkNUS3ZSZlVHMkVFbGUwb29Fc2g4WXpXVmZsMFk4dnFNaGN2OHRVZktERF9qR2I5UC11ekVXR3p3NzFYUllwX2I4RUF4eksyNnhBaFRDLXpJZ3psbEhzNFV3NzRtLVZwQkNGZ0xfX3JObTdIcm9GamRO?oc=5,Google News RSS (10-Daily)
19 September 2026,kumparan.com,Media Massa / Pers,Tier 1 (Nasional),Mahasiswa Unesa Gandeng Siswa SDN Tuwiri Kulon Ciptakan Animasi Pendek - kumparan.com,Riset & Inovasi,Positif,https://news.google.com/rss/articles/CBMivwFBVV95cUxPYnh1X3V3SmRSU1lIc2drUTBIaG1DdDdNdktkaUtxejF6TWNRbTZmbzVyUXZUN3E2U0M4aEMzeXRtZG9xRURjVmFvQ3pzN3lEMGNJdUZkU3E3bUhyLVh3dVJzVEhnREhNTm52RkxQNHhUXzM5am5qRlZaUG9SaGFsRER0WWtDMVpYY1Z3djJ4VjdYLWRVR2RUczcwVFZYRnlvLWlFblJlcWhBR0w5S1hoV2R2ZEhBUlRpLU9vY3Yya9IBxwFBVV95cUxPZ0huSmVsUmthUm5VSTlOX1EydmhkS3RRV3JFQVF0OUdaNVkyRm9TREM2blVld2NMNTZJUGhGZEtXckhiVmdsMTF3Y05yWEZxWEZCb0xOTE9qRmU3VERzaEVBdGs0c1pQQ0w1elRQUWIzNkJhcE5jSTk3WUhkT1Bmbl95cDFRSEdrNXBPcTJfRFp2VHZyZ2NSU0g2ZXNFbXlnX2FKdzVXdEdvV3h4R2lISi1hUDBqMzRieE11R0MyX3FXRm83Mm5r?oc=5,Google News RSS (10-Daily)
17 September 2026,jatim.antaranews.com,Media Massa / Pers,Tier 1 (Nasional),Kumpulan Berita riset dosen,Riset & Inovasi,Positif,https://news.google.com/rss/articles/CBMiV0FVX3lxTE9uY1c4QjFheEIySlI5SV81MEkxOGItakRsd185OEprbVMyeXVqNEdfZEpQalFpdFJNd296Z2hhOXhJMWxSNHlqQm03alBvUnVpSWJmeGpzNA?oc=5,Google News RSS (10-Daily)
14 September 2026,Radar Batu,Media Massa / Pers,Tier 2 (Regional),"JKT48 Akan Datangi Surabaya Lagi, Gelar Konser Anniversary Ke-15",Akademik & Umum,Netral,https://news.google.com/rss/articles/CBMitAFBVV95cUxQT3Q0RHhra1doT0VPdDhqb1M3TlRVTEpkZDhoaW9Id2QyQ3ZEbUViMWxSNEpQRVRtWHlGTlBwZnluTElFaXVuMGs3WXJIT1dWdzJ1VEdPa2NXaVJLSDRfdmJ5S285STkzOWhtdWxhNUdCc3VqdGpOclpnY3VLSmtrWGFXSFFZNVI2T1dxRk5BbUJ3Znc3RjFDT0QzNkp5WWZfaVh3eDNtUm9vLTZQV3hDSUNZdXLSAboBQVVfeXFMTnM4NE5UMGxuYjlwQXpkQ3FvMlhKMWNDOUZmb2FxQk1oZDd6UjVQbkgycEQyX0NGSW9rdWRxTFJQLVJKUWhMYlpQQ2s2cy02NURPYlR0cTFteGc3b3pzcl95dmdTdU9jWUVrTzdHY0tTVGQ1d1NBMXNpSEMzNFNNMXVnUlM5YVJsZEZQT0luTGJXaFg5anFhbi1GOFQ2NUpfVkk0V0k1ZkljX2pZdHpuYmlmNEtGMS1xUEpn?oc=5,Google News RSS (10-Daily)
18 September 2026,IDN Times Jatim,Media Massa / Pers,Tier 2 (Regional),127 Guru SLB Dibekali Strategi Intervensi Dini ABK,Akademik & Umum,Netral,https://news.google.com/rss/articles/CBMirgFBVV95cUxNdGpYZ1VIRG5QMjZsZWJpRV9yajBxbURIMXhnalMzSEQxNTVXTXByX2lOTGY4YlduVVQxSDUzcjFfdjM4eV9CaW9rcElLSTRtb2MxNE5LZFZ5WWlYbmZJY09sWGRnN0l5bjFFcFNzaGhFRm9YcF9tYTlJdVM1blU3emJ3aU1tQjJKOHp1ZWhYb2JxQk56dnBtMFhPenlHYVdYQldwYlR6TWRzb3p1SGfSAbMBQVVfeXFMTVVNZkZ3MXVDYjM1RDFGeElSYnh2SkVHWElGR0ZKWE45U2FkRGlLWTY5X3FVUFZQZ2R6V3Uwb2NzbVh4NVkzRUR6UkJRVmt4X2VpMnFDVFVIWU1NcjhHS3MySjhnbXlNWVBzMWZ6Wm0wNnRaQzlyYkdwdmNxVmF0WGRSb3VpS3RqclpaZTUzLWo0OUJQVHhjWTR3c0NTZ0RjX1RMd1FvQ3Q4eXk0T2lkMHZ4ZEk?oc=5,Google News RSS (10-Daily)
13 September 2026,Suara Merdeka Surabaya,Media Massa / Pers,Tier 1 (Nasional),Berita Seputar Mandiri Terbaru dan Terkini Hari Ini - Suara Merdeka Surabaya - Halaman 7,Akademik & Umum,Netral,https://news.google.com/rss/articles/CBMiYkFVX3lxTE1odENMWGlfWGlzT1RHUnE0Z1U3TndhOHJFd1pZNGllVUZmV0d1UDNaMHo5OF96RUpYU0lsX0pKV2RiTWh5RHdvbXIwOUZIZ2M1anJpbHdzQTU1SEFKZDhiQXhB?oc=5,Google News RSS (10-Daily)
15 September 2026,Suara Merdeka Surabaya,Media Massa / Pers,Tier 1 (Nasional),Kolaborasi Manusia dan AI Penting Hasilkan Produktivitas dan Inovasi - Suara Merdeka Surabaya,Riset & Inovasi,Positif,https://news.google.com/rss/articles/CBMixAFBVV95cUxNOU41MkQ4dnN2SXRZbE1hU3F4Q29zVGZWNHRnSllzSUlLWHZHRFJldzF1QklHLThzc3ZYTkxQZVdIdXAtc2dJcHRSaGtPYTREX0lGSU00X3Z3NWVidU53b0M3N2I1T0dnVjRSZUJBQ2w3cWFTTUpuYWgxeC1zTFhWZkVWdkYxV1BQS2wtcVE3RlFTcTRjNGpmVlJ6N09MVHRhcHJ3NkhENWNna2kzdng1VklaOGoxUktXYmc5RkRCTXRvOE1B0gHKAUFVX3lxTE45cFlPQUJkTUZQZW5UNlBpWS1qOUdILTJZakFVRFRCOTdiUXNzQ1Z3LUx2Z1JHcUg0WGQtU1lCMWQ5V0NEMUFrbWRfM1Q0RkVQdzM0dXVxS2pNRjNLd1J3TWx5WVZHQ0FIWlJJbktQYXVEUmxsQ3dQNkJkN0VXb2NCMXVRaTJZSko1ajdjaHFINEZiMlcxLXRUYW1hX3BSVTJMNm9VOE1BRnE3b1lIYVIzcVNlbmszSEdfU2UyS3g2QWRxWVRERWZkbHc?oc=5,Google News RSS (10-Daily)
13 September 2026,Suara Merdeka Surabaya,Media Massa / Pers,Tier 1 (Nasional),Jelang Surabaya Isoplus Marathon 2026 Peserta Tembus 10 Ribu Pelari - Suara Merdeka Surabaya,Akademik & Umum,Netral,https://news.google.com/rss/articles/CBMiwAFBVV95cUxPT2M1c0VRLXkwMU9xUHFLVm5HRWppN2NVX2pCdmZLbGlUVXVieTV4MkkwbktwNHZtSjRqV1k0MDJ3Wkswa2xGUWtMWmRleTZhRkExWDMwNzRsQk1kZVAxSXpLa0dDTDljVmNlcGtoc3gtSThwcUVLY09pM0NodHpRVG5uaDNQejRLTFBfMkplYTBTVlB2UnlBV2hmUEtMV3NYa20yckZmU2JHRXR4MmJpMDJFT3VpaWh0ZWwtQmQxYzLSAcYBQVVfeXFMUEtic3g4dDBldTFEaWxTSTVRdkZMRWJhaHlSZmJrNEluUW9pZzFwQ2RnMEdQZ3g3dG1pa0FDeTFJQVdhVlliNWhDVXU4LXFFTEpNcE9jS0UzX1djd2VaUWFHVExyTzRIZFFHdGx3ODBmU0pjNHpyRUxTU3RacVFCc0YxSF92ZnRSNXBwTnVab1R0X25rZFFoTDduSEZPbGJQMkV1N3Z1LWNUQ2dQZC0tWW1rS3QxNHdVRVhhdTJPM2pIYWhfNkRR?oc=5,Google News RSS (10-Daily)
18 September 2026,SINDOnews Nasional,Media Massa / Pers,Tier 1 (Nasional),Ketika Suara Guru Bertemu Data PISA,Akademik & Umum,Netral,https://news.google.com/rss/articles/CBMimAFBVV95cUxQc09na2NkX1FrZGYtQ3R1T05US0sxVGJpS3IxNHJFTEtvVTM1YUJ3cjVqOWpCblFVX3M5em10cjNXenE3cklxWUlja0pFVkQ0ODA0UkNaZ014ZjVlNWxsZnRiYlk0eXNaV3BYVm1XaHZzNG8xRktmbzYwSFVScHh1cE96Z0FBcENVbGlxUjhxb2pQYWN4cWY2QdIBngFBVV95cUxONTJvNTduQkhUbEhRWURJXzgxVXBYem8yYmhFZ0VjbGlnTVBxVnVxS1h3QWhDUi1IOVEzVTdTTHRya3RTTFVaTmcxVXBoeFo5OUxSMEZPQ1d0ZmZXb2JfYzFrTTNmdGl1TGxSamU1UEdxOWU5OFNoQzRYMnhiRGVidVlnY2xpRENrMEFRUXdwQ3VobWJ2SW5qbkZqRUFkQQ?oc=5,Google News RSS (10-Daily)
17 September 2026,Pemerintah Kota Madiun,Media Massa / Pers,Tier 3 (Lokal/Independen),"Berangkatkan Enam Atlet NPCI ke Keparprov Jatim, Plt Wali Kota Pastikan Pendampingan dan Kawal hingga Pertandingan Selesai",Pengabdian Masyarakat,Positif,https://news.google.com/rss/articles/CBMigwJBVV95cUxPY0o4VEhXTGYzbjhYSUFuQlc0QmRZZHhZNU1JVk1SVlNxZTFPVDFhd0dITEhjQXE0SkdWbk1XTkoyQ2tKT2trNXhoVFRnN08zeDFLX2lnX1hIS2pjS3V5blBSZ1VYNi1lbGoyX2dFUFBqMk4zUTl6R2NnLVRWNUNPb3F4bHFJazNnTkFJQXpWMzZpTFRsaTdNRUhaTFFQNjNwWTB6ZDFnSEtiTFNBOUROUU1VeDVhNkhXRjk1SHozTmJMWUVKTk02YXJjbU1mRVNaZnFrNTA2TlJWSElvX2xfbXhSRGREbExnVWdCc1dDMTFueXdEc05Zc2cyUUQtLURjZDFJ?oc=5,Google News RSS (10-Daily)
16 September 2026,jatim.antaranews.com,Media Massa / Pers,Tier 1 (Nasional),Kemdiktisaintek luncurkan layanan Satu Beasiswa,Akademik & Umum,Netral,https://news.google.com/rss/articles/CBMimwFBVV95cUxOdVBJYmlJWDJhZTBLMHBpRFBRYUNldXBhZ0t2aGZXQ2NEWGhJajYzY2I0SmhXQmVDT1VpWk9SeklfX0tWWGpLYkh3YnprckhnZDdyTjlvTV95T3N1LUd6ZzhUb3RkekhrVUdMN1c5T2FHR0ZkUE5QNXVwb05oS3BBQW9rcDVnSzhHdHloTzNJcG1rR0trdWJITEU0WdIBmwFBVV95cUxOdVBJYmlJWDJhZTBLMHBpRFBRYUNldXBhZ0t2aGZXQ2NEWGhJajYzY2I0SmhXQmVDT1VpWk9SeklfX0tWWGpLYkh3YnprckhnZDdyTjlvTV95T3N1LUd6ZzhUb3RkekhrVUdMN1c5T2FHR0ZkUE5QNXVwb05oS3BBQW9rcDVnSzhHdHloTzNJcG1rR0trdWJITEU0WQ?oc=5,Google News RSS (10-Daily)
17 September 2026,jatim.antaranews.com,Media Massa / Pers,Tier 1 (Nasional),Kumpulan Berita smkn 1 boyolangu,Akademik & Umum,Netral,https://news.google.com/rss/articles/CBMiXkFVX3lxTE56YnAwWUI3dE8tcE5vTUtmMDNPb1pKUENQR3JMTkhyei16S2F6STdvZVhhajlJVndnZ1RVUFdFVWxMM0lVUWdSUUJqMFZBUDFRSGtOOE5SQTZOX2x2aXc?oc=5,Google News RSS (10-Daily)
13 September 2026,RRI.co.id,Media Massa / Pers,Tier 2 (Regional),Berita dan Informasi pemain sepak bola Terkini dan Terbaru Hari Ini,Akademik & Umum,Netral,https://news.google.com/rss/articles/CBMiUkFVX3lxTE5JVUwtam5vamVDcUxnTTJuS1JKSzB1THViclo1V0U4S1k4cWE1WE4zRUxuQW9sbWhrVXFPQ0Rib0h5OWNZZm5IV3cwYWZDa0YxUmc?oc=5,Google News RSS (10-Daily)
14 September 2026,beritajatim.com,Media Massa / Pers,Tier 2 (Regional),​Kisah Saudara Kembar Raih Gelar Doktor Bersama di FEB UM,Prestasi & Penghargaan,Positif,https://news.google.com/rss/articles/CBMihwFBVV95cUxPMHZFWVlUZ2VwNUJsYUFyZUJfb1FvS01ST2hGclh2X0ZNUlNrTTFtc1JTc2YwWHRRLVRiNjlRUWVjYVBma2Z6TTVNaE5QU3BLdVRuT3psTjllVHlhbnU5OVVQb2x1ZnBkNktvV0hpTFR4djV1VEREeXdtMVFmNzdhV3E2V0NJcjA?oc=5,Google News RSS (10-Daily)
14 September 2026,ANTARA News Mataram,Media Massa / Pers,Tier 1 (Nasional),Persebaya mengakui kesulitan lawan 10 pemain PSIM,Akademik & Umum,Netral,https://news.google.com/rss/articles/CBMimgFBVV95cUxObmx0UWpmMGYtQldKVnNzOC1jZE9CdGZnRWItSHVFSHlyaHVIMHl3MU01eHlWUG1heWRWc2ZQeE9SUlhVQzg5WDVQS2dPTmZnc1FKWDhYaDJLMldIYmlFX1pwMGN1bTVzdFlZVmV0YjBYWF9ybFRoT3ptZloxTENtMmJhUk5IbUcyOVRGbzBrRnZMaFNOOHdnYmhn?oc=5,Google News RSS (10-Daily)
14 September 2026,ANTARA News Mataram,Media Massa / Pers,Tier 1 (Nasional),Pelatih PSIM Jean Paul sebut kartu merah ubah jalan laga lawan Persebaya,Akademik & Umum,Netral,https://news.google.com/rss/articles/CBMiuAFBVV95cUxNSXRYaE5RNXNIY0xoS25DNWZFd0RycEktLS1xVGNtM0k1N09CMnhKQk9aV2d5Sy1vbnJYRXd1SlhpYmFoUlFnc0V0YzdsZlNDNkF0a1RFRUlIS2tHUHFHUXlWd3V3d2UwZFctZnBja2pZVHExUy1yR08zdnVRS1lTLURMbkkzeGNFSU04ekhualY2TkFzVXBxb0V1RERjUG1Ic1FYN0F2R1NYRVN5MnJwM1NWS3F2eTNm?oc=5,Google News RSS (10-Daily)
13 September 2026,Suara Merdeka Surabaya,Media Massa / Pers,Tier 1 (Nasional),Berita Seputar Mandiri Terbaru dan Terkini Hari Ini - Suara Merdeka Surabaya - Halaman 8,Akademik & Umum,Netral,https://news.google.com/rss/articles/CBMiYkFVX3lxTE0wWjV5a2ZianVZdkJOdHE3SEI5ckVDQnp6NjUxOWo1QU92dWVCamVHTmZ1bURaLWZZRWxaSkhVNTRVWDFManB2M055TC1IVGNYeFpPTFI5YUxySm1iTUtCel93?oc=5,Google News RSS (10-Daily)
14 September 2026,Memorandum.co.id,Media Massa / Pers,Tier 2 (Regional),Berita Terbaru Hari Ini - purbaya dicopot,Akademik & Umum,Netral,https://news.google.com/rss/articles/CBMia0FVX3lxTE5mQUI0YVNEc0l2RVBsMUR5SnJ5TEdKNHBJd0hxLUpSTmNOU3ZfVnIwdktHVkR2V3c0Vm5JX0F5SUtheTVvTUVMMG43bXBrNjYxeHNUTGcxOGsyaVRHQTlEQ2J3ek9yYUk4eWtz?oc=5,Google News RSS (10-Daily)
13 September 2026,Suara Merdeka Surabaya,Media Massa / Pers,Tier 1 (Nasional),"Balet Pharaoh's Daughter Tampilkan 130 Penari, Usung Misi Kemanusiaan untuk Korban Gempa NTT - Suara Merdeka Surabaya",Akademik & Umum,Netral,https://news.google.com/rss/articles/CBMi6wFBVV95cUxNYTF6VGJEbFFvY00tZWxZWWVBZGFuRGxJeEVvS2U2RUxYcFNqcVU3RXRYYnp0aVZCODVjYWNCUHBfYlRqem1lRDgxWlREd1oxcmhOWUR5RVRuZGd0MkdVOG85YmZMaDJJTzYzNEkxdVhqTGlaTjdYemRkOWg4Q2hCa090cUtVdUFDdEFEVjRseDllLUNqdzFoRk1ZNm5yTV9vQXlyNEltWERaaUFVZUJwWUlZNy1heEJQSGh4NUZKS0lvYXZldEVqMnBYbURDaFN0dTFTbENYTmdlXzRzSFNNQ1BzS3hoQWhOaklj0gHwAUFVX3lxTE41LVJIcWtWSmZvODNPeWVqbWlQUGFxVHpiVll6Z1Mtd3FuOWNVblQ3OG1ITm5FMXJ5bXIwb29hWmh0MHQxX0VtWFIyeVhSSGNSblZDNGF1WWV1cW1INTVlaEFFekl0dkhPODktUll1VThqd1lsWWxtNTVpU1VMNnJ0dGJaMm5CbC1oZkpsajlYbjA1QWdZWVFjWldxYks2dmh1TWc4al9PWTk0VTMyeUpWaVJFZjhjQ0hteE1uUGFVTklHd0FPZXdCc05FNkNYdnNOMVF5ZWx3cmVHWUpuR3Q3a1R1LU1pb1BobXItcDh3UQ?oc=5,Google News RSS (10-Daily)
16 September 2026,RRI.co.id,Media Massa / Pers,Tier 2 (Regional),"Mahasiswa UINSA Tuntut Rektor Mundur, Soroti Delapan Persoalan",Kemahasiswaan,Netral,https://news.google.com/rss/articles/CBMiqAFBVV95cUxPa01hUHpCUEdyRjVnbXJTNnhuNExXTDhjN0NBbVVJalNhZ2dOUTRITE9qM0oyNTgtY2JTTUVFeG1Cdm5jVk5GeHI0RUFBdm5SR3JRck55SXRFRXBDNVRjU3BkdEgzSU1vX3VtazE4aHAzbTdQSzBWb0JJVjBTSmpsOWJITlZrMFIwNXp6aU5FTUZGYzdLT0pHcGJuYXVfM2o2cHBqd0FNcTM?oc=5,Google News RSS (10-Daily)
16 September 2026,Kompasiana.com,Media Massa / Pers,Tier 1 (Nasional),Profil Maleeka Sekarwati,Akademik & Umum,Netral,https://news.google.com/rss/articles/CBMiakFVX3lxTE9HTEpNTmNTU0NRMmduUTREVWU3aG9OdDc0bjdlSjNBUEVDU25WMnhhb2REeU5RTl9mcERjRk1qVmR5SU5uYmJzMThDQUY4WE0xdl8tSm8zQ3BKNGJ0Q1RNRms0ODZZTzJUVHc?oc=5,Google News RSS (10-Daily)
19 September 2026,Suara Surabaya,Media Massa / Pers,Tier 2 (Regional),Kelana Kota – Laman 4863,Akademik & Umum,Netral,https://news.google.com/rss/articles/CBMinAFBVV95cUxQRjVIb25mcXUxSnV4LU9vQktuN1dDT1hCazJUeHF0YzRHd3NBY2dwQWk2VVlDTi11U2lsd1J2R3NMWWUyN0stY3U4TWJjalpyaFcxT3RBRHRQLVR4QUVPQkYyY0tNNzB3YXBhNS13Mzk2UzlGcnVENHFvdU1ENUkxT2xDcXhVeVFWMWk1bXBaUkFpem82UWJzdjZhZk4?oc=5,Google News RSS (10-Daily)
18 September 2026,Suara Merdeka Surabaya,Media Massa / Pers,Tier 1 (Nasional),Menteri Hukum Hadir Langsung dan Jawab Keluhan di Program Pasti Ada Solusi - Suara Merdeka Surabaya,Akademik & Umum,Netral,https://news.google.com/rss/articles/CBMiygFBVV95cUxOX3pKZnllVEJHVjQ4VWJLNE5qWVg2ZlRIdXBWNW0zcXlrQUo4TW1HdjRqbmNRU3hlSGN4c1lJdVVnWUdxUVhmdlVwajJlczRkR19YVGdRcFNuQjFCR1dMdURXTUZxemliNmZuQzVwY3Y3YTg2bzdZbzhBVzFxYTQ0alZFNm45cW9JVmNrVEVkS3pGUDVYSmZQRzFPOXFlSVNQRDRCRHVicmlmWDk2WkdRSE9OeHZYa0JmUjlJY1ZEd2RLOEZpQl9zSXJR0gHPAUFVX3lxTFBYZDRQT2RMeU1yTUlIZjc4dE9YRjd2dGpIOVdibmZNU2VnYW84Yl9oNi1BNnlQeDdlTUxQR19MMEFRMlJtUHdndFpzMF9PTkh4RjVjTEgxMDdFVVdfU1Z4dFIxc05QN0Y0ZFhNVXcyb1RUUHlEeVpxSjEwcUNvTVRQakw4dXh1M2pnTGctWnhLS25wOUtfWFdvZzJIell0bjdRMmdYbmRjYWF4cWx0Q3hyd0U1QlN3cGRFNDBTQlY3aWNxUEtmVlFGMWhUS21sYw?oc=5,Google News RSS (10-Daily)
17 September 2026,jatim.antaranews.com,Media Massa / Pers,Tier 1 (Nasional),Cipta Media Nusantara dorong dosen kembangkan riset jadi buku,Riset & Inovasi,Positif,https://news.google.com/rss/articles/CBMiqAFBVV95cUxPdnZoYkd0dm9fMWYyQkVoTmtraGduUUlOUmxPb1F3ejV0WVRIWHFaNUhna0xBZUI2ejh0TDltaXBDR1N4U1d5T2dUUXY2SHpSdTk2RnJWNktQWFFxYXpXdEs5dWdpZ0ZPaHpFcHM1OUtVUE9lSUd4aVpTVEh2X1hyUEEwT0ZmNWpjbGxCV0RIZkFaUmlWU2x2bUV0RUN5ZnpZc2ZNWTE2cXXSAa4BQVVfeXFMUHBLT294TGIzWnIzX05Ka2FHY3JkQTZfaTVDTjE5RnVZVUl4RFJZNmR6amdqdzVGM2lVTS1NZU1FUGFRNUtia0dhd2RSdHN3MDBuNUZ5YW4wc1g2dXM4aXV1dHRScGw0Wm15cEZqeV91dW1WMnN0T0I5X2pLYmtxTDBIeWZvZGFxM2N5Uy1rOGx5WjZ3MWRIS3NWVWg2d1JuTTJDY01pOE1lNE1FdXNR?oc=5,Google News RSS (10-Daily)
17 September 2026,jatim.antaranews.com,Media Massa / Pers,Tier 1 (Nasional),Mentan perkuat produksi pertanian dukung kemandirian energi,Akademik & Umum,Positif,https://news.google.com/rss/articles/CBMipgFBVV95cUxPVEN4MUlaRWUyT3JOWk92WmtyYWNXdjhKdHNoSTViOUVUVlUxQ3R4WnFma0RDV1Y0LUNINXlRbE9mOXhERzlvOHp2Ti03c2tOamk4cExEVGc4MkRMU0o3QzhEbVdGOTd4ek01TmVSRkZ6ZjJGazNzTy05WDZyZ3B2WS1EdVZfQTJTUnhFY1h5RXhKdFhYV1pDWmtraFJZZHhKY3RRQnFR0gGrAUFVX3lxTFBRckNwTkxxQl9heV93SVo4WHdraFRxRkItZVhLQkVEWmJSblNtU3BoTnZjeHFIT2k4bTctaXp6WEhpQjU5WUZhbkxUOXk1enk1Ql82M0c3YzRzSzQwT2lNakd2Vks2alJyMmxOUDY3dHQ2WUZsYV95M3ZHeHRURXJMUzhMNnRsb1FlcmRkOFJkNTJsVU9FTTBBU0drQkZ6SlNIZTBsWlE0RTVyMA?oc=5,Google News RSS (10-Daily)
17 September 2026,jatim.antaranews.com,Media Massa / Pers,Tier 1 (Nasional),Pemkab Gresik kejar cakupan BPJS 55 persen untuk lindungi pekerja,Akademik & Umum,Netral,https://news.google.com/rss/articles/CBMirgFBVV95cUxONGE5di1JYWN2QW9vT0s4elNWZUN4NGU1N1R1R2VESk41dXhtUy1ELTFJVDNCNlBnRUY1V1c3RDlTVDFqWWlyaTJOVzhwdmZiTEZaRWpNUncyOEpJdEdOX2FnUXR5MkFLa0h0TjhLZWFWX2lhTVNaWHFJVk5RdU1yWUpkUDI4MkxCbngtRzVpd2NmYWh1QWN4Q2pzenNTYXRQNFNYTzFod1RRd1Q5VmfSAbMBQVVfeXFMT1d0SnlKMFhNME1XODBDby16RWlnTUMtSkZTZjZ0NFlEWExIWkNPWFg0QnhEbER6c1BIeWZQeE8wV0hTQ28zTUF1bGxBaWE1RGxoVEhONjV0QzlORVZyd2lVMFlrek9Eak1uT0VYV2Q3WHdWalZmUjBDVjJnSFFOWF93ek9DY2xqS3JZNGRSUE5LV2kwQ3RkMEttRG1STzlMWGdkY0dsYTJKbUdiN1NLYThZbWM?oc=5,Google News RSS (10-Daily)
18 September 2026,ANTARA News,Media Massa / Pers,Tier 1 (Nasional),Beras fortifikasi terbukti melanggar tidak boleh beredar,Akademik & Umum,Netral,https://news.google.com/rss/articles/CBMiogFBVV95cUxQQ0hOeElhUGFuVDNDd25yM2N6cHp1WGp6VjJEdURkMG5uRWtkdFUyUWU1cFF0UFQ3YUpDU3pEYmRheUxVSG91MllXelZxMkNPX0xlcDA1TGRqMFhhdGRTYnNtYzRieHY1cVFJdkw1eUVlWWFfamVyQXNyYkt4Ungzc25sbnI3VDVkSmxpTzFsUmp3eXkxTnozdVpoSkZySkptaEHSAacBQVVfeXFMT1RJM0lGaGlkcm12UkdYcmZkcUlWckJwVWpHWUhpZHVHSFEteHMzRl95ckRETGp2cS1lRHh6MnRQX25mTmZEcjNZRjRQU1lQNGZMeUVDaW1WdkNIa2RLTXFPLUxwYU9adTI0WDhXdmZIaThmeGhWWlpaa3VjWDZOalhZSEs5TU95VUxvMWdFakZyc2k4WGlRWGxOVzVETmZxMEZhMlVaMGs?oc=5,Google News RSS (10-Daily)
16 September 2026,detikcom,Media Massa / Pers,Tier 1 (Nasional),Pecah! Hillsong Worship Perdana Sapa Surabaya di Asia Tour 2026,Akademik & Umum,Netral,https://news.google.com/rss/articles/CBMipwFBVV95cUxNbF9Jc0hJOGNpbm9KaTFiVjQyS09BeFNYaEgxWlA4SEEtMGljZ0ZBUURHUWFkRV81MDZPbF9LZXNiZ0k2WE1OUDhJUWhSYXFISDllOVFHNWktS1JIRGtZU29OcmpldGJQbmlWZ3B0UDV5aVJIZWJkS1YyY3NOSEZrVDRteEpjWVg5QVdiU3VCLWlrQ2p0NFRYeW5rR2pPenRhLXMzUnFhMNIBrAFBVV95cUxOOHpnMDk0WHMxUmNnWWZZV1pqLW56WE14U0JPTDdiakVpMTR1RUhia3ppaExIR191aWh3WThQQzh6bGdBZFpzU1JRTXFXU09tbGlDVjBpcjBwQ3paVS04RmRkMlhSSmhOR3V4NjZmZUVLR25tTDEzY29DUTZzRS1ZQjdrODI0SkcxYTA0cWRoU2VnOWE1Smc5c0paS0hYYmY3SXFMVE51NU5hb2tp?oc=5,Google News RSS (10-Daily)
15 September 2026,Kompasiana.com,Media Massa / Pers,Tier 1 (Nasional),"Bangun Karakter Islami, Mahasiswa PGSD UNESA Ikut Dampingi Ibadah Siswa",Kemahasiswaan,Netral,https://news.google.com/rss/articles/CBMi2AFBVV95cUxNRmlVYTVpajI3NWpzTThCUjVkX2VyR1kyTEdGUEx0bFJkWVdGQVhCc0lSbnlqZ2tRS0VFWjl1MHltNHNzNEVsMEplVmF2QWtJbU1fVXA1X0JzZlVFRVRVNGc2cmRFenFJUEpJS3BLVFdOS0NCbnBjTjVMbVcyb05oalUzOThrTkhUTVFEQm96NjAyZl9aMUF2dkhGWkU0MV9kaVFoamFNRWtHWTdnc1F5YS1waXY1bDJmTk5IbUtRVU50d2d2RkRidUZwWXBUbmFNdzB2Q3JnWGg?oc=5,Google News RSS (10-Daily)
13 September 2026,Kompas.id,Media Massa / Pers,Tier 1 (Nasional),"Data Kacau, Orang Jadi Takut Kaya",Akademik & Umum,Netral,https://news.google.com/rss/articles/CBMicEFVX3lxTE5sOGI5MjJfb2VlUEJYRUJBVXlzWVBKQlJieGsxZGNlQWJyU3BjaWJPQ3pYYW0yc1lyaE00VTJNck1ZSS00aW9iVGZ6Y3dvR3B5Wm1CQTNLN3h6d1NQNWdqclhYZllsaEo1ajE1cmpoNkM?oc=5,Google News RSS (10-Daily)
17 September 2026,detikcom,Media Massa / Pers,Tier 1 (Nasional),Forum Warek Akademik PTN Bahas Integritas PMB dan AI di Unhas,Akademik & Umum,Netral,https://news.google.com/rss/articles/CBMiqwFBVV95cUxOSVZJdzQ3QlZQVlo2X0NKelFEZUt2ajNydVpXVTRMc3dVbVprdnNrOVFvdHpDSmkyU1dJbW9OSXNDWVJ1X3pybzFOZEtFWXhPTmF3aFRicmRIVWNSSXVjQ29ZVE1MOV9GZThNVXJYOEtfczN3aldfTGx5LXRSSmNSQ3JLYkFxREpIX2ptUkw1ZWM5enRzWlhQLW1QUGRfczltQUg4LVpiaTh2Y1nSAbABQVVfeXFMUG1aejc2dDUtVFcwQmhRZldyaXBFX2NXM2VVQ3I4TjVfOW5XSUlFSTlwaVhqcExXY2Q4MjBvbmpxYkpRQWNQdW1xOTJfMk1tcC14Umt5U1JhRURrdkNYOXZUbkpoMUJBTm55ZW9oOG5VTWZOenVjcjNqX1ZtejhfLWhucFpPblBieGdSYktua081cjk5VGlDd3ByMUE0bG40a0ZveVNWTF9yMkJCcUt4ay0?oc=5,Google News RSS (10-Daily)
18 September 2026,Suara Merdeka Surabaya,Media Massa / Pers,Tier 1 (Nasional),Warga Binaan dan Pegawai Rutan Perempuan Surabaya Jalani Tes Urine - Suara Merdeka Surabaya,Akademik & Umum,Netral,https://news.google.com/rss/articles/CBMixwFBVV95cUxPUkdGUkpwRTh6cGVLeTZCVnpTRGVHYkY5S1p0M2k4amxWTWVCWjJPT0Q0a1dHbHJzdDJaOEF0QVJoVkUtTTRsbjBfQlBfSHBLNVpBbS1FQWtEcFREd1doVnFpVmp5LWFhQ1REOFRhaHhfbHQ2cWREY2xzUmtIU2hzcTlmRFR4NWpDc2NVVXF3MFJCZzlIYXdwTFE2YTNycDF6WlFLZkZISGI4bTBUbjZILTFmNmg4RzJfM2N0NmtfeFdFcTgxYk840gHMAUFVX3lxTE1sSzFEbGlrOHJEcTdEUUZua3p2aHFpTHdXX1hLOXlZcWVPSEJWSmo2TFh4U0k3OGVxbGVuMUM1Zm5Rb2NTaUdFYWhobFhab1VOZ09ZNEFlRmFMVkRfQ2pOU2s5WmtkcnJlNENrUzdDYWE4MHNnd3RoVWdENUxOLVRMY2w1aEhvOEZoYmVsWEdDb2s3WHF1cE4yQ0RUSF92anpWZlhxck92Q1ZjNlEyamNrTndZU0N6SlBVd3JzQ2s5OTd5R2pDMjJWOHJTUA?oc=5,Google News RSS (10-Daily)
17 September 2026,Suara Merdeka Surabaya,Media Massa / Pers,Tier 1 (Nasional),Rutan Perempuan Surabaya Geledah Kamar Hunian Cegah Narkotika dan Barang Terlarang - Suara Merdeka Surabaya,Akademik & Umum,Netral,https://news.google.com/rss/articles/CBMi3AFBVV95cUxNVVdXLXAyVVVHX2VZS2hlTEI2RnlZc1ZKTlA4VkYxOXJfV3E1OFhDek92ZkRRd3VQOG9ZVlZqcHM5cklGLXMyZnFJVjh4QnNTRjI0WTlqdXhqcWdMeDlDanhoaWxPNVRVWllELXp5NmlUWVhaclh1cWRYQUx3aUhfV19ER0hOeXJGa0dEcndxb2xqelRONWRKRGphd3d6RzJzV2JUcjBZUG9WQ0pCbVVSZFpOUUpOdHU1VzJ6S1VESGM4SmNqQzVpQ1lDZWlyOFJZczNwVTVXbS1OeUl30gHiAUFVX3lxTE5XRTNxNjdxU0VRWnQ1b1lVLWwxTGFqWHVYdURDb1puclV1U2R0TXlSOHAzTEd6cUliMXZFbldzU1lNNlZfSGlYOWhSMlZjNms1a3BKdFBpZXV5QjB2SWt4NWhSMDc3eGNFTVFZaDkxSDVzOXJWQlFjWElZa3NvdUZpRW9idUJOUlliYVBCMW1JeHQzaFRvTFRwem5DLV9KLWg0REpCSFpQaFo0OU9DNzNwYXdQbG9OaWVYUlFuenkzZ3lielRueklaTlF6ZEZsaHkzMEFiZlZUT085WlY3cnBOdnc?oc=5,Google News RSS (10-Daily)
16 September 2026,Kompasiana.com,Media Massa / Pers,Tier 1 (Nasional),COMIC HIMASKA Helium Bersama HMP-PK UNESA Jadi Ruang Bertukar Pengalaman,Akademik & Umum,Netral,https://news.google.com/rss/articles/CBMi1AFBVV95cUxOYzRGTTVrOEdNR1o2SHctdVZFMkNtM2o0S2pSVFBhYjlzQ183dnFkQ0FSUTdyTXFBWUpsSVlUY1dOR2s5WG9nbklmU3o5VU55Uk1oMy0xTllsdVJlWl8xZk5fQzI3dGNJNml1TGdia29pR1kzcDRHY3V3a0M4OGFDWXVWaVhkc3Rmb25oVWR0Q28waGpFZks3c2NOYkdWYno4X3BRT29rTzdXNlM3WDJtVHdkeGhUQmdwbndjeUppOVRYWDNQbHFJSUl2QkFHbmlwR1R5WA?oc=5,Google News RSS (10-Daily)
19 September 2026,Kompasiana.com,Media Massa / Pers,Tier 1 (Nasional),Misi 7 Hari Ajak Siswa SDN Sekarpuro Bijak Gunakan Gadget Halaman 1,Akademik & Umum,Netral,https://news.google.com/rss/articles/CBMizwFBVV95cUxQTE9NWVJUUzVHek5la2F4OFRjdEkzakdDR1RYRklheVAxWTkxU0lNS2hZMi02NzliREhjYTNEODFwcFQwUkhnY3haaXk0dTdtX3VpU0UxTlpnT0tXNTRfb0swamxkM216TVVQUEhsY2JaY1FEVjRwMEFadS0xT1RVRFNDVFI3bnlpaFNqWVhsbEs4UE1QN09meEU5bGtKa1Zka2doaWFmTmFVd3RzUzI2OGJZbWYtTW9PS3RYazRqMk5FUWN1dElEUVI5akItblE?oc=5,Google News RSS (10-Daily)
18 September 2026,HARIAN DISWAY,Media Massa / Pers,Tier 3 (Lokal/Independen),"94 Warga Meninggal di Pengungsian Pascagempa NTT, BNPB Terangkan Sebabnya - harian.disway.id",Akademik & Umum,Netral,https://news.google.com/rss/articles/CBMirgFBVV95cUxPdmZNYThxZk1rWGZpclI2dE1QNV9kZUtncTNtcVJUX0pNQUZqREx2NlljYUdVaUN1b0VlT0NxYklUU1JtaldnYTJnZ1B2ZjJKWnRXcVVsbHFXZjc0OEZDOTVGTWItTkRuV1NBM3dRdFlrRlVKbXlEaGxfRVc1WDd0SjR3T1l0Y1N2eVpBTDEzeGtXMmI3UUFjMU96Um9NMmVkdFlZa2NmcU5MQWNQSWfSAawBQVVfeXFMTm5KTllSWVJpMWY3b0s3bk5YbmR3SVVJWHFoZXRPMVpINE9JVm94LWwtUTFOcmtwOTdQWldIZ0dtT0lfNVlOWDRkLVpNdmhyM2hvLXFRRno1eXpqbTZJUy1JUnY5UkNqYjltSXlhYW54V2pWd1J2TUFYSE5HN0tfMHBhY3AzUUduQy1wdkkzcHRUbnN3MUpYVHNoLTdHVFJpRVpHUVpfVXo1cE4tRg?oc=5,Google News RSS (10-Daily)
15 September 2026,Suara Merdeka Surabaya,Media Massa / Pers,Tier 1 (Nasional),Pakar Lingkungan Laut ITS Ungkap Kondisi Perairan Lokasi KM Virgo Tenggelam - Suara Merdeka Surabaya,Pikiran Pakar,Netral,https://news.google.com/rss/articles/CBMizgFBVV95cUxQTFFUZF9tS2Y2Sk5Da3NmNVc0Z3ozeTBhYVhDdDRLc2FVaUFWb1F2elVSWHdBM2ptbnQ4Mm13Q1RzQmlHVGtnUlpsZ3BqckZ5TUNERGt3VzlacnRWQXJNc3J6U2ZOdVVSX3hjWWswdE9ackNoSzJuNm5zV0pqY0RIcjZIenJWY2lJTDFkcEg1LVdRR3lpcFJyMUNCWXZ1ams5M2VHRDQ4alJBNHhGRUNVU2g3NFBVZ3M0YVdna0hTTlZLUEFrSWlkdkxPNVotUdIB0wFBVV95cUxQVUJ0N04zM3lMYm5sVmRfT2hUMHg4eWtXbFBsOEtlTzlpczM1d0FtQmFhaGgwdWp2cVV0Q05aS2NVWjRUdy1feVhaZm1JbWR2eEkwRFdPaV9GZ2xQNk16N3N2MHBjTWs1bmdnUFRxZjYwUk10NlF1WDdocGQ4cFpJOWJ5Q0dsc1R4MnJQN2RnTFI1a2s0XzY3c0JnYkJOdVVZZHBsVmZ2SUU1bllEbDFWcmtaQVVYUXBYUlNlYlNWZEM1ZjVta1FsSWNEUHlKcEptbXNB?oc=5,Google News RSS (10-Daily)
17 September 2026,Media Indonesia,Media Massa / Pers,Tier 3 (Lokal/Independen),"Darurat Kecurangan Seleksi Mandiri, Forum Wakil Rektor PTN Susun Mitigasi",Akademik & Umum,Netral,https://news.google.com/rss/articles/CBMitwFBVV95cUxNa1FnWVAwWkhSSDFkLXBqX19GQkVqYVJ3cUd6dV9TekVzdG83NFYyUFJmd1I0MElQR1E1NFlJU1ZMVDltdVlMMzI4S2ZhMUxMWWUwNzM1YXplT2VoSzdNVVRtNlM5WHVmd190amdlY3kyYUlzUXhtdmIwTERmM1JwZG9XRnp3aTdTSU05Tm1raXVvb2IzYzkyLVBZMzhFU1dVWmQ2V1NHVXI0cjJWcVJMSU1ocThBMWM?oc=5,Google News RSS (10-Daily)
19 September 2026,Kompasiana.com,Media Massa / Pers,Tier 1 (Nasional),Math Fun: Ketika Belajar Matematika Jadi Lebih Seru di SDN Sekarpuro,Akademik & Umum,Netral,https://news.google.com/rss/articles/CBMi0wFBVV95cUxQUk1Ibk1tTnVWbnluMlNsVkRKbVVlbFZpdUFqZVFYSnQwTHUtT25mREtiOEZXZU1pSUpJZTltV2p3dGZLVW5hY3VPdncwWEZjZHRpUXNZQy1pSnotZ2ZyRFF0WW9tWlFkRHBmZlpCMmxsLWpjRFphWDBiblpFdElBQm9nVVc2d3d1WmxHZFFVc0JBU2RKTnhTYnpncmVKT3lCdzlrQnBhc0ZqTGF5VzB0aTMyQ24wNDZLZm1HaERVQ2F6ZGR0eXVZOE1jdTBSOWg5NnlJ?oc=5,Google News RSS (10-Daily)
18 September 2026,Kompasiana.com,Media Massa / Pers,Tier 1 (Nasional),UPT SDN 230 Gresik Gelar Nonton Bareng Film Pramuka sebagai Upaya Pembinaan,Akademik & Umum,Netral,https://news.google.com/rss/articles/CBMi4AFBVV95cUxQd0VZaU94YUZ0RDZyR0xjUnBCT3BjZjJMRy1FSGJoTWdYbVRqT1hDY2ZINGJ1ME16MkFBZEV5NlRKeTlHNlZ4bUlEdjJRaDk0V29neW5Yck14YkNFRnBiUXUwN094YmhNVDY1ZC15aTA0VS1nbjJFVktLcHhFYWVfRHdRWXVJQ3djMDlPa3d3VzlRTWJpUWVuSUpTNGZWd3hXRmVnRklfYmRvTUhyZFJ3RWdYcC1rVEVOUWxyc3VDNUp5Zm1pTFpjSk5qYWVkcnA2LXR4bDAwdkVkZVFoNFFyeA?oc=5,Google News RSS (10-Daily)
16 September 2026,Mojok.co,Media Massa / Pers,Tier 3 (Lokal/Independen),10 alasan Surabaya sudah nggak senyaman dulu sebagai tempat tinggal,Akademik & Umum,Netral,https://news.google.com/rss/articles/CBMiiwFBVV95cUxOVjRoaXRIeG5lNWpKRWprRE5yNzVXb1diWXFuSFFkRWhLcWhEb3pLaTY5Nk9sWGdJVmtRX0lLcDFzUEoyTUg2cDVMOTEzLTZXZzlQN05FM3ZyN01QeDVra2IydnBxY01vTGQ1cDZnU01MZFRIc203OGh6a2VfME1pTi1LUWZwU0s3bHJr0gGQAUFVX3lxTE9Jb1ViajFqRnZlNGZuVWxWUzFxZ1BnWGg0X3U2UVVrdWVVUmhTd0NTREFVQlhwWFlCaUstNTlKYTBqR3NtZXZ2cDUzeTVJUnpEVWpyUVgyWHVMeGJHU29hSWVWNUpwTDBOQVBvS2kyRU9MRU51VzEyN3YwM19yNEJmbUwzdE9XTmI3RER6a2hFUA?oc=5,Google News RSS (10-Daily)
18 September 2026,HARIAN DISWAY,Media Massa / Pers,Tier 3 (Lokal/Independen),Dafam Pacific Caesar Surabaya Ajak Anak Kampung Negeri Kalijudan Senam Ceria - harian.disway.id,Akademik & Umum,Netral,https://news.google.com/rss/articles/CBMiswFBVV95cUxQX25TTy1WNkxRamZEWkJGSGNfMEY0enV4b3VYQTY2UG9PSlJ0ampZT1YxdnNPeWlVZlZoSVRvODFRdEYwQ210bVhrYUIwM3NoTlR5VTRfNjY4RENYSnlMelhSXzA5QWRDamljVXd2UDBlQlFPVERGNVNnNEpmR3hDSkxwRjNZdzVkRDI3V3duSE05MG5RU0NhdU1lR1hfT0RhMTBtbWVKQnFvb1kySjB1dFdFb9IBsgFBVV95cUxOZzNNb04tUnJxMVdVcnkzVk9zbFZNRTRsX2tNUG5tM3hNTS1NTEMwRGxSS0M2cWFvZ09kWHpEMWw2Qm9CMDJiNzd5ZGVmY21WMmk5RW5FZzVFR3pQVi0ybmJHMklqVFdfOS05UTE0N2ZONnVBQm5oZjg5X1BnZkNBdnJIRkJ0MUFhd3dZR0hIems5THZrY0lfV2JXOUN5bnVUUjdZRURIZi1ycDFXaFRKNDRB?oc=5,Google News RSS (10-Daily)
14 September 2026,Suryamalang.com,Media Massa / Pers,Tier 3 (Lokal/Independen),Berita UTBK 2026 Terbaru Hari Ini,Akademik & Admisi,Netral,https://news.google.com/rss/articles/CBMiXEFVX3lxTE1Wd1JwWDhtbXZTY0VCQzJURjJoUWxoNXBXNklBWWRRT2toRDcwWUZUb25qZmNUUDZlNkJTVWpNS29tRzMzbmtUSmIzUG1GN3lKV19udmZNbGFKZlg1?oc=5,Google News RSS (10-Daily)
18 September 2026,IDN Times Jatim,Media Massa / Pers,Tier 2 (Regional),Khofifah Sebut 24 Daerah di Jatim Tetapkan Darurat Kekeringan,Akademik & Umum,Netral,https://news.google.com/rss/articles/CBMivAFBVV95cUxQSW1ydDJsWThJZ2ZrenVrQnE1ZnEtY0MyU1hjeFNjUkU5Qy1ramQ2eVQ1NHV3OEZmMnhFQTNQY2ZaTE5KRWM3M1RMU2hOLWRJczM0bnZKRVVEWTNKRVVyRmRwcHM2LW5fVkwyOVducU5Ra0VRMHFwQ1FqTEhZbmlaaERwTDVrUHRJU1BZNEp5ZG0wNG51MzBuUHRNS2Q1R2F1S1A2Q1o2UE1sejl1U2J5azktZVcwLVZGdndDRNIBwgFBVV95cUxQLVZoeGNEel9IR2FMdkhnekJQQUR0azBGcXZzZ3cyZW9ObzR5WWZYU3Z1QmN0SnhhODA5Mm1GQi10MEdTVkVDdVN6QmxKbHJnNktNS005aVNSV0ZrY0RtWUxPdHlYVHVSVTN6Uk5USTJDaXJJaFA3SDV4QU1NREZUanpRNmc5ZzVzd0NpUHBsNEszYVlmcnc2eFkwc2lCU3BVOU1ldTZQQWZEbVRFYk50XzFkUDNDYTgzb3E1SjNCalg4dw?oc=5,Google News RSS (10-Daily)
14 September 2026,jctmbs.pomostnadziei.pl,Media Massa / Pers,Tier 3 (Lokal/Independen),Busway 2a sampai jam berapa🏆 Kejawan Putih Tambak - UNESA bis apa yang akan datang,Akademik & Umum,Netral,https://news.google.com/rss/articles/CBMiUkFVX3lxTE5WbGc3Sld3bWJwVktDdnJVd0xkTlozVUVCdWRQYkFIcUxLQjVCdHR0a1ZCTHVxR3NGZGRnbTNwRkViaW0weFdGUEk1OTUtMVFLQVE?oc=5,Google News RSS (10-Daily)
11 September 2026,sczgnala.sokolskareit.pl,Media Massa / Pers,Tier 3 (Lokal/Independen),Passing Grade Unesa,Akademik & Umum,Netral,https://news.google.com/rss/articles/CBMiWkFVX3lxTE15a1RSMVJyZjNjM0ZLMzYtVlJGVnZCWVRjZ3RjbFFSUVN4RUdXUm9waFctLXlzazF0NlBPbjA0SVRGdXEyUUcyTzJvc0FNTDhnUUlfMVJSeXFnUQ?oc=5,Google News RSS (10-Daily)
14 September 2026,InfoPublik,Media Massa / Pers,Tier 3 (Lokal/Independen),Unesa Bidik Talenta Muda untuk Scouting ke Inggris,Akademik & Umum,Netral,https://news.google.com/rss/articles/CBMinwFBVV95cUxOem9HZlJNWXdWWGxxcl80cElob2o2UzQ3alRNZ1hTOTFOWDVzMXRsdVJVTFNxOHU3Wk1yWXhobzhFTm0zNnBhdDFKWkt3MW1JdFU1SHJZeHVyVWpRQkRMYlFEMlVTNmtjekxPMTZNTWxwNHEzVW1tN2xEem9Bdk5EaHJIdGI1Q1VJRkRmajJiVFhBRFljOU9tUUU0bjVvamM?oc=5,Google News RSS (10-Daily)
12 September 2026,jctmbs.pomostnadziei.pl,Media Massa / Pers,Tier 3 (Lokal/Independen),Unesa Beri Pelatihan Menulis Jurnal Ilmiah Bagi Guru Smkn 1 Surabaya,Pengabdian Masyarakat,Positif,https://news.google.com/rss/articles/CBMiXEFVX3lxTE9GQkN6QnFfYjFTVm8xN2hQOExqV2JxN1JqVEcyTUZRRjZYS1R3aUFQeFBQNkxidDJOZFNTUlgtaG8tdzhrdWF2VVVlY3NvQXVLV3hHQ25MUkJBRE1W?oc=5,Google News RSS (10-Daily)
13 September 2026,Dinas Komunikasi dan Informatika Provinsi Jawa Timur,Media Massa / Pers,Tier 3 (Lokal/Independen),Talenta Muda Unesa FC Academy Berpeluang Berlatih di Tranmere Rovers,Akademik & Umum,Netral,https://news.google.com/rss/articles/CBMiqwFBVV95cUxNTGNjY21iVkNZejNQZnlNRnktWnQ1bExkNUxfdTkxaG0zSU1zWDVBWG44QWs5cF94NjlLYmJBbWpqTnZlTXl4RnpUYldsN0hsbEN3WlI4R2xDM1pIZGpMeVd0cXc3eG1EN0Jma0dFM1BlSTNKUW1Lejh6RDBtcUFaaHRybko1aEJmOThkSEFaYVBTeVhxWmRfZzFKNmVwbVB4WDljTElyamZQRFE?oc=5,Google News RSS (10-Daily)
17 September 2026,Pintarly,Media Massa / Pers,Tier 3 (Lokal/Independen),ada yang hukum unesa tidaa,Akademik & Umum,Netral,https://news.google.com/rss/articles/CBMigAFBVV95cUxNZE1vcHZkNldlb2VrS3E1R3V2dVlpX1BTaF9vSDdPaXNzR3p5eHhqNlVMSE1BbUU1cURFZ3lFYXAtam5TV0lMN09IT0h4STI5NFRMRHAwclN1WEFtRE0ybk1fSlp4b3AxZXBULTRVZ0c1MThzNk5hTTQ2azBnOEFDcg?oc=5,Google News RSS (10-Daily)
16 September 2026,sogorgeous.co.za,Media Massa / Pers,Tier 3 (Lokal/Independen),"Lapangan futsal unesa🏆 67 Followers, 30 Following, 12 Posts - See Instagram photos",Akademik & Umum,Netral,https://news.google.com/rss/articles/CBMiW0FVX3lxTFBDeXNjWkkyZG1pUmFuN01uTkNzOGlRZm56amZxVV9jSTlJNlFkX0YwRWo2cDBFUDJaQWhjS1dNX2pvRm9UaFNwMjNaNDVHa0tqRmtwd0RwdkhzSEE?oc=5,Google News RSS (10-Daily)
19 September 2026,transportmantais.fr,Media Massa / Pers,Tier 3 (Lokal/Independen),Unesa akreditasi🏆 S-1 pendidikan pancasila dan seni unesa memiliki sosok,Akademik & Umum,Netral,https://news.google.com/rss/articles/CBMiZ0FVX3lxTFBCd2ZMWjJBd002ZEw3Q0RGclVmcG1rNTBQekRDd3FnU29vcFdwYTdkMWhYWG9GdzVya0c2YkR3UGpCbEJramc3R3VyV0hPSjhxRXNUTXVFLWx6UzlsVUlUcGx2XzFONFU?oc=5,Google News RSS (10-Daily)
11 September 2026,majorserieshockey.ca,Media Massa / Pers,Tier 3 (Lokal/Independen),Fakultas mipa unesa🏆 Fakultas matematika dan ilmu pengetahuan alam fmipa,Akademik & Umum,Netral,https://news.google.com/rss/articles/CBMiT0FVX3lxTFBtdzU5cVpOOFRyVGluRTVKQkZqN3NkQm5wMzU4VHhhemo1RndQYnlFRTFMak43UmV5RF9MVmdNU0xIcjZ0TzBNSVhxNnRBRXc?oc=5,Google News RSS (10-Daily)
13 September 2026,konijawatimur.co,Media Massa / Pers,Tier 3 (Lokal/Independen),Unesa FC Jalankan Program Scouting dengan Tranmere Rovers FC,Akademik & Umum,Netral,https://news.google.com/rss/articles/CBMingFBVV95cUxQRXJMalVUNTRWa2JobzFBQjJPLVFwa29GR2hpLXZBdGxZZlVEeURrVWdIZGt4ekFmbjd1Rmd5QU5hR2h6LWx0TWZpbm9ST29UVmJaNkdBUktTOXFGc0pzamJBU05sRmZVOWJ0bk14bUJjaXZIOFNRWHRKNzVOQnoxazg2RlN4MnB3VVpFV0xucG9WLXA0UlpMMFRvOFR1QQ?oc=5,Google News RSS (10-Daily)
26 January 2026,feb.uns.ac.id,Portal Kampus / Akademik,Tier Kampus Mitra,"FEB UNS Terima Benchmarking UNESA, Dekan Tegaskan Pentingnya Saling Belajar Antarperguruan Tinggi",Akademik & Umum,Netral,https://news.google.com/rss/articles/CBMikwFBVV95cUxQUHlLY1dsMFNyeUNxRjJpOHMzOTBMZi1PaEtvclZzMXZIcEtQTkR1d3JIN0hwQmFHeWllZ1JPeE1lMmdHcElXN21VUUU5Wjl3WGd0UlFseWo2Wno2bWd2MXhEM2c1RDc1YmhFU2kza2FNbkxTNTd3VzVBSmRIdG1Rc2R1OVpDSXg4clJ6S3V2ZDEtWDA?oc=5,Google News RSS (10-Daily)
18 September 2026,antaranews.com,Media Massa / Pers,Tier 1 (Nasional),Binus juarai Campus League Badminton Bandung lewat drama tiga gim,Akademik & Umum,Netral,https://news.google.com/rss/articles/CBMirgFBVV95cUxQNng1d2ZNbnZOSnJjS0NSWUlMdW1oeHpocDZ0NC1BOTlhYUpiT0JSVXpjbE5RWW5ERDFfUUZIS2FtOXdveXNjWV80Z0h1dUtRRmdiajBhWUlBTE55VWotdHE3OGVKQTJtM1FHZFljekhJSmp4eWRzaWR6X2RTa2M3VE1pa2ZoTjhLQk1lU1V0MFBURmN4aFNwRmhSUk5nNm9qOHlld25Tdi04Qk0zRFHSAa4BQVVfeXFMUDZ4NXdmTW52TkpyY0tDUllJTHVtaHh6aHA2dDQtQTk5YWFKYk9CUlV6Y2xOUVluREQxX1FGSEthbTl3b3lzY1lfNGdIdXVLUUZnYmowYVlJQUxOeVVqLXRxNzhlSkEybTNRR2RZY3pISUpqeHlkc2lkel9kU2tjN1RNaWtmaE44S0JNZVNVdDBQVEZjeGhTcEZoUlJOZzZvajh5ZXduU3YtOEJNM0RR?oc=5,Google News RSS (10-Daily)
17 September 2026,Kompasiana.com,Media Massa / Pers,Tier 1 (Nasional),Profil Elisa Linda Lestari,Akademik & Umum,Netral,https://news.google.com/rss/articles/CBMia0FVX3lxTFBMYXA4MUcwbk5hTXpZem5fb2xOeFh4Z2NScGl4TTM0SGNYQUJBZnh1Tjc2MWl3Q0ZFN01ra0JpVUxHaGQzczNWZXN0OEp2RUFXV3g4anZNRC0tWDhFWHBpM21wZ0JETWtPN05j?oc=5,Google News RSS (10-Daily)
18 September 2026,Pontianak Post,Media Massa / Pers,Tier 3 (Lokal/Independen),"Jejak Rencana Negara Komunis PKI, Dokumen 1957 Ungkap Tiga Tahap Pemberontakan",Akademik & Umum,Netral,https://news.google.com/rss/articles/CBMizAFBVV95cUxNNDV3eVMxTmtFaTVINGxPUWpBeDRBalRxQU5qX1FvN1JfZVBjUnl0S19qMGxnSGUyRGpGMnpsUWxLT0NFQXNocHRmRXZ3ZHF2R0pieEZLcVktZlRNYmhGbTFkOEpBNTZvVk5nQThYZlQ5NDlIUzdNWVBaeWpBOGtKLUdXV0g2TTAtYS1sYUJuSjN0ai1NcmZ5OWVwRU43VVI0Z09iWHVQZnNnNFJVSUhqTWttdGI1RDl5UXdETUJLdE1qVDBpald5NmF0cUjSAcwBQVVfeXFMTTQ1d3lTMU5rRWk1SDRsT1FqQXg0QWpUcUFOal9RbzdSX2VQY1J5dEtfajBsZ0hlMkRqRjJ6bFFsS09DRUFzaHB0ZkV2d2RxdkdKYnhGS3FZLWZUTWJoRm0xZDhKQTU2b1ZOZ0E4WGZUOTQ5SFM3TVlQWnlqQThrSi1HV1dINk0wLWEtbGFCbkozdGotTXJmeTllcEVON1VSNGdPYlh1UGZzZzRSVUlIak1rbXRiNUQ5eVF3RE1CS3RNalQwaWpXeTZhdHFI?oc=5,Google News RSS (10-Daily)
17 September 2026,Kompas.com,Media Massa / Pers,Tier 1 (Nasional),"Hampir 4 Dekade Bersama Tanah Liat, Arif Menjaga Keramik Tak Ditelan Zaman",Akademik & Umum,Netral,https://news.google.com/rss/articles/CBMixgFBVV95cUxQdDlCVVBxdk9iM1oyWkp5cVJTWWs3TkpvQ3ZKTzZKQm1mc3lsVkdVaE83YTU2cmZWWUhFZ3U2bTJ5RWh3dTZRTGc0SGlrWHVDaU1uUzRZSk9OU0paWDlVMl9KNjNyajVESlFCQW4xNzdFRnQzaUpqTDlmamYzWDFmR0RjWl9lcncxem5HNGdEcXFQLTh2U2JqY3B3NVlhQ1BhMjE5NUlZaVloRmgzUXRZbHZBTTJ1Nl9OZTl1SEFIVVppS190RVE?oc=5,Google News RSS (10-Daily)
15 September 2026,Radar Malang,Media Massa / Pers,Tier 2 (Regional),"Dari Bangku Kuliah hingga Doktor, Saudari Kembar Ini Berbagi Gagasan Pendidikan",Akademik & Umum,Netral,https://news.google.com/rss/articles/CBMizAFBVV95cUxPVkIwRElmcW5SLUNSLUVnWXJiRVJoTjF6QXJaNkJLT2tuUjRSRnctZWhNRUpCd0lUTTF3ekoyYTByeENiUGZYM3c5a1gwMWxHS1ZZWjQ0aE16MjRTVm9CU1Vpb0Vwd2E2VXVCTlhXRGVLZk5KMXU2UUFnY3ZRLTNzMXAwVDhsYWJ0V05CcG92MHh1SDBGN2VUTFk2Y1R1ZHFNd091WGt1UkYwb210MF9JM01zcHQ1cmJNZ1pBNkpIeHdNaHFHTWJHNlFROHDSAdIBQVVfeXFMTWVnMEZkdlBXaUhibEVHekZoMUo0dmFmX3JKbWt0anY0aHprUy03VmF0ZWgyUFpkRjZ3TGJubV9OZjZtTEI3bXpoMkEwaTJ6REc0djMwcGI5elFJOFhoeXJhNWlIREd2bF9mT19Sam1WNVdQRWdMekxvcGV1em1SV1pRM0p5M0N5ekU5LTVjRUExRTNQaHRsTTZHckhFMjJ4ekVDbDg4dUFSZ1E4VF91WDNlQnNhUkhHMHZmNi1tMHJlc25DMG5abHdIMm5QdTF3Wlp3?oc=5,Google News RSS (10-Daily)
18 September 2026,Media Indonesia,Media Massa / Pers,Tier 3 (Lokal/Independen),BINUS Jakarta Juara Campus League Badminton Regional Bandung 2026,Prestasi & Penghargaan,Positif,https://news.google.com/rss/articles/CBMirAFBVV95cUxQYnRkNnFmdFdUOUtwVEJXRmd2SWVUVnVtcXlkeVNXbVdDdFBTNUtXYm56T3c3bVRYemRiWjFFX003SGVGeUx0Z2xOZm1BandpRXRlb1Y5RWU4R1ZqMFNpRVJld0syN3Q0THhxbXF3U3g1ZHlKbGdWWnJyQWRvWmhrOFlJeTU5ZXBEVy1DQlRYSnR6anJTajFhNDByQ2pVZTg5OTdIdTJYZ0FQWjJ4?oc=5,Google News RSS (10-Daily)
14 September 2026,Kompasiana.com,Media Massa / Pers,Tier 1 (Nasional),Profil Nadila AulyaSafira,Akademik & Umum,Netral,https://news.google.com/rss/articles/CBMiZEFVX3lxTE5BeDNKekxkY0V0RFZpamUzbzE2ckFFaXFsWmhPQ2FhT1ZoRHoyTnFqcDJIQ2hERzRyUVBkNUNueTQ0UjNiVEgxVHlGVWJ4c285Z1lzOXIzbHZXMDlpcWR1M0RZZFY?oc=5,Google News RSS (10-Daily)
14 September 2026,edukasi.kompas.com,Media Massa / Pers,Tier 1 (Nasional),"20 PTN Paling Diminati di SNBP 2026, Referensi Daftar Tahun 2027",Akademik & Admisi,Netral,https://news.google.com/rss/articles/CBMitwFBVV95cUxPSll0UzRFajd5MExrMC1YU2dIWkM5VWZTOVh6bEUtSWN1a21ncDJ5aGNJZlNtTWYza3g1RVpRSEZxMmhhYkFRWE5Md3VDLUxhZTdhNDhBRFRianR2SUlHTXZZaDRzUGgxRlNEUGI4MjJDUFpYZWx5NTdrV01mS0tpVXotVno2SEtpcGdmU09pdWhEVW1xemZBcHh0MVBvS0ZpLTFqWkJFRjhWMHdDRjBIN0xhV25NRms?oc=5,Google News RSS (10-Daily)
14 September 2026,Kompas.com,Media Massa / Pers,Tier 1 (Nasional),"Dokter Gigi Diduga Jadi Otak Sindikat Joki UTBK-SNBT 2026, Omzet Ratusan Juta",Akademik & Admisi,Netral,https://news.google.com/rss/articles/CBMizwFBVV95cUxNN3RLVDR0VEhybUZkZUdDZlBkOWRhcHZrQ1BoelA1a3BKVWlGanR5M0VfQjhVbHdxTE9Gc3BPYlQ3MHNSdXBVa3ZyWlNHMk9tT3piVWNhQmpUa09xNEJzOUtuV2hWNVVzd1FSOWtZR1RLVDVjNG1URUlZYXp5OWMtT1RwTlo2LW5COWZLc1JCZXVyQWc0aUpoVUx0TVk4X0ZCQ1E1RS0wdDFGUV9hWDRVMXA1Z3Njb2RuQU10NlpreXQ2S2JrTzRKV1QzZFNtN28?oc=5,Google News RSS (10-Daily)
19 September 2026,Kompasiana.com,Media Massa / Pers,Tier 1 (Nasional),Profil Istamanul Khoiriyah,Akademik & Umum,Netral,https://news.google.com/rss/articles/CBMiWkFVX3lxTFA4a0k0SXhPTTExcktkUEszNnNxOW9CTDAwejgyQ3puV3ZKVDJnbmZVQ0ViTEt0c19SZzhzdllPZWNVcjlUaEtFWHFCWnhNTENCVndMVUhNTGp3QQ?oc=5,Google News RSS (10-Daily)
15 September 2026,Kompasiana.com,Media Massa / Pers,Tier 1 (Nasional),Profil Angelina PermatasariWP,Akademik & Umum,Netral,https://news.google.com/rss/articles/CBMiYEFVX3lxTE9taGZEdy1BWVQ1NzRUUUE0WXUxSWRWeGd3WGJsWllqcTNtSVFEUFlZMURuSWc4QVZwNDQycnVpRnhYVXQtZnI1NEZOTHBPUHF0MXJRVjdPNWlUYk9KOGRMNw?oc=5,Google News RSS (10-Daily)
17 September 2026,RRI.co.id,Media Massa / Pers,Tier 2 (Regional),Bagaimana Kapal Bisa Mengapung di Laut? Ini Penjelasannya,Akademik & Umum,Netral,https://news.google.com/rss/articles/CBMimgFBVV95cUxOSGo5T2c3ZDdFTzhVZmVhY05iZXdlVk9JazNBbFQ0c2ktX1NjYUI1M0t2LUJjaThQNnBsOENhNG1XMUo2NkY5dW9zdzZIbVVGQUVmMVBrR3JmdVY1NWoyRkpFbHBfWXZkaFpqTGppeDBTdWh2dVJvRGhndC1EWlFPS3ZIX25zc24xM295ZWo3dVNPYXhLbWRmN1Vn?oc=5,Google News RSS (10-Daily)
15 September 2026,detikcom,Media Massa / Pers,Tier 1 (Nasional),"Cerita Durinda-Durinta, Saudara Kembar Kompak Lulus S1-S3 di Jurusan yang Sama",Akademik & Umum,Positif,https://news.google.com/rss/articles/CBMiwwFBVV95cUxNelhYWFpJNlIxUGJPckJxRHZrOWJpN2xSeEZhdEFuSDJyNnJNUU5lTWdsTmhqbEl1cHpDY1dIdFptTm1vRXo3TXlaeTZhZlJZRFZ1MUtid2dJVlFseEppc0xadGFMZ2k1Yk1hajMzV1dkb2tqRG1yTlp3QTN5enFybkx4VnZlNjBkY21leGNKUjFGY1VMSXhCYV84cTVvY1pJNFZ0VVZOZUlaanlCRmdlLXhiMElQOEZCSkdCWUw4Z083cGPSAcgBQVVfeXFMTWM0NkhKNWFvZVk5Rk5CRWlIMndMdUc3RzRlN0VsRm5SdTJpNU5SdHVaTXN2eEdWSm83enpnZThNOHNIaVhvVVZFU2RiYTduMjhpMW8zRktEVXhZaTZZSFBfNDBJTTA5N1pKWDBhc1ZXLWpxWG5jaUZBaEpxNEU1TFZvSEd1c093eWY3VHljbnpFdTd2YmVWNVdLSGV4dWhyMDZYTTZJeDYtdWZGNzZReFNKejFOWnFGWWFnRFl6YUt4MV82Y3l0Z04?oc=5,Google News RSS (10-Daily)
13 September 2026,RRI.co.id,Media Massa / Pers,Tier 2 (Regional),Pramuka Garuda Bisa Jadi Tiket Jalur Nonakademik Sekolah,Akademik & Umum,Netral,https://news.google.com/rss/articles/CBMinwFBVV95cUxOTXByN0VTNVM0RlhsVlI2dy1DVWstaC1mWUNlalg1T1JpVUt4aGZjaHdGZkhZZ1pScVNIUWpzRzh0YjFTTnB0NlJmbEltbUtIaWpoQy1adHRKbWpQa3V6eFBvUVZvVVl1WERmUkltalM2NDN3UGpVcUhEZnBoTWRKRVRJUFQzV1pkUDlJdjJQYUZZSXE2S2VQX0dMUk9ta2c?oc=5,Google News RSS (10-Daily)
17 September 2026,HARIAN DISWAY,Media Massa / Pers,Tier 3 (Lokal/Independen),Apakah Kurikulum Cambridge di Sekolah Sudah Benar Cambridge? - harian.disway.id,Akademik & Umum,Netral,https://news.google.com/rss/articles/CBMioAFBVV95cUxOMWhmQTJoUDhlczJldzdvcTlqd0VpR2lZSkx6TEI1LTJ3emxVMVcycXh5SGs0LTFOOFV4Mk8xYXJRWjNiMzN0VjNTakZpeWU2RDNWXzVBcGswNXVySW14dTJzZjhWZ18zTUpubWVpelpwbzNCMVgwNnBLQmcxY3k0YS1uM0hHZ1FyRmwtSlBIUDVyRVhUOG9Ub1VkS1FIZ2xa0gGbAUFVX3lxTE5UYm1xdEFCOTNxdXQ0cmZGSmkyaWdJc3VtMWsxSmxxSW44LXlNMHNGbTlzT3FBN3E2blI1MWl0ODZ0MEx2aWtxVTg3dnN1clc5UDZ0TFhoZnJkY1llNVk2ODE1MGRCUUpydWRERGQ1RHJSYzdSMnByd1dWRE9hVk8wQXQ2RG53TF92cVFxYXRrQ1BfcVNMNHRFcEpj?oc=5,Google News RSS (10-Daily)
14 September 2026,HARIAN DISWAY,Media Massa / Pers,Tier 3 (Lokal/Independen),Berkenalan dengan Para Penerima Beasiswa Australia dalam Gig on the Green: Pulang untuk Wujudkan Impian - harian.disway.id,Akademik & Umum,Netral,https://news.google.com/rss/articles/CBMi2gFBVV95cUxPV2ZIVUNsTmRMdjFXMUxmUTRtMkF6TG9Kb1RoWTIyVFBoNXNTZmMxZ3BsNVAweHFCYWxSOWs1cWEydExvLWNFdG1HbzYwaTR1UXljQ3dwb3RqLWZocmVseXZRMnktazlNX1ZtWGcwRVJUS3JXMGR3T2QxU1lFYUFVWUUtaDdGczFybmdLbmFCNlFXVHZ6ZzFVX0N5ZzhxVlRFTTlPOW9YRTliSnZCX3FadWJ6UzJrQTMybXJMamJqRmFvWW1PTjRYZjdlcnJkOHFfMUROMl9XMW1QQdIB1AFBVV95cUxNeVdNazFuRlNQdlo2OVJKWlo3aldteXNXWnprVVhDT2JRajVrYnlRaFlWVThMX3BndUJmbEdrcEFFRmF2N18tWkZsVHdHRDdtWlFNLU1jUjAxaXVoMnUtTFExaWtCXzZYRXZaUHRQcmMzeE1URUI5SGtoRGZOLW4zZHFKTzJOdmNGQnpjeHdqakJOYnNIZmxnVGhjOU5WbzdKbTFwNUV2ODBzSi00dm91R2tHbjhPOFk0a2pmWTJiOTI2N2RnSDh4SzVwMjZUYjk5MzlHcg?oc=5,Google News RSS (10-Daily)
17 September 2026,JPNN.com,Media Massa / Pers,Tier 3 (Lokal/Independen),Acer Edu Tech 2026 Dorong Transformasi Sekolah Lewat Coding dan AI,Akademik & Umum,Netral,https://news.google.com/rss/articles/CBMingFBVV95cUxObTVqSnNmUzZ5Vk1ZWkoza25EZDdDckZIQkVXMGU5MGZyd1FPNVM5ekZPcnVGU2pJTTNoRnhOeXFBMnVYWjMxcnpQdzhYckhGcVRiT1RubjV2NFBPQllWcDNlYTNjR0ZPeDU3Z3ViQ3BFOXo4WGF4V1E1d19wUUxYR0d5MDFuMFZhaEJzdVB1MExCbWZUMFo0c0hNTmJ1UdIBmgFBVV95cUxNeFFVM1NLWS01RUpaZG41bF9yeDgtZjhJbXJSeXA4VFYwcTJOWE5od0NvNzdQcEdTMTQ0NnlSUUhweS1ZZURfcng3eWRQdTNMVzhrdngzemQ3ZG9wQkRHZ0xsZmRlaUFLY2RlQVBicEJROUdkUU9mV2lwUFh3Unlzd3dJV2VDRzA5eWg5dUJVeTY0R3JOUnRIZ3pn?oc=5,Google News RSS (10-Daily)
14 September 2026,Radar Surabaya,Media Massa / Pers,Tier 2 (Regional),Gubernur Khofifah Ungkap Peran AMN Surabaya Menuju Indonesia Emas 2045,Akademik & Umum,Netral,https://news.google.com/rss/articles/CBMixwFBVV95cUxOODVsYkh1NEdYMmVXcXJEbGpDY3l1bG1MUGJqcVhHR0g0akg1bDIzaEs5ZktWUWd6MmN4ME1RV2g0cXh6bG91OGEyRG1WWmlDVkxjWmpwajUwaGhlNEw0OGs3QlBaaG85VUUxelRmc2xkdzY2Xy1GRUNUVzNwZF9SOWphX3dfVjRmSXdfTmpfUVFtQzFPbjhMb09hWG5WYV9rV01XWTlqbWN2RlYwVHQ3ekcwbXR0QktvTjdsYjIzUXp0LTR4MnBJ0gHHAUFVX3lxTE44NWxiSHU0R1gyZVdxckRsakNjeXVsbUxQYmpxWEdHSDRqSDVsMjNoSzlmS1ZRZ3oyY3gwTVFXaDRxeHpsb3U4YTJEbVZaaUNWTGNaanBqNTBoaGU0TDQ4azdCUFpobzlVRTF6VGZzbGR3NjZfLUZFQ1RXM3BkX1I5amFfd19WNGZJd19Oal9RUW1DMU9uOExvT2FYblZhX2tXTVdZOWptY3ZGVjBUdDd6RzBtdHRCS29ON2xiMjNRenQtNHgycEk?oc=5,Google News RSS (10-Daily)
18 September 2026,Kompasiana.com,Media Massa / Pers,Tier 1 (Nasional),Profil Annie Fathonah,Akademik & Umum,Netral,https://news.google.com/rss/articles/CBMiZkFVX3lxTE9LUnpXRkF5VGtXZFgzYUFJUUJrRWF5MDdpeDJOWU9zR3NkM1ZrMnI5cDlxSHBPT3Z6MnVBVUg0YkQ2eGxsRWtQQnVIWXRLLTBwSDZoTFh6TGJBREJmX3BKSkZ1aW44Zw?oc=5,Google News RSS (10-Daily)
15 September 2026,Kompasiana.com,Media Massa / Pers,Tier 1 (Nasional),Profil Zulvinaila Firdaus,Akademik & Umum,Netral,https://news.google.com/rss/articles/CBMiZkFVX3lxTE80ajdUNWg1b1MzZGk3b0NaT1gzZjNTZFpRMF9wODRYQXZ3T19WZERLakZVSTN5eHkxeVJxRGFEVkE5dHJ1U2YzNlc5NGE0c1pHQ3ZnQWlTelp1dWFxNjFHMHdVRml3UQ?oc=5,Google News RSS (10-Daily)
17 September 2026,Kompasiana.com,Media Massa / Pers,Tier 1 (Nasional),"Bukan Sekadar Berkemah, Ada Banyak Pelajaran dari Perjusa SDIT Al Uswah Halaman 1",Akademik & Umum,Netral,https://news.google.com/rss/articles/CBMi2gFBVV95cUxPM1ZLMTV1UGdzanVfZnljN1FQT3U4bWw4ejlCdkE5VTM2STQ5ampKNlVWeHY5anI0RkM3Yk5udG9ZQUxpQmNhemlJemEzalozNWZXbDRBMm9HdTQtS00xdFdZTk9RLWNPZG5JdkVaelo3ZUtYRjVvU0FLQVJyTk9TR2FPbi02Q1B2dThVMEdvMXI0RzFoenMzTzA1dDR2ZDVKU09XTF9xejV1OHpqazJpT01QMl9NZUlseFotbDJzODUzWjdSS3hyX0dzNUhkTTZzTUlRdlpJUnhnUQ?oc=5,Google News RSS (10-Daily)
